#
# There is insufficient memory for the Java Runtime Environment to continue.
# Native memory allocation (malloc) failed to allocate 1393936 bytes. Error detail: Chunk::new
# Possible reasons:
#   The system is out of physical RAM or swap space
#   This process is running with CompressedOops enabled, and the Java Heap may be blocking the growth of the native heap
# Possible solutions:
#   Reduce memory load on the system
#   Increase physical memory or swap space
#   Check if swap backing store is full
#   Decrease Java heap size (-Xmx/-Xms)
#   Decrease number of Java threads
#   Decrease Java thread stack sizes (-Xss)
#   Set larger code cache with -XX:ReservedCodeCacheSize=
#   JVM is running with Unscaled Compressed Oops mode in which the Java heap is
#     placed in the first 4GB address space. The Java Heap base address is the
#     maximum limit for the native heap growth. Please use -XX:HeapBaseMinAddress
#     to set the Java Heap base and to place the Java Heap above 4GB virtual address.
# This output file may be truncated or incomplete.
#
#  Out of Memory Error (arena.cpp:168), pid=2196, tid=1752
#
# JRE version: OpenJDK Runtime Environment (21.0.9) (build 21.0.9+-14787801-b1163.94)
# Java VM: OpenJDK 64-Bit Server VM (21.0.9+-14787801-b1163.94, mixed mode, tiered, compressed oops, compressed class ptrs, g1 gc, windows-amd64)
# No core dump will be written. Minidumps are not enabled by default on client versions of Windows
#

---------------  S U M M A R Y ------------

Command Line: --add-opens=java.base/java.lang=ALL-UNNAMED --add-opens=java.base/java.lang.invoke=ALL-UNNAMED --add-opens=java.base/java.util=ALL-UNNAMED --add-opens=java.prefs/java.util.prefs=ALL-UNNAMED --add-exports=jdk.compiler/com.sun.tools.javac.api=ALL-UNNAMED --add-exports=jdk.compiler/com.sun.tools.javac.util=ALL-UNNAMED --add-opens=java.base/java.util=ALL-UNNAMED --add-opens=java.prefs/java.util.prefs=ALL-UNNAMED --add-opens=java.base/java.nio.charset=ALL-UNNAMED --add-opens=java.base/java.net=ALL-UNNAMED --add-opens=java.base/java.util.concurrent.atomic=ALL-UNNAMED --add-opens=java.xml/javax.xml.namespace=ALL-UNNAMED -Xmx1024m -Dfile.encoding=UTF-8 -Duser.country=US -Duser.language=en -Duser.variant -javaagent:C:\Users\LENOVO\.gradle\wrapper\dists\gradle-8.14-bin\38aieal9i53h9rfe7vjup95b9\gradle-8.14\lib\agents\gradle-instrumentation-agent-8.14.jar org.gradle.launcher.daemon.bootstrap.GradleDaemon 8.14

Host: AMD Ryzen 3 7320U with Radeon Graphics         , 8 cores, 5G,  Windows 11 , 64 bit Build 26100 (10.0.26100.9444)
Time: Mon Sep 28 12:45:57 2026 Nepal Standard Time elapsed time: 269.056547 seconds (0d 0h 4m 29s)

---------------  T H R E A D  ---------------

Current thread (0x00000138255cba80):  JavaThread "C2 CompilerThread0" daemon [_thread_in_native, id=1752, stack(0x0000001a0be00000,0x0000001a0bf00000) (1024K)]


Current CompileTask:
C2:269057 17085       4       com.android.tools.r8.shaking.fa$b::a (79 bytes)

Stack: [0x0000001a0be00000,0x0000001a0bf00000]
Native frames: (J=compiled Java code, j=interpreted, Vv=VM code, C=native code)
V  [jvm.dll+0x6d6c99]
V  [jvm.dll+0x866b83]
V  [jvm.dll+0x8691ae]
V  [jvm.dll+0x869893]
V  [jvm.dll+0x280776]
V  [jvm.dll+0xc07cd]
V  [jvm.dll+0xc0d03]
V  [jvm.dll+0x3b986b]
V  [jvm.dll+0x1dfcb2]
V  [jvm.dll+0x2495b4]
V  [jvm.dll+0x248a31]
V  [jvm.dll+0x1c7344]
V  [jvm.dll+0x2581ae]
V  [jvm.dll+0x2566f6]
V  [jvm.dll+0x3f48a6]
V  [jvm.dll+0x80f118]
V  [jvm.dll+0x6d54ed]
C  [ucrtbase.dll+0x2cd30]
C  [KERNEL32.DLL+0x2cd87]
C  [ntdll.dll+0xacaec]


---------------  P R O C E S S  ---------------

Threads class SMR info:
_java_thread_list=0x00000138303be270, length=147, elements={
0x000001380f1292a0, 0x000001382543a6d0, 0x000001382559ef70, 0x00000138255a0540,
0x00000138255acb90, 0x00000138255b70d0, 0x00000138255c9ee0, 0x00000138255cacf0,
0x00000138255cba80, 0x00000138255cd090, 0x00000138258df1a0, 0x000001382b78a090,
0x000001382b751e90, 0x000001382ae00d10, 0x000001382b7c1470, 0x000001382a060810,
0x000001382a3891b0, 0x000001382b158830, 0x000001382aec5f60, 0x000001382aec93e0,
0x000001382aec79a0, 0x000001382aec7310, 0x000001382aec8030, 0x000001382aec6c80,
0x000001382aec65f0, 0x000001382c4d2aa0, 0x000001382c4d5f20, 0x000001382c4d4b70,
0x000001382c4d3e50, 0x000001382c4d65b0, 0x000001382c4d93a0, 0x000001382c4da0c0,
0x000001382c4d8680, 0x000001382c4d72d0, 0x000001382c4d7960, 0x000001382c4d7ff0,
0x000001382c4d8d10, 0x000001382c4d9a30, 0x000001382deb1900, 0x000001382deb1f90,
0x000001382deb2620, 0x000001382deb46f0, 0x000001382deb3340, 0x000001382dbd2ec0,
0x000001382fddd4b0, 0x000001382fdddb40, 0x000001382dbd3550, 0x000001382dbd3be0,
0x000001382dbd2830, 0x000001382deb2cb0, 0x000001382f878d90, 0x000001382f879420,
0x000001382fc05410, 0x000001382deb1270, 0x000001382fdde1d0, 0x000001382fddce20,
0x000001382dbf7870, 0x000001382db91290, 0x000001382db95370, 0x000001382dbf71e0,
0x000001382db8fee0, 0x000001382db90c00, 0x000001382db90570, 0x000001382ff8aaf0,
0x000001382e45ef40, 0x000001382e45bac0, 0x000001382cd05290, 0x000001382cd05920,
0x000001382cd05fb0, 0x000001382cd04c00, 0x000001382e4628c0, 0x000001382fc046f0,
0x000001382fc04d80, 0x000001382fc04060, 0x000001382fd79b40, 0x000001382fd7a1d0,
0x000001382fd7b580, 0x000001382fd78790, 0x000001382e60dbe0, 0x000001382e45c7e0,
0x000001382e45ce70, 0x000001382e45c150, 0x000001382db93930, 0x000001382e45d500,
0x000001382e45e8b0, 0x000001382e45db90, 0x000001382db91ef0, 0x000001382db94ce0,
0x000001382db94650, 0x000001382db92580, 0x000001382db92c10, 0x000001382e45e220,
0x000001382deb6e50, 0x000001382deb39d0, 0x000001382deb6130, 0x000001382deb4d80,
0x000001382deb5aa0, 0x000001382deb67c0, 0x000001382deb4060, 0x000001382ff89740,
0x000001382ff88390, 0x000001382deb5410, 0x000001382deb74e0, 0x000001382deb8200,
0x000001382e461510, 0x000001382e462f50, 0x000001382e460e80, 0x000001382e462230,
0x000001382e45fad0, 0x000001382e460160, 0x000001382e4607f0, 0x000001382db932a0,
0x000001382db93fc0, 0x000001382e60e900, 0x000001382e60bb10, 0x000001382e60c1a0,
0x000001382deb7b70, 0x000001382deb8890, 0x000001382fb38c00, 0x000001382fb37ee0,
0x000001382fb38570, 0x000001382fb39fb0, 0x000001382fb37850, 0x000001382e8b2810,
0x000001382f676a80, 0x000001382f6784c0, 0x000001382f679870, 0x000001382f677110,
0x000001382e60b480, 0x000001382e461ba0, 0x000001382e60c830, 0x000001382e4f5600,
0x000001382e4f4f70, 0x000001382e4f5c90, 0x000001382e4f6320, 0x000001382e4f69b0,
0x000001382e4f3530, 0x000001382e4f3bc0, 0x000001382e60cec0, 0x000001382e60d550,
0x000001382dd973a0, 0x000001382dd96d10, 0x000001382dd98750, 0x000001382dd9a190,
0x000001382dd99470, 0x000001382fd78100, 0x000001382fd78e20
}

Java Threads: ( => current thread )
  0x000001380f1292a0 JavaThread "main"                              [_thread_blocked, id=15776, stack(0x0000001a0af00000,0x0000001a0b000000) (1024K)]
  0x000001382543a6d0 JavaThread "Common-Cleaner"             daemon [_thread_blocked, id=6736, stack(0x0000001a0b700000,0x0000001a0b800000) (1024K)]
  0x000001382559ef70 JavaThread "Reference Handler"          daemon [_thread_blocked, id=9824, stack(0x0000001a0b800000,0x0000001a0b900000) (1024K)]
  0x00000138255a0540 JavaThread "Finalizer"                  daemon [_thread_blocked, id=9376, stack(0x0000001a0b900000,0x0000001a0ba00000) (1024K)]
  0x00000138255acb90 JavaThread "Signal Dispatcher"          daemon [_thread_blocked, id=17732, stack(0x0000001a0ba00000,0x0000001a0bb00000) (1024K)]
  0x00000138255b70d0 JavaThread "Attach Listener"            daemon [_thread_blocked, id=16848, stack(0x0000001a0bb00000,0x0000001a0bc00000) (1024K)]
  0x00000138255c9ee0 JavaThread "Service Thread"             daemon [_thread_blocked, id=30484, stack(0x0000001a0bc00000,0x0000001a0bd00000) (1024K)]
  0x00000138255cacf0 JavaThread "Monitor Deflation Thread"   daemon [_thread_blocked, id=29944, stack(0x0000001a0bd00000,0x0000001a0be00000) (1024K)]
=>0x00000138255cba80 JavaThread "C2 CompilerThread0"         daemon [_thread_in_native, id=1752, stack(0x0000001a0be00000,0x0000001a0bf00000) (1024K)]
  0x00000138255cd090 JavaThread "C1 CompilerThread0"         daemon [_thread_blocked, id=24804, stack(0x0000001a0bf00000,0x0000001a0c000000) (1024K)]
  0x00000138258df1a0 JavaThread "Notification Thread"        daemon [_thread_blocked, id=20852, stack(0x0000001a0c000000,0x0000001a0c100000) (1024K)]
  0x000001382b78a090 JavaThread "Daemon health stats"               [_thread_blocked, id=26748, stack(0x0000001a0c500000,0x0000001a0c600000) (1024K)]
  0x000001382b751e90 JavaThread "Incoming local TCP Connector on port 38311"        [_thread_in_native, id=8616, stack(0x0000001a0c600000,0x0000001a0c700000) (1024K)]
  0x000001382ae00d10 JavaThread "Daemon periodic checks"            [_thread_blocked, id=7272, stack(0x0000001a0c700000,0x0000001a0c800000) (1024K)]
  0x000001382b7c1470 JavaThread "Daemon"                            [_thread_blocked, id=7320, stack(0x0000001a0c800000,0x0000001a0c900000) (1024K)]
  0x000001382a060810 JavaThread "Handler for socket connection from /127.0.0.1:38311 to /127.0.0.1:38312"        [_thread_in_native, id=18956, stack(0x0000001a0c900000,0x0000001a0ca00000) (1024K)]
  0x000001382a3891b0 JavaThread "Cancel handler"                    [_thread_blocked, id=25772, stack(0x0000001a0ca00000,0x0000001a0cb00000) (1024K)]
  0x000001382b158830 JavaThread "Daemon worker"                     [_thread_blocked, id=26188, stack(0x0000001a0cb00000,0x0000001a0cc00000) (1024K)]
  0x000001382aec5f60 JavaThread "Asynchronous log dispatcher for DefaultDaemonConnection: socket connection from /127.0.0.1:38311 to /127.0.0.1:38312"        [_thread_blocked, id=28932, stack(0x0000001a0cc00000,0x0000001a0cd00000) (1024K)]
  0x000001382aec93e0 JavaThread "Stdin handler"                     [_thread_blocked, id=19660, stack(0x0000001a0cd00000,0x0000001a0ce00000) (1024K)]
  0x000001382aec79a0 JavaThread "Daemon client event forwarder"        [_thread_blocked, id=11752, stack(0x0000001a0ce00000,0x0000001a0cf00000) (1024K)]
  0x000001382aec7310 JavaThread "Cache worker for journal cache (C:\Users\LENOVO\.gradle\caches\journal-1)"        [_thread_blocked, id=15276, stack(0x0000001a0d300000,0x0000001a0d400000) (1024K)]
  0x000001382aec8030 JavaThread "File lock request listener"        [_thread_in_native, id=2144, stack(0x0000001a0d400000,0x0000001a0d500000) (1024K)]
  0x000001382aec6c80 JavaThread "Cache worker for file hash cache (C:\Users\LENOVO\.gradle\caches\8.14\fileHashes)"        [_thread_blocked, id=22676, stack(0x0000001a0d500000,0x0000001a0d600000) (1024K)]
  0x000001382aec65f0 JavaThread "Cache worker for file hash cache (C:\Users\LENOVO\Desktop\HeliBoard-main\.gradle\8.14\fileHashes)"        [_thread_blocked, id=15864, stack(0x0000001a0d700000,0x0000001a0d800000) (1024K)]
  0x000001382c4d2aa0 JavaThread "Cache worker for checksums cache (C:\Users\LENOVO\Desktop\HeliBoard-main\.gradle\8.14\checksums)"        [_thread_blocked, id=28472, stack(0x0000001a0d800000,0x0000001a0d900000) (1024K)]
  0x000001382c4d5f20 JavaThread "Cache worker for Build Output Cleanup Cache (C:\Users\LENOVO\Desktop\HeliBoard-main\.gradle\buildOutputCleanup)"        [_thread_blocked, id=23900, stack(0x0000001a0d900000,0x0000001a0da00000) (1024K)]
  0x000001382c4d4b70 JavaThread "Cache worker for file content cache (C:\Users\LENOVO\.gradle\caches\8.14\fileContent)"        [_thread_blocked, id=27628, stack(0x0000001a0da00000,0x0000001a0db00000) (1024K)]
  0x000001382c4d3e50 JavaThread "File watcher server"        daemon [_thread_in_native, id=22868, stack(0x0000001a0db00000,0x0000001a0dc00000) (1024K)]
  0x000001382c4d65b0 JavaThread "File watcher consumer"      daemon [_thread_in_Java, id=25276, stack(0x0000001a0dc00000,0x0000001a0dd00000) (1024K)]
  0x000001382c4d93a0 JavaThread "build event listener"              [_thread_blocked, id=9996, stack(0x0000001a0de00000,0x0000001a0df00000) (1024K)]
  0x000001382c4da0c0 JavaThread "build event listener"              [_thread_blocked, id=27380, stack(0x0000001a0df00000,0x0000001a0e000000) (1024K)]
  0x000001382c4d8680 JavaThread "Build operations"                  [_thread_blocked, id=12848, stack(0x0000001a0e000000,0x0000001a0e100000) (1024K)]
  0x000001382c4d72d0 JavaThread "Memory manager"                    [_thread_blocked, id=31504, stack(0x0000001a0dd00000,0x0000001a0de00000) (1024K)]
  0x000001382c4d7960 JavaThread "included builds"                   [_thread_blocked, id=25204, stack(0x0000001a0e100000,0x0000001a0e200000) (1024K)]
  0x000001382c4d7ff0 JavaThread "Execution worker"                  [_thread_blocked, id=30396, stack(0x0000001a0e200000,0x0000001a0e300000) (1024K)]
  0x000001382c4d8d10 JavaThread "Execution worker Thread 2"         [_thread_blocked, id=26496, stack(0x0000001a0e300000,0x0000001a0e400000) (1024K)]
  0x000001382c4d9a30 JavaThread "Execution worker Thread 3"         [_thread_blocked, id=6524, stack(0x0000001a0e400000,0x0000001a0e500000) (1024K)]
  0x000001382deb1900 JavaThread "Execution worker Thread 4"         [_thread_blocked, id=12564, stack(0x0000001a0e500000,0x0000001a0e600000) (1024K)]
  0x000001382deb1f90 JavaThread "Execution worker Thread 5"         [_thread_blocked, id=25648, stack(0x0000001a0e600000,0x0000001a0e700000) (1024K)]
  0x000001382deb2620 JavaThread "Execution worker Thread 6"         [_thread_blocked, id=25900, stack(0x0000001a0e700000,0x0000001a0e800000) (1024K)]
  0x000001382deb46f0 JavaThread "Execution worker Thread 7"         [_thread_blocked, id=25092, stack(0x0000001a0e800000,0x0000001a0e900000) (1024K)]
  0x000001382deb3340 JavaThread "Cache worker for execution history cache (C:\Users\LENOVO\Desktop\HeliBoard-main\.gradle\8.14\executionHistory)"        [_thread_blocked, id=22304, stack(0x0000001a0e900000,0x0000001a0ea00000) (1024K)]
  0x000001382dbd2ec0 JavaThread "Unconstrained build operations"        [_thread_blocked, id=6408, stack(0x0000001a0ea00000,0x0000001a0eb00000) (1024K)]
  0x000001382fddd4b0 JavaThread "Unconstrained build operations Thread 2"        [_thread_blocked, id=17356, stack(0x0000001a0eb00000,0x0000001a0ec00000) (1024K)]
  0x000001382fdddb40 JavaThread "Unconstrained build operations Thread 3"        [_thread_blocked, id=24304, stack(0x0000001a0ec00000,0x0000001a0ed00000) (1024K)]
  0x000001382dbd3550 JavaThread "Unconstrained build operations Thread 4"        [_thread_blocked, id=29352, stack(0x0000001a0ed00000,0x0000001a0ee00000) (1024K)]
  0x000001382dbd3be0 JavaThread "Unconstrained build operations Thread 5"        [_thread_blocked, id=30496, stack(0x0000001a0ee00000,0x0000001a0ef00000) (1024K)]
  0x000001382dbd2830 JavaThread "Unconstrained build operations Thread 6"        [_thread_blocked, id=18676, stack(0x0000001a0ef00000,0x0000001a0f000000) (1024K)]
  0x000001382deb2cb0 JavaThread "Unconstrained build operations Thread 7"        [_thread_blocked, id=9804, stack(0x0000001a0f000000,0x0000001a0f100000) (1024K)]
  0x000001382f878d90 JavaThread "Unconstrained build operations Thread 8"        [_thread_blocked, id=18344, stack(0x0000001a0f100000,0x0000001a0f200000) (1024K)]
  0x000001382f879420 JavaThread "Unconstrained build operations Thread 9"        [_thread_blocked, id=7688, stack(0x0000001a0f200000,0x0000001a0f300000) (1024K)]
  0x000001382fc05410 JavaThread "Unconstrained build operations Thread 10"        [_thread_blocked, id=5548, stack(0x0000001a0f300000,0x0000001a0f400000) (1024K)]
  0x000001382deb1270 JavaThread "Unconstrained build operations Thread 11"        [_thread_blocked, id=11160, stack(0x0000001a0f400000,0x0000001a0f500000) (1024K)]
  0x000001382fdde1d0 JavaThread "Unconstrained build operations Thread 12"        [_thread_blocked, id=21908, stack(0x0000001a0f500000,0x0000001a0f600000) (1024K)]
  0x000001382fddce20 JavaThread "Unconstrained build operations Thread 14"        [_thread_blocked, id=19468, stack(0x0000001a0f600000,0x0000001a0f700000) (1024K)]
  0x000001382dbf7870 JavaThread "Unconstrained build operations Thread 13"        [_thread_blocked, id=24452, stack(0x0000001a0f700000,0x0000001a0f800000) (1024K)]
  0x000001382db91290 JavaThread "Unconstrained build operations Thread 15"        [_thread_blocked, id=15304, stack(0x0000001a0f800000,0x0000001a0f900000) (1024K)]
  0x000001382db95370 JavaThread "Unconstrained build operations Thread 17"        [_thread_blocked, id=17156, stack(0x0000001a0f900000,0x0000001a0fa00000) (1024K)]
  0x000001382dbf71e0 JavaThread "Unconstrained build operations Thread 16"        [_thread_blocked, id=10120, stack(0x0000001a0fa00000,0x0000001a0fb00000) (1024K)]
  0x000001382db8fee0 JavaThread "Unconstrained build operations Thread 18"        [_thread_blocked, id=10640, stack(0x0000001a0fb00000,0x0000001a0fc00000) (1024K)]
  0x000001382db90c00 JavaThread "Unconstrained build operations Thread 19"        [_thread_blocked, id=18972, stack(0x0000001a0fc00000,0x0000001a0fd00000) (1024K)]
  0x000001382db90570 JavaThread "Unconstrained build operations Thread 20"        [_thread_blocked, id=28388, stack(0x0000001a0fd00000,0x0000001a0fe00000) (1024K)]
  0x000001382ff8aaf0 JavaThread "Unconstrained build operations Thread 21"        [_thread_blocked, id=29260, stack(0x0000001a0fe00000,0x0000001a0ff00000) (1024K)]
  0x000001382e45ef40 JavaThread "Unconstrained build operations Thread 22"        [_thread_blocked, id=29252, stack(0x0000001a0ff00000,0x0000001a10000000) (1024K)]
  0x000001382e45bac0 JavaThread "Unconstrained build operations Thread 23"        [_thread_blocked, id=29104, stack(0x0000001a10000000,0x0000001a10100000) (1024K)]
  0x000001382cd05290 JavaThread "Unconstrained build operations Thread 24"        [_thread_blocked, id=18424, stack(0x0000001a10100000,0x0000001a10200000) (1024K)]
  0x000001382cd05920 JavaThread "Unconstrained build operations Thread 25"        [_thread_blocked, id=13184, stack(0x0000001a10200000,0x0000001a10300000) (1024K)]
  0x000001382cd05fb0 JavaThread "Unconstrained build operations Thread 26"        [_thread_blocked, id=18116, stack(0x0000001a10300000,0x0000001a10400000) (1024K)]
  0x000001382cd04c00 JavaThread "Unconstrained build operations Thread 27"        [_thread_blocked, id=22204, stack(0x0000001a10400000,0x0000001a10500000) (1024K)]
  0x000001382e4628c0 JavaThread "Unconstrained build operations Thread 28"        [_thread_blocked, id=17952, stack(0x0000001a10500000,0x0000001a10600000) (1024K)]
  0x000001382fc046f0 JavaThread "Unconstrained build operations Thread 29"        [_thread_blocked, id=20956, stack(0x0000001a10600000,0x0000001a10700000) (1024K)]
  0x000001382fc04d80 JavaThread "Unconstrained build operations Thread 30"        [_thread_blocked, id=17508, stack(0x0000001a10700000,0x0000001a10800000) (1024K)]
  0x000001382fc04060 JavaThread "Unconstrained build operations Thread 31"        [_thread_blocked, id=9764, stack(0x0000001a10800000,0x0000001a10900000) (1024K)]
  0x000001382fd79b40 JavaThread "Unconstrained build operations Thread 32"        [_thread_blocked, id=23820, stack(0x0000001a10900000,0x0000001a10a00000) (1024K)]
  0x000001382fd7a1d0 JavaThread "Unconstrained build operations Thread 33"        [_thread_blocked, id=204, stack(0x0000001a10a00000,0x0000001a10b00000) (1024K)]
  0x000001382fd7b580 JavaThread "Unconstrained build operations Thread 34"        [_thread_blocked, id=2536, stack(0x0000001a10b00000,0x0000001a10c00000) (1024K)]
  0x000001382fd78790 JavaThread "Unconstrained build operations Thread 35"        [_thread_blocked, id=30220, stack(0x0000001a10c00000,0x0000001a10d00000) (1024K)]
  0x000001382e60dbe0 JavaThread "Unconstrained build operations Thread 36"        [_thread_blocked, id=1336, stack(0x0000001a10d00000,0x0000001a10e00000) (1024K)]
  0x000001382e45c7e0 JavaThread "Unconstrained build operations Thread 37"        [_thread_blocked, id=28512, stack(0x0000001a10e00000,0x0000001a10f00000) (1024K)]
  0x000001382e45ce70 JavaThread "Unconstrained build operations Thread 38"        [_thread_blocked, id=10304, stack(0x0000001a10f00000,0x0000001a11000000) (1024K)]
  0x000001382e45c150 JavaThread "Unconstrained build operations Thread 39"        [_thread_blocked, id=28856, stack(0x0000001a11000000,0x0000001a11100000) (1024K)]
  0x000001382db93930 JavaThread "Unconstrained build operations Thread 40"        [_thread_blocked, id=4920, stack(0x0000001a11100000,0x0000001a11200000) (1024K)]
  0x000001382e45d500 JavaThread "Unconstrained build operations Thread 41"        [_thread_blocked, id=25636, stack(0x0000001a11200000,0x0000001a11300000) (1024K)]
  0x000001382e45e8b0 JavaThread "Unconstrained build operations Thread 42"        [_thread_blocked, id=29748, stack(0x0000001a11300000,0x0000001a11400000) (1024K)]
  0x000001382e45db90 JavaThread "Unconstrained build operations Thread 43"        [_thread_blocked, id=25304, stack(0x0000001a11400000,0x0000001a11500000) (1024K)]
  0x000001382db91ef0 JavaThread "Unconstrained build operations Thread 44"        [_thread_blocked, id=1884, stack(0x0000001a11500000,0x0000001a11600000) (1024K)]
  0x000001382db94ce0 JavaThread "Unconstrained build operations Thread 45"        [_thread_blocked, id=23260, stack(0x0000001a11600000,0x0000001a11700000) (1024K)]
  0x000001382db94650 JavaThread "Unconstrained build operations Thread 46"        [_thread_blocked, id=2792, stack(0x0000001a11700000,0x0000001a11800000) (1024K)]
  0x000001382db92580 JavaThread "Unconstrained build operations Thread 47"        [_thread_blocked, id=25192, stack(0x0000001a11800000,0x0000001a11900000) (1024K)]
  0x000001382db92c10 JavaThread "Unconstrained build operations Thread 48"        [_thread_blocked, id=30716, stack(0x0000001a11900000,0x0000001a11a00000) (1024K)]
  0x000001382e45e220 JavaThread "Unconstrained build operations Thread 49"        [_thread_blocked, id=29040, stack(0x0000001a11a00000,0x0000001a11b00000) (1024K)]
  0x000001382deb6e50 JavaThread "Unconstrained build operations Thread 50"        [_thread_blocked, id=29592, stack(0x0000001a11b00000,0x0000001a11c00000) (1024K)]
  0x000001382deb39d0 JavaThread "Unconstrained build operations Thread 51"        [_thread_blocked, id=20024, stack(0x0000001a11c00000,0x0000001a11d00000) (1024K)]
  0x000001382deb6130 JavaThread "Unconstrained build operations Thread 52"        [_thread_blocked, id=20560, stack(0x0000001a11d00000,0x0000001a11e00000) (1024K)]
  0x000001382deb4d80 JavaThread "Unconstrained build operations Thread 53"        [_thread_blocked, id=27300, stack(0x0000001a11e00000,0x0000001a11f00000) (1024K)]
  0x000001382deb5aa0 JavaThread "Unconstrained build operations Thread 54"        [_thread_blocked, id=18584, stack(0x0000001a11f00000,0x0000001a12000000) (1024K)]
  0x000001382deb67c0 JavaThread "Unconstrained build operations Thread 55"        [_thread_blocked, id=23680, stack(0x0000001a12000000,0x0000001a12100000) (1024K)]
  0x000001382deb4060 JavaThread "Unconstrained build operations Thread 56"        [_thread_blocked, id=6120, stack(0x0000001a12100000,0x0000001a12200000) (1024K)]
  0x000001382ff89740 JavaThread "Unconstrained build operations Thread 57"        [_thread_blocked, id=9272, stack(0x0000001a0ad00000,0x0000001a0ae00000) (1024K)]
  0x000001382ff88390 JavaThread "Unconstrained build operations Thread 58"        [_thread_blocked, id=7716, stack(0x0000001a12200000,0x0000001a12300000) (1024K)]
  0x000001382deb5410 JavaThread "Unconstrained build operations Thread 59"        [_thread_blocked, id=31492, stack(0x0000001a12300000,0x0000001a12400000) (1024K)]
  0x000001382deb74e0 JavaThread "Unconstrained build operations Thread 60"        [_thread_blocked, id=19168, stack(0x0000001a12400000,0x0000001a12500000) (1024K)]
  0x000001382deb8200 JavaThread "Unconstrained build operations Thread 61"        [_thread_blocked, id=7852, stack(0x0000001a12500000,0x0000001a12600000) (1024K)]
  0x000001382e461510 JavaThread "Unconstrained build operations Thread 62"        [_thread_blocked, id=22392, stack(0x0000001a12600000,0x0000001a12700000) (1024K)]
  0x000001382e462f50 JavaThread "Unconstrained build operations Thread 63"        [_thread_blocked, id=30792, stack(0x0000001a12700000,0x0000001a12800000) (1024K)]
  0x000001382e460e80 JavaThread "Unconstrained build operations Thread 64"        [_thread_blocked, id=29800, stack(0x0000001a12800000,0x0000001a12900000) (1024K)]
  0x000001382e462230 JavaThread "Unconstrained build operations Thread 65"        [_thread_blocked, id=24948, stack(0x0000001a12900000,0x0000001a12a00000) (1024K)]
  0x000001382e45fad0 JavaThread "Unconstrained build operations Thread 66"        [_thread_blocked, id=24708, stack(0x0000001a12a00000,0x0000001a12b00000) (1024K)]
  0x000001382e460160 JavaThread "Unconstrained build operations Thread 67"        [_thread_blocked, id=22436, stack(0x0000001a12b00000,0x0000001a12c00000) (1024K)]
  0x000001382e4607f0 JavaThread "Unconstrained build operations Thread 68"        [_thread_blocked, id=29848, stack(0x0000001a12c00000,0x0000001a12d00000) (1024K)]
  0x000001382db932a0 JavaThread "Unconstrained build operations Thread 69"        [_thread_blocked, id=8512, stack(0x0000001a12d00000,0x0000001a12e00000) (1024K)]
  0x000001382db93fc0 JavaThread "Unconstrained build operations Thread 70"        [_thread_blocked, id=19652, stack(0x0000001a12e00000,0x0000001a12f00000) (1024K)]
  0x000001382e60e900 JavaThread "Unconstrained build operations Thread 71"        [_thread_blocked, id=29396, stack(0x0000001a12f00000,0x0000001a13000000) (1024K)]
  0x000001382e60bb10 JavaThread "Unconstrained build operations Thread 72"        [_thread_blocked, id=4632, stack(0x0000001a13000000,0x0000001a13100000) (1024K)]
  0x000001382e60c1a0 JavaThread "Unconstrained build operations Thread 73"        [_thread_blocked, id=18644, stack(0x0000001a13100000,0x0000001a13200000) (1024K)]
  0x000001382deb7b70 JavaThread "Unconstrained build operations Thread 74"        [_thread_blocked, id=16684, stack(0x0000001a13200000,0x0000001a13300000) (1024K)]
  0x000001382deb8890 JavaThread "Unconstrained build operations Thread 75"        [_thread_blocked, id=20524, stack(0x0000001a13300000,0x0000001a13400000) (1024K)]
  0x000001382fb38c00 JavaThread "Unconstrained build operations Thread 76"        [_thread_blocked, id=30196, stack(0x0000001a13400000,0x0000001a13500000) (1024K)]
  0x000001382fb37ee0 JavaThread "Unconstrained build operations Thread 77"        [_thread_blocked, id=2508, stack(0x0000001a13500000,0x0000001a13600000) (1024K)]
  0x000001382fb38570 JavaThread "Unconstrained build operations Thread 78"        [_thread_blocked, id=22496, stack(0x0000001a13600000,0x0000001a13700000) (1024K)]
  0x000001382fb39fb0 JavaThread "Unconstrained build operations Thread 79"        [_thread_blocked, id=26172, stack(0x0000001a13700000,0x0000001a13800000) (1024K)]
  0x000001382fb37850 JavaThread "Unconstrained build operations Thread 80"        [_thread_blocked, id=23476, stack(0x0000001a13800000,0x0000001a13900000) (1024K)]
  0x000001382e8b2810 JavaThread "WorkerExecutor Queue"              [_thread_in_vm, id=17908, stack(0x0000001a13c00000,0x0000001a13d00000) (1024K)]
  0x000001382f676a80 JavaThread "RMI Scheduler(0)"           daemon [_thread_blocked, id=12816, stack(0x0000001a13d00000,0x0000001a13e00000) (1024K)]
  0x000001382f6784c0 JavaThread "RMI GC Daemon"              daemon [_thread_blocked, id=25400, stack(0x0000001a13f00000,0x0000001a14000000) (1024K)]
  0x000001382f679870 JavaThread "RMI TCP Accept-0"           daemon [_thread_in_native, id=10300, stack(0x0000001a14000000,0x0000001a14100000) (1024K)]
  0x000001382f677110 JavaThread "RMI Reaper"                        [_thread_blocked, id=7624, stack(0x0000001a14100000,0x0000001a14200000) (1024K)]
  0x000001382e60b480 JavaThread "RMI TCP Connection(idle)"   daemon [_thread_blocked, id=30608, stack(0x0000001a0ac00000,0x0000001a0ad00000) (1024K)]
  0x000001382e461ba0 JavaThread "File lock release action executor Thread 2"        [_thread_blocked, id=7656, stack(0x0000001a0ae00000,0x0000001a0af00000) (1024K)]
  0x000001382e60c830 JavaThread "Cache worker for Java compile cache (C:\Users\LENOVO\.gradle\caches\8.14\javaCompile)"        [_thread_blocked, id=22136, stack(0x0000001a0d600000,0x0000001a0d700000) (1024K)]
  0x000001382e4f5600 JavaThread "Build operations Thread 2"         [_thread_blocked, id=11356, stack(0x0000001a13900000,0x0000001a13a00000) (1024K)]
  0x000001382e4f4f70 JavaThread "Build operations Thread 3"         [_thread_blocked, id=29340, stack(0x0000001a13a00000,0x0000001a13b00000) (1024K)]
  0x000001382e4f5c90 JavaThread "Build operations Thread 4"         [_thread_blocked, id=29868, stack(0x0000001a13b00000,0x0000001a13c00000) (1024K)]
  0x000001382e4f6320 JavaThread "Build operations Thread 5"         [_thread_blocked, id=25568, stack(0x0000001a13e00000,0x0000001a13f00000) (1024K)]
  0x000001382e4f69b0 JavaThread "Build operations Thread 6"         [_thread_blocked, id=30544, stack(0x0000001a14200000,0x0000001a14300000) (1024K)]
  0x000001382e4f3530 JavaThread "Build operations Thread 7"         [_thread_blocked, id=5876, stack(0x0000001a14300000,0x0000001a14400000) (1024K)]
  0x000001382e4f3bc0 JavaThread "Build operations Thread 8"         [_thread_blocked, id=28348, stack(0x0000001a14400000,0x0000001a14500000) (1024K)]
  0x000001382e60cec0 JavaThread "WorkerExecutor Queue Thread 2"        [_thread_blocked, id=20864, stack(0x0000001a14500000,0x0000001a14600000) (1024K)]
  0x000001382e60d550 JavaThread "ForkJoinPool-1-worker-1"    daemon [_thread_blocked, id=27212, stack(0x0000001a14600000,0x0000001a14700000) (1024K)]
  0x000001382dd973a0 JavaThread "ForkJoinPool-1-worker-2"    daemon [_thread_blocked, id=13100, stack(0x0000001a14700000,0x0000001a14800000) (1024K)]
  0x000001382dd96d10 JavaThread "ForkJoinPool-1-worker-3"    daemon [_thread_blocked, id=8112, stack(0x0000001a14800000,0x0000001a14900000) (1024K)]
  0x000001382dd98750 JavaThread "ForkJoinPool-1-worker-4"    daemon [_thread_blocked, id=23336, stack(0x0000001a14900000,0x0000001a14a00000) (1024K)]
  0x000001382dd9a190 JavaThread "ForkJoinPool-1-worker-5"    daemon [_thread_blocked, id=3068, stack(0x0000001a14a00000,0x0000001a14b00000) (1024K)]
  0x000001382dd99470 JavaThread "ForkJoinPool-1-worker-6"    daemon [_thread_blocked, id=17436, stack(0x0000001a14b00000,0x0000001a14c00000) (1024K)]
  0x000001382fd78100 JavaThread "ForkJoinPool-1-worker-7"    daemon [_thread_blocked, id=12908, stack(0x0000001a14c00000,0x0000001a14d00000) (1024K)]
  0x000001382fd78e20 JavaThread "ForkJoinPool-1-worker-8"    daemon [_thread_blocked, id=8908, stack(0x0000001a14d00000,0x0000001a14e00000) (1024K)]
Total: 147

Other Threads:
  0x0000013825406b50 VMThread "VM Thread"                           [id=28940, stack(0x0000001a0b600000,0x0000001a0b700000) (1024K)]
  0x0000013825374080 WatcherThread "VM Periodic Task Thread"        [id=27248, stack(0x0000001a0b500000,0x0000001a0b600000) (1024K)]
  0x000001380f1644e0 WorkerThread "GC Thread#0"                     [id=25388, stack(0x0000001a0b000000,0x0000001a0b100000) (1024K)]
  0x000001382a3318a0 WorkerThread "GC Thread#1"                     [id=340, stack(0x0000001a0c100000,0x0000001a0c200000) (1024K)]
  0x000001382a3284e0 WorkerThread "GC Thread#2"                     [id=13304, stack(0x0000001a0c200000,0x0000001a0c300000) (1024K)]
  0x000001382aad8c70 WorkerThread "GC Thread#3"                     [id=10388, stack(0x0000001a0c300000,0x0000001a0c400000) (1024K)]
  0x000001382ab48d60 WorkerThread "GC Thread#4"                     [id=1892, stack(0x0000001a0c400000,0x0000001a0c500000) (1024K)]
  0x000001382ad21a10 WorkerThread "GC Thread#5"                     [id=4664, stack(0x0000001a0cf00000,0x0000001a0d000000) (1024K)]
  0x000001382aed1f60 WorkerThread "GC Thread#6"                     [id=12328, stack(0x0000001a0d000000,0x0000001a0d100000) (1024K)]
  0x000001382b09c7d0 WorkerThread "GC Thread#7"                     [id=15936, stack(0x0000001a0d100000,0x0000001a0d200000) (1024K)]
  0x000001380f16d3d0 ConcurrentGCThread "G1 Main Marker"            [id=9356, stack(0x0000001a0b100000,0x0000001a0b200000) (1024K)]
  0x000001380f16ec20 WorkerThread "G1 Conc#0"                       [id=13564, stack(0x0000001a0b200000,0x0000001a0b300000) (1024K)]
  0x000001382b0a1af0 WorkerThread "G1 Conc#1"                       [id=25916, stack(0x0000001a0d200000,0x0000001a0d300000) (1024K)]
  0x00000138252510a0 ConcurrentGCThread "G1 Refine#0"               [id=31328, stack(0x0000001a0b300000,0x0000001a0b400000) (1024K)]
  0x0000013825251b20 ConcurrentGCThread "G1 Service"                [id=28444, stack(0x0000001a0b400000,0x0000001a0b500000) (1024K)]
Total: 15

Threads with active compile tasks:
C2 CompilerThread0  269122 17085       4       com.android.tools.r8.shaking.fa$b::a (79 bytes)
Total: 1

VM state: not at safepoint (normal execution)

VM Mutex/Monitor currently owned by a thread: None

Heap address: 0x00000000c0000000, size: 1024 MB, Compressed Oops mode: 32-bit

CDS archive(s) not mapped
Compressed class space mapped at: 0x0000000100000000-0x0000000140000000, reserved size: 1073741824
Narrow klass base: 0x0000000000000000, Narrow klass shift: 3, Narrow klass range: 0x140000000

GC Precious Log:
 CardTable entry size: 512
 Card Set container configuration: InlinePtr #cards 5 size 8 Array Of Cards #cards 12 size 40 Howl #buckets 4 coarsen threshold 1843 Howl Bitmap #cards 512 size 80 coarsen threshold 460 Card regions per heap region 1 cards per card region 2048
 CPUs: 8 total, 8 available
 Memory: 5965M
 Large Page Support: Disabled
 NUMA Support: Disabled
 Compressed Oops: Enabled (32-bit)
 Heap Region Size: 1M
 Heap Min Capacity: 8M
 Heap Initial Capacity: 94M
 Heap Max Capacity: 1G
 Pre-touch: Disabled
 Parallel Workers: 8
 Concurrent Workers: 2
 Concurrent Refinement Workers: 8
 Periodic GC: Disabled

Heap:
 garbage-first heap   total 633856K, used 547840K [0x00000000c0000000, 0x0000000100000000)
  region size 1024K, 168 young (172032K), 4 survivors (4096K)
 Metaspace       used 114864K, committed 116736K, reserved 1179648K
  class space    used 15643K, committed 16576K, reserved 1048576K

Heap Regions: E=young(eden), S=young(survivor), O=old, HS=humongous(starts), HC=humongous(continues), CS=collection set, F=free, TAMS=top-at-mark-start, PB=parsable bottom
|   0|0x00000000c0000000, 0x00000000c0100000, 0x00000000c0100000|100%|HS|  |TAMS 0x00000000c0000000| PB 0x00000000c0000000| Complete 
|   1|0x00000000c0100000, 0x00000000c0200000, 0x00000000c0200000|100%|HC|  |TAMS 0x00000000c0100000| PB 0x00000000c0100000| Complete 
|   2|0x00000000c0200000, 0x00000000c0300000, 0x00000000c0300000|100%|HC|  |TAMS 0x00000000c0200000| PB 0x00000000c0200000| Complete 
|   3|0x00000000c0300000, 0x00000000c0400000, 0x00000000c0400000|100%| O|  |TAMS 0x00000000c0300000| PB 0x00000000c0300000| Untracked 
|   4|0x00000000c0400000, 0x00000000c0500000, 0x00000000c0500000|100%| O|  |TAMS 0x00000000c0400000| PB 0x00000000c0400000| Untracked 
|   5|0x00000000c0500000, 0x00000000c0600000, 0x00000000c0600000|100%| O|  |TAMS 0x00000000c0500000| PB 0x00000000c0500000| Untracked 
|   6|0x00000000c0600000, 0x00000000c0700000, 0x00000000c0700000|100%| O|  |TAMS 0x00000000c0600000| PB 0x00000000c0600000| Untracked 
|   7|0x00000000c0700000, 0x00000000c0800000, 0x00000000c0800000|100%| O|  |TAMS 0x00000000c0700000| PB 0x00000000c0700000| Untracked 
|   8|0x00000000c0800000, 0x00000000c0900000, 0x00000000c0900000|100%| O|  |TAMS 0x00000000c0800000| PB 0x00000000c0800000| Untracked 
|   9|0x00000000c0900000, 0x00000000c0a00000, 0x00000000c0a00000|100%| O|  |TAMS 0x00000000c0900000| PB 0x00000000c0900000| Untracked 
|  10|0x00000000c0a00000, 0x00000000c0b00000, 0x00000000c0b00000|100%| O|  |TAMS 0x00000000c0a00000| PB 0x00000000c0a00000| Untracked 
|  11|0x00000000c0b00000, 0x00000000c0c00000, 0x00000000c0c00000|100%|HS|  |TAMS 0x00000000c0b00000| PB 0x00000000c0b00000| Complete 
|  12|0x00000000c0c00000, 0x00000000c0d00000, 0x00000000c0d00000|100%| O|  |TAMS 0x00000000c0c00000| PB 0x00000000c0c00000| Untracked 
|  13|0x00000000c0d00000, 0x00000000c0e00000, 0x00000000c0e00000|100%| O|  |TAMS 0x00000000c0d00000| PB 0x00000000c0d00000| Untracked 
|  14|0x00000000c0e00000, 0x00000000c0f00000, 0x00000000c0f00000|100%| O|  |TAMS 0x00000000c0e00000| PB 0x00000000c0e00000| Untracked 
|  15|0x00000000c0f00000, 0x00000000c1000000, 0x00000000c1000000|100%| O|  |TAMS 0x00000000c0f00000| PB 0x00000000c0f00000| Untracked 
|  16|0x00000000c1000000, 0x00000000c1100000, 0x00000000c1100000|100%| O|  |TAMS 0x00000000c1000000| PB 0x00000000c1000000| Untracked 
|  17|0x00000000c1100000, 0x00000000c1200000, 0x00000000c1200000|100%| O|  |TAMS 0x00000000c1100000| PB 0x00000000c1100000| Untracked 
|  18|0x00000000c1200000, 0x00000000c1300000, 0x00000000c1300000|100%| O|  |TAMS 0x00000000c1200000| PB 0x00000000c1200000| Untracked 
|  19|0x00000000c1300000, 0x00000000c1400000, 0x00000000c1400000|100%| O|  |TAMS 0x00000000c1300000| PB 0x00000000c1300000| Untracked 
|  20|0x00000000c1400000, 0x00000000c1500000, 0x00000000c1500000|100%| O|  |TAMS 0x00000000c1400000| PB 0x00000000c1400000| Untracked 
|  21|0x00000000c1500000, 0x00000000c1600000, 0x00000000c1600000|100%| O|  |TAMS 0x00000000c1500000| PB 0x00000000c1500000| Untracked 
|  22|0x00000000c1600000, 0x00000000c1700000, 0x00000000c1700000|100%|HS|  |TAMS 0x00000000c1600000| PB 0x00000000c1600000| Complete 
|  23|0x00000000c1700000, 0x00000000c1800000, 0x00000000c1800000|100%|HS|  |TAMS 0x00000000c1700000| PB 0x00000000c1700000| Complete 
|  24|0x00000000c1800000, 0x00000000c1900000, 0x00000000c1900000|100%| O|  |TAMS 0x00000000c1800000| PB 0x00000000c1800000| Untracked 
|  25|0x00000000c1900000, 0x00000000c1a00000, 0x00000000c1a00000|100%| O|  |TAMS 0x00000000c1900000| PB 0x00000000c1900000| Untracked 
|  26|0x00000000c1a00000, 0x00000000c1b00000, 0x00000000c1b00000|100%| O|  |TAMS 0x00000000c1a00000| PB 0x00000000c1a00000| Untracked 
|  27|0x00000000c1b00000, 0x00000000c1c00000, 0x00000000c1c00000|100%|HS|  |TAMS 0x00000000c1b00000| PB 0x00000000c1b00000| Complete 
|  28|0x00000000c1c00000, 0x00000000c1d00000, 0x00000000c1d00000|100%| O|  |TAMS 0x00000000c1c00000| PB 0x00000000c1c00000| Untracked 
|  29|0x00000000c1d00000, 0x00000000c1e00000, 0x00000000c1e00000|100%| O|  |TAMS 0x00000000c1d00000| PB 0x00000000c1d00000| Untracked 
|  30|0x00000000c1e00000, 0x00000000c1f00000, 0x00000000c1f00000|100%| O|  |TAMS 0x00000000c1e00000| PB 0x00000000c1e00000| Untracked 
|  31|0x00000000c1f00000, 0x00000000c2000000, 0x00000000c2000000|100%|HS|  |TAMS 0x00000000c1f00000| PB 0x00000000c1f00000| Complete 
|  32|0x00000000c2000000, 0x00000000c2100000, 0x00000000c2100000|100%|HC|  |TAMS 0x00000000c2000000| PB 0x00000000c2000000| Complete 
|  33|0x00000000c2100000, 0x00000000c2200000, 0x00000000c2200000|100%|HS|  |TAMS 0x00000000c2100000| PB 0x00000000c2100000| Complete 
|  34|0x00000000c2200000, 0x00000000c2300000, 0x00000000c2300000|100%|HS|  |TAMS 0x00000000c2200000| PB 0x00000000c2200000| Complete 
|  35|0x00000000c2300000, 0x00000000c2400000, 0x00000000c2400000|100%|HC|  |TAMS 0x00000000c2300000| PB 0x00000000c2300000| Complete 
|  36|0x00000000c2400000, 0x00000000c2500000, 0x00000000c2500000|100%| O|  |TAMS 0x00000000c2400000| PB 0x00000000c2400000| Untracked 
|  37|0x00000000c2500000, 0x00000000c2600000, 0x00000000c2600000|100%| O|  |TAMS 0x00000000c2500000| PB 0x00000000c2500000| Untracked 
|  38|0x00000000c2600000, 0x00000000c2700000, 0x00000000c2700000|100%| O|  |TAMS 0x00000000c2600000| PB 0x00000000c2600000| Untracked 
|  39|0x00000000c2700000, 0x00000000c2800000, 0x00000000c2800000|100%| O|  |TAMS 0x00000000c2700000| PB 0x00000000c2700000| Untracked 
|  40|0x00000000c2800000, 0x00000000c2900000, 0x00000000c2900000|100%| O|  |TAMS 0x00000000c2800000| PB 0x00000000c2800000| Untracked 
|  41|0x00000000c2900000, 0x00000000c2a00000, 0x00000000c2a00000|100%| O|  |TAMS 0x00000000c2900000| PB 0x00000000c2900000| Untracked 
|  42|0x00000000c2a00000, 0x00000000c2b00000, 0x00000000c2b00000|100%| O|  |TAMS 0x00000000c2a00000| PB 0x00000000c2a00000| Untracked 
|  43|0x00000000c2b00000, 0x00000000c2c00000, 0x00000000c2c00000|100%|HS|  |TAMS 0x00000000c2b00000| PB 0x00000000c2b00000| Complete 
|  44|0x00000000c2c00000, 0x00000000c2d00000, 0x00000000c2d00000|100%| O|  |TAMS 0x00000000c2c00000| PB 0x00000000c2c00000| Untracked 
|  45|0x00000000c2d00000, 0x00000000c2e00000, 0x00000000c2e00000|100%| O|  |TAMS 0x00000000c2d00000| PB 0x00000000c2d00000| Untracked 
|  46|0x00000000c2e00000, 0x00000000c2f00000, 0x00000000c2f00000|100%| O|  |TAMS 0x00000000c2e00000| PB 0x00000000c2e00000| Untracked 
|  47|0x00000000c2f00000, 0x00000000c3000000, 0x00000000c3000000|100%| O|  |TAMS 0x00000000c2f00000| PB 0x00000000c2f00000| Untracked 
|  48|0x00000000c3000000, 0x00000000c3100000, 0x00000000c3100000|100%|HS|  |TAMS 0x00000000c3000000| PB 0x00000000c3000000| Complete 
|  49|0x00000000c3100000, 0x00000000c3200000, 0x00000000c3200000|100%| O|  |TAMS 0x00000000c3100000| PB 0x00000000c3100000| Untracked 
|  50|0x00000000c3200000, 0x00000000c3300000, 0x00000000c3300000|100%| O|  |TAMS 0x00000000c3200000| PB 0x00000000c3200000| Untracked 
|  51|0x00000000c3300000, 0x00000000c3400000, 0x00000000c3400000|100%| O|  |TAMS 0x00000000c3300000| PB 0x00000000c3300000| Untracked 
|  52|0x00000000c3400000, 0x00000000c3500000, 0x00000000c3500000|100%| O|  |TAMS 0x00000000c3400000| PB 0x00000000c3400000| Untracked 
|  53|0x00000000c3500000, 0x00000000c3600000, 0x00000000c3600000|100%| O|  |TAMS 0x00000000c3500000| PB 0x00000000c3500000| Untracked 
|  54|0x00000000c3600000, 0x00000000c3700000, 0x00000000c3700000|100%| O|  |TAMS 0x00000000c3600000| PB 0x00000000c3600000| Untracked 
|  55|0x00000000c3700000, 0x00000000c3800000, 0x00000000c3800000|100%| O|  |TAMS 0x00000000c3700000| PB 0x00000000c3700000| Untracked 
|  56|0x00000000c3800000, 0x00000000c3900000, 0x00000000c3900000|100%| O|  |TAMS 0x00000000c3800000| PB 0x00000000c3800000| Untracked 
|  57|0x00000000c3900000, 0x00000000c3a00000, 0x00000000c3a00000|100%| O|  |TAMS 0x00000000c3900000| PB 0x00000000c3900000| Untracked 
|  58|0x00000000c3a00000, 0x00000000c3b00000, 0x00000000c3b00000|100%| O|  |TAMS 0x00000000c3a00000| PB 0x00000000c3a00000| Untracked 
|  59|0x00000000c3b00000, 0x00000000c3c00000, 0x00000000c3c00000|100%| O|  |TAMS 0x00000000c3b00000| PB 0x00000000c3b00000| Untracked 
|  60|0x00000000c3c00000, 0x00000000c3d00000, 0x00000000c3d00000|100%| O|  |TAMS 0x00000000c3c00000| PB 0x00000000c3c00000| Untracked 
|  61|0x00000000c3d00000, 0x00000000c3e00000, 0x00000000c3e00000|100%| O|  |TAMS 0x00000000c3d00000| PB 0x00000000c3d00000| Untracked 
|  62|0x00000000c3e00000, 0x00000000c3f00000, 0x00000000c3f00000|100%| O|  |TAMS 0x00000000c3e00000| PB 0x00000000c3e00000| Untracked 
|  63|0x00000000c3f00000, 0x00000000c4000000, 0x00000000c4000000|100%| O|  |TAMS 0x00000000c3f00000| PB 0x00000000c3f00000| Untracked 
|  64|0x00000000c4000000, 0x00000000c4100000, 0x00000000c4100000|100%| O|  |TAMS 0x00000000c4000000| PB 0x00000000c4000000| Untracked 
|  65|0x00000000c4100000, 0x00000000c4200000, 0x00000000c4200000|100%| O|  |TAMS 0x00000000c4100000| PB 0x00000000c4100000| Untracked 
|  66|0x00000000c4200000, 0x00000000c4300000, 0x00000000c4300000|100%| O|  |TAMS 0x00000000c4200000| PB 0x00000000c4200000| Untracked 
|  67|0x00000000c4300000, 0x00000000c4400000, 0x00000000c4400000|100%| O|  |TAMS 0x00000000c4300000| PB 0x00000000c4300000| Untracked 
|  68|0x00000000c4400000, 0x00000000c4500000, 0x00000000c4500000|100%| O|  |TAMS 0x00000000c4400000| PB 0x00000000c4400000| Untracked 
|  69|0x00000000c4500000, 0x00000000c4600000, 0x00000000c4600000|100%| O|  |TAMS 0x00000000c4500000| PB 0x00000000c4500000| Untracked 
|  70|0x00000000c4600000, 0x00000000c4700000, 0x00000000c4700000|100%| O|  |TAMS 0x00000000c4600000| PB 0x00000000c4600000| Untracked 
|  71|0x00000000c4700000, 0x00000000c4800000, 0x00000000c4800000|100%| O|  |TAMS 0x00000000c4700000| PB 0x00000000c4700000| Untracked 
|  72|0x00000000c4800000, 0x00000000c4900000, 0x00000000c4900000|100%| O|  |TAMS 0x00000000c4800000| PB 0x00000000c4800000| Untracked 
|  73|0x00000000c4900000, 0x00000000c4a00000, 0x00000000c4a00000|100%| O|  |TAMS 0x00000000c4900000| PB 0x00000000c4900000| Untracked 
|  74|0x00000000c4a00000, 0x00000000c4b00000, 0x00000000c4b00000|100%| O|  |TAMS 0x00000000c4a00000| PB 0x00000000c4a00000| Untracked 
|  75|0x00000000c4b00000, 0x00000000c4c00000, 0x00000000c4c00000|100%| O|  |TAMS 0x00000000c4b00000| PB 0x00000000c4b00000| Untracked 
|  76|0x00000000c4c00000, 0x00000000c4d00000, 0x00000000c4d00000|100%| O|  |TAMS 0x00000000c4c00000| PB 0x00000000c4c00000| Untracked 
|  77|0x00000000c4d00000, 0x00000000c4e00000, 0x00000000c4e00000|100%| O|  |TAMS 0x00000000c4d00000| PB 0x00000000c4d00000| Untracked 
|  78|0x00000000c4e00000, 0x00000000c4f00000, 0x00000000c4f00000|100%| O|  |TAMS 0x00000000c4e00000| PB 0x00000000c4e00000| Untracked 
|  79|0x00000000c4f00000, 0x00000000c5000000, 0x00000000c5000000|100%| O|  |TAMS 0x00000000c4f00000| PB 0x00000000c4f00000| Untracked 
|  80|0x00000000c5000000, 0x00000000c5100000, 0x00000000c5100000|100%| O|  |TAMS 0x00000000c5000000| PB 0x00000000c5000000| Untracked 
|  81|0x00000000c5100000, 0x00000000c5200000, 0x00000000c5200000|100%| O|  |TAMS 0x00000000c5100000| PB 0x00000000c5100000| Untracked 
|  82|0x00000000c5200000, 0x00000000c5300000, 0x00000000c5300000|100%| O|  |TAMS 0x00000000c5200000| PB 0x00000000c5200000| Untracked 
|  83|0x00000000c5300000, 0x00000000c5400000, 0x00000000c5400000|100%| O|  |TAMS 0x00000000c5300000| PB 0x00000000c5300000| Untracked 
|  84|0x00000000c5400000, 0x00000000c5500000, 0x00000000c5500000|100%| O|  |TAMS 0x00000000c5400000| PB 0x00000000c5400000| Untracked 
|  85|0x00000000c5500000, 0x00000000c5600000, 0x00000000c5600000|100%| O|  |TAMS 0x00000000c5500000| PB 0x00000000c5500000| Untracked 
|  86|0x00000000c5600000, 0x00000000c5700000, 0x00000000c5700000|100%| O|  |TAMS 0x00000000c5600000| PB 0x00000000c5600000| Untracked 
|  87|0x00000000c5700000, 0x00000000c5800000, 0x00000000c5800000|100%| O|  |TAMS 0x00000000c5700000| PB 0x00000000c5700000| Untracked 
|  88|0x00000000c5800000, 0x00000000c5900000, 0x00000000c5900000|100%| O|  |TAMS 0x00000000c5800000| PB 0x00000000c5800000| Untracked 
|  89|0x00000000c5900000, 0x00000000c5a00000, 0x00000000c5a00000|100%| O|  |TAMS 0x00000000c5900000| PB 0x00000000c5900000| Untracked 
|  90|0x00000000c5a00000, 0x00000000c5b00000, 0x00000000c5b00000|100%| O|  |TAMS 0x00000000c5a00000| PB 0x00000000c5a00000| Untracked 
|  91|0x00000000c5b00000, 0x00000000c5c00000, 0x00000000c5c00000|100%| O|  |TAMS 0x00000000c5b00000| PB 0x00000000c5b00000| Untracked 
|  92|0x00000000c5c00000, 0x00000000c5d00000, 0x00000000c5d00000|100%| O|  |TAMS 0x00000000c5c00000| PB 0x00000000c5c00000| Untracked 
|  93|0x00000000c5d00000, 0x00000000c5e00000, 0x00000000c5e00000|100%| O|  |TAMS 0x00000000c5d00000| PB 0x00000000c5d00000| Untracked 
|  94|0x00000000c5e00000, 0x00000000c5f00000, 0x00000000c5f00000|100%| O|  |TAMS 0x00000000c5e00000| PB 0x00000000c5e00000| Untracked 
|  95|0x00000000c5f00000, 0x00000000c6000000, 0x00000000c6000000|100%| O|  |TAMS 0x00000000c5f00000| PB 0x00000000c5f00000| Untracked 
|  96|0x00000000c6000000, 0x00000000c6100000, 0x00000000c6100000|100%| O|  |TAMS 0x00000000c6000000| PB 0x00000000c6000000| Untracked 
|  97|0x00000000c6100000, 0x00000000c6200000, 0x00000000c6200000|100%| O|  |TAMS 0x00000000c6100000| PB 0x00000000c6100000| Untracked 
|  98|0x00000000c6200000, 0x00000000c6300000, 0x00000000c6300000|100%| O|  |TAMS 0x00000000c6200000| PB 0x00000000c6200000| Untracked 
|  99|0x00000000c6300000, 0x00000000c6400000, 0x00000000c6400000|100%| O|  |TAMS 0x00000000c6300000| PB 0x00000000c6300000| Untracked 
| 100|0x00000000c6400000, 0x00000000c6500000, 0x00000000c6500000|100%| O|  |TAMS 0x00000000c6400000| PB 0x00000000c6400000| Untracked 
| 101|0x00000000c6500000, 0x00000000c6600000, 0x00000000c6600000|100%| O|  |TAMS 0x00000000c6500000| PB 0x00000000c6500000| Untracked 
| 102|0x00000000c6600000, 0x00000000c6700000, 0x00000000c6700000|100%| O|  |TAMS 0x00000000c6600000| PB 0x00000000c6600000| Untracked 
| 103|0x00000000c6700000, 0x00000000c6800000, 0x00000000c6800000|100%| O|  |TAMS 0x00000000c6700000| PB 0x00000000c6700000| Untracked 
| 104|0x00000000c6800000, 0x00000000c6900000, 0x00000000c6900000|100%| O|  |TAMS 0x00000000c6800000| PB 0x00000000c6800000| Untracked 
| 105|0x00000000c6900000, 0x00000000c6a00000, 0x00000000c6a00000|100%| O|  |TAMS 0x00000000c6900000| PB 0x00000000c6900000| Untracked 
| 106|0x00000000c6a00000, 0x00000000c6b00000, 0x00000000c6b00000|100%| O|  |TAMS 0x00000000c6a00000| PB 0x00000000c6a00000| Untracked 
| 107|0x00000000c6b00000, 0x00000000c6c00000, 0x00000000c6c00000|100%| O|  |TAMS 0x00000000c6b00000| PB 0x00000000c6b00000| Untracked 
| 108|0x00000000c6c00000, 0x00000000c6d00000, 0x00000000c6d00000|100%| O|  |TAMS 0x00000000c6c00000| PB 0x00000000c6c00000| Untracked 
| 109|0x00000000c6d00000, 0x00000000c6e00000, 0x00000000c6e00000|100%| O|  |TAMS 0x00000000c6d00000| PB 0x00000000c6d00000| Untracked 
| 110|0x00000000c6e00000, 0x00000000c6f00000, 0x00000000c6f00000|100%| O|  |TAMS 0x00000000c6e00000| PB 0x00000000c6e00000| Untracked 
| 111|0x00000000c6f00000, 0x00000000c7000000, 0x00000000c7000000|100%| O|  |TAMS 0x00000000c6f00000| PB 0x00000000c6f00000| Untracked 
| 112|0x00000000c7000000, 0x00000000c7100000, 0x00000000c7100000|100%| O|  |TAMS 0x00000000c7000000| PB 0x00000000c7000000| Untracked 
| 113|0x00000000c7100000, 0x00000000c7200000, 0x00000000c7200000|100%| O|  |TAMS 0x00000000c7100000| PB 0x00000000c7100000| Untracked 
| 114|0x00000000c7200000, 0x00000000c7300000, 0x00000000c7300000|100%| O|  |TAMS 0x00000000c7200000| PB 0x00000000c7200000| Untracked 
| 115|0x00000000c7300000, 0x00000000c7400000, 0x00000000c7400000|100%| O|  |TAMS 0x00000000c7300000| PB 0x00000000c7300000| Untracked 
| 116|0x00000000c7400000, 0x00000000c7500000, 0x00000000c7500000|100%| O|  |TAMS 0x00000000c7400000| PB 0x00000000c7400000| Untracked 
| 117|0x00000000c7500000, 0x00000000c7600000, 0x00000000c7600000|100%| O|  |TAMS 0x00000000c7500000| PB 0x00000000c7500000| Untracked 
| 118|0x00000000c7600000, 0x00000000c7700000, 0x00000000c7700000|100%| O|  |TAMS 0x00000000c7600000| PB 0x00000000c7600000| Untracked 
| 119|0x00000000c7700000, 0x00000000c7800000, 0x00000000c7800000|100%| O|  |TAMS 0x00000000c7700000| PB 0x00000000c7700000| Untracked 
| 120|0x00000000c7800000, 0x00000000c7900000, 0x00000000c7900000|100%| O|  |TAMS 0x00000000c7800000| PB 0x00000000c7800000| Untracked 
| 121|0x00000000c7900000, 0x00000000c7a00000, 0x00000000c7a00000|100%| O|  |TAMS 0x00000000c7900000| PB 0x00000000c7900000| Untracked 
| 122|0x00000000c7a00000, 0x00000000c7b00000, 0x00000000c7b00000|100%| O|  |TAMS 0x00000000c7a00000| PB 0x00000000c7a00000| Untracked 
| 123|0x00000000c7b00000, 0x00000000c7c00000, 0x00000000c7c00000|100%| O|  |TAMS 0x00000000c7b00000| PB 0x00000000c7b00000| Untracked 
| 124|0x00000000c7c00000, 0x00000000c7d00000, 0x00000000c7d00000|100%| O|  |TAMS 0x00000000c7c00000| PB 0x00000000c7c00000| Untracked 
| 125|0x00000000c7d00000, 0x00000000c7e00000, 0x00000000c7e00000|100%| O|  |TAMS 0x00000000c7d00000| PB 0x00000000c7d00000| Untracked 
| 126|0x00000000c7e00000, 0x00000000c7f00000, 0x00000000c7f00000|100%| O|  |TAMS 0x00000000c7e00000| PB 0x00000000c7e00000| Untracked 
| 127|0x00000000c7f00000, 0x00000000c8000000, 0x00000000c8000000|100%| O|  |TAMS 0x00000000c7f00000| PB 0x00000000c7f00000| Untracked 
| 128|0x00000000c8000000, 0x00000000c8100000, 0x00000000c8100000|100%| O|  |TAMS 0x00000000c8000000| PB 0x00000000c8000000| Untracked 
| 129|0x00000000c8100000, 0x00000000c8200000, 0x00000000c8200000|100%| O|  |TAMS 0x00000000c8100000| PB 0x00000000c8100000| Untracked 
| 130|0x00000000c8200000, 0x00000000c8300000, 0x00000000c8300000|100%| O|  |TAMS 0x00000000c8200000| PB 0x00000000c8200000| Untracked 
| 131|0x00000000c8300000, 0x00000000c8400000, 0x00000000c8400000|100%| O|  |TAMS 0x00000000c8300000| PB 0x00000000c8300000| Untracked 
| 132|0x00000000c8400000, 0x00000000c8500000, 0x00000000c8500000|100%| O|  |TAMS 0x00000000c8400000| PB 0x00000000c8400000| Untracked 
| 133|0x00000000c8500000, 0x00000000c8600000, 0x00000000c8600000|100%| O|  |TAMS 0x00000000c8500000| PB 0x00000000c8500000| Untracked 
| 134|0x00000000c8600000, 0x00000000c8700000, 0x00000000c8700000|100%| O|  |TAMS 0x00000000c8600000| PB 0x00000000c8600000| Untracked 
| 135|0x00000000c8700000, 0x00000000c8800000, 0x00000000c8800000|100%| O|  |TAMS 0x00000000c8700000| PB 0x00000000c8700000| Untracked 
| 136|0x00000000c8800000, 0x00000000c8900000, 0x00000000c8900000|100%| O|  |TAMS 0x00000000c8800000| PB 0x00000000c8800000| Untracked 
| 137|0x00000000c8900000, 0x00000000c8a00000, 0x00000000c8a00000|100%| O|  |TAMS 0x00000000c8900000| PB 0x00000000c8900000| Untracked 
| 138|0x00000000c8a00000, 0x00000000c8b00000, 0x00000000c8b00000|100%| O|  |TAMS 0x00000000c8a00000| PB 0x00000000c8a00000| Untracked 
| 139|0x00000000c8b00000, 0x00000000c8c00000, 0x00000000c8c00000|100%| O|  |TAMS 0x00000000c8b00000| PB 0x00000000c8b00000| Untracked 
| 140|0x00000000c8c00000, 0x00000000c8d00000, 0x00000000c8d00000|100%| O|  |TAMS 0x00000000c8c00000| PB 0x00000000c8c00000| Untracked 
| 141|0x00000000c8d00000, 0x00000000c8e00000, 0x00000000c8e00000|100%| O|  |TAMS 0x00000000c8d00000| PB 0x00000000c8d00000| Untracked 
| 142|0x00000000c8e00000, 0x00000000c8f00000, 0x00000000c8f00000|100%| O|  |TAMS 0x00000000c8e00000| PB 0x00000000c8e00000| Untracked 
| 143|0x00000000c8f00000, 0x00000000c9000000, 0x00000000c9000000|100%| O|  |TAMS 0x00000000c8f00000| PB 0x00000000c8f00000| Untracked 
| 144|0x00000000c9000000, 0x00000000c9100000, 0x00000000c9100000|100%| O|  |TAMS 0x00000000c9000000| PB 0x00000000c9000000| Untracked 
| 145|0x00000000c9100000, 0x00000000c9200000, 0x00000000c9200000|100%| O|  |TAMS 0x00000000c9100000| PB 0x00000000c9100000| Untracked 
| 146|0x00000000c9200000, 0x00000000c9300000, 0x00000000c9300000|100%| O|  |TAMS 0x00000000c9200000| PB 0x00000000c9200000| Untracked 
| 147|0x00000000c9300000, 0x00000000c9400000, 0x00000000c9400000|100%| O|  |TAMS 0x00000000c9300000| PB 0x00000000c9300000| Untracked 
| 148|0x00000000c9400000, 0x00000000c9500000, 0x00000000c9500000|100%| O|  |TAMS 0x00000000c9400000| PB 0x00000000c9400000| Untracked 
| 149|0x00000000c9500000, 0x00000000c9600000, 0x00000000c9600000|100%| O|  |TAMS 0x00000000c9500000| PB 0x00000000c9500000| Untracked 
| 150|0x00000000c9600000, 0x00000000c9700000, 0x00000000c9700000|100%| O|  |TAMS 0x00000000c9600000| PB 0x00000000c9600000| Untracked 
| 151|0x00000000c9700000, 0x00000000c9800000, 0x00000000c9800000|100%| O|  |TAMS 0x00000000c9700000| PB 0x00000000c9700000| Untracked 
| 152|0x00000000c9800000, 0x00000000c9900000, 0x00000000c9900000|100%| O|  |TAMS 0x00000000c9800000| PB 0x00000000c9800000| Untracked 
| 153|0x00000000c9900000, 0x00000000c9a00000, 0x00000000c9a00000|100%| O|  |TAMS 0x00000000c9900000| PB 0x00000000c9900000| Untracked 
| 154|0x00000000c9a00000, 0x00000000c9b00000, 0x00000000c9b00000|100%| O|  |TAMS 0x00000000c9a00000| PB 0x00000000c9a00000| Untracked 
| 155|0x00000000c9b00000, 0x00000000c9c00000, 0x00000000c9c00000|100%| O|  |TAMS 0x00000000c9b00000| PB 0x00000000c9b00000| Untracked 
| 156|0x00000000c9c00000, 0x00000000c9d00000, 0x00000000c9d00000|100%| O|  |TAMS 0x00000000c9c00000| PB 0x00000000c9c00000| Untracked 
| 157|0x00000000c9d00000, 0x00000000c9e00000, 0x00000000c9e00000|100%| O|  |TAMS 0x00000000c9d00000| PB 0x00000000c9d00000| Untracked 
| 158|0x00000000c9e00000, 0x00000000c9f00000, 0x00000000c9f00000|100%| O|  |TAMS 0x00000000c9e00000| PB 0x00000000c9e00000| Untracked 
| 159|0x00000000c9f00000, 0x00000000ca000000, 0x00000000ca000000|100%| O|  |TAMS 0x00000000c9f00000| PB 0x00000000c9f00000| Untracked 
| 160|0x00000000ca000000, 0x00000000ca100000, 0x00000000ca100000|100%| O|  |TAMS 0x00000000ca000000| PB 0x00000000ca000000| Untracked 
| 161|0x00000000ca100000, 0x00000000ca200000, 0x00000000ca200000|100%| O|  |TAMS 0x00000000ca100000| PB 0x00000000ca100000| Untracked 
| 162|0x00000000ca200000, 0x00000000ca300000, 0x00000000ca300000|100%| O|  |TAMS 0x00000000ca200000| PB 0x00000000ca200000| Untracked 
| 163|0x00000000ca300000, 0x00000000ca400000, 0x00000000ca400000|100%| O|  |TAMS 0x00000000ca300000| PB 0x00000000ca300000| Untracked 
| 164|0x00000000ca400000, 0x00000000ca500000, 0x00000000ca500000|100%| O|  |TAMS 0x00000000ca400000| PB 0x00000000ca400000| Untracked 
| 165|0x00000000ca500000, 0x00000000ca600000, 0x00000000ca600000|100%| O|  |TAMS 0x00000000ca500000| PB 0x00000000ca500000| Untracked 
| 166|0x00000000ca600000, 0x00000000ca700000, 0x00000000ca700000|100%| O|  |TAMS 0x00000000ca600000| PB 0x00000000ca600000| Untracked 
| 167|0x00000000ca700000, 0x00000000ca800000, 0x00000000ca800000|100%| O|  |TAMS 0x00000000ca700000| PB 0x00000000ca700000| Untracked 
| 168|0x00000000ca800000, 0x00000000ca900000, 0x00000000ca900000|100%|HS|  |TAMS 0x00000000ca800000| PB 0x00000000ca800000| Complete 
| 169|0x00000000ca900000, 0x00000000caa00000, 0x00000000caa00000|100%|HS|  |TAMS 0x00000000ca900000| PB 0x00000000ca900000| Complete 
| 170|0x00000000caa00000, 0x00000000cab00000, 0x00000000cab00000|100%|HC|  |TAMS 0x00000000caa00000| PB 0x00000000caa00000| Complete 
| 171|0x00000000cab00000, 0x00000000cac00000, 0x00000000cac00000|100%| O|  |TAMS 0x00000000cab00000| PB 0x00000000cab00000| Untracked 
| 172|0x00000000cac00000, 0x00000000cad00000, 0x00000000cad00000|100%| O|  |TAMS 0x00000000cac00000| PB 0x00000000cac00000| Untracked 
| 173|0x00000000cad00000, 0x00000000cae00000, 0x00000000cae00000|100%| O|  |TAMS 0x00000000cad00000| PB 0x00000000cad00000| Untracked 
| 174|0x00000000cae00000, 0x00000000caf00000, 0x00000000caf00000|100%| O|  |TAMS 0x00000000cae00000| PB 0x00000000cae00000| Untracked 
| 175|0x00000000caf00000, 0x00000000cb000000, 0x00000000cb000000|100%| O|  |TAMS 0x00000000caf00000| PB 0x00000000caf00000| Untracked 
| 176|0x00000000cb000000, 0x00000000cb100000, 0x00000000cb100000|100%| O|  |TAMS 0x00000000cb000000| PB 0x00000000cb000000| Untracked 
| 177|0x00000000cb100000, 0x00000000cb200000, 0x00000000cb200000|100%| O|  |TAMS 0x00000000cb100000| PB 0x00000000cb100000| Untracked 
| 178|0x00000000cb200000, 0x00000000cb300000, 0x00000000cb300000|100%| O|  |TAMS 0x00000000cb200000| PB 0x00000000cb200000| Untracked 
| 179|0x00000000cb300000, 0x00000000cb400000, 0x00000000cb400000|100%| O|  |TAMS 0x00000000cb300000| PB 0x00000000cb300000| Untracked 
| 180|0x00000000cb400000, 0x00000000cb500000, 0x00000000cb500000|100%| O|  |TAMS 0x00000000cb400000| PB 0x00000000cb400000| Untracked 
| 181|0x00000000cb500000, 0x00000000cb600000, 0x00000000cb600000|100%| O|  |TAMS 0x00000000cb500000| PB 0x00000000cb500000| Untracked 
| 182|0x00000000cb600000, 0x00000000cb700000, 0x00000000cb700000|100%| O|  |TAMS 0x00000000cb600000| PB 0x00000000cb600000| Untracked 
| 183|0x00000000cb700000, 0x00000000cb800000, 0x00000000cb800000|100%| O|  |TAMS 0x00000000cb700000| PB 0x00000000cb700000| Untracked 
| 184|0x00000000cb800000, 0x00000000cb900000, 0x00000000cb900000|100%| O|  |TAMS 0x00000000cb800000| PB 0x00000000cb800000| Untracked 
| 185|0x00000000cb900000, 0x00000000cba00000, 0x00000000cba00000|100%| O|  |TAMS 0x00000000cb900000| PB 0x00000000cb900000| Untracked 
| 186|0x00000000cba00000, 0x00000000cbb00000, 0x00000000cbb00000|100%| O|  |TAMS 0x00000000cba00000| PB 0x00000000cba00000| Untracked 
| 187|0x00000000cbb00000, 0x00000000cbc00000, 0x00000000cbc00000|100%| O|  |TAMS 0x00000000cbb00000| PB 0x00000000cbb00000| Untracked 
| 188|0x00000000cbc00000, 0x00000000cbd00000, 0x00000000cbd00000|100%| O|  |TAMS 0x00000000cbc00000| PB 0x00000000cbc00000| Untracked 
| 189|0x00000000cbd00000, 0x00000000cbe00000, 0x00000000cbe00000|100%| O|  |TAMS 0x00000000cbd00000| PB 0x00000000cbd00000| Untracked 
| 190|0x00000000cbe00000, 0x00000000cbf00000, 0x00000000cbf00000|100%| O|  |TAMS 0x00000000cbe00000| PB 0x00000000cbe00000| Untracked 
| 191|0x00000000cbf00000, 0x00000000cc000000, 0x00000000cc000000|100%| O|  |TAMS 0x00000000cbf00000| PB 0x00000000cbf00000| Untracked 
| 192|0x00000000cc000000, 0x00000000cc100000, 0x00000000cc100000|100%| O|  |TAMS 0x00000000cc000000| PB 0x00000000cc000000| Untracked 
| 193|0x00000000cc100000, 0x00000000cc200000, 0x00000000cc200000|100%| O|  |TAMS 0x00000000cc100000| PB 0x00000000cc100000| Untracked 
| 194|0x00000000cc200000, 0x00000000cc300000, 0x00000000cc300000|100%| O|  |TAMS 0x00000000cc200000| PB 0x00000000cc200000| Untracked 
| 195|0x00000000cc300000, 0x00000000cc400000, 0x00000000cc400000|100%| O|  |TAMS 0x00000000cc300000| PB 0x00000000cc300000| Untracked 
| 196|0x00000000cc400000, 0x00000000cc500000, 0x00000000cc500000|100%| O|  |TAMS 0x00000000cc400000| PB 0x00000000cc400000| Untracked 
| 197|0x00000000cc500000, 0x00000000cc600000, 0x00000000cc600000|100%| O|  |TAMS 0x00000000cc500000| PB 0x00000000cc500000| Untracked 
| 198|0x00000000cc600000, 0x00000000cc700000, 0x00000000cc700000|100%| O|  |TAMS 0x00000000cc600000| PB 0x00000000cc600000| Untracked 
| 199|0x00000000cc700000, 0x00000000cc800000, 0x00000000cc800000|100%| O|  |TAMS 0x00000000cc700000| PB 0x00000000cc700000| Untracked 
| 200|0x00000000cc800000, 0x00000000cc900000, 0x00000000cc900000|100%| O|Cm|TAMS 0x00000000cc800000| PB 0x00000000cc800000| Complete 
| 201|0x00000000cc900000, 0x00000000cca00000, 0x00000000cca00000|100%| O|  |TAMS 0x00000000cc900000| PB 0x00000000cc900000| Untracked 
| 202|0x00000000cca00000, 0x00000000ccb00000, 0x00000000ccb00000|100%| O|  |TAMS 0x00000000cca00000| PB 0x00000000cca00000| Untracked 
| 203|0x00000000ccb00000, 0x00000000ccc00000, 0x00000000ccc00000|100%| O|  |TAMS 0x00000000ccb00000| PB 0x00000000ccb00000| Untracked 
| 204|0x00000000ccc00000, 0x00000000ccd00000, 0x00000000ccd00000|100%| O|  |TAMS 0x00000000ccc00000| PB 0x00000000ccc00000| Untracked 
| 205|0x00000000ccd00000, 0x00000000cce00000, 0x00000000cce00000|100%| O|  |TAMS 0x00000000ccd00000| PB 0x00000000ccd00000| Untracked 
| 206|0x00000000cce00000, 0x00000000ccf00000, 0x00000000ccf00000|100%| O|  |TAMS 0x00000000cce00000| PB 0x00000000cce00000| Untracked 
| 207|0x00000000ccf00000, 0x00000000cd000000, 0x00000000cd000000|100%| O|  |TAMS 0x00000000ccf00000| PB 0x00000000ccf00000| Untracked 
| 208|0x00000000cd000000, 0x00000000cd100000, 0x00000000cd100000|100%| O|  |TAMS 0x00000000cd000000| PB 0x00000000cd000000| Untracked 
| 209|0x00000000cd100000, 0x00000000cd200000, 0x00000000cd200000|100%| O|  |TAMS 0x00000000cd100000| PB 0x00000000cd100000| Untracked 
| 210|0x00000000cd200000, 0x00000000cd300000, 0x00000000cd300000|100%| O|  |TAMS 0x00000000cd200000| PB 0x00000000cd200000| Untracked 
| 211|0x00000000cd300000, 0x00000000cd400000, 0x00000000cd400000|100%| O|  |TAMS 0x00000000cd300000| PB 0x00000000cd300000| Untracked 
| 212|0x00000000cd400000, 0x00000000cd500000, 0x00000000cd500000|100%| O|  |TAMS 0x00000000cd400000| PB 0x00000000cd400000| Untracked 
| 213|0x00000000cd500000, 0x00000000cd600000, 0x00000000cd600000|100%| O|  |TAMS 0x00000000cd500000| PB 0x00000000cd500000| Untracked 
| 214|0x00000000cd600000, 0x00000000cd700000, 0x00000000cd700000|100%| O|  |TAMS 0x00000000cd600000| PB 0x00000000cd600000| Untracked 
| 215|0x00000000cd700000, 0x00000000cd800000, 0x00000000cd800000|100%| O|  |TAMS 0x00000000cd700000| PB 0x00000000cd700000| Untracked 
| 216|0x00000000cd800000, 0x00000000cd900000, 0x00000000cd900000|100%| O|  |TAMS 0x00000000cd800000| PB 0x00000000cd800000| Untracked 
| 217|0x00000000cd900000, 0x00000000cda00000, 0x00000000cda00000|100%| O|  |TAMS 0x00000000cd900000| PB 0x00000000cd900000| Untracked 
| 218|0x00000000cda00000, 0x00000000cdb00000, 0x00000000cdb00000|100%| O|  |TAMS 0x00000000cda00000| PB 0x00000000cda00000| Untracked 
| 219|0x00000000cdb00000, 0x00000000cdc00000, 0x00000000cdc00000|100%| O|  |TAMS 0x00000000cdb00000| PB 0x00000000cdb00000| Untracked 
| 220|0x00000000cdc00000, 0x00000000cdd00000, 0x00000000cdd00000|100%| O|Cm|TAMS 0x00000000cdc00000| PB 0x00000000cdc00000| Complete 
| 221|0x00000000cdd00000, 0x00000000cde00000, 0x00000000cde00000|100%| O|  |TAMS 0x00000000cdd00000| PB 0x00000000cdd00000| Untracked 
| 222|0x00000000cde00000, 0x00000000cdf00000, 0x00000000cdf00000|100%| O|  |TAMS 0x00000000cde00000| PB 0x00000000cde00000| Untracked 
| 223|0x00000000cdf00000, 0x00000000ce000000, 0x00000000ce000000|100%| O|  |TAMS 0x00000000cdf00000| PB 0x00000000cdf00000| Untracked 
| 224|0x00000000ce000000, 0x00000000ce100000, 0x00000000ce100000|100%| O|  |TAMS 0x00000000ce000000| PB 0x00000000ce000000| Untracked 
| 225|0x00000000ce100000, 0x00000000ce200000, 0x00000000ce200000|100%| O|  |TAMS 0x00000000ce100000| PB 0x00000000ce100000| Untracked 
| 226|0x00000000ce200000, 0x00000000ce300000, 0x00000000ce300000|100%| O|  |TAMS 0x00000000ce200000| PB 0x00000000ce200000| Untracked 
| 227|0x00000000ce300000, 0x00000000ce400000, 0x00000000ce400000|100%| O|  |TAMS 0x00000000ce300000| PB 0x00000000ce300000| Untracked 
| 228|0x00000000ce400000, 0x00000000ce500000, 0x00000000ce500000|100%| O|  |TAMS 0x00000000ce400000| PB 0x00000000ce400000| Untracked 
| 229|0x00000000ce500000, 0x00000000ce600000, 0x00000000ce600000|100%| O|  |TAMS 0x00000000ce500000| PB 0x00000000ce500000| Untracked 
| 230|0x00000000ce600000, 0x00000000ce700000, 0x00000000ce700000|100%| O|  |TAMS 0x00000000ce600000| PB 0x00000000ce600000| Untracked 
| 231|0x00000000ce700000, 0x00000000ce800000, 0x00000000ce800000|100%| O|  |TAMS 0x00000000ce700000| PB 0x00000000ce700000| Untracked 
| 232|0x00000000ce800000, 0x00000000ce900000, 0x00000000ce900000|100%| O|  |TAMS 0x00000000ce800000| PB 0x00000000ce800000| Untracked 
| 233|0x00000000ce900000, 0x00000000cea00000, 0x00000000cea00000|100%| O|  |TAMS 0x00000000ce900000| PB 0x00000000ce900000| Untracked 
| 234|0x00000000cea00000, 0x00000000ceb00000, 0x00000000ceb00000|100%| O|  |TAMS 0x00000000cea00000| PB 0x00000000cea00000| Untracked 
| 235|0x00000000ceb00000, 0x00000000cec00000, 0x00000000cec00000|100%| O|  |TAMS 0x00000000ceb00000| PB 0x00000000ceb00000| Untracked 
| 236|0x00000000cec00000, 0x00000000ced00000, 0x00000000ced00000|100%| O|Cm|TAMS 0x00000000cec00000| PB 0x00000000cec00000| Complete 
| 237|0x00000000ced00000, 0x00000000cee00000, 0x00000000cee00000|100%| O|  |TAMS 0x00000000ced00000| PB 0x00000000ced00000| Untracked 
| 238|0x00000000cee00000, 0x00000000cef00000, 0x00000000cef00000|100%| O|  |TAMS 0x00000000cee00000| PB 0x00000000cee00000| Untracked 
| 239|0x00000000cef00000, 0x00000000cf000000, 0x00000000cf000000|100%| O|  |TAMS 0x00000000cef00000| PB 0x00000000cef00000| Untracked 
| 240|0x00000000cf000000, 0x00000000cf100000, 0x00000000cf100000|100%| O|  |TAMS 0x00000000cf000000| PB 0x00000000cf000000| Untracked 
| 241|0x00000000cf100000, 0x00000000cf200000, 0x00000000cf200000|100%| O|  |TAMS 0x00000000cf100000| PB 0x00000000cf100000| Untracked 
| 242|0x00000000cf200000, 0x00000000cf300000, 0x00000000cf300000|100%| O|  |TAMS 0x00000000cf200000| PB 0x00000000cf200000| Untracked 
| 243|0x00000000cf300000, 0x00000000cf400000, 0x00000000cf400000|100%| O|  |TAMS 0x00000000cf300000| PB 0x00000000cf300000| Untracked 
| 244|0x00000000cf400000, 0x00000000cf500000, 0x00000000cf500000|100%| O|  |TAMS 0x00000000cf400000| PB 0x00000000cf400000| Untracked 
| 245|0x00000000cf500000, 0x00000000cf600000, 0x00000000cf600000|100%| O|  |TAMS 0x00000000cf500000| PB 0x00000000cf500000| Untracked 
| 246|0x00000000cf600000, 0x00000000cf700000, 0x00000000cf700000|100%| O|  |TAMS 0x00000000cf600000| PB 0x00000000cf600000| Untracked 
| 247|0x00000000cf700000, 0x00000000cf800000, 0x00000000cf800000|100%| O|  |TAMS 0x00000000cf700000| PB 0x00000000cf700000| Untracked 
| 248|0x00000000cf800000, 0x00000000cf900000, 0x00000000cf900000|100%| O|  |TAMS 0x00000000cf800000| PB 0x00000000cf800000| Untracked 
| 249|0x00000000cf900000, 0x00000000cfa00000, 0x00000000cfa00000|100%|HS|  |TAMS 0x00000000cf900000| PB 0x00000000cf900000| Complete 
| 250|0x00000000cfa00000, 0x00000000cfb00000, 0x00000000cfb00000|100%|HC|  |TAMS 0x00000000cfa00000| PB 0x00000000cfa00000| Complete 
| 251|0x00000000cfb00000, 0x00000000cfc00000, 0x00000000cfc00000|100%|HS|  |TAMS 0x00000000cfb00000| PB 0x00000000cfb00000| Complete 
| 252|0x00000000cfc00000, 0x00000000cfd00000, 0x00000000cfd00000|100%|HC|  |TAMS 0x00000000cfc00000| PB 0x00000000cfc00000| Complete 
| 253|0x00000000cfd00000, 0x00000000cfe00000, 0x00000000cfe00000|100%|HS|  |TAMS 0x00000000cfd00000| PB 0x00000000cfd00000| Complete 
| 254|0x00000000cfe00000, 0x00000000cff00000, 0x00000000cff00000|100%|HC|  |TAMS 0x00000000cfe00000| PB 0x00000000cfe00000| Complete 
| 255|0x00000000cff00000, 0x00000000d0000000, 0x00000000d0000000|100%| O|  |TAMS 0x00000000cff00000| PB 0x00000000cff00000| Untracked 
| 256|0x00000000d0000000, 0x00000000d0100000, 0x00000000d0100000|100%| O|  |TAMS 0x00000000d0000000| PB 0x00000000d0000000| Untracked 
| 257|0x00000000d0100000, 0x00000000d0200000, 0x00000000d0200000|100%| O|  |TAMS 0x00000000d0100000| PB 0x00000000d0100000| Untracked 
| 258|0x00000000d0200000, 0x00000000d0300000, 0x00000000d0300000|100%| O|  |TAMS 0x00000000d0200000| PB 0x00000000d0200000| Untracked 
| 259|0x00000000d0300000, 0x00000000d0400000, 0x00000000d0400000|100%| O|  |TAMS 0x00000000d0300000| PB 0x00000000d0300000| Untracked 
| 260|0x00000000d0400000, 0x00000000d0500000, 0x00000000d0500000|100%| O|Cm|TAMS 0x00000000d0400000| PB 0x00000000d0400000| Complete 
| 261|0x00000000d0500000, 0x00000000d0600000, 0x00000000d0600000|100%| O|Cm|TAMS 0x00000000d0500000| PB 0x00000000d0500000| Complete 
| 262|0x00000000d0600000, 0x00000000d0700000, 0x00000000d0700000|100%| O|  |TAMS 0x00000000d0600000| PB 0x00000000d0600000| Untracked 
| 263|0x00000000d0700000, 0x00000000d0800000, 0x00000000d0800000|100%| O|  |TAMS 0x00000000d0700000| PB 0x00000000d0700000| Untracked 
| 264|0x00000000d0800000, 0x00000000d0900000, 0x00000000d0900000|100%| O|  |TAMS 0x00000000d0800000| PB 0x00000000d0800000| Untracked 
| 265|0x00000000d0900000, 0x00000000d0a00000, 0x00000000d0a00000|100%| O|  |TAMS 0x00000000d0900000| PB 0x00000000d0900000| Untracked 
| 266|0x00000000d0a00000, 0x00000000d0b00000, 0x00000000d0b00000|100%| O|  |TAMS 0x00000000d0a00000| PB 0x00000000d0a00000| Untracked 
| 267|0x00000000d0b00000, 0x00000000d0c00000, 0x00000000d0c00000|100%| O|  |TAMS 0x00000000d0b00000| PB 0x00000000d0b00000| Untracked 
| 268|0x00000000d0c00000, 0x00000000d0d00000, 0x00000000d0d00000|100%| O|  |TAMS 0x00000000d0c00000| PB 0x00000000d0c00000| Untracked 
| 269|0x00000000d0d00000, 0x00000000d0e00000, 0x00000000d0e00000|100%| O|  |TAMS 0x00000000d0d00000| PB 0x00000000d0d00000| Untracked 
| 270|0x00000000d0e00000, 0x00000000d0f00000, 0x00000000d0f00000|100%| O|  |TAMS 0x00000000d0e00000| PB 0x00000000d0e00000| Untracked 
| 271|0x00000000d0f00000, 0x00000000d1000000, 0x00000000d1000000|100%| O|  |TAMS 0x00000000d0f00000| PB 0x00000000d0f00000| Untracked 
| 272|0x00000000d1000000, 0x00000000d1100000, 0x00000000d1100000|100%| O|  |TAMS 0x00000000d1000000| PB 0x00000000d1000000| Untracked 
| 273|0x00000000d1100000, 0x00000000d1200000, 0x00000000d1200000|100%| O|  |TAMS 0x00000000d1100000| PB 0x00000000d1100000| Untracked 
| 274|0x00000000d1200000, 0x00000000d1300000, 0x00000000d1300000|100%| O|  |TAMS 0x00000000d1200000| PB 0x00000000d1200000| Untracked 
| 275|0x00000000d1300000, 0x00000000d1400000, 0x00000000d1400000|100%| O|  |TAMS 0x00000000d1300000| PB 0x00000000d1300000| Untracked 
| 276|0x00000000d1400000, 0x00000000d1500000, 0x00000000d1500000|100%| O|  |TAMS 0x00000000d1400000| PB 0x00000000d1400000| Untracked 
| 277|0x00000000d1500000, 0x00000000d1600000, 0x00000000d1600000|100%| O|  |TAMS 0x00000000d1500000| PB 0x00000000d1500000| Untracked 
| 278|0x00000000d1600000, 0x00000000d1700000, 0x00000000d1700000|100%| O|  |TAMS 0x00000000d1600000| PB 0x00000000d1600000| Untracked 
| 279|0x00000000d1700000, 0x00000000d1800000, 0x00000000d1800000|100%| O|  |TAMS 0x00000000d1700000| PB 0x00000000d1700000| Untracked 
| 280|0x00000000d1800000, 0x00000000d1900000, 0x00000000d1900000|100%| O|  |TAMS 0x00000000d1800000| PB 0x00000000d1800000| Untracked 
| 281|0x00000000d1900000, 0x00000000d1a00000, 0x00000000d1a00000|100%| O|  |TAMS 0x00000000d1900000| PB 0x00000000d1900000| Untracked 
| 282|0x00000000d1a00000, 0x00000000d1b00000, 0x00000000d1b00000|100%| O|  |TAMS 0x00000000d1a00000| PB 0x00000000d1a00000| Untracked 
| 283|0x00000000d1b00000, 0x00000000d1c00000, 0x00000000d1c00000|100%| O|  |TAMS 0x00000000d1b00000| PB 0x00000000d1b00000| Untracked 
| 284|0x00000000d1c00000, 0x00000000d1d00000, 0x00000000d1d00000|100%| O|  |TAMS 0x00000000d1c00000| PB 0x00000000d1c00000| Untracked 
| 285|0x00000000d1d00000, 0x00000000d1e00000, 0x00000000d1e00000|100%| O|  |TAMS 0x00000000d1d00000| PB 0x00000000d1d00000| Untracked 
| 286|0x00000000d1e00000, 0x00000000d1f00000, 0x00000000d1f00000|100%| O|  |TAMS 0x00000000d1e00000| PB 0x00000000d1e00000| Untracked 
| 287|0x00000000d1f00000, 0x00000000d2000000, 0x00000000d2000000|100%| O|Cm|TAMS 0x00000000d1f00000| PB 0x00000000d1f00000| Complete 
| 288|0x00000000d2000000, 0x00000000d2100000, 0x00000000d2100000|100%| O|  |TAMS 0x00000000d2000000| PB 0x00000000d2000000| Untracked 
| 289|0x00000000d2100000, 0x00000000d2200000, 0x00000000d2200000|100%| O|  |TAMS 0x00000000d2100000| PB 0x00000000d2100000| Untracked 
| 290|0x00000000d2200000, 0x00000000d2300000, 0x00000000d2300000|100%| O|  |TAMS 0x00000000d2200000| PB 0x00000000d2200000| Untracked 
| 291|0x00000000d2300000, 0x00000000d2400000, 0x00000000d2400000|100%| O|Cm|TAMS 0x00000000d2300000| PB 0x00000000d2300000| Complete 
| 292|0x00000000d2400000, 0x00000000d2500000, 0x00000000d2500000|100%| O|  |TAMS 0x00000000d2400000| PB 0x00000000d2400000| Untracked 
| 293|0x00000000d2500000, 0x00000000d2600000, 0x00000000d2600000|100%|HS|  |TAMS 0x00000000d2500000| PB 0x00000000d2500000| Complete 
| 294|0x00000000d2600000, 0x00000000d2700000, 0x00000000d2700000|100%| O|  |TAMS 0x00000000d2600000| PB 0x00000000d2600000| Untracked 
| 295|0x00000000d2700000, 0x00000000d2800000, 0x00000000d2800000|100%| O|  |TAMS 0x00000000d2700000| PB 0x00000000d2700000| Untracked 
| 296|0x00000000d2800000, 0x00000000d2900000, 0x00000000d2900000|100%| O|  |TAMS 0x00000000d2800000| PB 0x00000000d2800000| Untracked 
| 297|0x00000000d2900000, 0x00000000d2a00000, 0x00000000d2a00000|100%| O|  |TAMS 0x00000000d2900000| PB 0x00000000d2900000| Untracked 
| 298|0x00000000d2a00000, 0x00000000d2b00000, 0x00000000d2b00000|100%| O|  |TAMS 0x00000000d2a00000| PB 0x00000000d2a00000| Untracked 
| 299|0x00000000d2b00000, 0x00000000d2c00000, 0x00000000d2c00000|100%| O|  |TAMS 0x00000000d2b00000| PB 0x00000000d2b00000| Untracked 
| 300|0x00000000d2c00000, 0x00000000d2d00000, 0x00000000d2d00000|100%| O|  |TAMS 0x00000000d2c00000| PB 0x00000000d2c00000| Untracked 
| 301|0x00000000d2d00000, 0x00000000d2e00000, 0x00000000d2e00000|100%| O|  |TAMS 0x00000000d2d00000| PB 0x00000000d2d00000| Untracked 
| 302|0x00000000d2e00000, 0x00000000d2f00000, 0x00000000d2f00000|100%| O|  |TAMS 0x00000000d2e00000| PB 0x00000000d2e00000| Untracked 
| 303|0x00000000d2f00000, 0x00000000d3000000, 0x00000000d3000000|100%| O|  |TAMS 0x00000000d2f00000| PB 0x00000000d2f00000| Untracked 
| 304|0x00000000d3000000, 0x00000000d3100000, 0x00000000d3100000|100%| O|  |TAMS 0x00000000d3000000| PB 0x00000000d3000000| Untracked 
| 305|0x00000000d3100000, 0x00000000d3200000, 0x00000000d3200000|100%| O|  |TAMS 0x00000000d3100000| PB 0x00000000d3100000| Untracked 
| 306|0x00000000d3200000, 0x00000000d3300000, 0x00000000d3300000|100%| O|  |TAMS 0x00000000d3200000| PB 0x00000000d3200000| Untracked 
| 307|0x00000000d3300000, 0x00000000d3400000, 0x00000000d3400000|100%| O|  |TAMS 0x00000000d3300000| PB 0x00000000d3300000| Untracked 
| 308|0x00000000d3400000, 0x00000000d3500000, 0x00000000d3500000|100%| O|  |TAMS 0x00000000d3400000| PB 0x00000000d3400000| Untracked 
| 309|0x00000000d3500000, 0x00000000d3600000, 0x00000000d3600000|100%| O|  |TAMS 0x00000000d3500000| PB 0x00000000d3500000| Untracked 
| 310|0x00000000d3600000, 0x00000000d3700000, 0x00000000d3700000|100%| O|  |TAMS 0x00000000d3600000| PB 0x00000000d3600000| Untracked 
| 311|0x00000000d3700000, 0x00000000d3800000, 0x00000000d3800000|100%| O|  |TAMS 0x00000000d3700000| PB 0x00000000d3700000| Untracked 
| 312|0x00000000d3800000, 0x00000000d3900000, 0x00000000d3900000|100%| O|  |TAMS 0x00000000d3800000| PB 0x00000000d3800000| Untracked 
| 313|0x00000000d3900000, 0x00000000d3a00000, 0x00000000d3a00000|100%| O|  |TAMS 0x00000000d3900000| PB 0x00000000d3900000| Untracked 
| 314|0x00000000d3a00000, 0x00000000d3b00000, 0x00000000d3b00000|100%| O|  |TAMS 0x00000000d3a00000| PB 0x00000000d3a00000| Untracked 
| 315|0x00000000d3b00000, 0x00000000d3c00000, 0x00000000d3c00000|100%| O|  |TAMS 0x00000000d3b00000| PB 0x00000000d3b00000| Untracked 
| 316|0x00000000d3c00000, 0x00000000d3d00000, 0x00000000d3d00000|100%| O|  |TAMS 0x00000000d3c00000| PB 0x00000000d3c00000| Untracked 
| 317|0x00000000d3d00000, 0x00000000d3e00000, 0x00000000d3e00000|100%| O|  |TAMS 0x00000000d3d00000| PB 0x00000000d3d00000| Untracked 
| 318|0x00000000d3e00000, 0x00000000d3f00000, 0x00000000d3f00000|100%| O|  |TAMS 0x00000000d3e00000| PB 0x00000000d3e00000| Untracked 
| 319|0x00000000d3f00000, 0x00000000d4000000, 0x00000000d4000000|100%| O|  |TAMS 0x00000000d3f00000| PB 0x00000000d3f00000| Untracked 
| 320|0x00000000d4000000, 0x00000000d4100000, 0x00000000d4100000|100%| O|  |TAMS 0x00000000d4000000| PB 0x00000000d4000000| Untracked 
| 321|0x00000000d4100000, 0x00000000d4200000, 0x00000000d4200000|100%| O|  |TAMS 0x00000000d4100000| PB 0x00000000d4100000| Untracked 
| 322|0x00000000d4200000, 0x00000000d4300000, 0x00000000d4300000|100%| O|  |TAMS 0x00000000d4200000| PB 0x00000000d4200000| Untracked 
| 323|0x00000000d4300000, 0x00000000d4400000, 0x00000000d4400000|100%| O|  |TAMS 0x00000000d4300000| PB 0x00000000d4300000| Untracked 
| 324|0x00000000d4400000, 0x00000000d4500000, 0x00000000d4500000|100%| O|  |TAMS 0x00000000d4400000| PB 0x00000000d4400000| Untracked 
| 325|0x00000000d4500000, 0x00000000d4600000, 0x00000000d4600000|100%| O|  |TAMS 0x00000000d4500000| PB 0x00000000d4500000| Untracked 
| 326|0x00000000d4600000, 0x00000000d4700000, 0x00000000d4700000|100%| O|  |TAMS 0x00000000d4600000| PB 0x00000000d4600000| Untracked 
| 327|0x00000000d4700000, 0x00000000d4800000, 0x00000000d4800000|100%| O|  |TAMS 0x00000000d4700000| PB 0x00000000d4700000| Untracked 
| 328|0x00000000d4800000, 0x00000000d4900000, 0x00000000d4900000|100%| O|  |TAMS 0x00000000d4800000| PB 0x00000000d4800000| Untracked 
| 329|0x00000000d4900000, 0x00000000d4a00000, 0x00000000d4a00000|100%| O|  |TAMS 0x00000000d4900000| PB 0x00000000d4900000| Untracked 
| 330|0x00000000d4a00000, 0x00000000d4b00000, 0x00000000d4b00000|100%| O|  |TAMS 0x00000000d4a00000| PB 0x00000000d4a00000| Untracked 
| 331|0x00000000d4b00000, 0x00000000d4c00000, 0x00000000d4c00000|100%| O|  |TAMS 0x00000000d4b00000| PB 0x00000000d4b00000| Untracked 
| 332|0x00000000d4c00000, 0x00000000d4d00000, 0x00000000d4d00000|100%| O|  |TAMS 0x00000000d4c00000| PB 0x00000000d4c00000| Untracked 
| 333|0x00000000d4d00000, 0x00000000d4e00000, 0x00000000d4e00000|100%| O|  |TAMS 0x00000000d4d00000| PB 0x00000000d4d00000| Untracked 
| 334|0x00000000d4e00000, 0x00000000d4f00000, 0x00000000d4f00000|100%| O|  |TAMS 0x00000000d4e00000| PB 0x00000000d4e00000| Untracked 
| 335|0x00000000d4f00000, 0x00000000d5000000, 0x00000000d5000000|100%| O|  |TAMS 0x00000000d4f00000| PB 0x00000000d4f00000| Untracked 
| 336|0x00000000d5000000, 0x00000000d5100000, 0x00000000d5100000|100%| O|Cm|TAMS 0x00000000d5000000| PB 0x00000000d5000000| Complete 
| 337|0x00000000d5100000, 0x00000000d5200000, 0x00000000d5200000|100%| O|Cm|TAMS 0x00000000d5100000| PB 0x00000000d5100000| Complete 
| 338|0x00000000d5200000, 0x00000000d5300000, 0x00000000d5300000|100%| O|Cm|TAMS 0x00000000d5200000| PB 0x00000000d5200000| Complete 
| 339|0x00000000d5300000, 0x00000000d5400000, 0x00000000d5400000|100%| O|  |TAMS 0x00000000d5300000| PB 0x00000000d5300000| Untracked 
| 340|0x00000000d5400000, 0x00000000d5500000, 0x00000000d5500000|100%| O|  |TAMS 0x00000000d5400000| PB 0x00000000d5400000| Untracked 
| 341|0x00000000d5500000, 0x00000000d5600000, 0x00000000d5600000|100%| O|  |TAMS 0x00000000d5500000| PB 0x00000000d5500000| Untracked 
| 342|0x00000000d5600000, 0x00000000d5700000, 0x00000000d5700000|100%| O|  |TAMS 0x00000000d5600000| PB 0x00000000d5600000| Untracked 
| 343|0x00000000d5700000, 0x00000000d5800000, 0x00000000d5800000|100%| O|  |TAMS 0x00000000d5700000| PB 0x00000000d5700000| Untracked 
| 344|0x00000000d5800000, 0x00000000d5900000, 0x00000000d5900000|100%| O|  |TAMS 0x00000000d5800000| PB 0x00000000d5800000| Untracked 
| 345|0x00000000d5900000, 0x00000000d5a00000, 0x00000000d5a00000|100%| O|  |TAMS 0x00000000d5900000| PB 0x00000000d5900000| Untracked 
| 346|0x00000000d5a00000, 0x00000000d5b00000, 0x00000000d5b00000|100%| O|  |TAMS 0x00000000d5a00000| PB 0x00000000d5a00000| Untracked 
| 347|0x00000000d5b00000, 0x00000000d5c00000, 0x00000000d5c00000|100%| O|  |TAMS 0x00000000d5b00000| PB 0x00000000d5b00000| Untracked 
| 348|0x00000000d5c00000, 0x00000000d5d00000, 0x00000000d5d00000|100%| O|  |TAMS 0x00000000d5c00000| PB 0x00000000d5c00000| Untracked 
| 349|0x00000000d5d00000, 0x00000000d5e00000, 0x00000000d5e00000|100%| O|  |TAMS 0x00000000d5d00000| PB 0x00000000d5d00000| Untracked 
| 350|0x00000000d5e00000, 0x00000000d5f00000, 0x00000000d5f00000|100%| O|  |TAMS 0x00000000d5e00000| PB 0x00000000d5e00000| Untracked 
| 351|0x00000000d5f00000, 0x00000000d6000000, 0x00000000d6000000|100%| O|  |TAMS 0x00000000d5f00000| PB 0x00000000d5f00000| Untracked 
| 352|0x00000000d6000000, 0x00000000d6100000, 0x00000000d6100000|100%| O|  |TAMS 0x00000000d6000000| PB 0x00000000d6000000| Untracked 
| 353|0x00000000d6100000, 0x00000000d6200000, 0x00000000d6200000|100%| O|  |TAMS 0x00000000d6100000| PB 0x00000000d6100000| Untracked 
| 354|0x00000000d6200000, 0x00000000d6300000, 0x00000000d6300000|100%| O|  |TAMS 0x00000000d6200000| PB 0x00000000d6200000| Untracked 
| 355|0x00000000d6300000, 0x00000000d6400000, 0x00000000d6400000|100%| O|  |TAMS 0x00000000d6300000| PB 0x00000000d6300000| Untracked 
| 356|0x00000000d6400000, 0x00000000d6500000, 0x00000000d6500000|100%| O|  |TAMS 0x00000000d6400000| PB 0x00000000d6400000| Untracked 
| 357|0x00000000d6500000, 0x00000000d6600000, 0x00000000d6600000|100%| O|  |TAMS 0x00000000d6500000| PB 0x00000000d6500000| Untracked 
| 358|0x00000000d6600000, 0x00000000d6700000, 0x00000000d6700000|100%| O|  |TAMS 0x00000000d6600000| PB 0x00000000d6600000| Untracked 
| 359|0x00000000d6700000, 0x00000000d6800000, 0x00000000d6800000|100%| O|  |TAMS 0x00000000d6700000| PB 0x00000000d6700000| Untracked 
| 360|0x00000000d6800000, 0x00000000d6900000, 0x00000000d6900000|100%| O|  |TAMS 0x00000000d6800000| PB 0x00000000d6800000| Untracked 
| 361|0x00000000d6900000, 0x00000000d6a00000, 0x00000000d6a00000|100%| O|  |TAMS 0x00000000d6900000| PB 0x00000000d6900000| Untracked 
| 362|0x00000000d6a00000, 0x00000000d6b00000, 0x00000000d6b00000|100%| O|  |TAMS 0x00000000d6a00000| PB 0x00000000d6a00000| Untracked 
| 363|0x00000000d6b00000, 0x00000000d6c00000, 0x00000000d6c00000|100%| O|  |TAMS 0x00000000d6b00000| PB 0x00000000d6b00000| Untracked 
| 364|0x00000000d6c00000, 0x00000000d6d00000, 0x00000000d6d00000|100%| O|  |TAMS 0x00000000d6c00000| PB 0x00000000d6c00000| Untracked 
| 365|0x00000000d6d00000, 0x00000000d6e00000, 0x00000000d6e00000|100%| O|  |TAMS 0x00000000d6d00000| PB 0x00000000d6d00000| Untracked 
| 366|0x00000000d6e00000, 0x00000000d6e00000, 0x00000000d6f00000|  0%| F|  |TAMS 0x00000000d6e00000| PB 0x00000000d6e00000| Untracked 
| 367|0x00000000d6f00000, 0x00000000d6f00000, 0x00000000d7000000|  0%| F|  |TAMS 0x00000000d6f00000| PB 0x00000000d6f00000| Untracked 
| 368|0x00000000d7000000, 0x00000000d7000000, 0x00000000d7100000|  0%| F|  |TAMS 0x00000000d7000000| PB 0x00000000d7000000| Untracked 
| 369|0x00000000d7100000, 0x00000000d7100000, 0x00000000d7200000|  0%| F|  |TAMS 0x00000000d7100000| PB 0x00000000d7100000| Untracked 
| 370|0x00000000d7200000, 0x00000000d7200000, 0x00000000d7300000|  0%| F|  |TAMS 0x00000000d7200000| PB 0x00000000d7200000| Untracked 
| 371|0x00000000d7300000, 0x00000000d7300000, 0x00000000d7400000|  0%| F|  |TAMS 0x00000000d7300000| PB 0x00000000d7300000| Untracked 
| 372|0x00000000d7400000, 0x00000000d7400000, 0x00000000d7500000|  0%| F|  |TAMS 0x00000000d7400000| PB 0x00000000d7400000| Untracked 
| 373|0x00000000d7500000, 0x00000000d7500000, 0x00000000d7600000|  0%| F|  |TAMS 0x00000000d7500000| PB 0x00000000d7500000| Untracked 
| 374|0x00000000d7600000, 0x00000000d7600000, 0x00000000d7700000|  0%| F|  |TAMS 0x00000000d7600000| PB 0x00000000d7600000| Untracked 
| 375|0x00000000d7700000, 0x00000000d7700000, 0x00000000d7800000|  0%| F|  |TAMS 0x00000000d7700000| PB 0x00000000d7700000| Untracked 
| 376|0x00000000d7800000, 0x00000000d7800000, 0x00000000d7900000|  0%| F|  |TAMS 0x00000000d7800000| PB 0x00000000d7800000| Untracked 
| 377|0x00000000d7900000, 0x00000000d7900000, 0x00000000d7a00000|  0%| F|  |TAMS 0x00000000d7900000| PB 0x00000000d7900000| Untracked 
| 378|0x00000000d7a00000, 0x00000000d7a00000, 0x00000000d7b00000|  0%| F|  |TAMS 0x00000000d7a00000| PB 0x00000000d7a00000| Untracked 
| 379|0x00000000d7b00000, 0x00000000d7b00000, 0x00000000d7c00000|  0%| F|  |TAMS 0x00000000d7b00000| PB 0x00000000d7b00000| Untracked 
| 380|0x00000000d7c00000, 0x00000000d7c00000, 0x00000000d7d00000|  0%| F|  |TAMS 0x00000000d7c00000| PB 0x00000000d7c00000| Untracked 
| 381|0x00000000d7d00000, 0x00000000d7d00000, 0x00000000d7e00000|  0%| F|  |TAMS 0x00000000d7d00000| PB 0x00000000d7d00000| Untracked 
| 382|0x00000000d7e00000, 0x00000000d7e00000, 0x00000000d7f00000|  0%| F|  |TAMS 0x00000000d7e00000| PB 0x00000000d7e00000| Untracked 
| 383|0x00000000d7f00000, 0x00000000d7f00000, 0x00000000d8000000|  0%| F|  |TAMS 0x00000000d7f00000| PB 0x00000000d7f00000| Untracked 
| 384|0x00000000d8000000, 0x00000000d8000000, 0x00000000d8100000|  0%| F|  |TAMS 0x00000000d8000000| PB 0x00000000d8000000| Untracked 
| 385|0x00000000d8100000, 0x00000000d8100000, 0x00000000d8200000|  0%| F|  |TAMS 0x00000000d8100000| PB 0x00000000d8100000| Untracked 
| 386|0x00000000d8200000, 0x00000000d8200000, 0x00000000d8300000|  0%| F|  |TAMS 0x00000000d8200000| PB 0x00000000d8200000| Untracked 
| 387|0x00000000d8300000, 0x00000000d8300000, 0x00000000d8400000|  0%| F|  |TAMS 0x00000000d8300000| PB 0x00000000d8300000| Untracked 
| 388|0x00000000d8400000, 0x00000000d8400000, 0x00000000d8500000|  0%| F|  |TAMS 0x00000000d8400000| PB 0x00000000d8400000| Untracked 
| 389|0x00000000d8500000, 0x00000000d8500000, 0x00000000d8600000|  0%| F|  |TAMS 0x00000000d8500000| PB 0x00000000d8500000| Untracked 
| 390|0x00000000d8600000, 0x00000000d8600000, 0x00000000d8700000|  0%| F|  |TAMS 0x00000000d8600000| PB 0x00000000d8600000| Untracked 
| 391|0x00000000d8700000, 0x00000000d8700000, 0x00000000d8800000|  0%| F|  |TAMS 0x00000000d8700000| PB 0x00000000d8700000| Untracked 
| 392|0x00000000d8800000, 0x00000000d8800000, 0x00000000d8900000|  0%| F|  |TAMS 0x00000000d8800000| PB 0x00000000d8800000| Untracked 
| 393|0x00000000d8900000, 0x00000000d8900000, 0x00000000d8a00000|  0%| F|  |TAMS 0x00000000d8900000| PB 0x00000000d8900000| Untracked 
| 394|0x00000000d8a00000, 0x00000000d8a00000, 0x00000000d8b00000|  0%| F|  |TAMS 0x00000000d8a00000| PB 0x00000000d8a00000| Untracked 
| 395|0x00000000d8b00000, 0x00000000d8b00000, 0x00000000d8c00000|  0%| F|  |TAMS 0x00000000d8b00000| PB 0x00000000d8b00000| Untracked 
| 396|0x00000000d8c00000, 0x00000000d8c00000, 0x00000000d8d00000|  0%| F|  |TAMS 0x00000000d8c00000| PB 0x00000000d8c00000| Untracked 
| 397|0x00000000d8d00000, 0x00000000d8d00000, 0x00000000d8e00000|  0%| F|  |TAMS 0x00000000d8d00000| PB 0x00000000d8d00000| Untracked 
| 398|0x00000000d8e00000, 0x00000000d8e00000, 0x00000000d8f00000|  0%| F|  |TAMS 0x00000000d8e00000| PB 0x00000000d8e00000| Untracked 
| 399|0x00000000d8f00000, 0x00000000d8f00000, 0x00000000d9000000|  0%| F|  |TAMS 0x00000000d8f00000| PB 0x00000000d8f00000| Untracked 
| 400|0x00000000d9000000, 0x00000000d9000000, 0x00000000d9100000|  0%| F|  |TAMS 0x00000000d9000000| PB 0x00000000d9000000| Untracked 
| 401|0x00000000d9100000, 0x00000000d9100000, 0x00000000d9200000|  0%| F|  |TAMS 0x00000000d9100000| PB 0x00000000d9100000| Untracked 
| 402|0x00000000d9200000, 0x00000000d9200000, 0x00000000d9300000|  0%| F|  |TAMS 0x00000000d9200000| PB 0x00000000d9200000| Untracked 
| 403|0x00000000d9300000, 0x00000000d9300000, 0x00000000d9400000|  0%| F|  |TAMS 0x00000000d9300000| PB 0x00000000d9300000| Untracked 
| 404|0x00000000d9400000, 0x00000000d9400000, 0x00000000d9500000|  0%| F|  |TAMS 0x00000000d9400000| PB 0x00000000d9400000| Untracked 
| 405|0x00000000d9500000, 0x00000000d9500000, 0x00000000d9600000|  0%| F|  |TAMS 0x00000000d9500000| PB 0x00000000d9500000| Untracked 
| 406|0x00000000d9600000, 0x00000000d9600000, 0x00000000d9700000|  0%| F|  |TAMS 0x00000000d9600000| PB 0x00000000d9600000| Untracked 
| 407|0x00000000d9700000, 0x00000000d9700000, 0x00000000d9800000|  0%| F|  |TAMS 0x00000000d9700000| PB 0x00000000d9700000| Untracked 
| 408|0x00000000d9800000, 0x00000000d9800000, 0x00000000d9900000|  0%| F|  |TAMS 0x00000000d9800000| PB 0x00000000d9800000| Untracked 
| 409|0x00000000d9900000, 0x00000000d9900000, 0x00000000d9a00000|  0%| F|  |TAMS 0x00000000d9900000| PB 0x00000000d9900000| Untracked 
| 410|0x00000000d9a00000, 0x00000000d9a00000, 0x00000000d9b00000|  0%| F|  |TAMS 0x00000000d9a00000| PB 0x00000000d9a00000| Untracked 
| 411|0x00000000d9b00000, 0x00000000d9b00000, 0x00000000d9c00000|  0%| F|  |TAMS 0x00000000d9b00000| PB 0x00000000d9b00000| Untracked 
| 412|0x00000000d9c00000, 0x00000000d9c00000, 0x00000000d9d00000|  0%| F|  |TAMS 0x00000000d9c00000| PB 0x00000000d9c00000| Untracked 
| 413|0x00000000d9d00000, 0x00000000d9d00000, 0x00000000d9e00000|  0%| F|  |TAMS 0x00000000d9d00000| PB 0x00000000d9d00000| Untracked 
| 414|0x00000000d9e00000, 0x00000000d9e00000, 0x00000000d9f00000|  0%| F|  |TAMS 0x00000000d9e00000| PB 0x00000000d9e00000| Untracked 
| 415|0x00000000d9f00000, 0x00000000d9f00000, 0x00000000da000000|  0%| F|  |TAMS 0x00000000d9f00000| PB 0x00000000d9f00000| Untracked 
| 416|0x00000000da000000, 0x00000000da000000, 0x00000000da100000|  0%| F|  |TAMS 0x00000000da000000| PB 0x00000000da000000| Untracked 
| 417|0x00000000da100000, 0x00000000da100000, 0x00000000da200000|  0%| F|  |TAMS 0x00000000da100000| PB 0x00000000da100000| Untracked 
| 418|0x00000000da200000, 0x00000000da200000, 0x00000000da300000|  0%| F|  |TAMS 0x00000000da200000| PB 0x00000000da200000| Untracked 
| 419|0x00000000da300000, 0x00000000da300000, 0x00000000da400000|  0%| F|  |TAMS 0x00000000da300000| PB 0x00000000da300000| Untracked 
| 420|0x00000000da400000, 0x00000000da400000, 0x00000000da500000|  0%| F|  |TAMS 0x00000000da400000| PB 0x00000000da400000| Untracked 
| 421|0x00000000da500000, 0x00000000da500000, 0x00000000da600000|  0%| F|  |TAMS 0x00000000da500000| PB 0x00000000da500000| Untracked 
| 422|0x00000000da600000, 0x00000000da600000, 0x00000000da700000|  0%| F|  |TAMS 0x00000000da600000| PB 0x00000000da600000| Untracked 
| 423|0x00000000da700000, 0x00000000da700000, 0x00000000da800000|  0%| F|  |TAMS 0x00000000da700000| PB 0x00000000da700000| Untracked 
| 424|0x00000000da800000, 0x00000000da800000, 0x00000000da900000|  0%| F|  |TAMS 0x00000000da800000| PB 0x00000000da800000| Untracked 
| 425|0x00000000da900000, 0x00000000da900000, 0x00000000daa00000|  0%| F|  |TAMS 0x00000000da900000| PB 0x00000000da900000| Untracked 
| 426|0x00000000daa00000, 0x00000000daa00000, 0x00000000dab00000|  0%| F|  |TAMS 0x00000000daa00000| PB 0x00000000daa00000| Untracked 
| 427|0x00000000dab00000, 0x00000000dab00000, 0x00000000dac00000|  0%| F|  |TAMS 0x00000000dab00000| PB 0x00000000dab00000| Untracked 
| 428|0x00000000dac00000, 0x00000000dac00000, 0x00000000dad00000|  0%| F|  |TAMS 0x00000000dac00000| PB 0x00000000dac00000| Untracked 
| 429|0x00000000dad00000, 0x00000000dad00000, 0x00000000dae00000|  0%| F|  |TAMS 0x00000000dad00000| PB 0x00000000dad00000| Untracked 
| 430|0x00000000dae00000, 0x00000000dae00000, 0x00000000daf00000|  0%| F|  |TAMS 0x00000000dae00000| PB 0x00000000dae00000| Untracked 
| 431|0x00000000daf00000, 0x00000000daf00000, 0x00000000db000000|  0%| F|  |TAMS 0x00000000daf00000| PB 0x00000000daf00000| Untracked 
| 432|0x00000000db000000, 0x00000000db000000, 0x00000000db100000|  0%| F|  |TAMS 0x00000000db000000| PB 0x00000000db000000| Untracked 
| 433|0x00000000db100000, 0x00000000db100000, 0x00000000db200000|  0%| F|  |TAMS 0x00000000db100000| PB 0x00000000db100000| Untracked 
| 434|0x00000000db200000, 0x00000000db200000, 0x00000000db300000|  0%| F|  |TAMS 0x00000000db200000| PB 0x00000000db200000| Untracked 
| 435|0x00000000db300000, 0x00000000db300000, 0x00000000db400000|  0%| F|  |TAMS 0x00000000db300000| PB 0x00000000db300000| Untracked 
| 436|0x00000000db400000, 0x00000000db400000, 0x00000000db500000|  0%| F|  |TAMS 0x00000000db400000| PB 0x00000000db400000| Untracked 
| 437|0x00000000db500000, 0x00000000db500000, 0x00000000db600000|  0%| F|  |TAMS 0x00000000db500000| PB 0x00000000db500000| Untracked 
| 438|0x00000000db600000, 0x00000000db600000, 0x00000000db700000|  0%| F|  |TAMS 0x00000000db600000| PB 0x00000000db600000| Untracked 
| 439|0x00000000db700000, 0x00000000db700000, 0x00000000db800000|  0%| F|  |TAMS 0x00000000db700000| PB 0x00000000db700000| Untracked 
| 440|0x00000000db800000, 0x00000000db800000, 0x00000000db900000|  0%| F|  |TAMS 0x00000000db800000| PB 0x00000000db800000| Untracked 
| 441|0x00000000db900000, 0x00000000db900000, 0x00000000dba00000|  0%| F|  |TAMS 0x00000000db900000| PB 0x00000000db900000| Untracked 
| 442|0x00000000dba00000, 0x00000000dba00000, 0x00000000dbb00000|  0%| F|  |TAMS 0x00000000dba00000| PB 0x00000000dba00000| Untracked 
| 443|0x00000000dbb00000, 0x00000000dbb00000, 0x00000000dbc00000|  0%| F|  |TAMS 0x00000000dbb00000| PB 0x00000000dbb00000| Untracked 
| 444|0x00000000dbc00000, 0x00000000dbc00000, 0x00000000dbd00000|  0%| F|  |TAMS 0x00000000dbc00000| PB 0x00000000dbc00000| Untracked 
| 445|0x00000000dbd00000, 0x00000000dbd00000, 0x00000000dbe00000|  0%| F|  |TAMS 0x00000000dbd00000| PB 0x00000000dbd00000| Untracked 
| 446|0x00000000dbe00000, 0x00000000dbe00000, 0x00000000dbf00000|  0%| F|  |TAMS 0x00000000dbe00000| PB 0x00000000dbe00000| Untracked 
| 447|0x00000000dbf00000, 0x00000000dc000000, 0x00000000dc000000|100%| S|CS|TAMS 0x00000000dbf00000| PB 0x00000000dbf00000| Complete 
| 448|0x00000000dc000000, 0x00000000dc100000, 0x00000000dc100000|100%| S|CS|TAMS 0x00000000dc000000| PB 0x00000000dc000000| Complete 
| 449|0x00000000dc100000, 0x00000000dc200000, 0x00000000dc200000|100%| S|CS|TAMS 0x00000000dc100000| PB 0x00000000dc100000| Complete 
| 450|0x00000000dc200000, 0x00000000dc300000, 0x00000000dc300000|100%| S|CS|TAMS 0x00000000dc200000| PB 0x00000000dc200000| Complete 
| 451|0x00000000dc300000, 0x00000000dc300000, 0x00000000dc400000|  0%| F|  |TAMS 0x00000000dc300000| PB 0x00000000dc300000| Untracked 
| 452|0x00000000dc400000, 0x00000000dc49ac58, 0x00000000dc500000| 60%| E|  |TAMS 0x00000000dc400000| PB 0x00000000dc400000| Complete 
| 453|0x00000000dc500000, 0x00000000dc600000, 0x00000000dc600000|100%| E|CS|TAMS 0x00000000dc500000| PB 0x00000000dc500000| Complete 
| 454|0x00000000dc600000, 0x00000000dc700000, 0x00000000dc700000|100%| E|CS|TAMS 0x00000000dc600000| PB 0x00000000dc600000| Complete 
| 455|0x00000000dc700000, 0x00000000dc800000, 0x00000000dc800000|100%| E|CS|TAMS 0x00000000dc700000| PB 0x00000000dc700000| Complete 
| 456|0x00000000dc800000, 0x00000000dc900000, 0x00000000dc900000|100%| E|CS|TAMS 0x00000000dc800000| PB 0x00000000dc800000| Complete 
| 457|0x00000000dc900000, 0x00000000dca00000, 0x00000000dca00000|100%| E|CS|TAMS 0x00000000dc900000| PB 0x00000000dc900000| Complete 
| 458|0x00000000dca00000, 0x00000000dcb00000, 0x00000000dcb00000|100%| E|CS|TAMS 0x00000000dca00000| PB 0x00000000dca00000| Complete 
| 459|0x00000000dcb00000, 0x00000000dcc00000, 0x00000000dcc00000|100%| E|CS|TAMS 0x00000000dcb00000| PB 0x00000000dcb00000| Complete 
| 460|0x00000000dcc00000, 0x00000000dcd00000, 0x00000000dcd00000|100%| E|CS|TAMS 0x00000000dcc00000| PB 0x00000000dcc00000| Complete 
| 461|0x00000000dcd00000, 0x00000000dce00000, 0x00000000dce00000|100%| E|CS|TAMS 0x00000000dcd00000| PB 0x00000000dcd00000| Complete 
| 462|0x00000000dce00000, 0x00000000dcf00000, 0x00000000dcf00000|100%| E|CS|TAMS 0x00000000dce00000| PB 0x00000000dce00000| Complete 
| 463|0x00000000dcf00000, 0x00000000dd000000, 0x00000000dd000000|100%| E|CS|TAMS 0x00000000dcf00000| PB 0x00000000dcf00000| Complete 
| 464|0x00000000dd000000, 0x00000000dd100000, 0x00000000dd100000|100%| E|CS|TAMS 0x00000000dd000000| PB 0x00000000dd000000| Complete 
| 465|0x00000000dd100000, 0x00000000dd200000, 0x00000000dd200000|100%| E|CS|TAMS 0x00000000dd100000| PB 0x00000000dd100000| Complete 
| 466|0x00000000dd200000, 0x00000000dd300000, 0x00000000dd300000|100%| E|CS|TAMS 0x00000000dd200000| PB 0x00000000dd200000| Complete 
| 467|0x00000000dd300000, 0x00000000dd400000, 0x00000000dd400000|100%| E|CS|TAMS 0x00000000dd300000| PB 0x00000000dd300000| Complete 
| 468|0x00000000dd400000, 0x00000000dd500000, 0x00000000dd500000|100%| E|CS|TAMS 0x00000000dd400000| PB 0x00000000dd400000| Complete 
| 469|0x00000000dd500000, 0x00000000dd600000, 0x00000000dd600000|100%| E|CS|TAMS 0x00000000dd500000| PB 0x00000000dd500000| Complete 
| 470|0x00000000dd600000, 0x00000000dd700000, 0x00000000dd700000|100%| E|CS|TAMS 0x00000000dd600000| PB 0x00000000dd600000| Complete 
| 471|0x00000000dd700000, 0x00000000dd800000, 0x00000000dd800000|100%| E|CS|TAMS 0x00000000dd700000| PB 0x00000000dd700000| Complete 
| 472|0x00000000dd800000, 0x00000000dd900000, 0x00000000dd900000|100%| E|CS|TAMS 0x00000000dd800000| PB 0x00000000dd800000| Complete 
| 473|0x00000000dd900000, 0x00000000dda00000, 0x00000000dda00000|100%| E|CS|TAMS 0x00000000dd900000| PB 0x00000000dd900000| Complete 
| 474|0x00000000dda00000, 0x00000000ddb00000, 0x00000000ddb00000|100%| E|CS|TAMS 0x00000000dda00000| PB 0x00000000dda00000| Complete 
| 475|0x00000000ddb00000, 0x00000000ddc00000, 0x00000000ddc00000|100%| E|CS|TAMS 0x00000000ddb00000| PB 0x00000000ddb00000| Complete 
| 476|0x00000000ddc00000, 0x00000000ddd00000, 0x00000000ddd00000|100%| E|CS|TAMS 0x00000000ddc00000| PB 0x00000000ddc00000| Complete 
| 477|0x00000000ddd00000, 0x00000000dde00000, 0x00000000dde00000|100%| E|CS|TAMS 0x00000000ddd00000| PB 0x00000000ddd00000| Complete 
| 478|0x00000000dde00000, 0x00000000ddf00000, 0x00000000ddf00000|100%| E|CS|TAMS 0x00000000dde00000| PB 0x00000000dde00000| Complete 
| 479|0x00000000ddf00000, 0x00000000de000000, 0x00000000de000000|100%| E|CS|TAMS 0x00000000ddf00000| PB 0x00000000ddf00000| Complete 
| 480|0x00000000de000000, 0x00000000de100000, 0x00000000de100000|100%| E|CS|TAMS 0x00000000de000000| PB 0x00000000de000000| Complete 
| 481|0x00000000de100000, 0x00000000de200000, 0x00000000de200000|100%| E|CS|TAMS 0x00000000de100000| PB 0x00000000de100000| Complete 
| 482|0x00000000de200000, 0x00000000de300000, 0x00000000de300000|100%| E|CS|TAMS 0x00000000de200000| PB 0x00000000de200000| Complete 
| 483|0x00000000de300000, 0x00000000de400000, 0x00000000de400000|100%| E|CS|TAMS 0x00000000de300000| PB 0x00000000de300000| Complete 
| 484|0x00000000de400000, 0x00000000de500000, 0x00000000de500000|100%| E|CS|TAMS 0x00000000de400000| PB 0x00000000de400000| Complete 
| 485|0x00000000de500000, 0x00000000de600000, 0x00000000de600000|100%| E|CS|TAMS 0x00000000de500000| PB 0x00000000de500000| Complete 
| 486|0x00000000de600000, 0x00000000de700000, 0x00000000de700000|100%| E|CS|TAMS 0x00000000de600000| PB 0x00000000de600000| Complete 
| 487|0x00000000de700000, 0x00000000de800000, 0x00000000de800000|100%| E|CS|TAMS 0x00000000de700000| PB 0x00000000de700000| Complete 
| 488|0x00000000de800000, 0x00000000de900000, 0x00000000de900000|100%| E|CS|TAMS 0x00000000de800000| PB 0x00000000de800000| Complete 
| 489|0x00000000de900000, 0x00000000dea00000, 0x00000000dea00000|100%| E|CS|TAMS 0x00000000de900000| PB 0x00000000de900000| Complete 
| 490|0x00000000dea00000, 0x00000000deb00000, 0x00000000deb00000|100%| E|CS|TAMS 0x00000000dea00000| PB 0x00000000dea00000| Complete 
| 491|0x00000000deb00000, 0x00000000dec00000, 0x00000000dec00000|100%| E|CS|TAMS 0x00000000deb00000| PB 0x00000000deb00000| Complete 
| 492|0x00000000dec00000, 0x00000000ded00000, 0x00000000ded00000|100%| E|CS|TAMS 0x00000000dec00000| PB 0x00000000dec00000| Complete 
| 493|0x00000000ded00000, 0x00000000dee00000, 0x00000000dee00000|100%| E|CS|TAMS 0x00000000ded00000| PB 0x00000000ded00000| Complete 
| 494|0x00000000dee00000, 0x00000000def00000, 0x00000000def00000|100%| E|CS|TAMS 0x00000000dee00000| PB 0x00000000dee00000| Complete 
| 495|0x00000000def00000, 0x00000000df000000, 0x00000000df000000|100%| E|CS|TAMS 0x00000000def00000| PB 0x00000000def00000| Complete 
| 496|0x00000000df000000, 0x00000000df100000, 0x00000000df100000|100%| E|CS|TAMS 0x00000000df000000| PB 0x00000000df000000| Complete 
| 497|0x00000000df100000, 0x00000000df200000, 0x00000000df200000|100%| E|CS|TAMS 0x00000000df100000| PB 0x00000000df100000| Complete 
| 498|0x00000000df200000, 0x00000000df300000, 0x00000000df300000|100%| E|CS|TAMS 0x00000000df200000| PB 0x00000000df200000| Complete 
| 499|0x00000000df300000, 0x00000000df400000, 0x00000000df400000|100%| E|CS|TAMS 0x00000000df300000| PB 0x00000000df300000| Complete 
| 500|0x00000000df400000, 0x00000000df500000, 0x00000000df500000|100%| E|CS|TAMS 0x00000000df400000| PB 0x00000000df400000| Complete 
| 501|0x00000000df500000, 0x00000000df600000, 0x00000000df600000|100%| E|CS|TAMS 0x00000000df500000| PB 0x00000000df500000| Complete 
| 502|0x00000000df600000, 0x00000000df700000, 0x00000000df700000|100%| E|CS|TAMS 0x00000000df600000| PB 0x00000000df600000| Complete 
| 503|0x00000000df700000, 0x00000000df800000, 0x00000000df800000|100%| E|CS|TAMS 0x00000000df700000| PB 0x00000000df700000| Complete 
| 504|0x00000000df800000, 0x00000000df900000, 0x00000000df900000|100%| E|CS|TAMS 0x00000000df800000| PB 0x00000000df800000| Complete 
| 505|0x00000000df900000, 0x00000000dfa00000, 0x00000000dfa00000|100%| E|CS|TAMS 0x00000000df900000| PB 0x00000000df900000| Complete 
| 506|0x00000000dfa00000, 0x00000000dfb00000, 0x00000000dfb00000|100%| E|CS|TAMS 0x00000000dfa00000| PB 0x00000000dfa00000| Complete 
| 507|0x00000000dfb00000, 0x00000000dfc00000, 0x00000000dfc00000|100%| E|CS|TAMS 0x00000000dfb00000| PB 0x00000000dfb00000| Complete 
| 508|0x00000000dfc00000, 0x00000000dfd00000, 0x00000000dfd00000|100%| E|CS|TAMS 0x00000000dfc00000| PB 0x00000000dfc00000| Complete 
| 509|0x00000000dfd00000, 0x00000000dfe00000, 0x00000000dfe00000|100%| E|CS|TAMS 0x00000000dfd00000| PB 0x00000000dfd00000| Complete 
| 510|0x00000000dfe00000, 0x00000000dff00000, 0x00000000dff00000|100%| E|CS|TAMS 0x00000000dfe00000| PB 0x00000000dfe00000| Complete 
| 511|0x00000000dff00000, 0x00000000e0000000, 0x00000000e0000000|100%| E|CS|TAMS 0x00000000dff00000| PB 0x00000000dff00000| Complete 
| 512|0x00000000e0000000, 0x00000000e0100000, 0x00000000e0100000|100%| E|CS|TAMS 0x00000000e0000000| PB 0x00000000e0000000| Complete 
| 513|0x00000000e0100000, 0x00000000e0200000, 0x00000000e0200000|100%| E|CS|TAMS 0x00000000e0100000| PB 0x00000000e0100000| Complete 
| 514|0x00000000e0200000, 0x00000000e0300000, 0x00000000e0300000|100%| E|CS|TAMS 0x00000000e0200000| PB 0x00000000e0200000| Complete 
| 515|0x00000000e0300000, 0x00000000e0400000, 0x00000000e0400000|100%| E|CS|TAMS 0x00000000e0300000| PB 0x00000000e0300000| Complete 
| 516|0x00000000e0400000, 0x00000000e0500000, 0x00000000e0500000|100%| E|CS|TAMS 0x00000000e0400000| PB 0x00000000e0400000| Complete 
| 517|0x00000000e0500000, 0x00000000e0600000, 0x00000000e0600000|100%| E|CS|TAMS 0x00000000e0500000| PB 0x00000000e0500000| Complete 
| 518|0x00000000e0600000, 0x00000000e0700000, 0x00000000e0700000|100%| E|CS|TAMS 0x00000000e0600000| PB 0x00000000e0600000| Complete 
| 519|0x00000000e0700000, 0x00000000e0800000, 0x00000000e0800000|100%| E|CS|TAMS 0x00000000e0700000| PB 0x00000000e0700000| Complete 
| 520|0x00000000e0800000, 0x00000000e0900000, 0x00000000e0900000|100%| E|CS|TAMS 0x00000000e0800000| PB 0x00000000e0800000| Complete 
| 521|0x00000000e0900000, 0x00000000e0a00000, 0x00000000e0a00000|100%| E|CS|TAMS 0x00000000e0900000| PB 0x00000000e0900000| Complete 
| 522|0x00000000e0a00000, 0x00000000e0b00000, 0x00000000e0b00000|100%| E|CS|TAMS 0x00000000e0a00000| PB 0x00000000e0a00000| Complete 
| 523|0x00000000e0b00000, 0x00000000e0c00000, 0x00000000e0c00000|100%| E|CS|TAMS 0x00000000e0b00000| PB 0x00000000e0b00000| Complete 
| 524|0x00000000e0c00000, 0x00000000e0d00000, 0x00000000e0d00000|100%| E|CS|TAMS 0x00000000e0c00000| PB 0x00000000e0c00000| Complete 
| 525|0x00000000e0d00000, 0x00000000e0e00000, 0x00000000e0e00000|100%| E|CS|TAMS 0x00000000e0d00000| PB 0x00000000e0d00000| Complete 
| 526|0x00000000e0e00000, 0x00000000e0f00000, 0x00000000e0f00000|100%| E|CS|TAMS 0x00000000e0e00000| PB 0x00000000e0e00000| Complete 
| 527|0x00000000e0f00000, 0x00000000e1000000, 0x00000000e1000000|100%| E|CS|TAMS 0x00000000e0f00000| PB 0x00000000e0f00000| Complete 
| 528|0x00000000e1000000, 0x00000000e1100000, 0x00000000e1100000|100%| E|CS|TAMS 0x00000000e1000000| PB 0x00000000e1000000| Complete 
| 529|0x00000000e1100000, 0x00000000e1200000, 0x00000000e1200000|100%| E|CS|TAMS 0x00000000e1100000| PB 0x00000000e1100000| Complete 
| 530|0x00000000e1200000, 0x00000000e1300000, 0x00000000e1300000|100%| E|CS|TAMS 0x00000000e1200000| PB 0x00000000e1200000| Complete 
| 531|0x00000000e1300000, 0x00000000e1400000, 0x00000000e1400000|100%| E|CS|TAMS 0x00000000e1300000| PB 0x00000000e1300000| Complete 
| 532|0x00000000e1400000, 0x00000000e1500000, 0x00000000e1500000|100%| E|CS|TAMS 0x00000000e1400000| PB 0x00000000e1400000| Complete 
| 533|0x00000000e1500000, 0x00000000e1600000, 0x00000000e1600000|100%| E|CS|TAMS 0x00000000e1500000| PB 0x00000000e1500000| Complete 
| 534|0x00000000e1600000, 0x00000000e1700000, 0x00000000e1700000|100%| E|CS|TAMS 0x00000000e1600000| PB 0x00000000e1600000| Complete 
| 535|0x00000000e1700000, 0x00000000e1800000, 0x00000000e1800000|100%| E|CS|TAMS 0x00000000e1700000| PB 0x00000000e1700000| Complete 
| 536|0x00000000e1800000, 0x00000000e1900000, 0x00000000e1900000|100%| E|CS|TAMS 0x00000000e1800000| PB 0x00000000e1800000| Complete 
| 537|0x00000000e1900000, 0x00000000e1a00000, 0x00000000e1a00000|100%| E|CS|TAMS 0x00000000e1900000| PB 0x00000000e1900000| Complete 
| 538|0x00000000e1a00000, 0x00000000e1b00000, 0x00000000e1b00000|100%| E|CS|TAMS 0x00000000e1a00000| PB 0x00000000e1a00000| Complete 
| 539|0x00000000e1b00000, 0x00000000e1c00000, 0x00000000e1c00000|100%| E|CS|TAMS 0x00000000e1b00000| PB 0x00000000e1b00000| Complete 
| 540|0x00000000e1c00000, 0x00000000e1d00000, 0x00000000e1d00000|100%| E|CS|TAMS 0x00000000e1c00000| PB 0x00000000e1c00000| Complete 
| 541|0x00000000e1d00000, 0x00000000e1e00000, 0x00000000e1e00000|100%| E|CS|TAMS 0x00000000e1d00000| PB 0x00000000e1d00000| Complete 
| 542|0x00000000e1e00000, 0x00000000e1f00000, 0x00000000e1f00000|100%| E|CS|TAMS 0x00000000e1e00000| PB 0x00000000e1e00000| Complete 
| 543|0x00000000e1f00000, 0x00000000e2000000, 0x00000000e2000000|100%| E|CS|TAMS 0x00000000e1f00000| PB 0x00000000e1f00000| Complete 
| 544|0x00000000e2000000, 0x00000000e2100000, 0x00000000e2100000|100%| E|CS|TAMS 0x00000000e2000000| PB 0x00000000e2000000| Complete 
| 545|0x00000000e2100000, 0x00000000e2200000, 0x00000000e2200000|100%| E|CS|TAMS 0x00000000e2100000| PB 0x00000000e2100000| Complete 
| 546|0x00000000e2200000, 0x00000000e2300000, 0x00000000e2300000|100%| E|CS|TAMS 0x00000000e2200000| PB 0x00000000e2200000| Complete 
| 547|0x00000000e2300000, 0x00000000e2400000, 0x00000000e2400000|100%| E|CS|TAMS 0x00000000e2300000| PB 0x00000000e2300000| Complete 
| 548|0x00000000e2400000, 0x00000000e2500000, 0x00000000e2500000|100%| E|CS|TAMS 0x00000000e2400000| PB 0x00000000e2400000| Complete 
| 549|0x00000000e2500000, 0x00000000e2600000, 0x00000000e2600000|100%| E|CS|TAMS 0x00000000e2500000| PB 0x00000000e2500000| Complete 
| 550|0x00000000e2600000, 0x00000000e2700000, 0x00000000e2700000|100%| E|CS|TAMS 0x00000000e2600000| PB 0x00000000e2600000| Complete 
| 551|0x00000000e2700000, 0x00000000e2800000, 0x00000000e2800000|100%| E|CS|TAMS 0x00000000e2700000| PB 0x00000000e2700000| Complete 
| 552|0x00000000e2800000, 0x00000000e2900000, 0x00000000e2900000|100%| E|CS|TAMS 0x00000000e2800000| PB 0x00000000e2800000| Complete 
| 553|0x00000000e2900000, 0x00000000e2a00000, 0x00000000e2a00000|100%| E|CS|TAMS 0x00000000e2900000| PB 0x00000000e2900000| Complete 
| 554|0x00000000e2a00000, 0x00000000e2b00000, 0x00000000e2b00000|100%| E|CS|TAMS 0x00000000e2a00000| PB 0x00000000e2a00000| Complete 
| 555|0x00000000e2b00000, 0x00000000e2c00000, 0x00000000e2c00000|100%| E|CS|TAMS 0x00000000e2b00000| PB 0x00000000e2b00000| Complete 
| 556|0x00000000e2c00000, 0x00000000e2d00000, 0x00000000e2d00000|100%| E|CS|TAMS 0x00000000e2c00000| PB 0x00000000e2c00000| Complete 
| 557|0x00000000e2d00000, 0x00000000e2e00000, 0x00000000e2e00000|100%| E|CS|TAMS 0x00000000e2d00000| PB 0x00000000e2d00000| Complete 
| 558|0x00000000e2e00000, 0x00000000e2f00000, 0x00000000e2f00000|100%| E|CS|TAMS 0x00000000e2e00000| PB 0x00000000e2e00000| Complete 
| 559|0x00000000e2f00000, 0x00000000e3000000, 0x00000000e3000000|100%| E|CS|TAMS 0x00000000e2f00000| PB 0x00000000e2f00000| Complete 
| 560|0x00000000e3000000, 0x00000000e3100000, 0x00000000e3100000|100%| E|CS|TAMS 0x00000000e3000000| PB 0x00000000e3000000| Complete 
| 561|0x00000000e3100000, 0x00000000e3200000, 0x00000000e3200000|100%| E|CS|TAMS 0x00000000e3100000| PB 0x00000000e3100000| Complete 
| 562|0x00000000e3200000, 0x00000000e3300000, 0x00000000e3300000|100%| E|CS|TAMS 0x00000000e3200000| PB 0x00000000e3200000| Complete 
| 563|0x00000000e3300000, 0x00000000e3400000, 0x00000000e3400000|100%| E|CS|TAMS 0x00000000e3300000| PB 0x00000000e3300000| Complete 
| 564|0x00000000e3400000, 0x00000000e3500000, 0x00000000e3500000|100%| E|CS|TAMS 0x00000000e3400000| PB 0x00000000e3400000| Complete 
| 565|0x00000000e3500000, 0x00000000e3600000, 0x00000000e3600000|100%| E|CS|TAMS 0x00000000e3500000| PB 0x00000000e3500000| Complete 
| 566|0x00000000e3600000, 0x00000000e3700000, 0x00000000e3700000|100%| E|CS|TAMS 0x00000000e3600000| PB 0x00000000e3600000| Complete 
| 567|0x00000000e3700000, 0x00000000e3800000, 0x00000000e3800000|100%| E|CS|TAMS 0x00000000e3700000| PB 0x00000000e3700000| Complete 
| 568|0x00000000e3800000, 0x00000000e3900000, 0x00000000e3900000|100%| E|CS|TAMS 0x00000000e3800000| PB 0x00000000e3800000| Complete 
| 569|0x00000000e3900000, 0x00000000e3a00000, 0x00000000e3a00000|100%| E|CS|TAMS 0x00000000e3900000| PB 0x00000000e3900000| Complete 
| 570|0x00000000e3a00000, 0x00000000e3b00000, 0x00000000e3b00000|100%| E|CS|TAMS 0x00000000e3a00000| PB 0x00000000e3a00000| Complete 
| 571|0x00000000e3b00000, 0x00000000e3c00000, 0x00000000e3c00000|100%| E|CS|TAMS 0x00000000e3b00000| PB 0x00000000e3b00000| Complete 
| 572|0x00000000e3c00000, 0x00000000e3d00000, 0x00000000e3d00000|100%| E|CS|TAMS 0x00000000e3c00000| PB 0x00000000e3c00000| Complete 
| 573|0x00000000e3d00000, 0x00000000e3e00000, 0x00000000e3e00000|100%| E|CS|TAMS 0x00000000e3d00000| PB 0x00000000e3d00000| Complete 
| 574|0x00000000e3e00000, 0x00000000e3f00000, 0x00000000e3f00000|100%| E|CS|TAMS 0x00000000e3e00000| PB 0x00000000e3e00000| Complete 
| 575|0x00000000e3f00000, 0x00000000e4000000, 0x00000000e4000000|100%| E|CS|TAMS 0x00000000e3f00000| PB 0x00000000e3f00000| Complete 
| 576|0x00000000e4000000, 0x00000000e4100000, 0x00000000e4100000|100%| E|CS|TAMS 0x00000000e4000000| PB 0x00000000e4000000| Complete 
| 577|0x00000000e4100000, 0x00000000e4200000, 0x00000000e4200000|100%| E|CS|TAMS 0x00000000e4100000| PB 0x00000000e4100000| Complete 
| 578|0x00000000e4200000, 0x00000000e4300000, 0x00000000e4300000|100%| E|CS|TAMS 0x00000000e4200000| PB 0x00000000e4200000| Complete 
| 579|0x00000000e4300000, 0x00000000e4400000, 0x00000000e4400000|100%| E|CS|TAMS 0x00000000e4300000| PB 0x00000000e4300000| Complete 
| 580|0x00000000e4400000, 0x00000000e4500000, 0x00000000e4500000|100%| E|CS|TAMS 0x00000000e4400000| PB 0x00000000e4400000| Complete 
| 581|0x00000000e4500000, 0x00000000e4600000, 0x00000000e4600000|100%| E|CS|TAMS 0x00000000e4500000| PB 0x00000000e4500000| Complete 
| 582|0x00000000e4600000, 0x00000000e4700000, 0x00000000e4700000|100%| E|CS|TAMS 0x00000000e4600000| PB 0x00000000e4600000| Complete 
| 583|0x00000000e4700000, 0x00000000e4800000, 0x00000000e4800000|100%| E|CS|TAMS 0x00000000e4700000| PB 0x00000000e4700000| Complete 
| 584|0x00000000e4800000, 0x00000000e4900000, 0x00000000e4900000|100%| E|CS|TAMS 0x00000000e4800000| PB 0x00000000e4800000| Complete 
| 585|0x00000000e4900000, 0x00000000e4a00000, 0x00000000e4a00000|100%| E|CS|TAMS 0x00000000e4900000| PB 0x00000000e4900000| Complete 
| 586|0x00000000e4a00000, 0x00000000e4b00000, 0x00000000e4b00000|100%| E|CS|TAMS 0x00000000e4a00000| PB 0x00000000e4a00000| Complete 
| 587|0x00000000e4b00000, 0x00000000e4c00000, 0x00000000e4c00000|100%| E|CS|TAMS 0x00000000e4b00000| PB 0x00000000e4b00000| Complete 
| 588|0x00000000e4c00000, 0x00000000e4d00000, 0x00000000e4d00000|100%| E|CS|TAMS 0x00000000e4c00000| PB 0x00000000e4c00000| Complete 
| 589|0x00000000e4d00000, 0x00000000e4e00000, 0x00000000e4e00000|100%| E|CS|TAMS 0x00000000e4d00000| PB 0x00000000e4d00000| Complete 
| 590|0x00000000e4e00000, 0x00000000e4f00000, 0x00000000e4f00000|100%| E|CS|TAMS 0x00000000e4e00000| PB 0x00000000e4e00000| Complete 
| 591|0x00000000e4f00000, 0x00000000e5000000, 0x00000000e5000000|100%| E|CS|TAMS 0x00000000e4f00000| PB 0x00000000e4f00000| Complete 
| 592|0x00000000e5000000, 0x00000000e5100000, 0x00000000e5100000|100%| E|CS|TAMS 0x00000000e5000000| PB 0x00000000e5000000| Complete 
| 593|0x00000000e5100000, 0x00000000e5200000, 0x00000000e5200000|100%| E|CS|TAMS 0x00000000e5100000| PB 0x00000000e5100000| Complete 
| 594|0x00000000e5200000, 0x00000000e5300000, 0x00000000e5300000|100%| E|CS|TAMS 0x00000000e5200000| PB 0x00000000e5200000| Complete 
| 595|0x00000000e5300000, 0x00000000e5400000, 0x00000000e5400000|100%| E|CS|TAMS 0x00000000e5300000| PB 0x00000000e5300000| Complete 
| 596|0x00000000e5400000, 0x00000000e5500000, 0x00000000e5500000|100%| E|CS|TAMS 0x00000000e5400000| PB 0x00000000e5400000| Complete 
| 597|0x00000000e5500000, 0x00000000e5600000, 0x00000000e5600000|100%| E|CS|TAMS 0x00000000e5500000| PB 0x00000000e5500000| Complete 
| 598|0x00000000e5600000, 0x00000000e5700000, 0x00000000e5700000|100%| E|CS|TAMS 0x00000000e5600000| PB 0x00000000e5600000| Complete 
| 599|0x00000000e5700000, 0x00000000e5800000, 0x00000000e5800000|100%| E|  |TAMS 0x00000000e5700000| PB 0x00000000e5700000| Complete 
| 600|0x00000000e5800000, 0x00000000e5900000, 0x00000000e5900000|100%| E|CS|TAMS 0x00000000e5800000| PB 0x00000000e5800000| Complete 
| 601|0x00000000e5900000, 0x00000000e5a00000, 0x00000000e5a00000|100%| E|CS|TAMS 0x00000000e5900000| PB 0x00000000e5900000| Complete 
| 602|0x00000000e5a00000, 0x00000000e5b00000, 0x00000000e5b00000|100%| E|CS|TAMS 0x00000000e5a00000| PB 0x00000000e5a00000| Complete 
| 603|0x00000000e5b00000, 0x00000000e5c00000, 0x00000000e5c00000|100%| E|CS|TAMS 0x00000000e5b00000| PB 0x00000000e5b00000| Complete 
| 604|0x00000000e5c00000, 0x00000000e5d00000, 0x00000000e5d00000|100%| E|CS|TAMS 0x00000000e5c00000| PB 0x00000000e5c00000| Complete 
| 605|0x00000000e5d00000, 0x00000000e5e00000, 0x00000000e5e00000|100%| E|CS|TAMS 0x00000000e5d00000| PB 0x00000000e5d00000| Complete 
| 606|0x00000000e5e00000, 0x00000000e5f00000, 0x00000000e5f00000|100%| E|CS|TAMS 0x00000000e5e00000| PB 0x00000000e5e00000| Complete 
| 607|0x00000000e5f00000, 0x00000000e6000000, 0x00000000e6000000|100%| E|CS|TAMS 0x00000000e5f00000| PB 0x00000000e5f00000| Complete 
|1013|0x00000000ff500000, 0x00000000ff600000, 0x00000000ff600000|100%| E|CS|TAMS 0x00000000ff500000| PB 0x00000000ff500000| Complete 
|1014|0x00000000ff600000, 0x00000000ff700000, 0x00000000ff700000|100%| E|CS|TAMS 0x00000000ff600000| PB 0x00000000ff600000| Complete 
|1015|0x00000000ff700000, 0x00000000ff800000, 0x00000000ff800000|100%| E|CS|TAMS 0x00000000ff700000| PB 0x00000000ff700000| Complete 
|1016|0x00000000ff800000, 0x00000000ff900000, 0x00000000ff900000|100%| E|CS|TAMS 0x00000000ff800000| PB 0x00000000ff800000| Complete 
|1017|0x00000000ff900000, 0x00000000ffa00000, 0x00000000ffa00000|100%| E|CS|TAMS 0x00000000ff900000| PB 0x00000000ff900000| Complete 
|1018|0x00000000ffa00000, 0x00000000ffb00000, 0x00000000ffb00000|100%| E|CS|TAMS 0x00000000ffa00000| PB 0x00000000ffa00000| Complete 
|1019|0x00000000ffb00000, 0x00000000ffc00000, 0x00000000ffc00000|100%| E|CS|TAMS 0x00000000ffb00000| PB 0x00000000ffb00000| Complete 
|1020|0x00000000ffc00000, 0x00000000ffd00000, 0x00000000ffd00000|100%| O|  |TAMS 0x00000000ffc00000| PB 0x00000000ffc00000| Untracked 
|1021|0x00000000ffd00000, 0x00000000ffe00000, 0x00000000ffe00000|100%| O|  |TAMS 0x00000000ffd00000| PB 0x00000000ffd00000| Untracked 
|1022|0x00000000ffe00000, 0x00000000fff00000, 0x00000000fff00000|100%| E|CS|TAMS 0x00000000ffe00000| PB 0x00000000ffe00000| Complete 
|1023|0x00000000fff00000, 0x0000000100000000, 0x0000000100000000|100%| O|  |TAMS 0x00000000fff00000| PB 0x00000000fff00000| Untracked 

Card table byte_map: [0x00000138217c0000,0x00000138219c0000] _byte_map_base: 0x00000138211c0000

Marking Bits: (CMBitMap*) 0x000001380f164af0
 Bits: [0x00000138219c0000, 0x00000138229c0000)

Polling page: 0x000001380e8f0000

Metaspace:

Usage:
  Non-class:     96.90 MB used.
      Class:     15.28 MB used.
       Both:    112.18 MB used.

Virtual space:
  Non-class space:      128.00 MB reserved,      97.88 MB ( 76%) committed,  2 nodes.
      Class space:        1.00 GB reserved,      16.19 MB (  2%) committed,  1 nodes.
             Both:        1.12 GB reserved,     114.06 MB ( 10%) committed. 

Chunk freelists:
   Non-Class:  13.48 MB
       Class:  15.84 MB
        Both:  29.33 MB

MaxMetaspaceSize: unlimited
CompressedClassSpaceSize: 1.00 GB
Initial GC threshold: 21.00 MB
Current GC threshold: 187.50 MB
CDS: off
 - commit_granule_bytes: 65536.
 - commit_granule_words: 8192.
 - virtual_space_node_default_size: 8388608.
 - enlarge_chunks_in_place: 1.
 - use_allocation_guard: 0.


Internal statistics:

num_allocs_failed_limit: 6.
num_arena_births: 3908.
num_arena_deaths: 6.
num_vsnodes_births: 3.
num_vsnodes_deaths: 0.
num_space_committed: 1826.
num_space_uncommitted: 2.
num_chunks_returned_to_freelist: 32.
num_chunks_taken_from_freelist: 9203.
num_chunk_merges: 11.
num_chunk_splits: 5700.
num_chunks_enlarged: 3253.
num_inconsistent_stats: 0.

CodeHeap 'non-profiled nmethods': size=120000Kb used=7565Kb max_used=7565Kb free=112434Kb
 bounds [0x0000013819d60000, 0x000001381a4d0000, 0x0000013821290000]
CodeHeap 'profiled nmethods': size=120000Kb used=21474Kb max_used=23652Kb free=98526Kb
 bounds [0x0000013812290000, 0x00000138139b0000, 0x00000138197c0000]
CodeHeap 'non-nmethods': size=5760Kb used=2006Kb max_used=2073Kb free=3753Kb
 bounds [0x00000138197c0000, 0x0000013819a30000, 0x0000013819d60000]
CodeCache: size=245760Kb, used=31045Kb, max_used=33290Kb, free=214713Kb
 total_blobs=10835, nmethods=9950, adapters=788, full_count=0
Compilation: enabled, stopped_count=0, restarted_count=0

Compilation events (20 events):
Event: 268.589 Thread 0x00000138255cd090 17210       2       com.android.tools.r8.shaking.k$$Lambda/0x0000000100f979c0::accept (16 bytes)
Event: 268.589 Thread 0x00000138255cd090 nmethod 17210 0x0000013813117690 code [0x0000013813117840, 0x00000138131179c8]
Event: 268.589 Thread 0x00000138255cd090 17211       2       com.android.tools.r8.shaking.k::a (36 bytes)
Event: 268.589 Thread 0x00000138255cd090 nmethod 17211 0x00000138133a4290 code [0x00000138133a4460, 0x00000138133a4628]
Event: 268.589 Thread 0x00000138255cd090 17212       2       com.android.tools.r8.internal.ia::b (55 bytes)
Event: 268.590 Thread 0x00000138255cd090 nmethod 17212 0x00000138132b6d10 code [0x00000138132b6ec0, 0x00000138132b7008]
Event: 268.590 Thread 0x00000138255cd090 17213       3       com.android.tools.r8.internal.mo0::l (13 bytes)
Event: 268.591 Thread 0x00000138255cd090 nmethod 17213 0x000001381342d390 code [0x000001381342d540, 0x000001381342d760]
Event: 268.591 Thread 0x00000138255cd090 17215       3       com.android.tools.r8.internal.ia::a (33 bytes)
Event: 268.591 Thread 0x00000138255cd090 nmethod 17215 0x0000013813668390 code [0x0000013813668580, 0x0000013813668ab8]
Event: 268.591 Thread 0x00000138255cd090 17214       3       com.android.tools.r8.shaking.k$$Lambda/0x0000000100f979c0::accept (16 bytes)
Event: 268.591 Thread 0x00000138255cd090 nmethod 17214 0x00000138136b1310 code [0x00000138136b14c0, 0x00000138136b17b8]
Event: 268.592 Thread 0x00000138255cd090 17216       3       com.android.tools.r8.internal.ia::b (55 bytes)
Event: 268.592 Thread 0x00000138255cd090 nmethod 17216 0x00000138133a3e90 code [0x00000138133a4040, 0x00000138133a41c8]
Event: 268.592 Thread 0x00000138255cd090 17217       3       com.android.tools.r8.shaking.k::a (36 bytes)
Event: 268.592 Thread 0x00000138255cd090 nmethod 17217 0x00000138137f3690 code [0x00000138137f3860, 0x00000138137f3b10]
Event: 268.945 Thread 0x00000138255cd090 17218       2       com.android.tools.r8.internal.y51::hashCode (44 bytes)
Event: 268.946 Thread 0x00000138255cd090 nmethod 17218 0x0000013813973390 code [0x0000013813973560, 0x0000013813973798]
Event: 268.976 Thread 0x00000138255cd090 17219       3       jdk.internal.org.objectweb.asm.ByteVector::putInt (74 bytes)
Event: 268.977 Thread 0x00000138255cd090 nmethod 17219 0x00000138132a5010 code [0x00000138132a51c0, 0x00000138132a5410]

GC Heap History (20 events):
Event: 259.896 GC heap before
{Heap before GC invocations=63 (full 0):
 garbage-first heap   total 343040K, used 252766K [0x00000000c0000000, 0x0000000100000000)
  region size 1024K, 55 young (56320K), 8 survivors (8192K)
 Metaspace       used 110268K, committed 112128K, reserved 1179648K
  class space    used 15018K, committed 15936K, reserved 1048576K
}
Event: 259.916 GC heap after
{Heap after GC invocations=64 (full 0):
 garbage-first heap   total 343040K, used 216064K [0x00000000c0000000, 0x0000000100000000)
  region size 1024K, 7 young (7168K), 7 survivors (7168K)
 Metaspace       used 110268K, committed 112128K, reserved 1179648K
  class space    used 15018K, committed 15936K, reserved 1048576K
}
Event: 260.157 GC heap before
{Heap before GC invocations=64 (full 0):
 garbage-first heap   total 343040K, used 292864K [0x00000000c0000000, 0x0000000100000000)
  region size 1024K, 82 young (83968K), 7 survivors (7168K)
 Metaspace       used 110271K, committed 112128K, reserved 1179648K
  class space    used 15018K, committed 15936K, reserved 1048576K
}
Event: 260.181 GC heap after
{Heap after GC invocations=65 (full 0):
 garbage-first heap   total 343040K, used 228087K [0x00000000c0000000, 0x0000000100000000)
  region size 1024K, 11 young (11264K), 11 survivors (11264K)
 Metaspace       used 110271K, committed 112128K, reserved 1179648K
  class space    used 15018K, committed 15936K, reserved 1048576K
}
Event: 260.348 GC heap before
{Heap before GC invocations=65 (full 0):
 garbage-first heap   total 343040K, used 261879K [0x00000000c0000000, 0x0000000100000000)
  region size 1024K, 45 young (46080K), 11 survivors (11264K)
 Metaspace       used 110274K, committed 112128K, reserved 1179648K
  class space    used 15020K, committed 15936K, reserved 1048576K
}
Event: 260.368 GC heap after
{Heap after GC invocations=66 (full 0):
 garbage-first heap   total 343040K, used 238063K [0x00000000c0000000, 0x0000000100000000)
  region size 1024K, 9 young (9216K), 9 survivors (9216K)
 Metaspace       used 110274K, committed 112128K, reserved 1179648K
  class space    used 15020K, committed 15936K, reserved 1048576K
}
Event: 260.535 GC heap before
{Heap before GC invocations=66 (full 0):
 garbage-first heap   total 343040K, used 305647K [0x00000000c0000000, 0x0000000100000000)
  region size 1024K, 73 young (74752K), 9 survivors (9216K)
 Metaspace       used 110280K, committed 112128K, reserved 1179648K
  class space    used 15021K, committed 15936K, reserved 1048576K
}
Event: 260.557 GC heap after
{Heap after GC invocations=67 (full 0):
 garbage-first heap   total 343040K, used 256836K [0x00000000c0000000, 0x0000000100000000)
  region size 1024K, 10 young (10240K), 10 survivors (10240K)
 Metaspace       used 110280K, committed 112128K, reserved 1179648K
  class space    used 15021K, committed 15936K, reserved 1048576K
}
Event: 260.674 GC heap before
{Heap before GC invocations=67 (full 0):
 garbage-first heap   total 429056K, used 312132K [0x00000000c0000000, 0x0000000100000000)
  region size 1024K, 64 young (65536K), 10 survivors (10240K)
 Metaspace       used 110280K, committed 112128K, reserved 1179648K
  class space    used 15021K, committed 15936K, reserved 1048576K
}
Event: 260.700 GC heap after
{Heap after GC invocations=68 (full 0):
 garbage-first heap   total 596992K, used 269312K [0x00000000c0000000, 0x0000000100000000)
  region size 1024K, 8 young (8192K), 8 survivors (8192K)
 Metaspace       used 110280K, committed 112128K, reserved 1179648K
  class space    used 15021K, committed 15936K, reserved 1048576K
}
Event: 262.156 GC heap before
{Heap before GC invocations=69 (full 0):
 garbage-first heap   total 596992K, used 482304K [0x00000000c0000000, 0x0000000100000000)
  region size 1024K, 211 young (216064K), 8 survivors (8192K)
 Metaspace       used 110394K, committed 112192K, reserved 1179648K
  class space    used 15034K, committed 15936K, reserved 1048576K
}
Event: 262.253 GC heap after
{Heap after GC invocations=70 (full 0):
 garbage-first heap   total 596992K, used 330240K [0x00000000c0000000, 0x0000000100000000)
  region size 1024K, 27 young (27648K), 27 survivors (27648K)
 Metaspace       used 110394K, committed 112192K, reserved 1179648K
  class space    used 15034K, committed 15936K, reserved 1048576K
}
Event: 264.618 GC heap before
{Heap before GC invocations=70 (full 0):
 garbage-first heap   total 596992K, used 476672K [0x00000000c0000000, 0x0000000100000000)
  region size 1024K, 169 young (173056K), 27 survivors (27648K)
 Metaspace       used 110394K, committed 112192K, reserved 1179648K
  class space    used 15034K, committed 15936K, reserved 1048576K
}
Event: 264.684 GC heap after
{Heap after GC invocations=71 (full 0):
 garbage-first heap   total 596992K, used 364544K [0x00000000c0000000, 0x0000000100000000)
  region size 1024K, 22 young (22528K), 22 survivors (22528K)
 Metaspace       used 110394K, committed 112192K, reserved 1179648K
  class space    used 15034K, committed 15936K, reserved 1048576K
}
Event: 266.865 GC heap before
{Heap before GC invocations=71 (full 0):
 garbage-first heap   total 596992K, used 496640K [0x00000000c0000000, 0x0000000100000000)
  region size 1024K, 151 young (154624K), 22 survivors (22528K)
 Metaspace       used 113218K, committed 115136K, reserved 1179648K
  class space    used 15436K, committed 16384K, reserved 1048576K
}
Event: 266.911 GC heap after
{Heap after GC invocations=72 (full 0):
 garbage-first heap   total 596992K, used 382464K [0x00000000c0000000, 0x0000000100000000)
  region size 1024K, 16 young (16384K), 16 survivors (16384K)
 Metaspace       used 113218K, committed 115136K, reserved 1179648K
  class space    used 15436K, committed 16384K, reserved 1048576K
}
Event: 267.444 GC heap before
{Heap before GC invocations=72 (full 0):
 garbage-first heap   total 633856K, used 510464K [0x00000000c0000000, 0x0000000100000000)
  region size 1024K, 145 young (148480K), 16 survivors (16384K)
 Metaspace       used 113297K, committed 115200K, reserved 1179648K
  class space    used 15450K, committed 16384K, reserved 1048576K
}
Event: 267.459 GC heap after
{Heap after GC invocations=73 (full 0):
 garbage-first heap   total 633856K, used 382722K [0x00000000c0000000, 0x0000000100000000)
  region size 1024K, 5 young (5120K), 5 survivors (5120K)
 Metaspace       used 113297K, committed 115200K, reserved 1179648K
  class space    used 15450K, committed 16384K, reserved 1048576K
}
Event: 267.821 GC heap before
{Heap before GC invocations=74 (full 0):
 garbage-first heap   total 633856K, used 546562K [0x00000000c0000000, 0x0000000100000000)
  region size 1024K, 165 young (168960K), 5 survivors (5120K)
 Metaspace       used 113297K, committed 115200K, reserved 1179648K
  class space    used 15450K, committed 16384K, reserved 1048576K
}
Event: 267.832 GC heap after
{Heap after GC invocations=75 (full 0):
 garbage-first heap   total 633856K, used 381952K [0x00000000c0000000, 0x0000000100000000)
  region size 1024K, 4 young (4096K), 4 survivors (4096K)
 Metaspace       used 113297K, committed 115200K, reserved 1179648K
  class space    used 15450K, committed 16384K, reserved 1048576K
}

Dll operation events (3 events):
Event: 0.025 Loaded shared library C:\Program Files\Android\Android Studio\jbr\bin\java.dll
Event: 0.035 Loaded shared library C:\Program Files\Android\Android Studio\jbr\bin\zip.dll
Event: 1.702 Loaded shared library C:\Program Files\Android\Android Studio\jbr\bin\verify.dll

Deoptimization events (20 events):
Event: 268.929 Thread 0x000001382e8b2810 Uncommon trap: trap_request=0xffffff45 fr.pc=0x0000013819f43888 relative=0x0000000000000068
Event: 268.929 Thread 0x000001382e8b2810 Uncommon trap: reason=unstable_if action=reinterpret pc=0x0000013819f43888 method=java.util.IdentityHashMap.isEmpty()Z @ 4 c2
Event: 268.929 Thread 0x000001382e8b2810 DEOPT PACKING pc=0x0000013819f43888 sp=0x0000001a13cfdc20
Event: 268.935 Thread 0x000001382e8b2810 DEOPT UNPACKING pc=0x00000138198143a2 sp=0x0000001a13cfdba8 mode 2
Event: 268.944 Thread 0x000001382e8b2810 Uncommon trap: trap_request=0xffffffc6 fr.pc=0x0000013819fc65b8 relative=0x0000000000000978
Event: 268.944 Thread 0x000001382e8b2810 Uncommon trap: reason=bimorphic_or_optimized_type_check action=maybe_recompile pc=0x0000013819fc65b8 method=com.android.tools.r8.internal.vr0.hashCode()I @ 23 c2
Event: 268.945 Thread 0x000001382e8b2810 DEOPT PACKING pc=0x0000013819fc65b8 sp=0x0000001a13cfda60
Event: 268.945 Thread 0x000001382e8b2810 DEOPT UNPACKING pc=0x00000138198143a2 sp=0x0000001a13cfda08 mode 2
Event: 268.945 Thread 0x000001382e8b2810 Uncommon trap: trap_request=0xffffffc6 fr.pc=0x0000013819fc65b8 relative=0x0000000000000978
Event: 268.945 Thread 0x000001382e8b2810 Uncommon trap: reason=bimorphic_or_optimized_type_check action=maybe_recompile pc=0x0000013819fc65b8 method=com.android.tools.r8.internal.vr0.hashCode()I @ 23 c2
Event: 268.945 Thread 0x000001382e8b2810 DEOPT PACKING pc=0x0000013819fc65b8 sp=0x0000001a13cfda60
Event: 268.945 Thread 0x000001382e8b2810 DEOPT UNPACKING pc=0x00000138198143a2 sp=0x0000001a13cfda08 mode 2
Event: 268.945 Thread 0x000001382e8b2810 Uncommon trap: trap_request=0xffffffc6 fr.pc=0x0000013819fc65b8 relative=0x0000000000000978
Event: 268.945 Thread 0x000001382e8b2810 Uncommon trap: reason=bimorphic_or_optimized_type_check action=maybe_recompile pc=0x0000013819fc65b8 method=com.android.tools.r8.internal.vr0.hashCode()I @ 23 c2
Event: 268.945 Thread 0x000001382e8b2810 DEOPT PACKING pc=0x0000013819fc65b8 sp=0x0000001a13cfda60
Event: 268.945 Thread 0x000001382e8b2810 DEOPT UNPACKING pc=0x00000138198143a2 sp=0x0000001a13cfda08 mode 2
Event: 268.945 Thread 0x000001382e8b2810 Uncommon trap: trap_request=0xffffffc6 fr.pc=0x0000013819fc65b8 relative=0x0000000000000978
Event: 268.945 Thread 0x000001382e8b2810 Uncommon trap: reason=bimorphic_or_optimized_type_check action=maybe_recompile pc=0x0000013819fc65b8 method=com.android.tools.r8.internal.vr0.hashCode()I @ 23 c2
Event: 268.945 Thread 0x000001382e8b2810 DEOPT PACKING pc=0x0000013819fc65b8 sp=0x0000001a13cfda60
Event: 268.945 Thread 0x000001382e8b2810 DEOPT UNPACKING pc=0x00000138198143a2 sp=0x0000001a13cfda08 mode 2

Classes loaded (20 events):
Event: 257.833 Loading class java/util/stream/IntPipeline$1
Event: 257.846 Loading class java/util/stream/IntPipeline$1 done
Event: 257.847 Loading class java/util/stream/IntPipeline$1$1
Event: 257.848 Loading class java/util/stream/Sink$ChainedInt
Event: 257.849 Loading class java/util/stream/Sink$ChainedInt done
Event: 257.849 Loading class java/util/stream/IntPipeline$1$1 done
Event: 259.013 Loading class java/util/concurrent/ForkJoinTask$AdaptedInterruptibleCallable
Event: 259.015 Loading class java/util/concurrent/ForkJoinTask$InterruptibleTask
Event: 259.020 Loading class java/util/concurrent/ForkJoinTask$InterruptibleTask done
Event: 259.020 Loading class java/util/concurrent/ForkJoinTask$AdaptedInterruptibleCallable done
Event: 259.020 Loading class java/util/concurrent/ForkJoinTask$Aux
Event: 259.020 Loading class java/util/concurrent/ForkJoinTask$Aux done
Event: 259.022 Loading class java/util/concurrent/ForkJoinPool$DefaultForkJoinWorkerThreadFactory$1
Event: 259.023 Loading class java/util/concurrent/ForkJoinPool$DefaultForkJoinWorkerThreadFactory$1 done
Event: 259.058 Loading class java/util/concurrent/CountedCompleter
Event: 259.060 Loading class java/util/concurrent/CountedCompleter done
Event: 261.051 Loading class java/util/concurrent/ConcurrentLinkedQueue$Itr
Event: 261.055 Loading class java/util/concurrent/ConcurrentLinkedQueue$Itr done
Event: 265.332 Loading class java/util/IdentityHashMap$EntrySet
Event: 265.335 Loading class java/util/IdentityHashMap$EntrySet done

Classes unloaded (20 events):
Event: 254.698 Thread 0x0000013825406b50 Unloading class 0x0000000100e27478 'jdk/internal/jimage/ImageHeader'
Event: 254.698 Thread 0x0000013825406b50 Unloading class 0x0000000100e27210 'jdk/internal/jimage/BasicImageReader$2'
Event: 254.698 Thread 0x0000013825406b50 Unloading class 0x0000000100e26fa8 'jdk/internal/jimage/BasicImageReader$1'
Event: 254.698 Thread 0x0000013825406b50 Unloading class 0x0000000100e26d08 'jdk/internal/jimage/ImageReader$Resource'
Event: 254.698 Thread 0x0000013825406b50 Unloading class 0x0000000100e26a68 'jdk/internal/jimage/ImageReader$LinkNode'
Event: 254.698 Thread 0x0000013825406b50 Unloading class 0x0000000100e267c8 'jdk/internal/jimage/ImageReader$Directory'
Event: 254.698 Thread 0x0000013825406b50 Unloading class 0x0000000100e26528 'jdk/internal/jimage/ImageReader$Node'
Event: 254.698 Thread 0x0000013825406b50 Unloading class 0x0000000100e262f8 'jdk/internal/jimage/ImageStrings'
Event: 254.698 Thread 0x0000013825406b50 Unloading class 0x0000000100e26000 'jdk/internal/jimage/ImageReader$SharedImageReader'
Event: 254.698 Thread 0x0000013825406b50 Unloading class 0x0000000100e25be0 'jdk/internal/jimage/BasicImageReader'
Event: 254.698 Thread 0x0000013825406b50 Unloading class 0x0000000100e25988 'jdk/internal/jimage/ImageReader'
Event: 254.698 Thread 0x0000013825406b50 Unloading class 0x0000000100e25728 'jdk/internal/jrtfs/SystemImage$2'
Event: 254.698 Thread 0x0000013825406b50 Unloading class 0x0000000100e254d8 'jdk/internal/jrtfs/SystemImage$$Lambda+0x0000000100e254d8'
Event: 254.698 Thread 0x0000013825406b50 Unloading class 0x0000000100e25270 'jdk/internal/jrtfs/ExplodedImage'
Event: 254.698 Thread 0x0000013825406b50 Unloading class 0x0000000100e25000 'jdk/internal/jrtfs/SystemImage$1'
Event: 254.698 Thread 0x0000013825406b50 Unloading class 0x0000000100e24ca0 'jdk/internal/jrtfs/SystemImage'
Event: 254.698 Thread 0x0000013825406b50 Unloading class 0x0000000100e24a08 'jdk/internal/jrtfs/JrtFileStore'
Event: 254.698 Thread 0x0000013825406b50 Unloading class 0x0000000100e24658 'jdk/internal/jrtfs/JrtPath'
Event: 254.698 Thread 0x0000013825406b50 Unloading class 0x0000000100e24328 'jdk/internal/jrtfs/JrtFileSystem'
Event: 254.698 Thread 0x0000013825406b50 Unloading class 0x0000000100e24000 'jdk/internal/jrtfs/JrtFileSystemProvider'

Classes redefined (0 events):
No events

Internal exceptions (20 events):
Event: 256.338 Thread 0x000001382ae00d10 Exception <a 'sun/nio/fs/WindowsException'{0x00000000d0700f60}> (0x00000000d0700f60) 
thrown [s\src\hotspot\share\prims\jni.cpp, line 537]
Event: 256.341 Thread 0x000001382ae00d10 Exception <a 'sun/nio/fs/WindowsException'{0x00000000d0709288}> (0x00000000d0709288) 
thrown [s\src\hotspot\share\prims\jni.cpp, line 537]
Event: 258.139 Thread 0x000001382e8b2810 Exception <a 'java/lang/NoSuchMethodError'{0x00000000ff561538}: 'int java.lang.invoke.DirectMethodHandle$Holder.invokeSpecial(java.lang.Object, java.lang.Object, int)'> (0x00000000ff561538) 
thrown [s\src\hotspot\share\interpreter\linkResolver.cpp, line 784]
Event: 258.469 Thread 0x000001382e8b2810 Exception <a 'java/lang/IncompatibleClassChangeError'{0x00000000d0beee48}: Found class java.lang.Object, but interface was expected> (0x00000000d0beee48) 
thrown [s\src\hotspot\share\interpreter\linkResolver.cpp, line 851]
Event: 259.007 Thread 0x000001382e8b2810 Exception <a 'java/lang/NoSuchMethodError'{0x00000000d0270eb0}: 'java.lang.Object java.lang.invoke.DirectMethodHandle$Holder.invokeStaticInit(java.lang.Object, java.lang.Object, java.lang.Object, java.lang.Object, java.lang.Object, java.lang.Object, java.lang.Object, java.lang.Object, java.lang.Object, java.lang.Object, java.lang.Object, java.lang.Object, java.lang.Object, java.lang.Object, java.lang.Object, java.lang.Object, java.lang.Object, java.lang.Object, java.lang.Object, java.lang.Object, int, java
Event: 259.009 Thread 0x000001382e8b2810 Exception <a 'java/lang/IncompatibleClassChangeError'{0x00000000d0287180}: Found class java.lang.Object, but interface was expected> (0x00000000d0287180) 
thrown [s\src\hotspot\share\interpreter\linkResolver.cpp, line 851]
Event: 259.011 Thread 0x000001382e8b2810 Exception <a 'java/lang/IncompatibleClassChangeError'{0x00000000d0290a68}: Found class java.lang.Object, but interface was expected> (0x00000000d0290a68) 
thrown [s\src\hotspot\share\interpreter\linkResolver.cpp, line 851]
Event: 259.140 Thread 0x000001382fd78e20 Exception <a 'java/lang/IncompatibleClassChangeError'{0x00000000d00f79b8}: Found class java.lang.Object, but interface was expected> (0x00000000d00f79b8) 
thrown [s\src\hotspot\share\interpreter\linkResolver.cpp, line 851]
Event: 259.140 Thread 0x000001382dd96d10 Exception <a 'java/lang/IncompatibleClassChangeError'{0x00000000d002a9e8}: Found class java.lang.Object, but interface was expected> (0x00000000d002a9e8) 
thrown [s\src\hotspot\share\interpreter\linkResolver.cpp, line 851]
Event: 259.443 Thread 0x000001382dd96d10 Exception <a 'java/lang/NoSuchMethodError'{0x00000000cf7b4b10}: 'java.lang.Object java.lang.invoke.DirectMethodHandle$Holder.newInvokeSpecial(java.lang.Object, int, java.lang.Object)'> (0x00000000cf7b4b10) 
thrown [s\src\hotspot\share\interpreter\linkResolver.cpp, line 784]
Event: 265.782 Thread 0x000001382e8b2810 Exception <a 'java/lang/IncompatibleClassChangeError'{0x00000000e191e878}: Found class java.lang.Object, but interface was expected> (0x00000000e191e878) 
thrown [s\src\hotspot\share\interpreter\linkResolver.cpp, line 851]
Event: 265.788 Thread 0x000001382e8b2810 Exception <a 'java/lang/IncompatibleClassChangeError'{0x00000000e1934988}: Found class java.lang.Object, but interface was expected> (0x00000000e1934988) 
thrown [s\src\hotspot\share\interpreter\linkResolver.cpp, line 851]
Event: 265.789 Thread 0x000001382e8b2810 Exception <a 'java/lang/IncompatibleClassChangeError'{0x00000000e19386b0}: Found class java.lang.Object, but interface was expected> (0x00000000e19386b0) 
thrown [s\src\hotspot\share\interpreter\linkResolver.cpp, line 851]
Event: 265.877 Thread 0x000001382e8b2810 Implicit null exception at 0x0000013819f88f49 to 0x0000013819f896e4
Event: 266.297 Thread 0x000001382e8b2810 Exception <a 'java/lang/NoSuchMethodError'{0x00000000e0fba130}: 'void java.lang.invoke.DirectMethodHandle$Holder.invokeStaticInit(java.lang.Object)'> (0x00000000e0fba130) 
thrown [s\src\hotspot\share\interpreter\linkResolver.cpp, line 784]
Event: 266.358 Thread 0x000001382ae00d10 Exception <a 'sun/nio/fs/WindowsException'{0x00000000e0e83020}> (0x00000000e0e83020) 
thrown [s\src\hotspot\share\prims\jni.cpp, line 537]
Event: 266.371 Thread 0x000001382ae00d10 Exception <a 'sun/nio/fs/WindowsException'{0x00000000e0e949b0}> (0x00000000e0e949b0) 
thrown [s\src\hotspot\share\prims\jni.cpp, line 537]
Event: 266.373 Thread 0x000001382ae00d10 Exception <a 'sun/nio/fs/WindowsException'{0x00000000e0e96580}> (0x00000000e0e96580) 
thrown [s\src\hotspot\share\prims\jni.cpp, line 537]
Event: 266.377 Thread 0x000001382ae00d10 Exception <a 'sun/nio/fs/WindowsException'{0x00000000e0e9e590}> (0x00000000e0e9e590) 
thrown [s\src\hotspot\share\prims\jni.cpp, line 537]
Event: 267.012 Thread 0x000001382fd78100 Exception <a 'java/lang/NoSuchMethodError'{0x00000000ffa206e8}: 'void java.lang.invoke.DirectMethodHandle$Holder.invokeSpecial(java.lang.Object, java.lang.Object, java.lang.Object, java.lang.Object, java.lang.Object, java.lang.Object, java.lang.Object, java.lang.Object, java.lang.Object, java.lang.Object)'> (0x00000000ffa206e8) 
thrown [s\src\hotspot\share\interpreter\linkResolver.cpp, line 784]

ZGC Phase Switch (0 events):
No events

VM Operations (20 events):
Event: 265.805 Executing VM operation: HandshakeAllThreads (Deoptimize)
Event: 265.806 Executing VM operation: HandshakeAllThreads (Deoptimize) done
Event: 265.808 Executing VM operation: HandshakeAllThreads (Deoptimize)
Event: 265.809 Executing VM operation: HandshakeAllThreads (Deoptimize) done
Event: 266.113 Executing VM operation: HandshakeAllThreads (Deoptimize)
Event: 266.113 Executing VM operation: HandshakeAllThreads (Deoptimize) done
Event: 266.686 Executing VM operation: ICBufferFull
Event: 266.707 Executing VM operation: ICBufferFull done
Event: 266.860 Executing VM operation: G1CollectForAllocation (G1 Evacuation Pause)
Event: 266.911 Executing VM operation: G1CollectForAllocation (G1 Evacuation Pause) done
Event: 267.323 Executing VM operation: G1PauseRemark
Event: 267.352 Executing VM operation: G1PauseRemark done
Event: 267.443 Executing VM operation: G1CollectForAllocation (G1 Evacuation Pause)
Event: 267.459 Executing VM operation: G1CollectForAllocation (G1 Evacuation Pause) done
Event: 267.531 Executing VM operation: G1PauseCleanup
Event: 267.535 Executing VM operation: G1PauseCleanup done
Event: 267.818 Executing VM operation: G1CollectForAllocation (G1 Evacuation Pause)
Event: 267.832 Executing VM operation: G1CollectForAllocation (G1 Evacuation Pause) done
Event: 268.832 Executing VM operation: Cleanup
Event: 268.833 Executing VM operation: Cleanup done

Memory protections (0 events):
No events

Nmethod flushes (20 events):
Event: 267.349 Thread 0x0000013825406b50 flushing  nmethod 0x0000013812b56d90
Event: 267.349 Thread 0x0000013825406b50 flushing  nmethod 0x0000013812c68990
Event: 267.349 Thread 0x0000013825406b50 flushing  nmethod 0x00000138130cf190
Event: 267.349 Thread 0x0000013825406b50 flushing  nmethod 0x00000138130d4d90
Event: 267.349 Thread 0x0000013825406b50 flushing  nmethod 0x00000138131ece90
Event: 267.349 Thread 0x0000013825406b50 flushing  nmethod 0x00000138131f1b10
Event: 267.349 Thread 0x0000013825406b50 flushing  nmethod 0x000001381a42dd10
Event: 267.349 Thread 0x0000013825406b50 flushing  nmethod 0x0000013812854110
Event: 267.349 Thread 0x0000013825406b50 flushing  nmethod 0x0000013812c11910
Event: 267.349 Thread 0x0000013825406b50 flushing  nmethod 0x0000013812c16b10
Event: 267.349 Thread 0x0000013825406b50 flushing  nmethod 0x0000013812ec5710
Event: 267.349 Thread 0x0000013825406b50 flushing  nmethod 0x0000013812ef4910
Event: 267.349 Thread 0x0000013825406b50 flushing  nmethod 0x00000138130a3810
Event: 267.349 Thread 0x0000013825406b50 flushing  nmethod 0x00000138130a6510
Event: 267.349 Thread 0x0000013825406b50 flushing  nmethod 0x0000013813117690
Event: 267.349 Thread 0x0000013825406b50 flushing  nmethod 0x00000138131cc610
Event: 267.349 Thread 0x0000013825406b50 flushing  nmethod 0x00000138133ded10
Event: 267.349 Thread 0x0000013825406b50 flushing  nmethod 0x000001381344ad10
Event: 267.349 Thread 0x0000013825406b50 flushing  nmethod 0x0000013813797510
Event: 267.349 Thread 0x0000013825406b50 flushing  nmethod 0x00000138137f3390

Events (20 events):
Event: 231.247 Thread 0x000001382aec8030 Thread added: 0x000001382e461ba0
Event: 235.859 Thread 0x000001382c4d9a30 Thread added: 0x000001382e60c830
Event: 236.225 Thread 0x000001382c4d9a30 Thread added: 0x000001382e4f5600
Event: 236.227 Thread 0x000001382c4d9a30 Thread added: 0x000001382e4f4f70
Event: 236.228 Thread 0x000001382c4d9a30 Thread added: 0x000001382e4f5c90
Event: 236.228 Thread 0x000001382c4d9a30 Thread added: 0x000001382e4f6320
Event: 236.229 Thread 0x000001382c4d9a30 Thread added: 0x000001382e4f69b0
Event: 236.229 Thread 0x000001382c4d9a30 Thread added: 0x000001382e4f3530
Event: 236.230 Thread 0x000001382c4d9a30 Thread added: 0x000001382e4f3bc0
Event: 249.894 Thread 0x000001382c4d9a30 Thread added: 0x000001382e60cec0
Event: 259.033 Thread 0x000001382e8b2810 Thread added: 0x000001382e60d550
Event: 259.039 Thread 0x000001382e8b2810 Thread added: 0x000001382dd973a0
Event: 259.039 Thread 0x000001382e8b2810 Thread added: 0x000001382dd96d10
Event: 259.040 Thread 0x000001382e8b2810 Thread added: 0x000001382dd98750
Event: 259.042 Thread 0x000001382e8b2810 Thread added: 0x000001382dd9a190
Event: 259.044 Thread 0x000001382e8b2810 Thread added: 0x000001382dd99470
Event: 259.046 Thread 0x000001382e8b2810 Thread added: 0x000001382fd78100
Event: 259.048 Thread 0x000001382e8b2810 Thread added: 0x000001382fd78e20
Event: 264.146 Thread 0x00000138255cba80 Thread added: 0x000001382e3c9170
Event: 265.480 Thread 0x000001382e3c9170 Thread exited: 0x000001382e3c9170


Dynamic libraries:
0x00007ff691fa0000 - 0x00007ff691faa000 	C:\Program Files\Android\Android Studio\jbr\bin\java.exe
0x00007ffba7f40000 - 0x00007ffba81a7000 	C:\WINDOWS\SYSTEM32\ntdll.dll
0x00007ffba6070000 - 0x00007ffba613b000 	C:\WINDOWS\System32\KERNEL32.DLL
0x00007ffba5490000 - 0x00007ffba5892000 	C:\WINDOWS\System32\KERNELBASE.dll
0x00007ffba5140000 - 0x00007ffba528c000 	C:\WINDOWS\System32\ucrtbase.dll
0x00007ffb6e420000 - 0x00007ffb6e43b000 	C:\Program Files\Android\Android Studio\jbr\bin\VCRUNTIME140.dll
0x00007ffb71ff0000 - 0x00007ffb72008000 	C:\Program Files\Android\Android Studio\jbr\bin\jli.dll
0x00007ffba5e00000 - 0x00007ffba5fcf000 	C:\WINDOWS\System32\USER32.dll
0x00007ffb8ec40000 - 0x00007ffb8eed0000 	C:\WINDOWS\WinSxS\amd64_microsoft.windows.common-controls_6595b64144ccf1df_6.0.26100.9278_none_3e0d1ba8e3303201\COMCTL32.dll
0x00007ffba59e0000 - 0x00007ffba5a07000 	C:\WINDOWS\System32\win32u.dll
0x00007ffba6840000 - 0x00007ffba68e9000 	C:\WINDOWS\System32\msvcrt.dll
0x00007ffba5d80000 - 0x00007ffba5dab000 	C:\WINDOWS\System32\GDI32.dll
0x00007ffba52a0000 - 0x00007ffba53c9000 	C:\WINDOWS\System32\gdi32full.dll
0x00007ffba5930000 - 0x00007ffba59d3000 	C:\WINDOWS\System32\msvcp_win.dll
0x00007ffba5dc0000 - 0x00007ffba5df1000 	C:\WINDOWS\System32\IMM32.DLL
0x00007ffba0d80000 - 0x00007ffba0d8c000 	C:\Program Files\Android\Android Studio\jbr\bin\vcruntime140_1.dll
0x00007ffb4ab80000 - 0x00007ffb4ac0d000 	C:\Program Files\Android\Android Studio\jbr\bin\msvcp140.dll
0x00007ffb06370000 - 0x00007ffb07006000 	C:\Program Files\Android\Android Studio\jbr\bin\server\jvm.dll
0x00007ffba66f0000 - 0x00007ffba67ac000 	C:\WINDOWS\System32\ADVAPI32.dll
0x00007ffba7e30000 - 0x00007ffba7ed9000 	C:\WINDOWS\System32\sechost.dll
0x00007ffba5c60000 - 0x00007ffba5d78000 	C:\WINDOWS\System32\RPCRT4.dll
0x00007ffba7090000 - 0x00007ffba7110000 	C:\WINDOWS\System32\WS2_32.dll
0x00007ffba4f90000 - 0x00007ffba4fee000 	C:\WINDOWS\SYSTEM32\POWRPROF.dll
0x00007ffb983b0000 - 0x00007ffb983e6000 	C:\WINDOWS\SYSTEM32\WINMM.dll
0x00007ffb93ff0000 - 0x00007ffb93ffb000 	C:\WINDOWS\SYSTEM32\VERSION.dll
0x00007ffba4f70000 - 0x00007ffba4f85000 	C:\WINDOWS\SYSTEM32\UMPDC.dll
0x00007ffba3dd0000 - 0x00007ffba3deb000 	C:\WINDOWS\SYSTEM32\kernel.appcore.dll
0x00007ffb9c430000 - 0x00007ffb9c43a000 	C:\Program Files\Android\Android Studio\jbr\bin\jimage.dll
0x00007ffba2480000 - 0x00007ffba26cc000 	C:\WINDOWS\SYSTEM32\DBGHELP.DLL
0x00007ffba7950000 - 0x00007ffba7cd5000 	C:\WINDOWS\System32\combase.dll
0x00007ffba62c0000 - 0x00007ffba6399000 	C:\WINDOWS\System32\OLEAUT32.dll
0x00007ffb8c4f0000 - 0x00007ffb8c52b000 	C:\WINDOWS\SYSTEM32\dbgcore.DLL
0x00007ffba5a10000 - 0x00007ffba5abc000 	C:\WINDOWS\System32\bcryptPrimitives.dll
0x00007ffb98380000 - 0x00007ffb9838e000 	C:\Program Files\Android\Android Studio\jbr\bin\instrument.dll
0x00007ffb4d860000 - 0x00007ffb4d880000 	C:\Program Files\Android\Android Studio\jbr\bin\java.dll
0x00007ffb4d630000 - 0x00007ffb4d648000 	C:\Program Files\Android\Android Studio\jbr\bin\zip.dll
0x00007ffba68f0000 - 0x00007ffba7088000 	C:\WINDOWS\System32\SHELL32.dll
0x00007ffba2b60000 - 0x00007ffba340e000 	C:\WINDOWS\SYSTEM32\windows.storage.dll
0x00007ffba7d30000 - 0x00007ffba7e2b000 	C:\WINDOWS\System32\SHCORE.dll
0x00007ffba67d0000 - 0x00007ffba6836000 	C:\WINDOWS\System32\shlwapi.dll
0x00007ffba5060000 - 0x00007ffba5089000 	C:\WINDOWS\SYSTEM32\profapi.dll
0x00007ffb9c400000 - 0x00007ffb9c410000 	C:\Program Files\Android\Android Studio\jbr\bin\net.dll
0x00007ffb9d7d0000 - 0x00007ffb9d8fa000 	C:\WINDOWS\SYSTEM32\WINHTTP.dll
0x00007ffba4370000 - 0x00007ffba43dc000 	C:\WINDOWS\system32\mswsock.dll
0x00007ffb4cbb0000 - 0x00007ffb4cbc6000 	C:\Program Files\Android\Android Studio\jbr\bin\nio.dll
0x00007ffb4a730000 - 0x00007ffb4a740000 	C:\Program Files\Android\Android Studio\jbr\bin\verify.dll
0x00007ffb4bb90000 - 0x00007ffb4bbb7000 	C:\Users\LENOVO\.gradle\native\1def1411415f61bf3af743bc5b6707747c0891f09f0c88961ee8f79bc544acac\windows-amd64\native-platform.dll
0x00007ffb4a110000 - 0x00007ffb4a188000 	C:\Users\LENOVO\.gradle\native\0.2.7\x86_64-windows-gnu\gradle-fileevents.dll
0x00007ffb4dd30000 - 0x00007ffb4dd39000 	C:\Program Files\Android\Android Studio\jbr\bin\management.dll
0x00007ffb4d850000 - 0x00007ffb4d85b000 	C:\Program Files\Android\Android Studio\jbr\bin\management_ext.dll
0x00007ffba5db0000 - 0x00007ffba5db8000 	C:\WINDOWS\System32\PSAPI.DLL
0x00007ffba3780000 - 0x00007ffba37b3000 	C:\WINDOWS\SYSTEM32\IPHLPAPI.DLL
0x00007ffba7120000 - 0x00007ffba712a000 	C:\WINDOWS\System32\NSI.dll
0x00007ffb64510000 - 0x00007ffb64519000 	C:\Program Files\Android\Android Studio\jbr\bin\extnet.dll
0x00007ffba4790000 - 0x00007ffba47ab000 	C:\WINDOWS\SYSTEM32\CRYPTSP.dll
0x00007ffba3d30000 - 0x00007ffba3d69000 	C:\WINDOWS\system32\rsaenh.dll
0x00007ffba4420000 - 0x00007ffba4454000 	C:\WINDOWS\SYSTEM32\USERENV.dll
0x00007ffba5030000 - 0x00007ffba505a000 	C:\WINDOWS\SYSTEM32\bcrypt.dll
0x00007ffba45d0000 - 0x00007ffba45dc000 	C:\WINDOWS\SYSTEM32\CRYPTBASE.dll
0x00007ffb7b120000 - 0x00007ffb7b128000 	C:\WINDOWS\system32\wshunix.dll
0x00007ffb814d0000 - 0x00007ffb814e8000 	C:\WINDOWS\system32\napinsp.dll
0x00007ffba3810000 - 0x00007ffba3968000 	C:\WINDOWS\SYSTEM32\DNSAPI.dll
0x00007ffba4190000 - 0x00007ffba419d000 	C:\WINDOWS\SYSTEM32\DSPARSE.dll
0x00007ffb814b0000 - 0x00007ffb814c3000 	C:\WINDOWS\System32\winrnr.dll
0x00007ffb81480000 - 0x00007ffb814a7000 	C:\WINDOWS\system32\nlansp_c.dll
0x00007ffb98390000 - 0x00007ffb983a6000 	C:\WINDOWS\system32\wshbth.dll
0x00007ffb9e120000 - 0x00007ffb9e12b000 	C:\Windows\System32\rasadhlp.dll
0x00007ffb9e8c0000 - 0x00007ffb9e946000 	C:\WINDOWS\System32\fwpuclnt.dll
0x00007ffb87660000 - 0x00007ffb87667000 	C:\Program Files\Android\Android Studio\jbr\bin\rmi.dll

JVMTI agents:
C:\Users\LENOVO\.gradle\wrapper\dists\gradle-8.14-bin\38aieal9i53h9rfe7vjup95b9\gradle-8.14\lib\agents\gradle-instrumentation-agent-8.14.jar path:C:\Program Files\Android\Android Studio\jbr\bin\instrument.dll, loaded, initialized, instrumentlib options:none

dbghelp: loaded successfully - version: 4.0.5 - missing functions: none
symbol engine: initialized successfully - sym options: 0x614 - pdb path: .;C:\Program Files\Android\Android Studio\jbr\bin;C:\WINDOWS\SYSTEM32;C:\WINDOWS\WinSxS\amd64_microsoft.windows.common-controls_6595b64144ccf1df_6.0.26100.9278_none_3e0d1ba8e3303201;C:\Program Files\Android\Android Studio\jbr\bin\server;C:\Users\LENOVO\.gradle\native\1def1411415f61bf3af743bc5b6707747c0891f09f0c88961ee8f79bc544acac\windows-amd64;C:\Users\LENOVO\.gradle\native\0.2.7\x86_64-windows-gnu

VM Arguments:
jvm_args: --add-opens=java.base/java.lang=ALL-UNNAMED --add-opens=java.base/java.lang.invoke=ALL-UNNAMED --add-opens=java.base/java.util=ALL-UNNAMED --add-opens=java.prefs/java.util.prefs=ALL-UNNAMED --add-exports=jdk.compiler/com.sun.tools.javac.api=ALL-UNNAMED --add-exports=jdk.compiler/com.sun.tools.javac.util=ALL-UNNAMED --add-opens=java.base/java.util=ALL-UNNAMED --add-opens=java.prefs/java.util.prefs=ALL-UNNAMED --add-opens=java.base/java.nio.charset=ALL-UNNAMED --add-opens=java.base/java.net=ALL-UNNAMED --add-opens=java.base/java.util.concurrent.atomic=ALL-UNNAMED --add-opens=java.xml/javax.xml.namespace=ALL-UNNAMED -Xmx1024m -Dfile.encoding=UTF-8 -Duser.country=US -Duser.language=en -Duser.variant -javaagent:C:\Users\LENOVO\.gradle\wrapper\dists\gradle-8.14-bin\38aieal9i53h9rfe7vjup95b9\gradle-8.14\lib\agents\gradle-instrumentation-agent-8.14.jar 
java_command: org.gradle.launcher.daemon.bootstrap.GradleDaemon 8.14
java_class_path (initial): C:\Users\LENOVO\.gradle\wrapper\dists\gradle-8.14-bin\38aieal9i53h9rfe7vjup95b9\gradle-8.14\lib\gradle-daemon-main-8.14.jar
Launcher Type: SUN_STANDARD

[Global flags]
     intx CICompilerCount                          = 4                                         {product} {ergonomic}
     uint ConcGCThreads                            = 2                                         {product} {ergonomic}
     uint G1ConcRefinementThreads                  = 8                                         {product} {ergonomic}
   size_t G1HeapRegionSize                         = 1048576                                   {product} {ergonomic}
    uintx GCDrainStackTargetSize                   = 64                                        {product} {ergonomic}
   size_t InitialHeapSize                          = 98566144                                  {product} {ergonomic}
   size_t MarkStackSize                            = 4194304                                   {product} {ergonomic}
   size_t MaxHeapSize                              = 1073741824                                {product} {command line}
   size_t MaxNewSize                               = 643825664                                 {product} {ergonomic}
   size_t MinHeapDeltaBytes                        = 1048576                                   {product} {ergonomic}
   size_t MinHeapSize                              = 8388608                                   {product} {ergonomic}
    uintx NonNMethodCodeHeapSize                   = 5839372                                {pd product} {ergonomic}
    uintx NonProfiledCodeHeapSize                  = 122909434                              {pd product} {ergonomic}
    uintx ProfiledCodeHeapSize                     = 122909434                              {pd product} {ergonomic}
    uintx ReservedCodeCacheSize                    = 251658240                              {pd product} {ergonomic}
     bool SegmentedCodeCache                       = true                                      {product} {ergonomic}
   size_t SoftMaxHeapSize                          = 1073741824                             {manageable} {ergonomic}
     bool UseCompressedOops                        = true                           {product lp64_product} {ergonomic}
     bool UseG1GC                                  = true                                      {product} {ergonomic}
     bool UseLargePagesIndividualAllocation        = false                                  {pd product} {ergonomic}

Logging:
Log output configuration:
 #0: stdout all=warning uptime,level,tags foldmultilines=false
 #1: stderr all=off uptime,level,tags foldmultilines=false

Release file:
JAVA_VERSION="21.0.9" 
MODULES="java.base java.compiler java.datatransfer java.xml java.prefs java.desktop java.instrument java.logging java.management java.security.sasl java.naming java.rmi java.management.rmi java.net.http java.scripting java.security.jgss java.transaction.xa java.sql java.sql.rowset java.xml.crypto java.se java.smartcardio jdk.accessibility jdk.internal.jvmstat jdk.attach jdk.charsets jdk.internal.opt jdk.zipfs jdk.compiler jdk.crypto.ec jdk.crypto.cryptoki jdk.dynalink jdk.hotspot.agent jdk.httpserver jdk.internal.ed jdk.internal.le jdk.internal.vm.ci jdk.jartool jdk.javadoc jdk.jcmd jdk.jdeps jdk.jdwp.agent jdk.jdi jdk.jfr jdk.jlink jdk.jsobject jdk.localedata jdk.management jdk.management.agent jdk.management.jfr jdk.naming.dns jdk.naming.rmi jdk.net jdk.sctp jdk.security.auth jdk.security.jgss jdk.unsupported jdk.unsupported.desktop jdk.xml.dom" 
IMPLEMENTOR="JetBrains s.r.o." 
JAVA_RUNTIME_VERSION="21.0.9+-14787801-b1163.94" 
LIBC="default" 
OS_ARCH="x86_64" 
OS_NAME="Windows" 
SOURCE=".:git:0c757ddc9f2f" 

Environment Variables:
JAVA_HOME=C:\Program Files\Android\Android Studio\jbr
PATH=C:\WINDOWS\system32;C:\WINDOWS;C:\WINDOWS\System32\Wbem;C:\WINDOWS\System32\WindowsPowerShell\v1.0\;C:\WINDOWS\System32\OpenSSH\;C:\Program Files\Docker\Docker\resources\bin;C:\Program Files\nodejs\;C:\Program Files\Git\cmd;C:\Users\LENOVO\AppData\Local\Programs\Python\Python312\Scripts\;C:\Users\LENOVO\AppData\Local\Programs\Python\Python312\;C:\Users\LENOVO\AppData\Local\Programs\Python\Launcher\;C:\Users\LENOVO\AppData\Local\Programs\Python\Python314\Scripts\;C:\Users\LENOVO\AppData\Local\Programs\Python\Python314\;C:\Users\LENOVO\AppData\Local\Microsoft\WindowsApps;C:\Users\LENOVO\AppData\Local\Programs\Antigravity\bin;C:\Users\LENOVO\AppData\Roaming\npm;C:\ScrcpyLauncher by praveen;C:\Users\LENOVO\AppData\Local\PowerToys\DSCModules\;C:\Users\LENOVO\AppData\Local\Programs\Antigravity IDE\bin
USERNAME=LENOVO
OS=Windows_NT
PROCESSOR_IDENTIFIER=AMD64 Family 23 Model 160 Stepping 0, AuthenticAMD
TMP=C:\Users\LENOVO\AppData\Local\Temp
TEMP=C:\Users\LENOVO\AppData\Local\Temp




Periodic native trim disabled

JNI global refs:
JNI global refs: 28, weak refs: 94

JNI global refs memory usage: 835, weak refs: 1465

Process memory usage:
Resident Set Size: 608632K (9% of 6108668K total physical memory with 214916K free physical memory)

OOME stack traces (most recent first):
Classloader memory used:
Loader org.gradle.internal.classloader.VisitableURLClassLoader                         : 39951K
Loader bootstrap                                                                       : 27908K
Loader org.gradle.internal.classloader.VisitableURLClassLoader$InstrumentingVisitableURLClassLoader: 26892K
Loader jdk.internal.loader.ClassLoaders$AppClassLoader                                 : 9912K
Loader org.gradle.initialization.MixInLegacyTypesClassLoader                           : 8108K
Loader jdk.internal.reflect.DelegatingClassLoader                                      : 1367K
Loader jdk.internal.loader.ClassLoaders$PlatformClassLoader                            : 717K
Loader org.gradle.internal.classloader.VisitableURLClassLoader                         : 46728B

Classes loaded by more than one classloader:
Class com.google.common.base.PairwiseEquivalence                                      : loaded 2 times (x 83B)
Class com.google.common.base.Equivalence$Identity                                     : loaded 2 times (x 82B)
Class com.google.common.collect.RegularImmutableMap$KeySet                            : loaded 2 times (x 152B)
Class org.gradle.internal.classloader.FilteringClassLoader                            : loaded 2 times (x 105B)
Class com.google.common.collect.SortedSetMultimap                                     : loaded 2 times (x 70B)
Class org.gradle.internal.classloader.ClassLoaderHierarchy                            : loaded 2 times (x 70B)
Class com.google.common.collect.ImmutableEnumSet                                      : loaded 2 times (x 146B)
Class com.google.common.util.concurrent.ExecutionError                                : loaded 2 times (x 82B)
Class com.google.common.collect.ImmutableList$1                                       : loaded 2 times (x 97B)
Class com.google.common.collect.AbstractMapBasedMultimap$WrappedCollection            : loaded 2 times (x 124B)
Class org.gradle.api.internal.classpath.ManifestUtil                                  : loaded 2 times (x 71B)
Class com.google.common.collect.RegularImmutableMap                                   : loaded 2 times (x 121B)
Class com.google.common.collect.ImmutableMap$MapViewOfValuesAsSingletonSets           : loaded 2 times (x 126B)
Class com.google.common.collect.UnmodifiableListIterator                              : loaded 2 times (x 95B)
Class com.google.common.base.Platform$JdkPatternCompiler                              : loaded 2 times (x 75B)
Class [Lcom.google.common.cache.CacheBuilder$OneWeigher;                              : loaded 2 times (x 69B)
Class com.google.common.base.Suppliers                                                : loaded 2 times (x 71B)
Class org.gradle.internal.classloader.DefaultClassLoaderFactory                       : loaded 2 times (x 82B)
Class org.gradle.internal.classloader.ClassLoaderVisitor                              : loaded 2 times (x 76B)
Class org.gradle.api.internal.classpath.EffectiveClassPath                            : loaded 2 times (x 90B)
Class com.google.common.collect.ImmutableEnumMap                                      : loaded 2 times (x 126B)
Class com.google.common.collect.ListMultimap                                          : loaded 2 times (x 70B)
Class com.google.common.collect.Sets$1                                                : loaded 2 times (x 139B)
Class com.google.common.collect.ImmutableSet$SerializedForm                           : loaded 2 times (x 73B)
Class org.gradle.api.internal.DefaultClassPathProvider                                : loaded 2 times (x 76B)
Class com.google.common.collect.Sets$2                                                : loaded 2 times (x 139B)
Class [Lorg.gradle.api.internal.ClassPathProvider;                                    : loaded 2 times (x 69B)
Class org.gradle.api.internal.ClassPathProvider                                       : loaded 2 times (x 70B)
Class com.google.common.collect.Sets$3                                                : loaded 2 times (x 139B)
Class com.google.common.cache.LocalCache$LocalLoadingCache                            : loaded 2 times (x 134B)
Class org.gradle.internal.service.UnknownServiceException                             : loaded 2 times (x 83B)
Class com.google.common.collect.Sets$4                                                : loaded 2 times (x 139B)
Class com.google.common.cache.LocalCache$Strength$1                                   : loaded 2 times (x 81B)
Class com.google.common.cache.LocalCache$Strength$2                                   : loaded 2 times (x 81B)
Class com.google.common.cache.LocalCache$Strength$3                                   : loaded 2 times (x 81B)
Class com.google.common.collect.MapDifference                                         : loaded 2 times (x 70B)
Class com.google.common.cache.CacheBuilder$NullListener                               : loaded 2 times (x 82B)
Class org.gradle.internal.classpath.TransformedClassPath                              : loaded 2 times (x 96B)
Class org.gradle.internal.classloader.InstrumentingClassLoader                        : loaded 2 times (x 70B)
Class com.google.common.collect.ImmutableCollection$Builder                           : loaded 2 times (x 76B)
Class com.google.common.cache.CacheLoader$FunctionToCacheLoader                       : loaded 2 times (x 75B)
Class com.google.common.collect.Iterators$ArrayItr                                    : loaded 2 times (x 97B)
Class com.google.common.base.MoreObjects                                              : loaded 2 times (x 71B)
Class com.google.common.base.Joiner                                                   : loaded 2 times (x 79B)
Class com.google.common.collect.UnmodifiableIterator                                  : loaded 2 times (x 80B)
Class org.gradle.internal.service.ServiceLocator                                      : loaded 2 times (x 70B)
Class com.google.common.cache.LocalCache$1                                            : loaded 2 times (x 89B)
Class com.google.common.collect.Iterators$SingletonIterator                           : loaded 2 times (x 81B)
Class com.google.common.collect.AbstractMapEntry                                      : loaded 2 times (x 81B)
Class com.google.common.collect.ImmutableList$Builder                                 : loaded 2 times (x 77B)
Class com.google.common.collect.AbstractSetMultimap                                   : loaded 2 times (x 174B)
Class com.google.common.cache.LocalCache$2                                            : loaded 2 times (x 142B)
Class com.google.common.collect.AbstractMultimap                                      : loaded 2 times (x 123B)
Class com.google.common.collect.RegularImmutableAsList                                : loaded 2 times (x 217B)
Class com.google.common.collect.Iterators                                             : loaded 2 times (x 71B)
Class com.google.common.collect.Lists$StringAsImmutableList                           : loaded 2 times (x 207B)
Class com.google.common.util.concurrent.UncheckedExecutionException                   : loaded 2 times (x 82B)
Class org.gradle.internal.InternalTransformer                                         : loaded 2 times (x 70B)
Class com.google.common.cache.CacheLoader$UnsupportedLoadingOperationException        : loaded 2 times (x 82B)
Class org.gradle.internal.classloader.ClasspathUtil$1                                 : loaded 2 times (x 76B)
Class com.google.common.collect.IndexedImmutableSet                                   : loaded 2 times (x 152B)
Class com.google.common.collect.ImmutableMap$1                                        : loaded 2 times (x 81B)
Class com.google.common.collect.BiMap                                                 : loaded 2 times (x 70B)
Class org.gradle.api.internal.classpath.DefaultModuleRegistry$DefaultModule           : loaded 2 times (x 86B)
Class com.google.common.primitives.Ints                                               : loaded 2 times (x 71B)
Class com.google.common.collect.AbstractIterator                                      : loaded 2 times (x 82B)
Class com.google.common.math.MathPreconditions                                        : loaded 2 times (x 71B)
Class com.google.common.collect.ObjectArrays                                          : loaded 2 times (x 71B)
Class com.google.common.collect.AbstractIndexedListIterator                           : loaded 2 times (x 96B)
Class com.google.common.collect.ArrayListMultimapGwtSerializationDependencies         : loaded 2 times (x 172B)
Class com.google.common.collect.Multiset                                              : loaded 2 times (x 70B)
Class com.google.common.collect.ImmutableMapEntrySet                                  : loaded 2 times (x 152B)
Class org.gradle.api.internal.classpath.Module                                        : loaded 2 times (x 70B)
Class com.google.common.cache.Weigher                                                 : loaded 2 times (x 70B)
Class org.gradle.api.internal.classpath.UnknownModuleException                        : loaded 2 times (x 82B)
Class com.google.common.cache.LocalCache$Strength                                     : loaded 2 times (x 81B)
Class com.google.common.cache.Cache                                                   : loaded 2 times (x 70B)
Class com.google.common.base.NullnessCasts                                            : loaded 2 times (x 71B)
Class com.google.common.collect.ImmutableMap$Builder                                  : loaded 2 times (x 82B)
Class com.google.common.collect.AbstractMapBasedMultimap$WrappedCollection$WrappedIterator: loaded 2 times (x 84B)
Class com.google.common.cache.RemovalListener                                         : loaded 2 times (x 70B)
Class org.gradle.api.internal.DefaultClassPathRegistry                                : loaded 2 times (x 76B)
Class com.google.common.primitives.IntsMethodsForWeb                                  : loaded 2 times (x 71B)
Class com.google.common.collect.Multimap                                              : loaded 2 times (x 70B)
Class org.gradle.api.internal.ClassPathRegistry                                       : loaded 2 times (x 70B)
Class org.gradle.internal.classpath.DefaultClassPath$ImmutableUniqueList              : loaded 2 times (x 199B)
Class com.google.common.cache.CacheBuilder                                            : loaded 2 times (x 72B)
Class com.google.common.collect.SingletonImmutableList                                : loaded 2 times (x 207B)
Class org.gradle.internal.classpath.ClassPath                                         : loaded 2 times (x 70B)
Class org.gradle.api.UncheckedIOException                                             : loaded 2 times (x 82B)
Class com.google.common.base.JdkPattern                                               : loaded 2 times (x 75B)
Class com.google.common.collect.ImmutableList$ReverseImmutableList                    : loaded 2 times (x 209B)
Class com.google.common.base.Suppliers$SupplierOfInstance                             : loaded 2 times (x 79B)
Class com.google.common.collect.Iterators$1                                           : loaded 2 times (x 81B)
Class com.google.common.cache.LocalCache$ComputingValueReference                      : loaded 2 times (x 96B)
Class com.google.common.collect.ImmutableMap$IteratorBasedImmutableMap                : loaded 2 times (x 126B)
Class com.google.common.collect.SingletonImmutableSet                                 : loaded 2 times (x 146B)
Class com.google.common.cache.LocalCache$Segment                                      : loaded 2 times (x 154B)
Class com.google.common.cache.CacheLoader                                             : loaded 2 times (x 74B)
Class com.google.common.collect.Iterators$4                                           : loaded 2 times (x 82B)
Class com.google.common.collect.ImmutableBiMap                                        : loaded 2 times (x 143B)
Class com.google.common.collect.AbstractListMultimap                                  : loaded 2 times (x 172B)
Class org.gradle.internal.installation.GradleInstallation$1                           : loaded 2 times (x 75B)
Class org.gradle.api.internal.classpath.ModuleRegistry                                : loaded 2 times (x 70B)
Class com.google.common.collect.ImmutableSet$JdkBackedSetBuilderImpl                  : loaded 2 times (x 76B)
Class com.google.common.collect.Iterators$5                                           : loaded 2 times (x 82B)
Class com.google.common.cache.LocalCache$LocalManualCache$1                           : loaded 2 times (x 75B)
Class com.google.common.collect.Multimaps$CustomSetMultimap                           : loaded 2 times (x 178B)
Class com.google.common.collect.ImmutableCollection                                   : loaded 2 times (x 125B)
Class org.gradle.api.internal.classpath.DefaultModuleRegistry                         : loaded 2 times (x 86B)
Class com.google.common.util.concurrent.ListenableFuture                              : loaded 2 times (x 70B)
Class com.google.common.collect.Lists                                                 : loaded 2 times (x 71B)
Class com.google.common.cache.ReferenceEntry                                          : loaded 2 times (x 70B)
Class com.google.common.base.Converter                                                : loaded 2 times (x 90B)
Class com.google.common.collect.ImmutableSet$CachingAsList                            : loaded 2 times (x 148B)
Class com.google.common.base.FunctionalEquivalence                                    : loaded 2 times (x 83B)
Class com.google.common.collect.Iterators$9                                           : loaded 2 times (x 81B)
Class com.google.common.collect.AbstractMapBasedMultimap                              : loaded 2 times (x 139B)
Class com.google.common.collect.ImmutableAsList                                       : loaded 2 times (x 209B)
Class com.google.common.cache.CacheLoader$SupplierToCacheLoader                       : loaded 2 times (x 75B)
Class com.google.common.collect.Maps$EntryTransformer                                 : loaded 2 times (x 70B)
Class org.gradle.internal.service.ServiceLookupException                              : loaded 2 times (x 82B)
Class [Lcom.google.common.cache.LocalCache$EntryFactory;                              : loaded 2 times (x 69B)
Class org.gradle.internal.classloader.ClassLoaderFactory                              : loaded 2 times (x 70B)
Class com.google.common.base.CommonPattern                                            : loaded 2 times (x 74B)
Class com.google.common.cache.LocalCache$LocalManualCache                             : loaded 2 times (x 99B)
Class org.gradle.internal.service.CachingServiceLocator                               : loaded 2 times (x 82B)
Class com.google.common.math.IntMath                                                  : loaded 2 times (x 71B)
Class com.google.common.collect.ImmutableMapEntry                                     : loaded 2 times (x 85B)
Class com.google.common.base.Equivalence                                              : loaded 2 times (x 82B)
Class com.google.common.collect.ImmutableMapEntry$NonTerminalImmutableMapEntry        : loaded 2 times (x 85B)
Class com.google.common.base.Function                                                 : loaded 2 times (x 70B)
Class com.google.common.cache.CacheBuilder$OneWeigher                                 : loaded 2 times (x 82B)
Class com.google.common.collect.RegularImmutableList                                  : loaded 2 times (x 213B)
Class org.gradle.internal.classloader.ClasspathUtil                                   : loaded 2 times (x 71B)
Class com.google.common.collect.AbstractMapBasedMultimap$WrappedSet                   : loaded 2 times (x 142B)
Class com.google.common.collect.Maps                                                  : loaded 2 times (x 71B)
Class org.gradle.api.specs.Spec                                                       : loaded 2 times (x 70B)
Class com.google.common.cache.LocalCache$LoadingValueReference                        : loaded 2 times (x 96B)
Class com.google.common.base.Platform                                                 : loaded 2 times (x 71B)
Class com.google.common.collect.Maps$8                                                : loaded 2 times (x 82B)
Class com.google.common.collect.Sets$SetView                                          : loaded 2 times (x 138B)
Class org.gradle.internal.classloader.VisitableURLClassLoader$InstrumentingVisitableURLClassLoader: loaded 2 times (x 123B)
Class com.google.common.math.IntMath$1                                                : loaded 2 times (x 71B)
Class [Lcom.google.common.cache.CacheBuilder$NullListener;                            : loaded 2 times (x 69B)
Class org.gradle.internal.classloader.VisitableURLClassLoader$Spec                    : loaded 2 times (x 74B)
Class org.gradle.internal.classpath.DefaultClassPath                                  : loaded 2 times (x 90B)
Class com.google.common.collect.RegularImmutableMap$Values                            : loaded 2 times (x 207B)
Class com.google.common.collect.ImmutableSet                                          : loaded 2 times (x 145B)
Class org.gradle.internal.classloader.ClassLoaderSpec                                 : loaded 2 times (x 71B)
Class com.google.common.cache.CacheStats                                              : loaded 2 times (x 71B)
Class com.google.common.base.Supplier                                                 : loaded 2 times (x 70B)
Class org.gradle.internal.classloader.VisitableURLClassLoader                         : loaded 2 times (x 117B)
Class com.google.common.collect.ImmutableList$SerializedForm                          : loaded 2 times (x 73B)
Class org.gradle.internal.Cast                                                        : loaded 2 times (x 71B)
Class org.gradle.api.Action                                                           : loaded 2 times (x 70B)
Class com.google.common.collect.Sets                                                  : loaded 2 times (x 71B)
Class com.google.common.base.Strings                                                  : loaded 2 times (x 71B)
Class com.google.common.base.Ticker                                                   : loaded 2 times (x 72B)
Class [Lcom.google.common.cache.LocalCache$Segment;                                   : loaded 2 times (x 69B)
Class com.google.common.base.Predicate                                                : loaded 2 times (x 70B)
Class [Lcom.google.common.cache.LocalCache$Strength;                                  : loaded 2 times (x 69B)
Class com.google.common.cache.CacheBuilder$1                                          : loaded 2 times (x 85B)
Class com.google.common.collect.ImmutableMap                                          : loaded 2 times (x 120B)
Class org.gradle.internal.classpath.DefaultClassPath$ImmutableUniqueList$Builder      : loaded 2 times (x 75B)
Class com.google.common.cache.LocalCache                                              : loaded 2 times (x 187B)
Class com.google.common.cache.CacheBuilder$2                                          : loaded 2 times (x 79B)
Class com.google.common.cache.CacheBuilder$3                                          : loaded 2 times (x 72B)
Class com.google.common.collect.ImmutableEntry                                        : loaded 2 times (x 82B)
Class com.google.common.collect.ArrayListMultimap                                     : loaded 2 times (x 172B)
Class org.gradle.api.GradleException                                                  : loaded 2 times (x 82B)
Class com.google.common.base.Suppliers$MemoizingSupplier                              : loaded 2 times (x 79B)
Class com.google.common.collect.CollectPreconditions                                  : loaded 2 times (x 71B)
Class com.google.common.collect.ForwardingMap                                         : loaded 2 times (x 132B)
Class com.google.common.collect.SortedMapDifference                                   : loaded 2 times (x 70B)
Class com.google.common.cache.LocalCache$EntryFactory                                 : loaded 2 times (x 83B)
Class org.gradle.internal.IoActions                                                   : loaded 2 times (x 71B)
Class com.google.common.cache.CacheLoader$InvalidCacheLoadException                   : loaded 2 times (x 82B)
Class com.google.common.collect.ImmutableSet$RegularSetBuilderImpl                    : loaded 2 times (x 77B)
Class org.gradle.internal.classloader.SystemClassLoaderSpec                           : loaded 2 times (x 71B)
Class com.google.common.cache.LoadingCache                                            : loaded 2 times (x 70B)
Class com.google.common.base.Suppliers$NonSerializableMemoizingSupplier               : loaded 2 times (x 79B)
Class [Lcom.google.common.cache.Weigher;                                              : loaded 2 times (x 69B)
Class com.google.common.collect.RegularImmutableMap$BucketOverflowException           : loaded 2 times (x 82B)
Class com.google.common.cache.LocalCache$ValueReference                               : loaded 2 times (x 70B)
Class com.google.common.collect.Hashing                                               : loaded 2 times (x 71B)
Class com.google.common.base.PatternCompiler                                          : loaded 2 times (x 70B)
Class com.google.common.base.Equivalence$Equals                                       : loaded 2 times (x 82B)
Class com.google.common.base.Preconditions                                            : loaded 2 times (x 71B)
Class com.google.common.base.Joiner$1                                                 : loaded 2 times (x 80B)
Class com.google.common.collect.PeekingIterator                                       : loaded 2 times (x 70B)
Class com.google.common.cache.LocalCache$EntryFactory$1                               : loaded 2 times (x 83B)
Class [Lcom.google.common.cache.RemovalListener;                                      : loaded 2 times (x 69B)
Class com.google.common.base.Joiner$2                                                 : loaded 2 times (x 79B)
Class com.google.common.cache.LocalCache$EntryFactory$2                               : loaded 2 times (x 83B)
Class org.gradle.api.internal.classpath.GlobalCacheRootsProvider                      : loaded 2 times (x 70B)
Class com.google.common.collect.Multimaps                                             : loaded 2 times (x 71B)
Class com.google.common.cache.LocalCache$EntryFactory$3                               : loaded 2 times (x 83B)
Class com.google.common.base.Ticker$1                                                 : loaded 2 times (x 72B)
Class com.google.common.collect.ImmutableMapEntrySet$RegularEntrySet                  : loaded 2 times (x 152B)
Class com.google.common.collect.Maps$BiMapConverter                                   : loaded 2 times (x 90B)
Class com.google.common.collect.SetMultimap                                           : loaded 2 times (x 70B)
Class com.google.common.cache.LocalCache$EntryFactory$4                               : loaded 2 times (x 83B)
Class com.google.common.cache.LocalCache$EntryFactory$5                               : loaded 2 times (x 83B)
Class com.google.common.cache.LocalCache$EntryFactory$6                               : loaded 2 times (x 83B)
Class org.gradle.internal.installation.CurrentGradleInstallationLocator               : loaded 2 times (x 71B)
Class com.google.common.cache.LocalCache$EntryFactory$7                               : loaded 2 times (x 83B)
Class com.google.common.collect.ImmutableList                                         : loaded 2 times (x 206B)
Class org.gradle.internal.service.DefaultServiceLocator                               : loaded 2 times (x 83B)
Class com.google.common.cache.LocalCache$EntryFactory$8                               : loaded 2 times (x 83B)
Class com.google.common.collect.ImmutableSet$SetBuilderImpl                           : loaded 2 times (x 76B)
Class org.gradle.internal.installation.CurrentGradleInstallation                      : loaded 2 times (x 73B)
Class com.google.common.cache.CacheLoader$1                                           : loaded 2 times (x 75B)
Class com.google.common.collect.ForwardingObject                                      : loaded 2 times (x 72B)
Class com.google.common.collect.ImmutableList$SubList                                 : loaded 2 times (x 209B)
Class org.gradle.util.internal.GUtil                                                  : loaded 2 times (x 71B)
Class com.google.common.cache.AbstractCache$StatsCounter                              : loaded 2 times (x 70B)
Class com.google.common.collect.Iterators$MergingIterator                             : loaded 2 times (x 81B)
Class com.google.common.collect.RegularImmutableSet                                   : loaded 2 times (x 149B)
Class org.gradle.internal.installation.GradleInstallation                             : loaded 2 times (x 75B)
Class com.google.common.collect.Iterables                                             : loaded 2 times (x 71B)

---------------  S Y S T E M  ---------------

OS:
 Windows 11 , 64 bit Build 26100 (10.0.26100.9444)
OS uptime: 3 days 17:02 hours
Hyper-V role detected

CPU: total 8 (initial active 8) (8 cores per cpu, 2 threads per core) family 23 model 160 stepping 0 microcode 0x8a0000a, cx8, cmov, fxsr, ht, mmx, 3dnowpref, sse, sse2, sse3, ssse3, sse4a, sse4.1, sse4.2, popcnt, lzcnt, tsc, tscinvbit, avx, avx2, aes, clmul, bmi1, bmi2, adx, sha, fma, vzeroupper, clflush, clflushopt, hv, rdtscp, rdpid, f16c
Processor Information for the first 8 processors :
  Max Mhz: 2401, Current Mhz: 2401, Mhz Limit: 2401

Memory: 4k page, system-wide physical 5965M (188M free)
TotalPageFile size 24397M (AvailPageFile size 0M)
current process WorkingSet (physical memory assigned to process): 601M, peak: 696M
current process commit charge ("private bytes"): 966M, peak: 968M

vm_info: OpenJDK 64-Bit Server VM (21.0.9+-14787801-b1163.94) for windows-amd64 JRE (21.0.9+-14787801-b1163.94), built on 2026-01-27T21:15:44Z by "builder" with MS VC++ 16.10 / 16.11 (VS2019)

END.
