#
# There is insufficient memory for the Java Runtime Environment to continue.
# Native memory allocation (mmap) failed to map 65536 bytes. Error detail: Failed to commit metaspace.
# Possible reasons:
#   The system is out of physical RAM or swap space
#   This process is running with CompressedOops enabled, and the Java Heap may be blocking the growth of the native heap
# Possible solutions:
#   Reduce memory load on the system
#   Increase physical memory or swap space
#   Check if swap backing store is full
#   Decrease Java heap size (-Xmx/-Xms)
#   Decrease number of Java threads
#   Decrease Java thread stack sizes (-Xss)
#   Set larger code cache with -XX:ReservedCodeCacheSize=
#   JVM is running with Unscaled Compressed Oops mode in which the Java heap is
#     placed in the first 4GB address space. The Java Heap base address is the
#     maximum limit for the native heap growth. Please use -XX:HeapBaseMinAddress
#     to set the Java Heap base and to place the Java Heap above 4GB virtual address.
# This output file may be truncated or incomplete.
#
#  Out of Memory Error (virtualSpaceNode.cpp:113), pid=8072, tid=27684
#
# JRE version: OpenJDK Runtime Environment Temurin-21.0.12.1+1 (21.0.12.1+1) (build 21.0.12.1+1-LTS)
# Java VM: OpenJDK 64-Bit Server VM Temurin-21.0.12.1+1 (21.0.12.1+1-LTS, mixed mode, sharing, tiered, compressed oops, compressed class ptrs, g1 gc, windows-amd64)
# No core dump will be written. Minidumps are not enabled by default on client versions of Windows
#

---------------  S U M M A R Y ------------

Command Line: --add-opens=java.base/java.lang=ALL-UNNAMED --add-opens=java.base/java.lang.invoke=ALL-UNNAMED --add-opens=java.base/java.util=ALL-UNNAMED --add-opens=java.prefs/java.util.prefs=ALL-UNNAMED --add-exports=jdk.compiler/com.sun.tools.javac.api=ALL-UNNAMED --add-exports=jdk.compiler/com.sun.tools.javac.util=ALL-UNNAMED --add-opens=java.base/java.util=ALL-UNNAMED --add-opens=java.prefs/java.util.prefs=ALL-UNNAMED --add-opens=java.base/java.nio.charset=ALL-UNNAMED --add-opens=java.base/java.net=ALL-UNNAMED --add-opens=java.base/java.util.concurrent.atomic=ALL-UNNAMED --add-opens=java.xml/javax.xml.namespace=ALL-UNNAMED -Xmx1024m -Dfile.encoding=UTF-8 -Duser.country=US -Duser.language=en -Duser.variant -javaagent:C:\Users\LENOVO\.gradle\wrapper\dists\gradle-8.14-bin\38aieal9i53h9rfe7vjup95b9\gradle-8.14\lib\agents\gradle-instrumentation-agent-8.14.jar org.gradle.launcher.daemon.bootstrap.GradleDaemon 8.14

Host: AMD Ryzen 3 7320U with Radeon Graphics         , 8 cores, 5G,  Windows 11 , 64 bit Build 26100 (10.0.26100.9444)
Time: Thu Oct  8 17:05:22 2026 Nepal Standard Time elapsed time: 640.577499 seconds (0d 0h 10m 40s)

---------------  T H R E A D  ---------------

Current thread (0x000001c0090db710):  JavaThread "Daemon worker"        [_thread_in_vm, id=27684, stack(0x0000005404800000,0x0000005404900000) (1024K)]

Stack: [0x0000005404800000,0x0000005404900000]
Native frames: (J=compiled Java code, j=interpreted, Vv=VM code, C=native code)
V  [jvm.dll+0x6d83e9]
V  [jvm.dll+0x8b5736]
V  [jvm.dll+0x8b7cee]
V  [jvm.dll+0x8b83d3]
V  [jvm.dll+0x284596]
V  [jvm.dll+0x8b147e]
V  [jvm.dll+0x679ad4]
V  [jvm.dll+0x1e849b]
V  [jvm.dll+0x1e825e]
V  [jvm.dll+0x67c3d2]
V  [jvm.dll+0x67c202]
V  [jvm.dll+0x67a4ae]
V  [jvm.dll+0x26f864]
V  [jvm.dll+0x21a11f]
V  [jvm.dll+0x20f80e]
V  [jvm.dll+0x5b6a7f]
V  [jvm.dll+0x82f606]
V  [jvm.dll+0x4792f8]
V  [jvm.dll+0x47f128]
C  [java.dll+0x17ec]

Java frames: (J=compiled Java code, j=interpreted, Vv=VM code)
J 858  java.lang.ClassLoader.defineClass1(Ljava/lang/ClassLoader;Ljava/lang/String;[BIILjava/security/ProtectionDomain;Ljava/lang/String;)Ljava/lang/Class; java.base@21.0.12.1 (0 bytes) @ 0x000001bfb7d72f91 [0x000001bfb7d72ec0+0x00000000000000d1]
J 9560 c2 java.security.SecureClassLoader.defineClass(Ljava/lang/String;[BIILjava/security/CodeSource;)Ljava/lang/Class; java.base@21.0.12.1 (16 bytes) @ 0x000001bfb8008bf0 [0x000001bfb80084e0+0x0000000000000710]
J 4562 c1 java.net.URLClassLoader.defineClass(Ljava/lang/String;Ljdk/internal/loader/Resource;)Ljava/lang/Class; java.base@21.0.12.1 (224 bytes) @ 0x000001bfb0b17324 [0x000001bfb0b16040+0x00000000000012e4]
J 9559 c1 java.net.URLClassLoader$1.run()Ljava/lang/Class; java.base@21.0.12.1 (81 bytes) @ 0x000001bfb09c6e0c [0x000001bfb09c61e0+0x0000000000000c2c]
J 9383 c2 java.net.URLClassLoader$1.run()Ljava/lang/Object; java.base@21.0.12.1 (5 bytes) @ 0x000001bfb815e760 [0x000001bfb815e720+0x0000000000000040]
J 9171 c2 java.net.URLClassLoader.findClass(Ljava/lang/String;)Ljava/lang/Class; java.base@21.0.12.1 (47 bytes) @ 0x000001bfb7deb7dc [0x000001bfb7deb720+0x00000000000000bc]
J 9127 c1 org.gradle.internal.classloader.VisitableURLClassLoader$InstrumentingVisitableURLClassLoader.findClass(Ljava/lang/String;)Ljava/lang/Class; (36 bytes) @ 0x000001bfb03c367c [0x000001bfb03c35a0+0x00000000000000dc]
J 5449 c2 java.lang.ClassLoader.loadClass(Ljava/lang/String;Z)Ljava/lang/Class; java.base@21.0.12.1 (121 bytes) @ 0x000001bfb7ffac2c [0x000001bfb7ffa3a0+0x000000000000088c]
J 3870 c2 java.lang.ClassLoader.loadClass(Ljava/lang/String;)Ljava/lang/Class; java.base@21.0.12.1 (7 bytes) @ 0x000001bfb7f2926c [0x000001bfb7f29220+0x000000000000004c]
v  ~StubRoutines::call_stub 0x000001bfb777100d
j  com.android.build.gradle.internal.cxx.configure.NdkMetaPlatforms.<clinit>()V+0
v  ~StubRoutines::call_stub 0x000001bfb777100d
j  com.android.build.gradle.internal.cxx.model.CreateCxxModuleModelKt.createCxxModuleModel(Lcom/android/build/gradle/internal/SdkComponentsBuildService;Lcom/android/build/gradle/internal/cxx/gradle/generator/CxxConfigurationParameters;)Lcom/android/build/gradle/internal/cxx/model/CxxModuleModel;+98
j  com.android.build.gradle.internal.cxx.configure.CxxCreateGradleTasksKt.createInitialCxxModel(Lcom/android/build/gradle/internal/SdkComponentsBuildService;Ljava/util/List;Lorg/gradle/api/provider/ProviderFactory;Lorg/gradle/api/file/ProjectLayout;)Ljava/util/List;+111
j  com.android.build.gradle.internal.cxx.configure.CxxCreateGradleTasksKt.createCxxTasks(Lcom/android/prefs/AndroidLocationsProvider;Lcom/android/build/gradle/internal/SdkComponentsBuildService;Lcom/android/builder/errors/IssueReporter;Lcom/android/build/gradle/internal/tasks/factory/TaskFactory;Lcom/android/build/gradle/options/ProjectOptions;Ljava/util/Collection;Lorg/gradle/api/Project;)V+309
j  com.android.build.gradle.internal.VariantTaskManager.createTopLevelTasks(Lcom/android/builder/core/ComponentType;Lcom/android/build/gradle/internal/variant/VariantModel;)V+210
j  com.android.build.gradle.internal.VariantTaskManager.createTasks(Lcom/android/builder/core/ComponentType;Lcom/android/build/gradle/internal/variant/VariantModel;)V+353
j  com.android.build.gradle.internal.plugins.BasePlugin.createAndroidTasks(Lorg/gradle/api/Project;)V+1083
j  com.android.build.gradle.internal.plugins.BasePlugin$createTasks$2$1.call()V+8
j  com.android.build.gradle.internal.profile.NoOpAnalyticsConfiguratorService.recordBlock(Lcom/google/wireless/android/sdk/stats/GradleBuildProfileSpan$ExecutionType;Ljava/lang/String;Ljava/lang/String;Lcom/android/builder/profile/Recorder$VoidBlock;)V+21
j  com.android.build.gradle.internal.plugins.BasePlugin$createTasks$2.accept(Lorg/gradle/api/Project;)V+63
j  com.android.build.gradle.internal.plugins.BasePlugin$createTasks$2.accept(Ljava/lang/Object;)V+5
j  com.android.build.gradle.internal.crash.CrashReporting$afterEvaluate$1.execute(Lorg/gradle/api/Project;)V+12
j  com.android.build.gradle.internal.crash.CrashReporting$afterEvaluate$1.execute(Ljava/lang/Object;)V+5
J 10545 c1 org.gradle.internal.code.DefaultUserCodeApplicationContext$CurrentApplication$1.execute(Ljava/lang/Object;)V (79 bytes) @ 0x000001bfb122277c [0x000001bfb12223c0+0x00000000000003bc]
j  org.gradle.configuration.internal.DefaultListenerBuildOperationDecorator$BuildOperationEmittingAction$1.run(Lorg/gradle/internal/operations/BuildOperationContext;)V+11
J 10393 c1 org.gradle.internal.operations.DefaultBuildOperationRunner$1.execute(Lorg/gradle/internal/operations/BuildOperation;Lorg/gradle/internal/operations/BuildOperationContext;)V (10 bytes) @ 0x000001bfb0fc18c4 [0x000001bfb0fc1660+0x0000000000000264]
J 7486 c1 org.gradle.internal.operations.DefaultBuildOperationRunner$2.execute(Lorg/gradle/internal/operations/BuildOperationDescriptor;Lorg/gradle/internal/operations/BuildOperationState;Lorg/gradle/internal/operations/BuildOperationState;Lorg/gradle/internal/operations/DefaultBuildOperationRunner$ReadableBuildOperationContext;Lorg/gradle/internal/operations/DefaultBuildOperationRunner$BuildOperationExecutionListener;)Lorg/gradle/internal/operations/BuildOperation; (110 bytes) @ 0x000001bfb0edf944 [0x000001bfb0edf740+0x0000000000000204]
J 7494 c1 org.gradle.internal.operations.DefaultBuildOperationRunner$2.execute(Lorg/gradle/internal/operations/BuildOperationDescriptor;Lorg/gradle/internal/operations/BuildOperationState;Lorg/gradle/internal/operations/BuildOperationState;Lorg/gradle/internal/operations/DefaultBuildOperationRunner$ReadableBuildOperationContext;Lorg/gradle/internal/operations/DefaultBuildOperationRunner$BuildOperationExecutionListener;)Ljava/lang/Object; (12 bytes) @ 0x000001bfb0ee53cc [0x000001bfb0ee5340+0x000000000000008c]
J 7491 c1 org.gradle.internal.operations.DefaultBuildOperationRunner.execute(Lorg/gradle/internal/operations/BuildOperationDescriptor$Builder;Lorg/gradle/internal/operations/BuildOperationState;Lorg/gradle/internal/operations/DefaultBuildOperationRunner$BuildOperationExecution;)Ljava/lang/Object; (147 bytes) @ 0x000001bfb0ee3c04 [0x000001bfb0ee3100+0x0000000000000b04]
J 7490 c1 org.gradle.internal.operations.DefaultBuildOperationRunner.execute(Lorg/gradle/internal/operations/BuildOperation;Lorg/gradle/internal/operations/BuildOperationWorker;Lorg/gradle/internal/operations/BuildOperationState;)V (23 bytes) @ 0x000001bfb0ee2194 [0x000001bfb0ee1ee0+0x00000000000002b4]
J 10392 c1 org.gradle.internal.operations.DefaultBuildOperationRunner.run(Lorg/gradle/internal/operations/RunnableBuildOperation;)V (13 bytes) @ 0x000001bfb0f2515c [0x000001bfb0f24d80+0x00000000000003dc]
j  org.gradle.configuration.internal.DefaultListenerBuildOperationDecorator$BuildOperationEmittingAction.execute(Ljava/lang/Object;)V+24
j  org.gradle.internal.event.BroadcastDispatch$ActionInvocationHandler.dispatch(Lorg/gradle/internal/dispatch/MethodInvocation;)V+24
j  org.gradle.internal.event.BroadcastDispatch$ActionInvocationHandler.dispatch(Ljava/lang/Object;)V+5
J 10029 c2 org.gradle.internal.event.AbstractBroadcastDispatch.dispatch(Lorg/gradle/internal/dispatch/MethodInvocation;Lorg/gradle/internal/dispatch/Dispatch;)V (74 bytes) @ 0x000001bfb820c92c [0x000001bfb820c1a0+0x000000000000078c]
J 3380 c1 org.gradle.internal.event.BroadcastDispatch$SingletonDispatch.dispatch(Ljava/lang/Object;)V (9 bytes) @ 0x000001bfb08baffc [0x000001bfb08badc0+0x000000000000023c]
j  org.gradle.internal.event.AbstractBroadcastDispatch.dispatch(Lorg/gradle/internal/dispatch/MethodInvocation;Ljava/util/Iterator;)V+25
J 5265 c1 org.gradle.internal.event.AbstractBroadcastDispatch.dispatch(Lorg/gradle/internal/dispatch/MethodInvocation;Ljava/util/List;)V (65 bytes) @ 0x000001bfb03a4c7c [0x000001bfb03a4a20+0x000000000000025c]
j  org.gradle.internal.event.BroadcastDispatch$CompositeDispatch.dispatch(Lorg/gradle/internal/dispatch/MethodInvocation;)V+6
j  org.gradle.internal.event.BroadcastDispatch$CompositeDispatch.dispatch(Ljava/lang/Object;)V+5
J 9060 c1 org.gradle.internal.event.ListenerBroadcast.dispatch(Ljava/lang/Object;)V (9 bytes) @ 0x000001bfb054bd94 [0x000001bfb054bae0+0x00000000000002b4]
J 9025 c1 org.gradle.internal.dispatch.ProxyDispatchAdapter$DispatchingInvocationHandler.invoke(Ljava/lang/Object;Ljava/lang/reflect/Method;[Ljava/lang/Object;)Ljava/lang/Object; (184 bytes) @ 0x000001bfb0ab9bec [0x000001bfb0ab8540+0x00000000000016ac]
j  jdk.proxy1.$Proxy58.afterEvaluate(Lorg/gradle/api/Project;Lorg/gradle/api/ProjectState;)V+20 jdk.proxy1
j  org.gradle.configuration.project.LifecycleProjectEvaluator$NotifyAfterEvaluate$1.execute(Lorg/gradle/api/ProjectEvaluationListener;)V+15
j  org.gradle.configuration.project.LifecycleProjectEvaluator$NotifyAfterEvaluate$1.execute(Ljava/lang/Object;)V+5
j  org.gradle.api.internal.project.DefaultProject.stepEvaluationListener(Lorg/gradle/api/ProjectEvaluationListener;Lorg/gradle/api/Action;)Lorg/gradle/api/ProjectEvaluationListener;+19
j  org.gradle.configuration.project.LifecycleProjectEvaluator$NotifyAfterEvaluate.run(Lorg/gradle/internal/operations/BuildOperationContext;)V+25
J 10393 c1 org.gradle.internal.operations.DefaultBuildOperationRunner$1.execute(Lorg/gradle/internal/operations/BuildOperation;Lorg/gradle/internal/operations/BuildOperationContext;)V (10 bytes) @ 0x000001bfb0fc18c4 [0x000001bfb0fc1660+0x0000000000000264]
J 7486 c1 org.gradle.internal.operations.DefaultBuildOperationRunner$2.execute(Lorg/gradle/internal/operations/BuildOperationDescriptor;Lorg/gradle/internal/operations/BuildOperationState;Lorg/gradle/internal/operations/BuildOperationState;Lorg/gradle/internal/operations/DefaultBuildOperationRunner$ReadableBuildOperationContext;Lorg/gradle/internal/operations/DefaultBuildOperationRunner$BuildOperationExecutionListener;)Lorg/gradle/internal/operations/BuildOperation; (110 bytes) @ 0x000001bfb0edf944 [0x000001bfb0edf740+0x0000000000000204]
J 7494 c1 org.gradle.internal.operations.DefaultBuildOperationRunner$2.execute(Lorg/gradle/internal/operations/BuildOperationDescriptor;Lorg/gradle/internal/operations/BuildOperationState;Lorg/gradle/internal/operations/BuildOperationState;Lorg/gradle/internal/operations/DefaultBuildOperationRunner$ReadableBuildOperationContext;Lorg/gradle/internal/operations/DefaultBuildOperationRunner$BuildOperationExecutionListener;)Ljava/lang/Object; (12 bytes) @ 0x000001bfb0ee53cc [0x000001bfb0ee5340+0x000000000000008c]
J 7491 c1 org.gradle.internal.operations.DefaultBuildOperationRunner.execute(Lorg/gradle/internal/operations/BuildOperationDescriptor$Builder;Lorg/gradle/internal/operations/BuildOperationState;Lorg/gradle/internal/operations/DefaultBuildOperationRunner$BuildOperationExecution;)Ljava/lang/Object; (147 bytes) @ 0x000001bfb0ee3c04 [0x000001bfb0ee3100+0x0000000000000b04]
J 7490 c1 org.gradle.internal.operations.DefaultBuildOperationRunner.execute(Lorg/gradle/internal/operations/BuildOperation;Lorg/gradle/internal/operations/BuildOperationWorker;Lorg/gradle/internal/operations/BuildOperationState;)V (23 bytes) @ 0x000001bfb0ee2194 [0x000001bfb0ee1ee0+0x00000000000002b4]
J 10392 c1 org.gradle.internal.operations.DefaultBuildOperationRunner.run(Lorg/gradle/internal/operations/RunnableBuildOperation;)V (13 bytes) @ 0x000001bfb0f2515c [0x000001bfb0f24d80+0x00000000000003dc]
j  org.gradle.configuration.project.LifecycleProjectEvaluator$EvaluateProject.lambda$run$0(Lorg/gradle/internal/operations/BuildOperationContext;Lorg/gradle/api/internal/project/ProjectInternal;)V+102
j  org.gradle.configuration.project.LifecycleProjectEvaluator$EvaluateProject$$Lambda+0x000001bfc56536a0.accept(Ljava/lang/Object;)V+12
j  org.gradle.api.internal.project.DefaultProjectStateRegistry$ProjectStateImpl.lambda$applyToMutableState$1(Ljava/util/function/Consumer;Lorg/gradle/api/internal/project/ProjectInternal;)Ljava/lang/Object;+2
j  org.gradle.api.internal.project.DefaultProjectStateRegistry$ProjectStateImpl$$Lambda+0x000001bfc56538d8.apply(Ljava/lang/Object;)Ljava/lang/Object;+8
j  org.gradle.api.internal.project.DefaultProjectStateRegistry$ProjectStateImpl.lambda$fromMutableState$2(Ljava/util/function/Function;)Ljava/lang/Object;+5
j  org.gradle.api.internal.project.DefaultProjectStateRegistry$ProjectStateImpl$$Lambda+0x000001bfc5653b20.create()Ljava/lang/Object;+8
j  org.gradle.internal.work.DefaultWorkerLeaseService.withReplacedLocks(Ljava/util/Collection;Lorg/gradle/internal/resources/ResourceLock;Lorg/gradle/internal/Factory;)Ljava/lang/Object;+40
j  org.gradle.api.internal.project.DefaultProjectStateRegistry$ProjectStateImpl.fromMutableState(Ljava/util/function/Function;)Ljava/lang/Object;+133
j  org.gradle.api.internal.project.DefaultProjectStateRegistry$ProjectStateImpl.applyToMutableState(Ljava/util/function/Consumer;)V+7
j  org.gradle.configuration.project.LifecycleProjectEvaluator$EvaluateProject.run(Lorg/gradle/internal/operations/BuildOperationContext;)V+16
j  org.gradle.internal.operations.DefaultBuildOperationRunner$1.execute(Lorg/gradle/internal/operations/RunnableBuildOperation;Lorg/gradle/internal/operations/BuildOperationContext;)V+2
j  org.gradle.internal.operations.DefaultBuildOperationRunner$1.execute(Lorg/gradle/internal/operations/BuildOperation;Lorg/gradle/internal/operations/BuildOperationContext;)V+6
J 7486 c1 org.gradle.internal.operations.DefaultBuildOperationRunner$2.execute(Lorg/gradle/internal/operations/BuildOperationDescriptor;Lorg/gradle/internal/operations/BuildOperationState;Lorg/gradle/internal/operations/BuildOperationState;Lorg/gradle/internal/operations/DefaultBuildOperationRunner$ReadableBuildOperationContext;Lorg/gradle/internal/operations/DefaultBuildOperationRunner$BuildOperationExecutionListener;)Lorg/gradle/internal/operations/BuildOperation; (110 bytes) @ 0x000001bfb0edf944 [0x000001bfb0edf740+0x0000000000000204]
J 7494 c1 org.gradle.internal.operations.DefaultBuildOperationRunner$2.execute(Lorg/gradle/internal/operations/BuildOperationDescriptor;Lorg/gradle/internal/operations/BuildOperationState;Lorg/gradle/internal/operations/BuildOperationState;Lorg/gradle/internal/operations/DefaultBuildOperationRunner$ReadableBuildOperationContext;Lorg/gradle/internal/operations/DefaultBuildOperationRunner$BuildOperationExecutionListener;)Ljava/lang/Object; (12 bytes) @ 0x000001bfb0ee53cc [0x000001bfb0ee5340+0x000000000000008c]
J 7491 c1 org.gradle.internal.operations.DefaultBuildOperationRunner.execute(Lorg/gradle/internal/operations/BuildOperationDescriptor$Builder;Lorg/gradle/internal/operations/BuildOperationState;Lorg/gradle/internal/operations/DefaultBuildOperationRunner$BuildOperationExecution;)Ljava/lang/Object; (147 bytes) @ 0x000001bfb0ee3c04 [0x000001bfb0ee3100+0x0000000000000b04]
J 7490 c1 org.gradle.internal.operations.DefaultBuildOperationRunner.execute(Lorg/gradle/internal/operations/BuildOperation;Lorg/gradle/internal/operations/BuildOperationWorker;Lorg/gradle/internal/operations/BuildOperationState;)V (23 bytes) @ 0x000001bfb0ee2194 [0x000001bfb0ee1ee0+0x00000000000002b4]
j  org.gradle.internal.operations.DefaultBuildOperationRunner.run(Lorg/gradle/internal/operations/RunnableBuildOperation;)V+9
j  org.gradle.configuration.project.LifecycleProjectEvaluator.evaluate(Lorg/gradle/api/internal/project/ProjectInternal;Lorg/gradle/api/internal/project/ProjectStateInternal;)V+42
j  org.gradle.api.internal.project.DefaultProject.evaluateUnchecked()Lorg/gradle/api/internal/project/ProjectInternal;+20
j  org.gradle.api.internal.project.ProjectLifecycleController.lambda$ensureSelfConfigured$2()V+4
j  org.gradle.api.internal.project.ProjectLifecycleController$$Lambda+0x000001bfc5656a80.run()V+4
j  org.gradle.internal.model.StateTransitionController.lambda$doTransition$14(Ljava/lang/Runnable;)Lorg/gradle/internal/build/ExecutionResult;+1
j  org.gradle.internal.model.StateTransitionController$$Lambda+0x000001bfc5440ce0.get()Ljava/lang/Object;+4
j  org.gradle.internal.model.StateTransitionController.doTransition(Lorg/gradle/internal/model/StateTransitionController$State;Lorg/gradle/internal/model/StateTransitionController$State;Ljava/util/function/Supplier;)Lorg/gradle/internal/build/ExecutionResult;+24
j  org.gradle.internal.model.StateTransitionController.doTransition(Lorg/gradle/internal/model/StateTransitionController$State;Lorg/gradle/internal/model/StateTransitionController$State;Ljava/lang/Runnable;)V+9
j  org.gradle.internal.model.StateTransitionController.lambda$maybeTransitionIfNotCurrentlyTransitioning$10(Lorg/gradle/internal/model/StateTransitionController$State;Lorg/gradle/internal/model/StateTransitionController$State;Ljava/lang/Runnable;)V+16
j  org.gradle.internal.model.StateTransitionController$$Lambda+0x000001bfc5656ca8.run()V+16
j  org.gradle.internal.work.DefaultSynchronizer.withLock(Ljava/lang/Runnable;)V+6
j  org.gradle.internal.model.StateTransitionController.maybeTransitionIfNotCurrentlyTransitioning(Lorg/gradle/internal/model/StateTransitionController$State;Lorg/gradle/internal/model/StateTransitionController$State;Ljava/lang/Runnable;)V+13
j  org.gradle.api.internal.project.ProjectLifecycleController.ensureSelfConfigured()V+16
j  org.gradle.api.internal.project.DefaultProjectStateRegistry$ProjectStateImpl.ensureConfigured()V+19
j  org.gradle.execution.TaskPathProjectEvaluator.configure(Lorg/gradle/api/internal/project/ProjectInternal;)V+6
j  org.gradle.execution.TaskPathProjectEvaluator.configureHierarchy(Lorg/gradle/api/internal/project/ProjectInternal;)V+41
j  org.gradle.configuration.DefaultProjectsPreparer.prepareProjects(Lorg/gradle/api/internal/GradleInternal;)V+52
j  org.gradle.configuration.BuildTreePreparingProjectsPreparer.prepareProjects(Lorg/gradle/api/internal/GradleInternal;)V+114
j  org.gradle.configuration.BuildOperationFiringProjectsPreparer$ConfigureBuild.run(Lorg/gradle/internal/operations/BuildOperationContext;)V+11
j  org.gradle.internal.operations.DefaultBuildOperationRunner$1.execute(Lorg/gradle/internal/operations/RunnableBuildOperation;Lorg/gradle/internal/operations/BuildOperationContext;)V+2
j  org.gradle.internal.operations.DefaultBuildOperationRunner$1.execute(Lorg/gradle/internal/operations/BuildOperation;Lorg/gradle/internal/operations/BuildOperationContext;)V+6
j  org.gradle.internal.operations.DefaultBuildOperationRunner$2.execute(Lorg/gradle/internal/operations/BuildOperationDescriptor;Lorg/gradle/internal/operations/BuildOperationState;Lorg/gradle/internal/operations/BuildOperationState;Lorg/gradle/internal/operations/DefaultBuildOperationRunner$ReadableBuildOperationContext;Lorg/gradle/internal/operations/DefaultBuildOperationRunner$BuildOperationExecutionListener;)Lorg/gradle/internal/operations/BuildOperation;+22
j  org.gradle.internal.operations.DefaultBuildOperationRunner$2.execute(Lorg/gradle/internal/operations/BuildOperationDescriptor;Lorg/gradle/internal/operations/BuildOperationState;Lorg/gradle/internal/operations/BuildOperationState;Lorg/gradle/internal/operations/DefaultBuildOperationRunner$ReadableBuildOperationContext;Lorg/gradle/internal/operations/DefaultBuildOperationRunner$BuildOperationExecutionListener;)Ljava/lang/Object;+8
j  org.gradle.internal.operations.DefaultBuildOperationRunner.execute(Lorg/gradle/internal/operations/BuildOperationDescriptor$Builder;Lorg/gradle/internal/operations/BuildOperationState;Lorg/gradle/internal/operations/DefaultBuildOperationRunner$BuildOperationExecution;)Ljava/lang/Object;+141
j  org.gradle.internal.operations.DefaultBuildOperationRunner.execute(Lorg/gradle/internal/operations/BuildOperation;Lorg/gradle/internal/operations/BuildOperationWorker;Lorg/gradle/internal/operations/BuildOperationState;)V+18
j  org.gradle.internal.operations.DefaultBuildOperationRunner.run(Lorg/gradle/internal/operations/RunnableBuildOperation;)V+9
j  org.gradle.configuration.BuildOperationFiringProjectsPreparer.prepareProjects(Lorg/gradle/api/internal/GradleInternal;)V+13
j  org.gradle.initialization.VintageBuildModelController.lambda$prepareProjects$2()V+8
j  org.gradle.initialization.VintageBuildModelController$$Lambda+0x000001bfc5624e30.run()V+4
j  org.gradle.internal.model.StateTransitionController.lambda$doTransition$14(Ljava/lang/Runnable;)Lorg/gradle/internal/build/ExecutionResult;+1
j  org.gradle.internal.model.StateTransitionController$$Lambda+0x000001bfc5440ce0.get()Ljava/lang/Object;+4
j  org.gradle.internal.model.StateTransitionController.doTransition(Lorg/gradle/internal/model/StateTransitionController$State;Lorg/gradle/internal/model/StateTransitionController$State;Ljava/util/function/Supplier;)Lorg/gradle/internal/build/ExecutionResult;+24
j  org.gradle.internal.model.StateTransitionController.doTransition(Lorg/gradle/internal/model/StateTransitionController$State;Lorg/gradle/internal/model/StateTransitionController$State;Ljava/lang/Runnable;)V+9
j  org.gradle.internal.model.StateTransitionController.lambda$transitionIfNotPreviously$11(Lorg/gradle/internal/model/StateTransitionController$State;Lorg/gradle/internal/model/StateTransitionController$State;Ljava/lang/Runnable;)V+16
j  org.gradle.internal.model.StateTransitionController$$Lambda+0x000001bfc5440ab8.run()V+16
j  org.gradle.internal.work.DefaultSynchronizer.withLock(Ljava/lang/Runnable;)V+6
j  org.gradle.internal.model.StateTransitionController.transitionIfNotPreviously(Lorg/gradle/internal/model/StateTransitionController$State;Lorg/gradle/internal/model/StateTransitionController$State;Ljava/lang/Runnable;)V+13
j  org.gradle.initialization.VintageBuildModelController.prepareProjects()V+16
j  org.gradle.initialization.VintageBuildModelController.getConfiguredModel()Lorg/gradle/api/internal/GradleInternal;+5
j  org.gradle.internal.build.DefaultBuildLifecycleController.lambda$withProjectsConfigured$1(Ljava/util/function/Function;)Ljava/lang/Object;+5
j  org.gradle.internal.build.DefaultBuildLifecycleController$$Lambda+0x000001bfc5440440.get()Ljava/lang/Object;+8
j  org.gradle.internal.model.StateTransitionController.lambda$notInState$3(Lorg/gradle/internal/model/StateTransitionController$State;Ljava/util/function/Supplier;)Ljava/lang/Object;+11
j  org.gradle.internal.model.StateTransitionController$$Lambda+0x000001bfc5440668.create()Ljava/lang/Object;+12
j  org.gradle.internal.work.DefaultSynchronizer.withLock(Lorg/gradle/internal/Factory;)Ljava/lang/Object;+6
j  org.gradle.internal.model.StateTransitionController.notInState(Lorg/gradle/internal/model/StateTransitionController$State;Ljava/util/function/Supplier;)Ljava/lang/Object;+12
j  org.gradle.internal.build.DefaultBuildLifecycleController.withProjectsConfigured(Ljava/util/function/Function;)Ljava/lang/Object;+14
j  org.gradle.internal.build.DefaultBuildToolingModelController.locateBuilderForTarget(Ljava/lang/String;Z)Lorg/gradle/tooling/provider/model/internal/ToolingModelScope;+38
j  org.gradle.internal.buildtree.DefaultBuildTreeModelCreator$DefaultBuildTreeModelController.lambda$locateBuilderForBuildTarget$0(Ljava/lang/String;ZLorg/gradle/internal/build/BuildToolingModelController;)Lorg/gradle/tooling/provider/model/internal/ToolingModelScope;+3
j  org.gradle.internal.buildtree.DefaultBuildTreeModelCreator$DefaultBuildTreeModelController$$Lambda+0x000001bfc541ba78.apply(Ljava/lang/Object;)Ljava/lang/Object;+12
j  org.gradle.internal.build.DefaultBuildLifecycleController.withToolingModels(Ljava/util/function/Function;)Ljava/lang/Object;+15
j  org.gradle.internal.build.AbstractBuildState.withToolingModels(Ljava/util/function/Function;)Ljava/lang/Object;+5
j  org.gradle.internal.buildtree.DefaultBuildTreeModelCreator$DefaultBuildTreeModelController.locateBuilderForBuildTarget(Lorg/gradle/internal/build/BuildState;Ljava/lang/String;Z)Lorg/gradle/tooling/provider/model/internal/ToolingModelScope;+8
j  org.gradle.internal.buildtree.DefaultBuildTreeModelCreator$DefaultBuildTreeModelController.locateBuilderForDefaultTarget(Ljava/lang/String;Z)Lorg/gradle/tooling/provider/model/internal/ToolingModelScope;+10
j  org.gradle.internal.buildtree.DefaultBuildTreeModelCreator$DefaultBuildTreeModelController.locateBuilderForTarget(Lorg/gradle/internal/buildtree/BuildTreeModelTarget;Ljava/lang/String;Z)Lorg/gradle/tooling/provider/model/internal/ToolingModelScope;+10
j  org.gradle.internal.buildtree.DefaultBuildTreeModelCreator$DefaultBuildTreeModelController.access$200(Lorg/gradle/internal/buildtree/DefaultBuildTreeModelCreator$DefaultBuildTreeModelController;Lorg/gradle/internal/buildtree/BuildTreeModelTarget;Ljava/lang/String;Z)Lorg/gradle/tooling/provider/model/internal/ToolingModelScope;+4
j  org.gradle.internal.buildtree.DefaultBuildTreeModelCreator$DefaultBuildTreeModelController$1.call(Lorg/gradle/internal/operations/BuildOperationContext;)Ljava/lang/Object;+24
j  org.gradle.internal.operations.DefaultBuildOperationRunner$CallableBuildOperationWorker.execute(Lorg/gradle/internal/operations/CallableBuildOperation;Lorg/gradle/internal/operations/BuildOperationContext;)V+3
j  org.gradle.internal.operations.DefaultBuildOperationRunner$CallableBuildOperationWorker.execute(Lorg/gradle/internal/operations/BuildOperation;Lorg/gradle/internal/operations/BuildOperationContext;)V+6
j  org.gradle.internal.operations.DefaultBuildOperationRunner$2.execute(Lorg/gradle/internal/operations/BuildOperationDescriptor;Lorg/gradle/internal/operations/BuildOperationState;Lorg/gradle/internal/operations/BuildOperationState;Lorg/gradle/internal/operations/DefaultBuildOperationRunner$ReadableBuildOperationContext;Lorg/gradle/internal/operations/DefaultBuildOperationRunner$BuildOperationExecutionListener;)Lorg/gradle/internal/operations/BuildOperation;+22
j  org.gradle.internal.operations.DefaultBuildOperationRunner$2.execute(Lorg/gradle/internal/operations/BuildOperationDescriptor;Lorg/gradle/internal/operations/BuildOperationState;Lorg/gradle/internal/operations/BuildOperationState;Lorg/gradle/internal/operations/DefaultBuildOperationRunner$ReadableBuildOperationContext;Lorg/gradle/internal/operations/DefaultBuildOperationRunner$BuildOperationExecutionListener;)Ljava/lang/Object;+8
j  org.gradle.internal.operations.DefaultBuildOperationRunner.execute(Lorg/gradle/internal/operations/BuildOperationDescriptor$Builder;Lorg/gradle/internal/operations/BuildOperationState;Lorg/gradle/internal/operations/DefaultBuildOperationRunner$BuildOperationExecution;)Ljava/lang/Object;+141
j  org.gradle.internal.operations.DefaultBuildOperationRunner.execute(Lorg/gradle/internal/operations/BuildOperation;Lorg/gradle/internal/operations/BuildOperationWorker;Lorg/gradle/internal/operations/BuildOperationState;)V+18
j  org.gradle.internal.operations.DefaultBuildOperationRunner.call(Lorg/gradle/internal/operations/CallableBuildOperation;)Ljava/lang/Object;+16
j  org.gradle.internal.buildtree.DefaultBuildTreeModelCreator$DefaultBuildTreeModelController.getModel(Lorg/gradle/internal/buildtree/BuildTreeModelTarget;Ljava/lang/String;Ljava/lang/Object;)Ljava/lang/Object;+18
j  org.gradle.tooling.internal.provider.runner.BuildModelActionRunner$ModelCreateAction.fromBuildModel(Lorg/gradle/internal/buildtree/BuildTreeModelController;)Ljava/lang/Object;+14
j  org.gradle.internal.buildtree.DefaultBuildTreeModelCreator.fromBuildModel(Lorg/gradle/internal/buildtree/BuildTreeModelAction;)Ljava/lang/Object;+10
j  org.gradle.internal.buildtree.DefaultBuildTreeLifecycleController.lambda$fromBuildModel$2(Lorg/gradle/internal/buildtree/BuildTreeModelAction;Z)Lorg/gradle/internal/build/ExecutionResult;+57
j  org.gradle.internal.buildtree.DefaultBuildTreeLifecycleController$$Lambda+0x000001bfc541a928.get()Ljava/lang/Object;+12
j  org.gradle.internal.buildtree.DefaultBuildTreeLifecycleController.lambda$runBuild$4(Ljava/util/function/Supplier;)Ljava/lang/Object;+1
j  org.gradle.internal.buildtree.DefaultBuildTreeLifecycleController$$Lambda+0x000001bfc541ab50.get()Ljava/lang/Object;+8
j  org.gradle.internal.model.StateTransitionController.lambda$transition$6(Ljava/util/function/Supplier;)Lorg/gradle/internal/build/ExecutionResult;+1
j  org.gradle.internal.model.StateTransitionController$$Lambda+0x000001bfc541afa0.get()Ljava/lang/Object;+4
j  org.gradle.internal.model.StateTransitionController.doTransition(Lorg/gradle/internal/model/StateTransitionController$State;Lorg/gradle/internal/model/StateTransitionController$State;Ljava/util/function/Supplier;)Lorg/gradle/internal/build/ExecutionResult;+24
j  org.gradle.internal.model.StateTransitionController.lambda$transition$7(Lorg/gradle/internal/model/StateTransitionController$State;Lorg/gradle/internal/model/StateTransitionController$State;Ljava/util/function/Supplier;)Ljava/lang/Object;+9
j  org.gradle.internal.model.StateTransitionController$$Lambda+0x000001bfc541ad78.create()Ljava/lang/Object;+16
j  org.gradle.internal.work.DefaultSynchronizer.withLock(Lorg/gradle/internal/Factory;)Ljava/lang/Object;+6
j  org.gradle.internal.model.StateTransitionController.transition(Lorg/gradle/internal/model/StateTransitionController$State;Lorg/gradle/internal/model/StateTransitionController$State;Ljava/util/function/Supplier;)Ljava/lang/Object;+13
j  org.gradle.internal.buildtree.DefaultBuildTreeLifecycleController.runBuild(Ljava/util/function/Supplier;)Ljava/lang/Object;+17
j  org.gradle.internal.buildtree.DefaultBuildTreeLifecycleController.fromBuildModel(ZLorg/gradle/internal/buildtree/BuildTreeModelAction;)Ljava/lang/Object;+9
j  org.gradle.tooling.internal.provider.runner.BuildModelActionRunner.run(Lorg/gradle/internal/invocation/BuildAction;Lorg/gradle/internal/buildtree/BuildTreeLifecycleController;)Lorg/gradle/internal/buildtree/BuildActionRunner$Result;+40
j  org.gradle.launcher.exec.ChainingBuildActionRunner.run(Lorg/gradle/internal/invocation/BuildAction;Lorg/gradle/internal/buildtree/BuildTreeLifecycleController;)Lorg/gradle/internal/buildtree/BuildActionRunner$Result;+34
j  org.gradle.internal.buildtree.ProblemReportingBuildActionRunner.run(Lorg/gradle/internal/invocation/BuildAction;Lorg/gradle/internal/buildtree/BuildTreeLifecycleController;)Lorg/gradle/internal/buildtree/BuildActionRunner$Result;+12
j  org.gradle.launcher.exec.BuildOutcomeReportingBuildActionRunner.run(Lorg/gradle/internal/invocation/BuildAction;Lorg/gradle/internal/buildtree/BuildTreeLifecycleController;)Lorg/gradle/internal/buildtree/BuildActionRunner$Result;+69
j  org.gradle.tooling.internal.provider.FileSystemWatchingBuildActionRunner.run(Lorg/gradle/internal/invocation/BuildAction;Lorg/gradle/internal/buildtree/BuildTreeLifecycleController;)Lorg/gradle/internal/buildtree/BuildActionRunner$Result;+317
j  org.gradle.launcher.exec.BuildCompletionNotifyingBuildActionRunner.run(Lorg/gradle/internal/invocation/BuildAction;Lorg/gradle/internal/buildtree/BuildTreeLifecycleController;)Lorg/gradle/internal/buildtree/BuildActionRunner$Result;+6
j  org.gradle.launcher.exec.RootBuildLifecycleBuildActionExecutor.lambda$execute$0(Lorg/gradle/internal/invocation/BuildAction;Lorg/gradle/internal/buildtree/BuildTreeLifecycleController;)Lorg/gradle/internal/buildtree/BuildActionRunner$Result;+6
j  org.gradle.launcher.exec.RootBuildLifecycleBuildActionExecutor$$Lambda+0x000001bfc5406a30.apply(Ljava/lang/Object;)Ljava/lang/Object;+12
j  org.gradle.composite.internal.DefaultRootBuildState.run(Ljava/util/function/Function;)Ljava/lang/Object;+87
j  org.gradle.launcher.exec.RootBuildLifecycleBuildActionExecutor.execute(Lorg/gradle/internal/invocation/BuildAction;Lorg/gradle/internal/buildtree/BuildTreeContext;)Lorg/gradle/internal/buildtree/BuildActionRunner$Result;+75
j  org.gradle.internal.buildtree.InitDeprecationLoggingActionExecutor.execute(Lorg/gradle/internal/invocation/BuildAction;Lorg/gradle/internal/buildtree/BuildTreeContext;)Lorg/gradle/internal/buildtree/BuildActionRunner$Result;+83
j  org.gradle.internal.buildtree.InitProblems.execute(Lorg/gradle/internal/invocation/BuildAction;Lorg/gradle/internal/buildtree/BuildTreeContext;)Lorg/gradle/internal/buildtree/BuildActionRunner$Result;+13
j  org.gradle.internal.buildtree.DefaultBuildTreeContext.execute(Lorg/gradle/internal/invocation/BuildAction;)Lorg/gradle/internal/buildtree/BuildActionRunner$Result;+64
j  org.gradle.launcher.exec.BuildTreeLifecycleBuildActionExecutor.lambda$execute$0(Lorg/gradle/internal/invocation/BuildAction;Lorg/gradle/internal/buildtree/BuildTreeContext;)Lorg/gradle/internal/buildtree/BuildActionRunner$Result;+2
j  org.gradle.launcher.exec.BuildTreeLifecycleBuildActionExecutor$$Lambda+0x000001bfc52b4788.apply(Ljava/lang/Object;)Ljava/lang/Object;+8
j  org.gradle.internal.buildtree.BuildTreeState.run(Ljava/util/function/Function;)Ljava/lang/Object;+47
j  org.gradle.launcher.exec.BuildTreeLifecycleBuildActionExecutor.execute(Lorg/gradle/internal/invocation/BuildAction;Lorg/gradle/internal/session/BuildSessionContext;)Lorg/gradle/internal/buildtree/BuildActionRunner$Result;+74
j  org.gradle.launcher.exec.RunAsBuildOperationBuildActionExecutor$2.call(Lorg/gradle/internal/operations/BuildOperationContext;)Lorg/gradle/internal/buildtree/BuildActionRunner$Result;+25
j  org.gradle.launcher.exec.RunAsBuildOperationBuildActionExecutor$2.call(Lorg/gradle/internal/operations/BuildOperationContext;)Ljava/lang/Object;+2
j  org.gradle.internal.operations.DefaultBuildOperationRunner$CallableBuildOperationWorker.execute(Lorg/gradle/internal/operations/CallableBuildOperation;Lorg/gradle/internal/operations/BuildOperationContext;)V+3
j  org.gradle.internal.operations.DefaultBuildOperationRunner$CallableBuildOperationWorker.execute(Lorg/gradle/internal/operations/BuildOperation;Lorg/gradle/internal/operations/BuildOperationContext;)V+6
j  org.gradle.internal.operations.DefaultBuildOperationRunner$2.execute(Lorg/gradle/internal/operations/BuildOperationDescriptor;Lorg/gradle/internal/operations/BuildOperationState;Lorg/gradle/internal/operations/BuildOperationState;Lorg/gradle/internal/operations/DefaultBuildOperationRunner$ReadableBuildOperationContext;Lorg/gradle/internal/operations/DefaultBuildOperationRunner$BuildOperationExecutionListener;)Lorg/gradle/internal/operations/BuildOperation;+22
j  org.gradle.internal.operations.DefaultBuildOperationRunner$2.execute(Lorg/gradle/internal/operations/BuildOperationDescriptor;Lorg/gradle/internal/operations/BuildOperationState;Lorg/gradle/internal/operations/BuildOperationState;Lorg/gradle/internal/operations/DefaultBuildOperationRunner$ReadableBuildOperationContext;Lorg/gradle/internal/operations/DefaultBuildOperationRunner$BuildOperationExecutionListener;)Ljava/lang/Object;+8
j  org.gradle.internal.operations.DefaultBuildOperationRunner.execute(Lorg/gradle/internal/operations/BuildOperationDescriptor$Builder;Lorg/gradle/internal/operations/BuildOperationState;Lorg/gradle/internal/operations/DefaultBuildOperationRunner$BuildOperationExecution;)Ljava/lang/Object;+141
j  org.gradle.internal.operations.DefaultBuildOperationRunner.execute(Lorg/gradle/internal/operations/BuildOperation;Lorg/gradle/internal/operations/BuildOperationWorker;Lorg/gradle/internal/operations/BuildOperationState;)V+18
j  org.gradle.internal.operations.DefaultBuildOperationRunner.call(Lorg/gradle/internal/operations/CallableBuildOperation;)Ljava/lang/Object;+16
j  org.gradle.launcher.exec.RunAsBuildOperationBuildActionExecutor.execute(Lorg/gradle/internal/invocation/BuildAction;Lorg/gradle/internal/session/BuildSessionContext;)Lorg/gradle/internal/buildtree/BuildActionRunner$Result;+23
j  org.gradle.launcher.exec.RunAsWorkerThreadBuildActionExecutor.lambda$execute$0(Lorg/gradle/internal/invocation/BuildAction;Lorg/gradle/internal/session/BuildSessionContext;)Lorg/gradle/internal/buildtree/BuildActionRunner$Result;+6
j  org.gradle.launcher.exec.RunAsWorkerThreadBuildActionExecutor$$Lambda+0x000001bfc5286360.create()Ljava/lang/Object;+12
j  org.gradle.internal.work.DefaultWorkerLeaseService.withLocks(Ljava/util/Collection;Lorg/gradle/internal/Factory;)Ljava/lang/Object;+28
j  org.gradle.internal.work.DefaultWorkerLeaseService.runAsWorkerThread(Lorg/gradle/internal/Factory;)Ljava/lang/Object;+33
j  org.gradle.launcher.exec.RunAsWorkerThreadBuildActionExecutor.execute(Lorg/gradle/internal/invocation/BuildAction;Lorg/gradle/internal/session/BuildSessionContext;)Lorg/gradle/internal/buildtree/BuildActionRunner$Result;+12
j  org.gradle.tooling.internal.provider.continuous.ContinuousBuildActionExecutor.execute(Lorg/gradle/internal/invocation/BuildAction;Lorg/gradle/internal/session/BuildSessionContext;)Lorg/gradle/internal/buildtree/BuildActionRunner$Result;+58
j  org.gradle.tooling.internal.provider.SubscribableBuildActionExecutor.execute(Lorg/gradle/internal/invocation/BuildAction;Lorg/gradle/internal/session/BuildSessionContext;)Lorg/gradle/internal/buildtree/BuildActionRunner$Result;+30
j  org.gradle.internal.session.DefaultBuildSessionContext.execute(Lorg/gradle/internal/invocation/BuildAction;)Lorg/gradle/internal/buildtree/BuildActionRunner$Result;+64
j  org.gradle.internal.buildprocess.execution.BuildSessionLifecycleBuildActionExecutor$ActionImpl.apply(Lorg/gradle/internal/session/BuildSessionContext;)Lorg/gradle/launcher/exec/BuildActionResult;+6
j  org.gradle.internal.buildprocess.execution.BuildSessionLifecycleBuildActionExecutor$ActionImpl.apply(Ljava/lang/Object;)Ljava/lang/Object;+5
j  org.gradle.internal.session.BuildSessionState.run(Ljava/util/function/Function;)Ljava/lang/Object;+5
j  org.gradle.internal.buildprocess.execution.BuildSessionLifecycleBuildActionExecutor.execute(Lorg/gradle/internal/invocation/BuildAction;Lorg/gradle/launcher/exec/BuildActionParameters;Lorg/gradle/initialization/BuildRequestContext;)Lorg/gradle/launcher/exec/BuildActionResult;+95
j  org.gradle.internal.buildprocess.execution.BuildSessionLifecycleBuildActionExecutor.execute(Lorg/gradle/internal/invocation/BuildAction;Ljava/lang/Object;Ljava/lang/Object;)Lorg/gradle/launcher/exec/BuildActionResult;+10
j  org.gradle.internal.buildprocess.execution.StartParamsValidatingActionExecutor.execute(Lorg/gradle/internal/invocation/BuildAction;Lorg/gradle/launcher/exec/BuildActionParameters;Lorg/gradle/initialization/BuildRequestContext;)Lorg/gradle/launcher/exec/BuildActionResult;+203
j  org.gradle.internal.buildprocess.execution.StartParamsValidatingActionExecutor.execute(Lorg/gradle/internal/invocation/BuildAction;Ljava/lang/Object;Ljava/lang/Object;)Lorg/gradle/launcher/exec/BuildActionResult;+10
j  org.gradle.internal.buildprocess.execution.SessionFailureReportingActionExecutor.execute(Lorg/gradle/internal/invocation/BuildAction;Lorg/gradle/launcher/exec/BuildActionParameters;Lorg/gradle/initialization/BuildRequestContext;)Lorg/gradle/launcher/exec/BuildActionResult;+7
j  org.gradle.internal.buildprocess.execution.SessionFailureReportingActionExecutor.execute(Lorg/gradle/internal/invocation/BuildAction;Ljava/lang/Object;Ljava/lang/Object;)Lorg/gradle/launcher/exec/BuildActionResult;+10
j  org.gradle.internal.buildprocess.execution.SetupLoggingActionExecutor.execute(Lorg/gradle/internal/invocation/BuildAction;Lorg/gradle/launcher/exec/BuildActionParameters;Lorg/gradle/initialization/BuildRequestContext;)Lorg/gradle/launcher/exec/BuildActionResult;+50
j  org.gradle.internal.buildprocess.execution.SetupLoggingActionExecutor.execute(Lorg/gradle/internal/invocation/BuildAction;Ljava/lang/Object;Ljava/lang/Object;)Lorg/gradle/launcher/exec/BuildActionResult;+10
j  org.gradle.launcher.daemon.server.exec.ExecuteBuild.doBuild(Lorg/gradle/launcher/daemon/server/api/DaemonCommandExecution;Lorg/gradle/launcher/daemon/protocol/Build;)V+147
j  org.gradle.launcher.daemon.server.exec.BuildCommandOnly.execute(Lorg/gradle/launcher/daemon/server/api/DaemonCommandExecution;)V+49
j  org.gradle.launcher.daemon.server.api.DaemonCommandExecution.proceed()Z+23
j  org.gradle.launcher.daemon.server.exec.WatchForDisconnection.execute(Lorg/gradle/launcher/daemon/server/api/DaemonCommandExecution;)V+19
j  org.gradle.launcher.daemon.server.api.DaemonCommandExecution.proceed()Z+23
j  org.gradle.launcher.daemon.server.exec.ResetDeprecationLogger.execute(Lorg/gradle/launcher/daemon/server/api/DaemonCommandExecution;)V+7
j  org.gradle.launcher.daemon.server.api.DaemonCommandExecution.proceed()Z+23
j  org.gradle.launcher.daemon.server.exec.RequestStopIfSingleUsedDaemon.execute(Lorg/gradle/launcher/daemon/server/api/DaemonCommandExecution;)V+33
j  org.gradle.launcher.daemon.server.api.DaemonCommandExecution.proceed()Z+23
j  org.gradle.launcher.daemon.server.exec.ForwardClientInput.lambda$execute$0(Lorg/gradle/launcher/daemon/server/api/DaemonCommandExecution;Lorg/gradle/internal/daemon/clientinput/StdinHandler;)Ljava/lang/Object;+11
j  org.gradle.launcher.daemon.server.exec.ForwardClientInput$$Lambda+0x000001bfc5194000.apply(Ljava/lang/Object;)Ljava/lang/Object;+8
j  org.gradle.internal.daemon.clientinput.ClientInputForwarder.forwardInput(Ljava/util/function/Function;)Ljava/lang/Object;+46
j  org.gradle.launcher.daemon.server.exec.ForwardClientInput.execute(Lorg/gradle/launcher/daemon/server/api/DaemonCommandExecution;)V+10
j  org.gradle.launcher.daemon.server.api.DaemonCommandExecution.proceed()Z+23
j  org.gradle.launcher.daemon.server.exec.LogAndCheckHealth.execute(Lorg/gradle/launcher/daemon/server/api/DaemonCommandExecution;)V+51
j  org.gradle.launcher.daemon.server.api.DaemonCommandExecution.proceed()Z+23
j  org.gradle.launcher.daemon.server.exec.LogToClient.doBuild(Lorg/gradle/launcher/daemon/server/api/DaemonCommandExecution;Lorg/gradle/launcher/daemon/protocol/Build;)V+87
j  org.gradle.launcher.daemon.server.exec.BuildCommandOnly.execute(Lorg/gradle/launcher/daemon/server/api/DaemonCommandExecution;)V+49
j  org.gradle.launcher.daemon.server.api.DaemonCommandExecution.proceed()Z+23
j  org.gradle.launcher.daemon.server.exec.EstablishBuildEnvironment.doBuild(Lorg/gradle/launcher/daemon/server/api/DaemonCommandExecution;Lorg/gradle/launcher/daemon/protocol/Build;)V+356
j  org.gradle.launcher.daemon.server.exec.BuildCommandOnly.execute(Lorg/gradle/launcher/daemon/server/api/DaemonCommandExecution;)V+49
j  org.gradle.launcher.daemon.server.api.DaemonCommandExecution.proceed()Z+23
j  org.gradle.launcher.daemon.server.exec.StartBuildOrRespondWithBusy$1.run()V+44
j  org.gradle.launcher.daemon.server.DaemonStateCoordinator.lambda$runCommand$0(Ljava/lang/Runnable;)V+1
j  org.gradle.launcher.daemon.server.DaemonStateCoordinator$$Lambda+0x000001bfc518e950.run()V+8
j  org.gradle.internal.concurrent.ExecutorPolicy$CatchAndRecordFailures.onExecute(Ljava/lang/Runnable;)V+1
j  org.gradle.internal.concurrent.AbstractManagedExecutor$1.run()V+25
j  java.util.concurrent.ThreadPoolExecutor.runWorker(Ljava/util/concurrent/ThreadPoolExecutor$Worker;)V+92 java.base@21.0.12.1
j  java.util.concurrent.ThreadPoolExecutor$Worker.run()V+5 java.base@21.0.12.1
j  java.lang.Thread.runWith(Ljava/lang/Object;Ljava/lang/Runnable;)V+5 java.base@21.0.12.1
j  java.lang.Thread.run()V+19 java.base@21.0.12.1
v  ~StubRoutines::call_stub 0x000001bfb777100d

Compiled method (n/a) 641170  858     n 0       java.lang.ClassLoader::defineClass1 (native)
 total in heap  [0x000001bfb7d72d10,0x000001bfb7d732a8] = 1432
 relocation     [0x000001bfb7d72e70,0x000001bfb7d72ea8] = 56
 main code      [0x000001bfb7d72ec0,0x000001bfb7d732a1] = 993
 stub code      [0x000001bfb7d732a1,0x000001bfb7d732a8] = 7

[Constant Pool (empty)]

[MachCode]
[Entry Point]
  # {method} {0x000001bfc4434c38} 'defineClass1' '(Ljava/lang/ClassLoader;Ljava/lang/String;[BIILjava/security/ProtectionDomain;Ljava/lang/String;)Ljava/lang/Class;' in 'java/lang/ClassLoader'
  # parm0:    rdx:rdx   = 'java/lang/ClassLoader'
  # parm1:    r8:r8     = 'java/lang/String'
  # parm2:    r9:r9     = '[B'
  # parm3:    rdi       = int
  # parm4:    rsi       = int
  # parm5:    rcx:rcx   = 'java/security/ProtectionDomain'
  # parm6:    [sp+0xa0]   = 'java/lang/String'  (sp of caller)
  0x000001bfb7d72ec0: 448b 5208 | 49bb 0000 | 00c4 bf01 | 0000 4d03 | d349 3bc2 | 0f84 0600 

  0x000001bfb7d72ed8: ;   {runtime_call ic_miss_stub}
  0x000001bfb7d72ed8: 0000 e9a1 | b8a4 ff90 
[Verified Entry Point]
  0x000001bfb7d72ee0: 8984 2400 | 80ff ff55 | 488b ec48 | 81ec 9000 | 0000 6690 | 4181 7f20 | 1300 0000 

  0x000001bfb7d72efc: ;   {runtime_call StubRoutines (final stubs)}
  0x000001bfb7d72efc: 7405 e89d | 35a3 ff48 | 837d 1000 | 488d 4510 | 480f 4445 | 1048 8944 | 2440 4889 | 4c24 7048 
  0x000001bfb7d72f1c: 83f9 0048 | 8d44 2470 | 480f 4444 | 2470 4889 | 4424 3848 | 8974 2430 | 4889 7c24 | 284c 894c 
  0x000001bfb7d72f3c: 2458 4983 | f900 488d | 4424 5848 | 0f44 4424 | 5848 8944 | 2420 4c89 | 4424 5049 | 83f8 004c 
  0x000001bfb7d72f5c: 8d4c 2450 | 4c0f 444c | 2450 4889 | 5424 4848 | 83fa 004c | 8d44 2448 | 4c0f 4444 

  0x000001bfb7d72f78: ;   {oop(a 'java/lang/Class'{0x00000000c05802a8} = 'java/lang/ClassLoader')}
  0x000001bfb7d72f78: 2448 49be | a802 58c0 | 0000 0000 | 4c89 7424 | 784c 8d74 | 2478 498b | d6c5 f877 

  0x000001bfb7d72f94: ;   {internal_word}
  0x000001bfb7d72f94: 49ba 912f | d7b7 bf01 | 0000 4d89 | 97a8 0300 | 0049 89a7 | a003 0000 

  0x000001bfb7d72fac: ;   {external_word}
  0x000001bfb7d72fac: 49ba 066d | d190 fb7f | 0000 4180 | 3a00 0f84 | 4e00 0000 | 5241 5041 

  0x000001bfb7d72fc4: ;   {metadata({method} {0x000001bfc4434c38} 'defineClass1' '(Ljava/lang/ClassLoader;Ljava/lang/String;[BIILjava/security/ProtectionDomain;Ljava/lang/String;)Ljava/lang/Class;' in 'java/lang/ClassLoader')}
  0x000001bfb7d72fc4: 5148 ba30 | 4c43 c4bf | 0100 0049 | 8bcf 4883 | ec20 40f6 | c40f 0f84 | 1900 0000 | 4883 ec08 
  0x000001bfb7d72fe4: ;   {runtime_call}
  0x000001bfb7d72fe4: 48b8 e0ea | 7a90 fb7f | 0000 ffd0 | 4883 c408 | e90c 0000 

  0x000001bfb7d72ff8: ;   {runtime_call}
  0x000001bfb7d72ff8: 0048 b8e0 | ea7a 90fb | 7f00 00ff | d048 83c4 | 2041 5941 | 585a 498d | 8fc0 0300 | 0041 c787 
  0x000001bfb7d73018: 4c04 0000 | 0400 0000 

  0x000001bfb7d73020: ;   {runtime_call}
  0x000001bfb7d73020: 48b8 ac16 | 1018 fc7f | 0000 ffd0 | c5f8 7741 | c787 4c04 | 0000 0500 | 0000 f083 | 4424 c000 
  0x000001bfb7d73040: 493b af50 | 0400 000f | 870e 0000 | 0041 83bf | 4804 0000 | 000f 842b | 0000 00c5 | f877 4889 
  0x000001bfb7d73060: 45f8 498b | cf4c 8be4 | 4883 ec20 | 4883 e4f0 

  0x000001bfb7d73070: ;   {runtime_call}
  0x000001bfb7d73070: 48b8 0058 | 4690 fb7f | 0000 ffd0 | 498b e44d | 33e4 488b | 45f8 41c7 | 874c 0400 | 0008 0000 
  0x000001bfb7d73090: 0041 83bf | c804 0000 | 020f 84d5 

  0x000001bfb7d7309c: ;   {external_word}
  0x000001bfb7d7309c: 0100 0049 | ba06 6dd1 | 90fb 7f00 | 0041 803a | 000f 844c | 0000 0048 

  0x000001bfb7d730b4: ;   {metadata({method} {0x000001bfc4434c38} 'defineClass1' '(Ljava/lang/ClassLoader;Ljava/lang/String;[BIILjava/security/ProtectionDomain;Ljava/lang/String;)Ljava/lang/Class;' in 'java/lang/ClassLoader')}
  0x000001bfb7d730b4: 8945 f848 | ba30 4c43 | c4bf 0100 | 0049 8bcf | 4883 ec20 | 40f6 c40f | 0f84 1900 | 0000 4883 
  0x000001bfb7d730d4: ;   {runtime_call}
  0x000001bfb7d730d4: ec08 48b8 | e0ea 7a90 | fb7f 0000 | ffd0 4883 | c408 e90c 

  0x000001bfb7d730e8: ;   {runtime_call}
  0x000001bfb7d730e8: 0000 0048 | b8e0 ea7a | 90fb 7f00 | 00ff d048 | 83c4 2048 | 8b45 f849 | c787 a003 | 0000 0000 
  0x000001bfb7d73108: 0000 49c7 | 87a8 0300 | 0000 0000 | 00c5 f877 | 4885 c00f | 8430 0100 | 00a8 030f | 8508 0000 
  0x000001bfb7d73128: 0048 8b00 | e920 0100 | 00a8 010f | 8509 0000 | 0048 8b40 | fee9 0f01 | 0000 488b | 40ff 4180 
  0x000001bfb7d73148: 7f40 000f | 8400 0100 | 0048 83f8 | 000f 84f6 | 0000 0049 | 8b4f 2848 | 83f9 000f | 8414 0000 
  0x000001bfb7d73168: 0048 83e9 | 0849 894f | 2849 034f | 3848 8901 | e9d4 0000 | 0048 83ec | 7048 8904 | 2448 894c 
  0x000001bfb7d73188: 2408 4889 | 5424 104c | 8944 2418 | 4c89 4c24 | 204c 8954 | 2428 4c89 | 5c24 30c5 | fb11 4424 
  0x000001bfb7d731a8: 40c5 fb11 | 4c24 48c5 | fb11 5424 | 50c5 fb11 | 5c24 58c5 | fb11 6424 | 60c5 fb11 | 6c24 6849 
  0x000001bfb7d731c8: 8bd7 488b | c848 83ec | 2040 f6c4 | 0f0f 8419 | 0000 0048 

  0x000001bfb7d731dc: ;   {runtime_call}
  0x000001bfb7d731dc: 83ec 0848 | b820 a439 | 90fb 7f00 | 00ff d048 | 83c4 08e9 | 0c00 0000 

  0x000001bfb7d731f4: ;   {runtime_call}
  0x000001bfb7d731f4: 48b8 20a4 | 3990 fb7f | 0000 ffd0 | 4883 c420 | c5fb 106c | 2468 c5fb | 1064 2460 | c5fb 105c 
  0x000001bfb7d73214: 2458 c5fb | 1054 2450 | c5fb 104c | 2448 c5fb | 1044 2440 | 4c8b 5c24 | 304c 8b54 | 2428 4c8b 
  0x000001bfb7d73234: 4c24 204c | 8b44 2418 | 488b 5424 | 1048 8b4c | 2408 488b | 0424 4883 | c470 c5f8 | 7749 8b8f 
  0x000001bfb7d73254: 3004 0000 | c781 0001 | 0000 0000 | 0000 c949 | 837f 0800 | 0f85 0100 

  0x000001bfb7d7326c: ;   {runtime_call StubRoutines (initial stubs)}
  0x000001bfb7d7326c: 0000 c3e9 | 8cdc 9fff | c5f8 7748 | 8945 f84c | 8be4 4883 | ec20 4883 

  0x000001bfb7d73284: ;   {runtime_call}
  0x000001bfb7d73284: e4f0 48b8 | 3022 7b90 | fb7f 0000 | ffd0 498b | e44d 33e4 | 488b 45f8 | e9fe fdff | fff4 f4f4 
  0x000001bfb7d732a4: f4f4 f4f4 
[/MachCode]


Compiled method (c2) 641298 9560       4       java.security.SecureClassLoader::defineClass (16 bytes)
 total in heap  [0x000001bfb8007f90,0x000001bfb800dca8] = 23832
 relocation     [0x000001bfb80080f0,0x000001bfb80084d8] = 1000
 main code      [0x000001bfb80084e0,0x000001bfb800b9e0] = 13568
 stub code      [0x000001bfb800b9e0,0x000001bfb800bb70] = 400
 oops           [0x000001bfb800bb70,0x000001bfb800bb88] = 24
 metadata       [0x000001bfb800bb88,0x000001bfb800bd70] = 488
 scopes data    [0x000001bfb800bd70,0x000001bfb800cf48] = 4568
 scopes pcs     [0x000001bfb800cf48,0x000001bfb800d778] = 2096
 dependencies   [0x000001bfb800d778,0x000001bfb800d7a0] = 40
 handler table  [0x000001bfb800d7a0,0x000001bfb800dbf0] = 1104
 nul chk table  [0x000001bfb800dbf0,0x000001bfb800dca8] = 184

[Constant Pool (empty)]

[MachCode]
[Entry Point]
  # {method} {0x000001bfc404e0e8} 'defineClass' '(Ljava/lang/String;[BIILjava/security/CodeSource;)Ljava/lang/Class;' in 'java/security/SecureClassLoader'
  # this:     rdx:rdx   = 'java/security/SecureClassLoader'
  # parm0:    r8:r8     = 'java/lang/String'
  # parm1:    r9:r9     = '[B'
  # parm2:    rdi       = int
  # parm3:    rsi       = int
  # parm4:    rcx:rcx   = 'java/security/CodeSource'
  #           [sp+0xe0]  (sp of caller)
  0x000001bfb80084e0: 448b 5208 | 49bb 0000 | 00c4 bf01 | 0000 4d03 | d349 3bc2 

  0x000001bfb80084f4: ;   {runtime_call ic_miss_stub}
  0x000001bfb80084f4: 0f85 8662 | 7bff 6690 | 0f1f 4000 
[Verified Entry Point]
  0x000001bfb8008500: 8984 2400 | 80ff ff55 | 4881 ecd0 | 0000 0090 | 4181 7f20 | 1300 0000 | 0f85 b234 | 0000 8974 
  0x000001bfb8008520: 2444 897c | 2440 4c89 | 4c24 384c | 8944 2430 | 4889 5424 | 2848 8be9 | 4885 c90f | 8457 2500 
  0x000001bfb8008540: 004d 8b87 | b801 0000 | 4d8b d049 | 83c2 104d | 3b97 c801 | 0000 0f83 | 591d 0000 | 4d89 97b8 
  0x000001bfb8008560: 0100 0041 | 0f18 8200 | 0100 0049 | c700 0100 

  0x000001bfb8008570: ;   {metadata('java/security/SecureClassLoader$CodeSourceKey')}
  0x000001bfb8008570: 0000 41c7 | 4008 b8b4 | 1100 4c8b | dd45 8958 | 0c4d 8b8f | b801 0000 | 4c8b 5424 | 2841 8b6a 
  0x000001bfb8008590: 504d 8bd1 | 4983 c210 | 4d3b 97c8 | 0100 000f | 83e1 1c00 | 004d 8997 | b801 0000 | 410f 1882 
  0x000001bfb80085b0: 0001 0000 | 49c7 0101 

  0x000001bfb80085b8: ;   {metadata('java/security/SecureClassLoader$1')}
  0x000001bfb80085b8: 0000 0041 | c741 0850 | ba11 004c | 8b54 2428 | 4d8b da45 | 8959 0c44 

  0x000001bfb80085d0: ;   {metadata('java/util/concurrent/ConcurrentHashMap')}
  0x000001bfb80085d0: 8b5d 0841 | 81fb 8027 | 0600 0f85 | 4822 0000 | 488b d590 

  0x000001bfb80085e4: ;   {optimized virtual_call}
  0x000001bfb80085e4: c5f8 77e8 

  0x000001bfb80085e8: ; ImmutableOopMap {[40]=Oop [48]=Oop [56]=Oop }
                      ;*invokeinterface computeIfAbsent {reexecute=0 rethrow=0 return_oop=1}
                      ; - java.security.SecureClassLoader::getProtectionDomain@28
                      ; - java.security.SecureClassLoader::defineClass@9
  0x000001bfb80085e8: 94ad 37f9 

  0x000001bfb80085ec: ;   {other}
  0x000001bfb80085ec: 0f1f 8400 | 5c06 0000 

  0x000001bfb80085f4: ; implicit exception: dispatches to 0x000001bfb800b570
  0x000001bfb80085f4: 448b 5008 

  0x000001bfb80085f8: ;   {metadata('java/security/ProtectionDomain')}
  0x000001bfb80085f8: 4181 fae8 | 5800 000f | 856f 2e00 | 0048 8984 | 2490 0000 | 004c 8b54 | 2430 458b | 5214 458b 
  0x000001bfb8008618: 5a0c 4585 | db0f 8651 | 2200 004c | 8b44 2430 | 450f be48 | 1045 85c9 | 0f85 4623 | 0000 c442 
  0x000001bfb8008638: 32f7 c345 | 3bc3 418b | d841 0f4f | db4d 8bca | c4c1 f96e | c94d 8d4a | 1085 db0f | 8ecf 0000 
  0x000001bfb8008658: 0044 3bdb | 0f82 5222 | 0000 b82f | 0000 0049 | 8bf9 8bd3 | 488b df83 | fa10 0f8c | 7900 0000 
  0x000001bfb8008678: 83fa 200f | 8c36 0000 | 00c5 f96e | d8c4 e27d | 78db c5fd | efc0 8bca | 83e1 e083 | e21f c5fe 
  0x000001bfb8008698: 6f13 c5ed | 74d3 c4e2 | 7d17 c20f | 8369 0000 | 0048 83c3 | 2083 e920 | 75e4 e90d | 0000 00c5 
  0x000001bfb80086b8: f96e d8c5 | f9ef c0c4 | e261 00d8 | 83fa 100f | 8c24 0000 | 008b ca83 | e1f0 83e2 | 0fc5 fa6f 
  0x000001bfb80086d8: 13c5 e974 | d3c4 e279 | 17c2 0f83 | 2a00 0000 | 4883 c310 | 83e9 1075 | e485 d20f 

  0x000001bfb80086f4: ;   {no_reloc}
  0x000001bfb80086f4: 8412 0000 | 000f b60b | 3bc1 741c | 4883 c301 | 83ea 0174 | 02eb eebb | ffff ffff | eb0d c5fd 
  0x000001bfb8008714: d7ca 0fbc | c148 03d8 | 482b df83 | fbff 0f85 | ac22 0000 | 410f b629 | 83fd 5b0f | 8497 2300 
  0x000001bfb8008734: 0041 8d48 | fb85 c97c | 5341 0fbe | 1983 fb6a | 754a 4183 | fb04 0f86 | 5d27 0000 | 4180 7a11 
  0x000001bfb8008754: 6175 3941 | 807a 1276 | 7532 4180 | 7a13 6175 | 2b41 807a | 142e 7524 

  0x000001bfb800876c: ;   {oop(a 'jdk/internal/loader/ClassLoaders$PlatformClassLoader'{0x00000000c0599110})}
  0x000001bfb800876c: 48b9 1091 | 59c0 0000 | 0000 488b | 5c24 2848 | 3bd9 0f85 | 142c 0000 

  0x000001bfb8008784: ;   {oop(a 'jdk/internal/loader/ClassLoaders$PlatformClassLoader'{0x00000000c0599110})}
  0x000001bfb8008784: 48bb 1091 | 59c0 0000 | 0000 eb05 | 488b 5c24 | 2848 8b8c | 2490 0000 | 008b 4910 | 898c 2498 
  0x000001bfb80087a4: 0000 0041 | 8d70 ff41 | 8d4b ff3b | f10f 4ff1 | 85f6 0f8c | 940e 0000 | 413b f30f | 833f 2000 
  0x000001bfb80087c4: 0085 f60f | 8ec3 2000 | 008d 4eff | 4533 f641 | 0fbe 5432 | 1083 fa2e | 0f84 1a0d | 0000 ffce 
  0x000001bfb80087e4: 3bf1 7feb | 83fe 020f | 8e8d 0000 | 008d 7efe | 83fe 0241 | 0f4c fe81 | ffa0 0f00 | 00b9 a00f 
  0x000001bfb8008804: 0000 0f47 | f98b c62b | c766 6690 | 4863 fe41 | 0fbe 4c3a | 1083 f92e | 0f84 8100 | 0000 410f 
  0x000001bfb8008824: be7c 3a0f | 83ff 2e74 | 7a8d 4efe | 410f be7c | 0a10 83ff | 2e74 6f8d | 4efd 410f | be7c 0a10 
  0x000001bfb8008844: 83ff 2e74 | 6183 c6fc | 3bf0 7fc0 | 498b af58 | 0400 0048 | 8b4c 2428 | 488b 7c24 | 3048 8b94 
  0x000001bfb8008864: 2490 0000 | 00c5 fa10 | 8424 9800 

  0x000001bfb8008870: ; ImmutableOopMap {r10=NarrowOop rcx=Oop rbx=Oop rdi=Oop rdx=Oop xmm0=NarrowOop xmm1=Oop r9=Derived_oop_xmm1 [40]=Oop [48]=Oop [56]=Oop [144]=Oop [152]=NarrowOop }
                      ;*goto {reexecute=1 rethrow=0 return_oop=0}
                      ; - (reexecute) java.lang.StringLatin1::lastIndexOf@35
                      ; - java.lang.String::lastIndexOf@13
                      ; - java.lang.String::lastIndexOf@8
                      ; - java.lang.ClassLoader::checkCerts@3
                      ; - java.lang.ClassLoader::preDefineClass@113
                      ; - java.lang.ClassLoader::defineClass@4
                      ; - java.security.SecureClassLoader::defineClass@12
                      ;   {poll}
  0x000001bfb8008870: 0000 8545 | 0083 fe02 | 0f8f 73ff | ffff 83fe | ff0f 8ecc | 0d00 0090 | 410f be7c | 3210 83ff 
  0x000001bfb8008890: 2e0f 8465 | 2000 00ff | ce83 feff | 7fea e9b0 | 0d00 008b | ceeb 038d | 4eff 83f9 | ff0f 84a9 
  0x000001bfb80088b0: 1900 0085 | c90f 8cf1 | 2000 0041 | 3bc8 0f8f | 2022 0000 | 413b c80f | 84e0 0b00 | 0085 c90f 
  0x000001bfb80088d0: 84a1 1a00 | 0049 8bb7 | b801 0000 | 4c8b c649 | 83c0 184d | 3b87 c801 | 0000 0f83 | e819 0000 
  0x000001bfb80088f0: 4d89 87b8 | 0100 0041 | 0f18 8000 | 0100 0048 | c706 0100 

  0x000001bfb8008904: ;   {metadata('java/lang/String')}
  0x000001bfb8008904: 0000 c746 | 0878 e800 | 0044 8966 | 0c4c 8966 | 1041 3bcb | 0f85 9100 | 0000 4d63 | c341 81fb 
  0x000001bfb8008924: 0000 1000 | 0f87 cb1c | 0000 4d8b | afb8 0100 | 0049 8d48 | 1748 83e1 | f849 8bfd | 4803 f949 
  0x000001bfb8008944: 3bbf c801 | 0000 0f83 | a91c 0000 | 4989 bfb8 | 0100 000f | 1887 0001 | 0000 49c7 | 4500 0100 
  0x000001bfb8008964: 0000 0f18 | 8740 0100 

  0x000001bfb800896c: ;   {metadata({type array byte})}
  0x000001bfb800896c: 0041 c745 | 0818 2300 | 0045 895d | 0c0f 1887 | 8001 0000 | 498b d548 | 83c2 1049 | 83c0 0749 
  0x000001bfb800898c: c1e8 0349 | 8bc9 c5f8 | 7749 ba60 | 4b7a b7bf | 0100 0041 

  0x000001bfb80089a0: ;   {other}
  0x000001bfb80089a0: ffd2 0f1f | 8400 0000 | 0000 e9ce | 0000 0081 | f900 0010 | 000f 8769 | 2000 0048 | 63d1 443b 
  0x000001bfb80089c0: d941 8beb | 0f4f e944 | 3bdd 0f82 | 8021 0000 | 3bcd 0f82 | 7821 0000 | 4883 c217 | 4c8b c249 
  0x000001bfb80089e0: 83e0 f881 | f900 0010 | 000f 87f1 | 1a00 004d | 8baf b801 | 0000 4d8b | d54d 03d0 | 4d3b 97c8 
  0x000001bfb8008a00: 0100 000f | 83d7 1a00 | 004d 8997 | b801 0000 | 410f 1882 | 0001 0000 | 49c7 4500 | 0100 0000 
  0x000001bfb8008a20: 410f 1882 | 4001 0000 

  0x000001bfb8008a28: ;   {metadata({type array byte})}
  0x000001bfb8008a28: 41c7 4508 | 1823 0000 | 4189 4d0c | 410f 1882 | 8001 0000 | 4d8b d549 | 83c2 1048 | c1ea 0385 
  0x000001bfb8008a48: ed0f 84dd | 1f00 003b | e90f 8c93 | 1400 0049 | 83c0 f049 | c1e8 0349 | 8bc9 498b | d2c5 f877 
  0x000001bfb8008a68: 49ba 604b | 7ab7 bf01 | 0000 41ff 

  0x000001bfb8008a74: ;   {other}
  0x000001bfb8008a74: d20f 1f84 | 0000 0000 | 0041 807f | 4000 0f85 | 2010 0000 | 4d8b d544 | 8956 144c | 8bd6 4d8b 
  0x000001bfb8008a94: dd4d 33da | 49c1 eb14 | 4d85 db74 | 1a49 c1ea | 0948 b900 | 0017 bfbf | 0100 0049 | 03ca 8039 
  0x000001bfb8008ab4: 020f 8520 | 1000 0044 | 8866 1048 | 8bfe 448b | 9424 9800 | 0000 458b | 5a14 4585 | db0f 8586 
  0x000001bfb8008ad4: 0b00 0045 | 8b5a 1045 | 85db 0f85 | 290c 0000 

  0x000001bfb8008ae4: ;   {oop(""{0x00000000c0570718})}
  0x000001bfb8008ae4: 49b8 1807 | 57c0 0000 | 0000 49b9 | 0000 17bf | bf01 0000 

  0x000001bfb8008af8: ;   {oop(a 'java/security/cert/Certificate'[0] {0x00000000c0583670})}
  0x000001bfb8008af8: 49ba 7036 | 58c0 0000 | 0000 448b | 5b2c 4585 | db0f 84a6 | 1c00 004c | 8954 2460 | 4c8b d74c 
  0x000001bfb8008b18: 894c 2458 | 4c89 4424 | 5048 895c | 2448 4489 | 7424 2049 | 8bd3 bf01 | 0000 004d | 8bc2 4c8b 
  0x000001bfb8008b38: 4c24 6090 

  0x000001bfb8008b3c: ;   {optimized virtual_call}
  0x000001bfb8008b3c: c5f8 77e8 

  0x000001bfb8008b40: ; ImmutableOopMap {[40]=Oop [48]=Oop [56]=Oop [72]=Oop [80]=Oop [96]=Oop [144]=Oop }
                      ;*invokevirtual putVal {reexecute=0 rethrow=0 return_oop=1}
                      ; - java.util.concurrent.ConcurrentHashMap::putIfAbsent@4
                      ; - java.lang.ClassLoader::checkCerts@62
                      ; - java.lang.ClassLoader::preDefineClass@113
                      ; - java.lang.ClassLoader::defineClass@4
                      ; - java.security.SecureClassLoader::defineClass@12
  0x000001bfb8008b40: 9c1d f8ff 

  0x000001bfb8008b44: ;   {other}
  0x000001bfb8008b44: 0f1f 8400 | b40b 0002 | 4885 c074 | 3344 8b50 

  0x000001bfb8008b54: ;   {metadata('java/security/cert/Certificate'[])}
  0x000001bfb8008b54: 0841 81fa | 2029 1000 | 0f85 4629 | 0000 488b | c848 8b7c | 2460 448b | 570c 448b | 490c 4585 
  0x000001bfb8008b74: d20f 8733 | 1500 0045 | 85c9 0f87 | 8c1f 0000 | 4c8b 8c24 | 9000 0000 | 458b 5110 

  0x000001bfb8008b90: ; implicit exception: dispatches to 0x000001bfb800b68c
  0x000001bfb8008b90: 418b 6a0c 

  0x000001bfb8008b94: ; implicit exception: dispatches to 0x000001bfb800b6d4
  0x000001bfb8008b94: 448b 5538 | 4585 d20f | 8433 1c00 | 0048 ffb4 | 2490 0000 | 0048 8f44 | 2448 498b | d24c 8bc5 
  0x000001bfb8008bb4: ;   {optimized virtual_call}
  0x000001bfb8008bb4: c5f8 77e8 

  0x000001bfb8008bb8: ; ImmutableOopMap {[40]=Oop [48]=Oop [56]=Oop [72]=Oop [80]=Oop [144]=Oop }
                      ;*invokevirtual toExternalForm {reexecute=0 rethrow=0 return_oop=1}
                      ; - java.net.URL::toExternalForm@5
                      ; - java.net.URL::toString@1
                      ; - java.lang.ClassLoader::defineClassSourceLocation@22
                      ; - java.lang.ClassLoader::defineClass@12
                      ; - java.security.SecureClassLoader::defineClass@12
  0x000001bfb8008bb8: 643d f3ff 

  0x000001bfb8008bbc: ;   {other}
  0x000001bfb8008bbc: 0f1f 8400 | 2c0c 0003 | 488b 5424 | 284c 8b44 | 2430 4c8b | 4c24 388b | 7c24 408b | 7424 4448 
  0x000001bfb8008bdc: 8b8c 2490 | 0000 0048 | 8904 2490 

  0x000001bfb8008be8: ;   {static_call}
  0x000001bfb8008be8: c5f8 77e8 

  0x000001bfb8008bec: ; ImmutableOopMap {[40]=Oop [72]=Oop [80]=Oop [144]=Oop }
                      ;*invokestatic defineClass1 {reexecute=0 rethrow=0 return_oop=1}
                      ; - java.lang.ClassLoader::defineClass@27
                      ; - java.security.SecureClassLoader::defineClass@12
  0x000001bfb8008bec: f0a2 d6ff 

  0x000001bfb8008bf0: ;   {other}
  0x000001bfb8008bf0: 0f1f 8400 | 600c 0004 | 4889 4424 | 6844 8b50 | 3c45 85d2 | 7408 498b | fae9 c603 | 0000 4c8b 
  0x000001bfb8008c10: 5010 458b | 5a08 4585 | db0f 8c11 | 1d00 0044 | 8b50 2c45 | 85d2 0f84 | 9308 0000 | 4d8b c241 
  0x000001bfb8008c30: 8b78 1444 | 8b5f 0c41 | 0fbe 4810 | c442 72f7 | cb45 8d51 | ff85 c90f | 852b 2000 | 0048 8bcf 
  0x000001bfb8008c50: 4889 8c24 | 8800 0000 | 418d 4bff | 413b ca41 | 0f4f ca85 | c90f 8cd2 | 0000 0045 | 85db 0f86 
  0x000001bfb8008c70: 8f1c 0000 | 413b cb0f | 8386 1c00 | 0085 c90f | 8ecb 1c00 | 0044 8d51 | ff0f be5c | 0f10 83fb 
  0x000001bfb8008c90: 2e0f 84b1 | 0900 00ff | c941 3bca | 7feb 83f9 | 020f 8e7a | 0000 008d | 59fe 83f9 | 020f 4c5c 
  0x000001bfb8008cb0: 2420 81fb | a00f 0000 | 41ba a00f | 0000 410f | 47da 8bd1 | 2bd3 6666 | 0f1f 8400 | 0000 0000 
  0x000001bfb8008cd0: 4863 d944 | 0fbe 541f | 1041 83fa | 2e74 660f | be5c 1f0f | 83fb 2e74 | 6144 8d51 

  0x000001bfb8008cec: ;   {no_reloc}
  0x000001bfb8008cec: fe42 0fbe | 5c17 1083 | fb2e 7456 | 448d 51fd | 420f be74 | 1710 83fe | 2e74 4783 | c1fc 3bca 
  0x000001bfb8008d0c: 7fc2 498b | 8758 0400 | 004c 8b54 

  0x000001bfb8008d18: ; ImmutableOopMap {r10=Oop r8=Oop rdi=NarrowOop [40]=Oop [72]=Oop [80]=Oop [104]=Oop [136]=Oop }
                      ;*goto {reexecute=1 rethrow=0 return_oop=0}
                      ; - (reexecute) java.lang.StringLatin1::lastIndexOf@35
                      ; - java.lang.String::lastIndexOf@13
                      ; - java.lang.String::lastIndexOf@8
                      ; - java.lang.Class::getPackageName@47
                      ; - java.lang.ClassLoader::postDefineClass@2
                      ; - java.lang.ClassLoader::defineClass@37
                      ; - java.security.SecureClassLoader::defineClass@12
                      ;   {poll}
  0x000001bfb8008d18: 2468 8500 | 83f9 027f | 8683 f9ff | 7e17 6690 | 0fbe 5c0f | 1083 fb2e | 0f84 0a1f | 0000 ffc9 
  0x000001bfb8008d38: 83f9 ff7f | eb41 baff | ffff ffeb | 0944 8bd1 | eb04 448d | 51ff 4183 | faff 0f84 | 2d02 0000 
  0x000001bfb8008d58: 4585 d20f | 8c6b 1f00 | 0045 3bd1 | 0f8f 1320 | 0000 453b | d10f 8444 | 0700 0045 | 85d2 0f84 
  0x000001bfb8008d78: 6e18 0000 | 498b 9fb8 | 0100 004c | 8bc3 4983 | c018 4d3b | 87c8 0100 | 000f 830d | 1800 004d 
  0x000001bfb8008d98: 8987 b801 | 0000 410f | 1880 0001 | 0000 48c7 | 0301 0000 

  0x000001bfb8008dac: ;   {metadata('java/lang/String')}
  0x000001bfb8008dac: 00c7 4308 | 78e8 0000 | 4489 630c | 4c89 6310 | 4c8d 4f10 | 453b d30f | 858f 0000 | 004d 63c3 
  0x000001bfb8008dcc: 4181 fb00 | 0010 000f | 8780 1900 | 0049 8bb7 | b801 0000 | 4d8d 5017 | 4983 e2f8 | 488b ce49 
  0x000001bfb8008dec: 03ca 493b | 8fc8 0100 | 000f 835e | 1900 0049 | 898f b801 | 0000 0f18 | 8100 0100 | 0048 c706 
  0x000001bfb8008e0c: 0100 0000 | 0f18 8140 

  0x000001bfb8008e14: ;   {metadata({type array byte})}
  0x000001bfb8008e14: 0100 00c7 | 4608 1823 | 0000 4489 | 5e0c 0f18 | 8180 0100 | 0048 8bd6 | 4883 c210 | 4983 c007 
  0x000001bfb8008e34: 49c1 e803 | 498b c9c5 | f877 49ba | 604b 7ab7 | bf01 0000 

  0x000001bfb8008e48: ;   {other}
  0x000001bfb8008e48: 41ff d20f | 1f84 0000 | 0000 00e9 | d100 0000 | 4181 fa00 | 0010 000f | 87a7 1e00 | 0049 63ca 
  0x000001bfb8008e68: 453b da41 | 8beb 410f | 4fea 443b | dd0f 8245 | 1f00 0044 | 3bd5 0f82 | 3c1f 0000 | 4883 c117 
  0x000001bfb8008e88: 4c8b c149 | 83e0 f841 | 81fa 0000 | 1000 0f87 | 5918 0000 | 498b b7b8 | 0100 004c | 8bde 4d03 
  0x000001bfb8008ea8: d84d 3b9f | c801 0000 | 0f83 3f18 | 0000 4d89 | 9fb8 0100 | 0041 0f18 | 8300 0100 | 0048 c706 
  0x000001bfb8008ec8: 0100 0000 | 410f 1883 | 4001 0000 

  0x000001bfb8008ed4: ;   {metadata({type array byte})}
  0x000001bfb8008ed4: c746 0818 | 2300 0044 | 8956 0c41 | 0f18 8380 | 0100 004c | 8bde 4983 | c310 48c1 | e903 85ed 
  0x000001bfb8008ef4: 0f84 1a1e | 0000 413b | ea0f 8c10 | 1100 0049 | 83c0 f049 | c1e8 0349 | 8bc9 498b | d3c5 f877 
  0x000001bfb8008f14: 49ba 604b | 7ab7 bf01 | 0000 41ff 

  0x000001bfb8008f20: ;   {other}
  0x000001bfb8008f20: d20f 1f84 | 0000 0000 | 0041 807f | 4000 0f85 | 5410 0000 | 4c8b d34c | 8bde 4489 | 5b14 4c8b 
  0x000001bfb8008f40: de4d 33da | 49c1 eb14 | 4d85 db74 | 1a49 c1ea | 0948 b900 | 0017 bfbf | 0100 0049 | 03ca 8039 
  0x000001bfb8008f60: 020f 8554 | 1000 0044 | 8863 1048 | 8bd3 6690 

  0x000001bfb8008f70: ;   {optimized virtual_call}
  0x000001bfb8008f70: c5f8 77e8 

  0x000001bfb8008f74: ; ImmutableOopMap {[40]=Oop [72]=Oop [104]=Oop }
                      ;*invokevirtual intern {reexecute=0 rethrow=0 return_oop=1}
                      ; - java.lang.Class::getPackageName@65
                      ; - java.lang.ClassLoader::postDefineClass@2
                      ; - java.lang.ClassLoader::defineClass@37
                      ; - java.security.SecureClassLoader::defineClass@12
  0x000001bfb8008f74: 68eb d1ff 

  0x000001bfb8008f78: ;   {other}
  0x000001bfb8008f78: 0f1f 8400 | e80f 0006 | 4889 4424 | 5041 807f | 4000 0f85 | d10e 0000 | 4c8b 5424 | 6848 8b7c 
  0x000001bfb8008f98: 2450 4c8b | df4c 8b44 | 2468 4589 | 583c 4c8b | df4d 33da | 49c1 eb14 | 4d85 db74 | 1f48 85ff 
  0x000001bfb8008fb8: 741a 49c1 | ea09 48b9 | 0000 17bf | bf01 0000 | 4903 ca80 | 3902 0f85 | c50e 0000 | 488b 5c24 
  0x000001bfb8008fd8: 2844 8b5b | 3845 85db | 0f84 0618 | 0000 4c8b | cf8b 470c | 4c8b 5424 | 6845 8b52 | 3085 c075 
  0x000001bfb8008ff8: 6344 0fb6 | 4711 4585 | c00f 8505 | 1000 0044 | 8b47 1449 | 8beb 498b | d080 7f10 | 000f 856a 
  0x000001bfb8009018: 1300 0044 | 8954 2438 | 4489 5c24 | 2448 897c | 2430 6690 

  0x000001bfb800902c: ;   {static_call}
  0x000001bfb800902c: c5f8 77e8 

  0x000001bfb8009030: ; ImmutableOopMap {rbp=Oop [36]=NarrowOop [40]=Oop [48]=Oop [56]=NarrowOop [72]=Oop [104]=Oop }
                      ;*invokestatic hashCode {reexecute=0 rethrow=0 return_oop=0}
                      ; - java.lang.String::hashCode@27
                      ; - java.util.concurrent.ConcurrentHashMap::get@1
                      ; - java.lang.ClassLoader::getNamedPackage@5
                      ; - java.lang.ClassLoader::postDefineClass@9
                      ; - java.lang.ClassLoader::defineClass@37
                      ; - java.security.SecureClassLoader::defineClass@12
  0x000001bfb8009030: 8c2a d3ff 

  0x000001bfb8009034: ;   {other}
  0x000001bfb8009034: 0f1f 8400 | a410 0007 | 85c0 0f84 | 6513 0000 | 4c8b 4c24 | 3041 8941 | 0c48 8b5c | 2428 448b 
  0x000001bfb8009054: 5c24 2444 | 8b54 2438 | 458b 4328 | 4585 c00f | 8454 0200 | 0041 8b68 | 0c85 ed0f | 867f 1900 
  0x000001bfb8009074: 008b c8c1 | e910 33c8 | ffcd 81e1 | ffff ff7f | 23e9 4c63 | dd47 8b5c | 9810 4585 | db0f 8426 
  0x000001bfb8009094: 0200 0041 | 8b53 0c49 | 8bfb 3bd1 | 0f84 a000 | 0000 85d2 | 0f8c 6d01 | 0000 458b | 5b18 4585 
  0x000001bfb80090b4: db0f 8402 | 0200 0049 | 8bf3 8b56 | 0c49 8b87 

  0x000001bfb80090c4: ; ImmutableOopMap {r10=NarrowOop r9=Oop rbx=Oop rsi=Oop [72]=Oop [104]=Oop }
                      ;*if_icmpne {reexecute=1 rethrow=0 return_oop=0}
                      ; - (reexecute) java.util.concurrent.ConcurrentHashMap::get@127
                      ; - java.lang.ClassLoader::getNamedPackage@5
                      ; - java.lang.ClassLoader::postDefineClass@9
                      ; - java.lang.ClassLoader::defineClass@37
                      ; - java.security.SecureClassLoader::defineClass@12
  0x000001bfb80090c4: 5804 0000 

  0x000001bfb80090c8: ;   {poll}
  0x000001bfb80090c8: 8500 3bd1 | 0f85 3104 | 0000 8b6e | 104c 8bdd | 4d3b d974 | 5c85 ed0f | 846d 2000 | 0048 8974 
  0x000001bfb80090e8: 2450 894c | 2440 4489 | 5424 244c | 894c 2438 | 4889 5c24 | 284c 8bc5 | 498b d148 | 8b6c 2468 
  0x000001bfb8009108: ;   {optimized virtual_call}
  0x000001bfb8009108: c5f8 77e8 

  0x000001bfb800910c: ; ImmutableOopMap {rbp=Oop [36]=NarrowOop [40]=Oop [56]=Oop [72]=Oop [80]=Oop }
                      ;*invokevirtual equals {reexecute=0 rethrow=0 return_oop=0}
                      ; - java.util.concurrent.ConcurrentHashMap::get@149
                      ; - java.lang.ClassLoader::getNamedPackage@5
                      ; - java.lang.ClassLoader::postDefineClass@9
                      ; - java.lang.ClassLoader::defineClass@37
                      ; - java.security.SecureClassLoader::defineClass@12
  0x000001bfb800910c: b063 f7ff 

  0x000001bfb8009110: ;   {other}
  0x000001bfb8009110: 0f1f 8400 | 8011 0009 | 85c0 0f84 | 6c20 0000 | 488b 5c24 | 2848 896c | 2468 4c8b | 4c24 3844 
  0x000001bfb8009130: 8b54 2424 | 488b 7424 | 508b 6e14 | 85ed 0f84 | 7901 0000 | eb6c 418b | 6b10 4c8b | c54d 3bc1 
  0x000001bfb8009150: 7454 85ed | 0f84 7a1d | 0000 4489 | 5c24 3c89 | 4c24 3844 | 8954 2424 | 4889 5c24 | 284c 8bc5 
  0x000001bfb8009170: 498b d149 | 8be9 4889 | 7c24 5090 

  0x000001bfb800917c: ;   {optimized virtual_call}
  0x000001bfb800917c: c5f8 77e8 

  0x000001bfb8009180: ; ImmutableOopMap {rbp=Oop [36]=NarrowOop [40]=Oop [60]=NarrowOop [72]=Oop [80]=Oop [104]=Oop }
                      ;*invokevirtual equals {reexecute=0 rethrow=0 return_oop=0}
                      ; - java.util.concurrent.ConcurrentHashMap::get@73
                      ; - java.lang.ClassLoader::getNamedPackage@5
                      ; - java.lang.ClassLoader::postDefineClass@9
                      ; - java.lang.ClassLoader::defineClass@37
                      ; - java.security.SecureClassLoader::defineClass@12
  0x000001bfb8009180: 3c63 f7ff 

  0x000001bfb8009184: ;   {other}
  0x000001bfb8009184: 0f1f 8400 | f411 000a | 85c0 0f84 | d710 0000 | 488b 5c24 | 284c 8bcd | 448b 5424 | 2444 8b5c 
  0x000001bfb80091a4: 243c 418b | 6b14 85ed | 0f84 0b01 | 0000 448b | 5d08 49ba | 0000 00c4 | bf01 0000 | 4d03 d34d 
  0x000001bfb80091c4: ;   {metadata('java/lang/NamedPackage')}
  0x000001bfb80091c4: 8b52 3849 | bbe8 c001 | c4bf 0100 | 004d 3bd3 | 0f85 0a17 | 0000 4c8b | 5424 4845 | 8b4a 1045 
  0x000001bfb80091e4: 8b41 1445 | 85c0 0f85 | 3c09 0000 | 458b 5910 | 4585 db0f | 85cf 0900 | 0048 8b44 | 2468 c5f8 
  0x000001bfb8009204: 7748 81c4 | d000 0000 

  0x000001bfb800920c: ;   {poll_return}
  0x000001bfb800920c: 5d49 3ba7 | 5004 0000 | 0f87 a027 | 0000 c345 

  0x000001bfb800921c: ;   {metadata('java/util/concurrent/ConcurrentHashMap$ForwardingNode')}
  0x000001bfb800921c: 8b43 0841 | 81f8 e804 | 1800 7444 

  0x000001bfb8009228: ;   {metadata('java/util/concurrent/ConcurrentHashMap$ReservationNode')}
  0x000001bfb8009228: 4181 f8d0 | 6a17 000f | 8488 0000 | 00ba c6ff | ffff 4c8b | 4424 484c | 8944 2430 | 4889 5c24 
  0x000001bfb8009248: 3844 8954 | 2448 4489 | 5c24 4c89 | 4c24 504c | 894c 2458 

  0x000001bfb800925c: ;   {runtime_call UncommonTrapBlob}
  0x000001bfb800925c: c5f8 77e8 

  0x000001bfb8009260: ; ImmutableOopMap {[48]=Oop [56]=Oop [72]=NarrowOop [76]=NarrowOop [88]=Oop [104]=Oop }
                      ;*invokevirtual find {reexecute=0 rethrow=0 return_oop=0}
                      ; - java.util.concurrent.ConcurrentHashMap::get@93
                      ; - java.lang.ClassLoader::getNamedPackage@5
                      ; - java.lang.ClassLoader::postDefineClass@9
                      ; - java.lang.ClassLoader::defineClass@37
                      ; - java.security.SecureClassLoader::defineClass@12
  0x000001bfb8009260: 1cb1 7bff 

  0x000001bfb8009264: ;   {other}
  0x000001bfb8009264: 0f1f 8400 | d412 000b | 4489 5424 | 244c 894c | 2438 4889 | 5c24 2848 | 8bd7 448b | c166 6690 
  0x000001bfb8009284: ;   {optimized virtual_call}
  0x000001bfb8009284: c5f8 77e8 

  0x000001bfb8009288: ; ImmutableOopMap {[36]=NarrowOop [40]=Oop [56]=Oop [72]=Oop [104]=Oop }
                      ;*invokevirtual find {reexecute=0 rethrow=0 return_oop=1}
                      ; - java.util.concurrent.ConcurrentHashMap::get@93
                      ; - java.lang.ClassLoader::getNamedPackage@5
                      ; - java.lang.ClassLoader::postDefineClass@9
                      ; - java.lang.ClassLoader::defineClass@37
                      ; - java.security.SecureClassLoader::defineClass@12
  0x000001bfb8009288: f457 7bff 

  0x000001bfb800928c: ;   {other}
  0x000001bfb800928c: 0f1f 8400 | fc12 000c | 4885 c074 | 158b 6814 | 85ed 0f84 | 2c16 0000 | 488b 5c24 | 28e9 04ff 
  0x000001bfb80092ac: ffff 488b | 5c24 284c | 8b4c 2438 | 448b 5424 | 2449 8b87 | b801 0000 | 4c8b d849 | 83c3 184d 
  0x000001bfb80092cc: 3b9f c801 | 0000 0f83 | af13 0000 | 4d89 9fb8 | 0100 0041 | 0f18 8300 | 0100 0048 | c700 0100 
  0x000001bfb80092ec: ;   {metadata('java/lang/NamedPackage')}
  0x000001bfb80092ec: 0000 c740 | 08e8 c001 | 0044 8960 | 0c4c 8960 | 1048 895c | 2428 4c89 | 4c24 3044 | 8954 2424 
  0x000001bfb800930c: 4889 4424 | 3848 8b54 | 2430 6690 

  0x000001bfb8009318: ;   {optimized virtual_call}
  0x000001bfb8009318: c5f8 77e8 

  0x000001bfb800931c: ; ImmutableOopMap {[36]=NarrowOop [40]=Oop [48]=Oop [56]=Oop [72]=Oop [104]=Oop }
                      ;*invokevirtual isEmpty {reexecute=0 rethrow=0 return_oop=0}
                      ; - java.lang.NamedPackage::<init>@5
                      ; - java.lang.ClassLoader::getNamedPackage@22
                      ; - java.lang.ClassLoader::postDefineClass@9
                      ; - java.lang.ClassLoader::defineClass@37
                      ; - java.security.SecureClassLoader::defineClass@12
  0x000001bfb800931c: a07c daff 

  0x000001bfb8009320: ;   {other}
  0x000001bfb8009320: 0f1f 8400 | 9013 000d | 85c0 0f84 | e801 0000 | 448b 5424 | 2445 85d2 | 0f84 eb18 | 0000 4c89 
  0x000001bfb8009340: 5424 4049 | 8bd2 6690 

  0x000001bfb8009348: ;   {optimized virtual_call}
  0x000001bfb8009348: c5f8 77e8 

  0x000001bfb800934c: ; ImmutableOopMap {[36]=NarrowOop [40]=Oop [48]=Oop [56]=Oop [64]=Oop [72]=Oop [104]=Oop }
                      ;*invokevirtual isNamed {reexecute=0 rethrow=0 return_oop=0}
                      ; - java.lang.NamedPackage::<init>@12
                      ; - java.lang.ClassLoader::getNamedPackage@22
                      ; - java.lang.ClassLoader::postDefineClass@9
                      ; - java.lang.ClassLoader::defineClass@37
                      ; - java.security.SecureClassLoader::defineClass@12
  0x000001bfb800934c: 3057 7bff 

  0x000001bfb8009350: ;   {other}
  0x000001bfb8009350: 0f1f 8400 | c013 000e | 85c0 0f84 | b801 0000 | 498b 87b8 | 0100 004c | 8bd0 4983 | c228 4d3b 
  0x000001bfb8009370: 97c8 0100 | 000f 835a | 1300 004d | 8997 b801 | 0000 410f | 1882 0001 | 0000 48c7 | 0001 0000 
  0x000001bfb8009390: ;   {metadata('java/lang/InternalError')}
  0x000001bfb8009390: 00c7 4008 | 3807 0100 | 4489 600c | 4c89 6010 | 4c89 6018 | 4c89 6020 | 4889 4424 | 7049 8b87 
  0x000001bfb80093b0: b801 0000 | 4c8b d049 | 83c2 184d | 3b97 c801 | 0000 0f83 | ed12 0000 | 4d89 97b8 | 0100 0041 
  0x000001bfb80093d0: 0f18 8200 | 0100 0048 | c700 0100 

  0x000001bfb80093dc: ;   {metadata('java/lang/StringBuilder')}
  0x000001bfb80093dc: 0000 c740 | 0840 8000 | 0044 8960 | 0c4c 8960 | 1048 8be8 | 488b d54c | 8b54 2470 | 4c89 5424 
  0x000001bfb80093fc: 6066 6690 

  0x000001bfb8009400: ;   {optimized virtual_call}
  0x000001bfb8009400: c5f8 77e8 

  0x000001bfb8009404: ; ImmutableOopMap {rbp=Oop [36]=NarrowOop [40]=Oop [48]=Oop [56]=Oop [64]=Oop [72]=Oop [96]=Oop [104]=Oop [112]=Oop }
                      ;*invokespecial <init> {reexecute=0 rethrow=0 return_oop=0}
                      ; - java.lang.NamedPackage::<init>@26
                      ; - java.lang.ClassLoader::getNamedPackage@22
                      ; - java.lang.ClassLoader::postDefineClass@9
                      ; - java.lang.ClassLoader::defineClass@37
                      ; - java.security.SecureClassLoader::defineClass@12
  0x000001bfb8009404: 7856 7bff 

  0x000001bfb8009408: ;   {other}
  0x000001bfb8009408: 0f1f 8400 | 7814 000f 

  0x000001bfb8009410: ;   {oop("unnamed package in  "{0x00000000c0486f10})}
  0x000001bfb8009410: 49b8 106f | 48c0 0000 | 0000 488b | d54c 8b54 | 2460 4c89 | 5424 5890 

  0x000001bfb8009428: ;   {optimized virtual_call}
  0x000001bfb8009428: c5f8 77e8 

  0x000001bfb800942c: ; ImmutableOopMap {[36]=NarrowOop [40]=Oop [48]=Oop [56]=Oop [64]=Oop [72]=Oop [88]=Oop [96]=Oop [104]=Oop }
                      ;*invokevirtual append {reexecute=0 rethrow=0 return_oop=1}
                      ; - java.lang.NamedPackage::<init>@31
                      ; - java.lang.ClassLoader::getNamedPackage@22
                      ; - java.lang.ClassLoader::postDefineClass@9
                      ; - java.lang.ClassLoader::defineClass@37
                      ; - java.security.SecureClassLoader::defineClass@12
  0x000001bfb800942c: 5056 7bff 

  0x000001bfb8009430: ;   {other}
  0x000001bfb8009430: 0f1f 8400 | a014 0010 | 4885 c00f | 8407 1800 | 0048 8bd0 | 4c8b 4424 | 404c 8b54 | 2458 4c89 
  0x000001bfb8009450: 5424 4090 

  0x000001bfb8009454: ;   {optimized virtual_call}
  0x000001bfb8009454: c5f8 77e8 

  0x000001bfb8009458: ; ImmutableOopMap {[36]=NarrowOop [40]=Oop [48]=Oop [56]=Oop [64]=Oop [72]=Oop [88]=Oop [104]=Oop }
                      ;*invokevirtual append {reexecute=0 rethrow=0 return_oop=1}
                      ; - java.lang.NamedPackage::<init>@35
                      ; - java.lang.ClassLoader::getNamedPackage@22
                      ; - java.lang.ClassLoader::postDefineClass@9
                      ; - java.lang.ClassLoader::defineClass@37
                      ; - java.security.SecureClassLoader::defineClass@12
  0x000001bfb8009458: 2456 7bff 

  0x000001bfb800945c: ;   {other}
  0x000001bfb800945c: 0f1f 8400 | cc14 0011 | 4885 c00f | 84f3 1700 | 0048 8bd0 

  0x000001bfb8009470: ;   {optimized virtual_call}
  0x000001bfb8009470: c5f8 77e8 

  0x000001bfb8009474: ; ImmutableOopMap {[36]=NarrowOop [40]=Oop [48]=Oop [56]=Oop [64]=Oop [72]=Oop [104]=Oop }
                      ;*invokevirtual toString {reexecute=0 rethrow=0 return_oop=1}
                      ; - java.lang.NamedPackage::<init>@38
                      ; - java.lang.ClassLoader::getNamedPackage@22
                      ; - java.lang.ClassLoader::postDefineClass@9
                      ; - java.lang.ClassLoader::defineClass@37
                      ; - java.security.SecureClassLoader::defineClass@12
  0x000001bfb8009474: 0856 7bff 

  0x000001bfb8009478: ;   {other}
  0x000001bfb8009478: 0f1f 8400 | e814 0012 | 488b 5424 | 404c 8bc0 

  0x000001bfb8009488: ;   {optimized virtual_call}
  0x000001bfb8009488: c5f8 77e8 

  0x000001bfb800948c: ; ImmutableOopMap {[36]=NarrowOop [40]=Oop [48]=Oop [56]=Oop [64]=Oop [72]=Oop [104]=Oop }
                      ;*invokespecial <init> {reexecute=0 rethrow=0 return_oop=0}
                      ; - java.lang.NamedPackage::<init>@41
                      ; - java.lang.ClassLoader::getNamedPackage@22
                      ; - java.lang.ClassLoader::postDefineClass@9
                      ; - java.lang.ClassLoader::defineClass@37
                      ; - java.security.SecureClassLoader::defineClass@12
  0x000001bfb800948c: f055 7bff 

  0x000001bfb8009490: ;   {other}
  0x000001bfb8009490: 0f1f 8400 | 0015 0013 | 488b 5424 | 40c5 f877 | 4881 c4d0 | 0000 005d 

  0x000001bfb80094a8: ;   {runtime_call _rethrow_Java}
  0x000001bfb80094a8: e953 877e | ff48 8b74 | 2430 e908 | f6ff ff49 | 8bd8 e9ac | faff ff48 | 8944 2430 | 488b d090 
  0x000001bfb80094c8: ;   {optimized virtual_call}
  0x000001bfb80094c8: c5f8 77e8 

  0x000001bfb80094cc: ; ImmutableOopMap {[40]=Oop [48]=Oop [72]=Oop [80]=Oop [104]=Oop [144]=Oop }
                      ;*invokevirtual initClassName {reexecute=0 rethrow=0 return_oop=1}
                      ; - java.lang.Class::getName@14
                      ; - java.lang.Class::getPackageName@40
                      ; - java.lang.ClassLoader::postDefineClass@2
                      ; - java.lang.ClassLoader::defineClass@37
                      ; - java.security.SecureClassLoader::defineClass@12
  0x000001bfb80094cc: 9049 d4ff 

  0x000001bfb80094d0: ;   {other}
  0x000001bfb80094d0: 0f1f 8400 | 4015 0014 | 4c8b c048 | 85c0 0f85 | 4bf7 ffff | baf6 ffff | ff66 6690 

  0x000001bfb80094ec: ;   {runtime_call UncommonTrapBlob}
  0x000001bfb80094ec: c5f8 77e8 

  0x000001bfb80094f0: ; ImmutableOopMap {}
                      ;*invokevirtual lastIndexOf {reexecute=0 rethrow=0 return_oop=0}
                      ; - java.lang.Class::getPackageName@47
                      ; - java.lang.ClassLoader::postDefineClass@2
                      ; - java.lang.ClassLoader::defineClass@37
                      ; - java.security.SecureClassLoader::defineClass@12
  0x000001bfb80094f0: 8cae 7bff 

  0x000001bfb80094f4: ;   {other}
  0x000001bfb80094f4: 0f1f 8400 | 6415 0015 | 8bce e9a7 | f3ff ff44 | 8b46 1845 | 85c0 0f84 | adfd ffff | 498b f0e9 
  0x000001bfb8009514: a6fb ffff | 448b 5424 | 2449 8bea | 488b 5424 | 3066 6690 

  0x000001bfb8009528: ;   {optimized virtual_call}
  0x000001bfb8009528: c5f8 77e8 

  0x000001bfb800952c: ; ImmutableOopMap {rbp=Oop [36]=NarrowOop [40]=Oop [48]=Oop [56]=Oop [72]=Oop [104]=Oop }
                      ;*invokevirtual intern {reexecute=0 rethrow=0 return_oop=1}
                      ; - java.lang.NamedPackage::<init>@47
                      ; - java.lang.ClassLoader::getNamedPackage@22
                      ; - java.lang.ClassLoader::postDefineClass@9
                      ; - java.lang.ClassLoader::defineClass@37
                      ; - java.security.SecureClassLoader::defineClass@12
  0x000001bfb800952c: b0e5 d1ff 

  0x000001bfb8009530: ;   {other}
  0x000001bfb8009530: 0f1f 8400 | a015 0016 | 488b d841 | 807f 4000 | 0f85 b60e | 0000 488b | 7424 384c | 8bd6 4c8b 
  0x000001bfb8009550: c34d 8bd8 | 4d33 da4d | 8bc8 4489 | 4e0c 49c1 | eb14 4d85 | db74 1f4d | 85c0 741a | 49c1 ea09 
  0x000001bfb8009570: 48b9 0000 | 17bf bf01 | 0000 4903 | ca80 3902 | 0f85 090f | 0000 4180 | 7f40 000f | 8538 0e00 
  0x000001bfb8009590: 008b 7c24 | 2489 7e10 | 4c8b d54c | 8bde 4d33 | d349 c1ea | 144d 85d2 | 741e 85ff | 741a 49c1 
  0x000001bfb80095b0: eb09 48b9 | 0000 17bf | bf01 0000 | 4903 cb80 | 3902 0f85 | 760e 0000 | 4c8b 5c24 | 2845 8b53 
  0x000001bfb80095d0: 3845 85d2 | 0f84 e119 | 0000 4889 | 7424 3849 | 8bd2 4c8b | 4424 304c | 8bce 6690 

  0x000001bfb80095ec: ;   {optimized virtual_call}
  0x000001bfb80095ec: c5f8 77e8 

  0x000001bfb80095f0: ; ImmutableOopMap {[36]=NarrowOop [40]=Oop [56]=Oop [72]=Oop [104]=Oop }
                      ;*invokevirtual putIfAbsent {reexecute=0 rethrow=0 return_oop=1}
                      ; - java.lang.ClassLoader::getNamedPackage@32
                      ; - java.lang.ClassLoader::postDefineClass@9
                      ; - java.lang.ClassLoader::defineClass@37
                      ; - java.security.SecureClassLoader::defineClass@12
  0x000001bfb80095f0: 4c45 ddff 

  0x000001bfb80095f4: ;   {other}
  0x000001bfb80095f4: 0f1f 8400 | 6416 0017 | 4885 c00f | 842f 0e00 | 0044 8b50 | 0849 bb00 | 0000 c4bf | 0100 004d 
  0x000001bfb8009614: 03da 4d8b 

  0x000001bfb8009618: ;   {metadata('java/lang/NamedPackage')}
  0x000001bfb8009618: 5338 49bb | e8c0 01c4 | bf01 0000 | 4d3b d30f | 84ab 1900 | 00ba deff | ffff 488b | e866 6690 
  0x000001bfb8009638: ;   {runtime_call UncommonTrapBlob}
  0x000001bfb8009638: c5f8 77e8 

  0x000001bfb800963c: ; ImmutableOopMap {rbp=Oop }
                      ;*checkcast {reexecute=0 rethrow=0 return_oop=0}
                      ; - java.lang.ClassLoader::getNamedPackage@35
                      ; - java.lang.ClassLoader::postDefineClass@9
                      ; - java.lang.ClassLoader::defineClass@37
                      ; - java.security.SecureClassLoader::defineClass@12
  0x000001bfb800963c: 40ad 7bff 

  0x000001bfb8009640: ;   {other}
  0x000001bfb8009640: 0f1f 8400 | b016 0018 | 448b d1e9 | fef6 ffff | 4533 f6b9 | ffff ffff | e94d f2ff | ff45 8b4b 
  0x000001bfb8009660: 0c45 8b53 | 084d 63c1 | 498b eb49 | c1e0 0241 | 81f9 0000 | 0400 0f87 | 9018 0000 | 498b b7b8 
  0x000001bfb8009680: 0100 0049 | 8d48 1748 | 83e1 f848 | 8bd6 4803 | d149 3b97 | c801 0000 | 0f83 6e18 | 0000 4989 
  0x000001bfb80096a0: 97b8 0100 | 000f 1882 | 0001 0000 | 48c7 0601 | 0000 0044 | 8956 0844 | 894e 0c0f | 1882 4001 
  0x000001bfb80096c0: 0000 0f18 | 8280 0100 | 0049 8d4b | 1048 8bd6 | 4883 c210 | 4983 c007 | 49c1 e803 | c5f8 7749 
  0x000001bfb80096e0: ba60 4b7a | b7bf 0100 | 0041 ffd2 

  0x000001bfb80096ec: ;   {other}
  0x000001bfb80096ec: 0f1f 8400 | 0000 0000 

  0x000001bfb80096f4: ;   {oop(""{0x00000000c0570718})}
  0x000001bfb80096f4: 49b8 1807 | 57c0 0000 | 0000 49b9 | 0000 17bf | bf01 0000 | e993 0300 | 0049 8b87 | b801 0000 
  0x000001bfb8009714: 4c8b d049 | 83c2 1844 | 8b84 2498 | 0000 004d | 3b97 c801 | 0000 0f83 | c018 0000 | 4d89 97b8 
  0x000001bfb8009734: 0100 0041 | 0f18 8200 | 0100 0048 | c700 0100 

  0x000001bfb8009744: ;   {metadata('java/util/ArrayList')}
  0x000001bfb8009744: 0000 c740 | 08d0 890b | 0044 8960 | 0c44 8960 | 1041 8b4b 

  0x000001bfb8009758: ;   {oop(a 'java/lang/Object'[0] {0x00000000c05b1ec0})}
  0x000001bfb8009758: 0cc7 4014 | c01e 5bc0 | 4c8b c885 

  0x000001bfb8009764: ;   {oop(""{0x00000000c0570718})}
  0x000001bfb8009764: c976 1848 | ba18 0757 | c000 0000 | 0048 be00 | 0017 bfbf | 0100 0033 

  0x000001bfb800977c: ;   {oop(""{0x00000000c0570718})}
  0x000001bfb800977c: c9eb 6349 | ba18 0757 | c000 0000 | 0049 bb00 | 0017 bfbf | 0100 00e9 | 3201 0000 | 0f1f 8400 
  0x000001bfb800979c: 0000 0000 | 4889 6c24 | 284c 8b54 | 2420 4c89 | 5424 304c | 8b54 2448 | 4c89 9424 | 9000 0000 
  0x000001bfb80097bc: 448b 7424 | 5048 8b5c | 2458 488b | 5424 6048 | 8b74 2468 | 488b 7c24 | 704c 8b44 | 2478 4c8b 
  0x000001bfb80097dc: 8c24 8000 | 0000 458b | 530c 413b | ca0f 8329 | 1b00 0045 | 8b5c 8b10 

  0x000001bfb80097f4: ; implicit exception: dispatches to 0x000001bfb800b750
  0x000001bfb80097f4: 458b 5310 

  0x000001bfb80097f8: ; implicit exception: dispatches to 0x000001bfb800b768
  0x000001bfb80097f8: 458b 5210 | 898c 2488 | 0000 004c | 898c 2480 | 0000 004c | 8944 2478 | 4889 7c24 | 7048 8974 
  0x000001bfb8009818: 2468 4889 | 5424 6048 | 895c 2458 | 4489 7424 | 504c 8b9c | 2490 0000 | 004c 895c | 2448 4c8b 
  0x000001bfb8009838: 5c24 304c | 895c 2420 | 488b 6c24 | 284d 8bc2 | 498b d190 

  0x000001bfb800984c: ;   {optimized virtual_call}
  0x000001bfb800984c: c5f8 77e8 

  0x000001bfb8009850: ; ImmutableOopMap {rbp=Oop [32]=Oop [56]=Oop [72]=Oop [88]=Oop [96]=Oop [112]=Oop [120]=Oop [128]=Oop [152]=NarrowOop }
                      ;*invokevirtual addAll {reexecute=0 rethrow=0 return_oop=0}
                      ; - java.security.CodeSource::getCertificates@57
                      ; - java.lang.ClassLoader::checkCerts@34
                      ; - java.lang.ClassLoader::preDefineClass@113
                      ; - java.lang.ClassLoader::defineClass@4
                      ; - java.security.SecureClassLoader::defineClass@12
  0x000001bfb8009850: 2c52 7bff 

  0x000001bfb8009854: ;   {other}
  0x000001bfb8009854: 0f1f 8400 | c418 0019 | 4d8b 8758 | 0400 0044 | 8b94 2498 | 0000 0045 | 8b5a 108b | 8c24 8800 
  0x000001bfb8009874: ; ImmutableOopMap {r11=NarrowOop rbp=Oop [32]=Oop [56]=Oop [72]=Oop [88]=Oop [96]=Oop [112]=Oop [120]=Oop [128]=Oop [152]=NarrowOop }
                      ;*goto {reexecute=1 rethrow=0 return_oop=0}
                      ; - (reexecute) java.security.CodeSource::getCertificates@64
                      ; - java.lang.ClassLoader::checkCerts@34
                      ; - java.lang.ClassLoader::preDefineClass@113
                      ; - java.lang.ClassLoader::defineClass@4
                      ; - java.security.SecureClassLoader::defineClass@12
  0x000001bfb8009874: 0000 ffc1 

  0x000001bfb8009878: ;   {poll}
  0x000001bfb8009878: 4185 0045 | 8b53 0c41 | 3bca 0f8c | 18ff ffff | 4889 6c24 | 284c 8b54 | 2420 4c89 | 5424 304c 
  0x000001bfb8009898: 8b54 2448 | 4c89 9424 | 9000 0000 | 448b 7424 | 5048 8b5c | 2458 4c8b | 5424 604c | 8b5c 2468 
  0x000001bfb80098b8: 488b 7c24 | 704c 8b44 | 2478 4c8b | 8c24 8000 | 0000 498b | 87b8 0100 | 0048 8bc8 | 4883 c110 
  0x000001bfb80098d8: 493b 8fc8 | 0100 000f | 837c 1700 | 0049 898f | b801 0000 | 0f18 8100 | 0100 0048 | c700 0100 
  0x000001bfb80098f8: 0000 0f18 | 8140 0100 

  0x000001bfb8009900: ;   {metadata('java/security/cert/Certificate'[])}
  0x000001bfb8009900: 00c7 4008 | 2029 1000 | 0f18 8180 | 0100 0044 | 8960 0c48 | 8b6c 2428 | 488b 4c24 | 3048 894c 
  0x000001bfb8009920: 2420 488b | 8c24 9000 | 0000 4889 | 4c24 4844 | 8974 2450 | 4889 5c24 | 588b 8c24 | 9800 0000 
  0x000001bfb8009940: 894c 2454 | 4c89 5424 | 604c 895c | 2468 4889 | 7c24 704c | 8944 2478 | 4c89 8c24 | 8000 0000 
  0x000001bfb8009960: 4c8b c048 | 8b94 2480 | 0000 0090 

  0x000001bfb800996c: ;   {optimized virtual_call}
  0x000001bfb800996c: c5f8 77e8 

  0x000001bfb8009970: ; ImmutableOopMap {rbp=Oop [32]=Oop [56]=Oop [72]=Oop [84]=NarrowOop [88]=Oop [96]=Oop [112]=Oop [120]=Oop }
                      ;*invokevirtual toArray {reexecute=0 rethrow=0 return_oop=1}
                      ; - java.security.CodeSource::getCertificates@73
                      ; - java.lang.ClassLoader::checkCerts@34
                      ; - java.lang.ClassLoader::preDefineClass@113
                      ; - java.lang.ClassLoader::defineClass@4
                      ; - java.security.SecureClassLoader::defineClass@12
  0x000001bfb8009970: 0c51 7bff 

  0x000001bfb8009974: ;   {other}
  0x000001bfb8009974: 0f1f 8400 | e419 001b | 488b d844 

  0x000001bfb8009980: ;   {metadata('java/security/cert/Certificate'[])}
  0x000001bfb8009980: 8b58 0841 | 81fb 2029 | 1000 0f85 | 741b 0000 | 4180 7f40 | 000f 85fd | 1100 008b | 7c24 544c 
  0x000001bfb80099a0: 8b54 2478 | 4c8b db44 | 895f 144c | 8bdb 4d33 | da49 c1eb | 144d 85db | 741a 49c1 | ea09 48b9 
  0x000001bfb80099c0: 0000 17bf | bf01 0000 | 4903 ca80 | 3902 0f85 | fb11 0000 | 448b 5b0c | 448b 5308 | 4d63 c349 
  0x000001bfb80099e0: c1e0 0241 | 81fb 0000 | 0400 0f87 | e516 0000 | 498b b7b8 | 0100 004d | 8d48 1749 | 83e1 f848 
  0x000001bfb8009a00: 8bce 4903 | c949 3b8f | c801 0000 | 0f83 c316 | 0000 4989 | 8fb8 0100 | 000f 1881 | 0001 0000 
  0x000001bfb8009a20: 48c7 0601 | 0000 0044 | 8956 0844 | 895e 0c0f | 1881 4001 | 0000 0f18 | 8180 0100 | 0048 8bcb 
  0x000001bfb8009a40: 4883 c110 | 488b d648 | 83c2 1049 | 83c0 0749 | c1e8 03c5 | f877 49ba | 604b 7ab7 | bf01 0000 
  0x000001bfb8009a60: ;   {other}
  0x000001bfb8009a60: 41ff d20f | 1f84 0000 | 0000 0048 | 896c 2428 | 4c8b 5424 | 204c 8954 | 2430 4c8b | 5424 484c 
  0x000001bfb8009a80: 8994 2490 | 0000 0044 | 8b74 2450 | 488b 5c24 | 584c 8b44 | 2460 4c8b | 4c24 6848 | 8b7c 2470 
  0x000001bfb8009aa0: 4c8b d6e9 | 5af0 ffff | 448b 5e14 | 4585 db0f | 84d3 efff | ff4d 8b57 | 2849 8bcb | 4d85 d20f 
  0x000001bfb8009ac0: 84b3 1000 | 004d 8b5f | 384b 894c | 13f8 4983 | c2f8 4d89 | 5728 e9ad | efff ff4d | 8b57 584d 
  0x000001bfb8009ae0: 8b5f 48f0 | 8344 24c0 | 0080 3900 | 0f84 c9ef | ffff 4488 | 214d 85db | 7520 498b | d7c5 f877 
  0x000001bfb8009b00: 49ba 00a4 | 3990 fb7f | 0000 41ff 

  0x000001bfb8009b0c: ;   {other}
  0x000001bfb8009b0c: d20f 1f84 | 0000 0000 | 00e9 a1ef | ffff 4b89 | 4c1a f849 | 83c3 f84d | 895f 48e9 | 8fef ffff 
  0x000001bfb8009b2c: 418b 780c | 458b 5008 | 498b e84c | 63cf 49c1 | e102 81ff | 0000 0400 | 0f87 3114 | 0000 498b 
  0x000001bfb8009b4c: 87b8 0100 | 004d 8d59 | 1749 83e3 | f848 8bc8 | 4903 cb49 | 3b8f c801 | 0000 0f83 | 0f14 0000 
  0x000001bfb8009b6c: 4989 8fb8 | 0100 000f | 1881 0001 | 0000 48c7 | 0001 0000 | 0044 8950 | 0889 780c | 0f18 8140 
  0x000001bfb8009b8c: 0100 000f | 1881 8001 | 0000 488b | d849 8d48 | 1048 8bd3 | 4883 c210 | 4983 c107 | 49c1 e903 
  0x000001bfb8009bac: 4d8b c1c5 | f877 49ba | 604b 7ab7 | bf01 0000 

  0x000001bfb8009bbc: ;   {other}
  0x000001bfb8009bbc: 41ff d20f | 1f84 0000 | 0000 00e9 | 7702 0000 | 498b 87b8 | 0100 004c | 8bd0 4983 | c218 498b 
  0x000001bfb8009bdc: f94d 3b97 | c801 0000 | 0f83 d215 | 0000 4d89 | 97b8 0100 | 0041 0f18 | 8200 0100 | 0048 c700 
  0x000001bfb8009bfc: 0100 0000 

  0x000001bfb8009c00: ;   {metadata('java/util/ArrayList')}
  0x000001bfb8009c00: c740 08d0 | 890b 0044 | 8960 0c44 | 8960 1045 

  0x000001bfb8009c10: ;   {oop(a 'java/lang/Object'[0] {0x00000000c05b1ec0})}
  0x000001bfb8009c10: 8b43 0cc7 | 4014 c01e | 5bc0 488b | c845 85c0 | 0f86 8e00 | 0000 4533 | c0eb 120f | 1f44 0000 
  0x000001bfb8009c30: 488b dd48 | 8b7c 2430 | 488b 4c24 | 3845 8b53 | 0c45 3bc2 | 0f83 1e17 | 0000 478b | 5483 1045 
  0x000001bfb8009c50: 8b5a 1045 | 8b53 1044 | 8944 2440 | 4889 4c24 | 3848 897c | 2430 4489 | 4c24 2448 | 8beb 4d8b 
  0x000001bfb8009c70: c248 8bd1 

  0x000001bfb8009c74: ;   {optimized virtual_call}
  0x000001bfb8009c74: c5f8 77e8 

  0x000001bfb8009c78: ; ImmutableOopMap {rbp=Oop [36]=NarrowOop [48]=Oop [56]=Oop [104]=Oop }
                      ;*invokevirtual addAll {reexecute=0 rethrow=0 return_oop=0}
                      ; - java.security.CodeSource::getCertificates@57
                      ; - java.lang.ClassLoader::postDefineClass@24
                      ; - java.lang.ClassLoader::defineClass@37
                      ; - java.security.SecureClassLoader::defineClass@12
  0x000001bfb8009c78: 044e 7bff 

  0x000001bfb8009c7c: ;   {other}
  0x000001bfb8009c7c: 0f1f 8400 | ec1c 001c | 498b 8f58 | 0400 0044 | 8b4c 2424 | 458b 5910 | 448b 4424 

  0x000001bfb8009c98: ; ImmutableOopMap {r11=NarrowOop r9=NarrowOop rbp=Oop [48]=Oop [56]=Oop [104]=Oop }
                      ;*goto {reexecute=1 rethrow=0 return_oop=0}
                      ; - (reexecute) java.security.CodeSource::getCertificates@64
                      ; - java.lang.ClassLoader::postDefineClass@24
                      ; - java.lang.ClassLoader::defineClass@37
                      ; - java.security.SecureClassLoader::defineClass@12
  0x000001bfb8009c98: 4041 ffc0 

  0x000001bfb8009c9c: ;   {poll}
  0x000001bfb8009c9c: 8501 418b | 4b0c 443b | c17c 8948 | 8bdd 488b | 7c24 3048 | 8b4c 2438 | 498b 87b8 | 0100 004c 
  0x000001bfb8009cbc: 8bd0 4983 | c210 4d3b | 97c8 0100 | 000f 8330 | 1500 004d | 8997 b801 | 0000 410f | 1882 0001 
  0x000001bfb8009cdc: 0000 48c7 | 0001 0000 | 0041 0f18 | 8240 0100 

  0x000001bfb8009cec: ;   {metadata('java/security/cert/Certificate'[])}
  0x000001bfb8009cec: 00c7 4008 | 2029 1000 | 410f 1882 | 8001 0000 | 4489 600c | 4889 5c24 | 284c 8b54 | 2468 4c89 
  0x000001bfb8009d0c: 5424 3041 | 8be9 4889 | 7c24 3848 | 894c 2440 | 4c8b c048 | 8b54 2440 

  0x000001bfb8009d24: ;   {optimized virtual_call}
  0x000001bfb8009d24: c5f8 77e8 

  0x000001bfb8009d28: ; ImmutableOopMap {rbp=NarrowOop [40]=Oop [48]=Oop [56]=Oop }
                      ;*invokevirtual toArray {reexecute=0 rethrow=0 return_oop=1}
                      ; - java.security.CodeSource::getCertificates@73
                      ; - java.lang.ClassLoader::postDefineClass@24
                      ; - java.lang.ClassLoader::defineClass@37
                      ; - java.security.SecureClassLoader::defineClass@12
  0x000001bfb8009d28: 544d 7bff 

  0x000001bfb8009d2c: ;   {other}
  0x000001bfb8009d2c: 0f1f 8400 | 9c1d 001e | 488b f844 

  0x000001bfb8009d38: ;   {metadata('java/security/cert/Certificate'[])}
  0x000001bfb8009d38: 8b50 0841 | 81fa 2029 | 1000 0f85 | a017 0000 | 4180 7f40 | 000f 85a5 | 1000 008b | dd4c 8bd7 
  0x000001bfb8009d58: 4c89 5424 | 404c 8b54 | 2438 4c8b | 5c24 4044 | 895b 144c | 8b5c 2440 | 4d33 da49 | c1eb 144d 
  0x000001bfb8009d78: 85db 7416 | 49c1 ea09 | 4c8b 4424 | 584d 03c2 | 4180 3802 | 0f85 9b10 | 0000 4c8b | 5424 4045 
  0x000001bfb8009d98: 8b42 0c45 | 8b52 0849 | 63e8 48c1 | e502 4181 | f800 0004 | 000f 878e | 1400 0049 | 8b87 b801 
  0x000001bfb8009db8: 0000 4c8d | 5d17 4983 | e3f8 4c8b | c84d 03cb | 4d3b 8fc8 | 0100 000f | 836c 1400 | 004d 898f 
  0x000001bfb8009dd8: b801 0000 | 410f 1881 | 0001 0000 | 48c7 0001 | 0000 0044 | 8950 0844 | 8940 0c41 | 0f18 8140 
  0x000001bfb8009df8: 0100 0041 | 0f18 8180 | 0100 0048 | 8bd8 488b | 4c24 4048 | 83c1 1048 | 8bd3 4883 | c210 4883 
  0x000001bfb8009e18: c507 48c1 | ed03 4c8b | c5c5 f877 | 49ba 604b | 7ab7 bf01 | 0000 41ff 

  0x000001bfb8009e30: ;   {other}
  0x000001bfb8009e30: d20f 1f84 | 0000 0000 | 004c 8b54 | 2430 4c89 | 5424 6848 | 8b54 2468 | 4c8b c390 

  0x000001bfb8009e4c: ;   {optimized virtual_call}
  0x000001bfb8009e4c: c5f8 77e8 

  0x000001bfb8009e50: ; ImmutableOopMap {[104]=Oop }
                      ;*invokevirtual setSigners {reexecute=0 rethrow=0 return_oop=0}
                      ; - java.lang.ClassLoader::setSigners@2
                      ; - java.lang.ClassLoader::postDefineClass@35
                      ; - java.lang.ClassLoader::defineClass@37
                      ; - java.security.SecureClassLoader::defineClass@12
  0x000001bfb8009e50: 2c4c 7bff 

  0x000001bfb8009e54: ;   {other}
  0x000001bfb8009e54: 0f1f 8400 | c41e 001f | e99c f3ff | ff4c 8b54 | 2468 458b | 5a3c 4585 | db0f 841d | f1ff ff4d 
  0x000001bfb8009e74: 8b57 2849 | 8bcb 4d85 | d20f 8429 | 0e00 004d | 8b5f 384b | 894c 13f8 | 4983 c2f8 | 4d89 5728 
  0x000001bfb8009e94: e9f7 f0ff | ff4d 8b57 | 484d 8b5f | 58f0 8344 | 24c0 0080 | 3900 0f84 | 24f1 ffff | 4488 214d 
  0x000001bfb8009eb4: 85d2 7520 | 498b d7c5 | f877 49ba | 00a4 3990 | fb7f 0000 

  0x000001bfb8009ec8: ;   {other}
  0x000001bfb8009ec8: 41ff d20f | 1f84 0000 | 0000 00e9 | fcf0 ffff | 4b89 4c13 | f849 83c2 | f84d 8957 | 48e9 eaf0 
  0x000001bfb8009ee8: ffff 4c63 | c54d 8d58 | 1049 8bcb | 4883 e1f8 | 498b fd48 | 03f9 49c1 | eb03 492b | d348 8bca 
  0x000001bfb8009f08: 4833 c048 | 83f9 087f | 1048 ffc9 | 784f 4889 | 04cf 48ff | c97d f7eb | 44c5 fdef | c0e9 0d00 
  0x000001bfb8009f28: 0000 c5fe | 7f07 c5fe | 7f47 2048 | 83c7 4048 | 83e9 087d | ed48 83c1 | 047c 0cc5 | fe7f 0748 
  0x000001bfb8009f48: 83c7 2048 | 83e9 0448 | 83c1 047e | 1048 ffc9 | c5f9 d607 | 4883 c708 | 48ff c97d | f349 8bc9 
  0x000001bfb8009f68: 498b d2c5 | f877 49ba | c044 7ab7 | bf01 0000 

  0x000001bfb8009f78: ;   {other}
  0x000001bfb8009f78: 41ff d20f | 1f84 0000 | 0000 00e9 | f5ea ffff | 448b 5b14 | 4585 db0f | 849f efff | ff4d 8b57 
  0x000001bfb8009f98: 2849 8bcb | 4d85 d20f | 84e8 0e00 | 004d 8b5f | 384b 894c | 13f8 4983 | c2f8 4d89 | 5728 e979 
  0x000001bfb8009fb8: efff ff4d | 8b57 484d | 8b5f 58f0 | 8344 24c0 | 0080 3900 | 0f84 95ef | ffff 4488 | 214d 85d2 
  0x000001bfb8009fd8: 7520 498b | d7c5 f877 | 49ba 00a4 | 3990 fb7f | 0000 41ff 

  0x000001bfb8009fec: ;   {other}
  0x000001bfb8009fec: d20f 1f84 | 0000 0000 | 00e9 6def | ffff 4b89 | 4c13 f849 | 83c2 f84d | 8957 48e9 | 5bef ffff 
  0x000001bfb800a00c: 33c0 e949 | f0ff ff4c | 63c5 4d8d | 5010 498b | d248 83e2 | f848 8bfe | 4803 fa49 | c1ea 0349 
  0x000001bfb800a02c: 2bca 4833 | c048 83f9 | 087f 1048 | ffc9 784f | 4889 04cf | 48ff c97d | f7eb 44c5 | fdef c0e9 
  0x000001bfb800a04c: 0d00 0000 | c5fe 7f07 | c5fe 7f47 | 2048 83c7 | 4048 83e9 | 087d ed48 | 83c1 047c | 0cc5 fe7f 
  0x000001bfb800a06c: 0748 83c7 | 2048 83e9 | 0448 83c1 | 047e 1048 | ffc9 c5f9 | d607 4883 | c708 48ff | c97d f349 
  0x000001bfb800a08c: 8bc9 498b | d3c5 f877 | 49ba c044 | 7ab7 bf01 | 0000 41ff 

  0x000001bfb800a0a0: ;   {other}
  0x000001bfb800a0a0: d20f 1f84 | 0000 0000 | 00e9 7bee | ffff 453b | d10f 85e8 | 0000 0041 | 8d5a ff41 | 3bda 0f83 
  0x000001bfb800a0c0: f812 0000 | 4585 c90f | 86ef 1200 | 0045 8d41 | ff33 dbeb | 388b 9c24 | 8400 0000 | ffc3 3b9c 
  0x000001bfb800a0e0: 24a0 0000 | 000f 8ded | 0000 0048 | 8b7c 2470 | 488b 4c24 | 4844 8b94 | 24a0 0000 | 0044 8b8c 
  0x000001bfb800a100: 24a4 0000 | 0044 8b84 | 24a8 0000 | 008b 749f | 1045 3bc1 | 0f83 4b11 | 0000 85f6 | 0f84 4311 
  0x000001bfb800a120: 0000 4c8b | de33 ed48 | 897c 2470 | 4489 9424 | a000 0000 | 4489 8c24 | a400 0000 | 4489 8424 
  0x000001bfb800a140: a800 0000 | 899c 2484 | 0000 0089 | b424 8800 | 0000 4c89 | 9c24 b000 | 0000 eb09 | 0f1f 4000 
  0x000001bfb800a160: 488b 4c24 | 4844 8b54 | a910 4889 | 4c24 484d | 8bc2 488b | 9424 b000 | 0000 6690 

  0x000001bfb800a17c: ;   {optimized virtual_call}
  0x000001bfb800a17c: c5f8 77e8 

  0x000001bfb800a180: ; ImmutableOopMap {[40]=Oop [48]=Oop [56]=Oop [72]=Oop [80]=Oop [112]=Oop [136]=NarrowOop [144]=Oop [176]=Oop }
                      ;*invokevirtual equals {reexecute=0 rethrow=0 return_oop=0}
                      ; - java.lang.ClassLoader::compareCerts@81
                      ; - java.lang.ClassLoader::checkCerts@80
                      ; - java.lang.ClassLoader::preDefineClass@113
                      ; - java.lang.ClassLoader::defineClass@4
                      ; - java.security.SecureClassLoader::defineClass@12
  0x000001bfb800a180: fc48 7bff 

  0x000001bfb800a184: ;   {other}
  0x000001bfb800a184: 0f1f 8400 | f421 0020 | 85c0 0f85 | 41ff ffff | ffc5 3bac | 24a4 0000 | 007c c1ba | 45ff ffff 
  0x000001bfb800a1a4: 488b 6c24 | 284c 8b54 | 2438 4c89 | 5424 2844 | 8b54 2440 | 4489 5424 | 3844 8b5c | 2444 4489 
  0x000001bfb800a1c4: 5c24 3c90 

  0x000001bfb800a1c8: ;   {runtime_call UncommonTrapBlob}
  0x000001bfb800a1c8: c5f8 77e8 

  0x000001bfb800a1cc: ; ImmutableOopMap {rbp=Oop [40]=Oop [48]=Oop [144]=Oop }
                      ;*ifne {reexecute=1 rethrow=0 return_oop=0}
                      ; - (reexecute) java.lang.ClassLoader::checkCerts@83
                      ; - java.lang.ClassLoader::preDefineClass@113
                      ; - java.lang.ClassLoader::defineClass@4
                      ; - java.security.SecureClassLoader::defineClass@12
  0x000001bfb800a1cc: b0a1 7bff 

  0x000001bfb800a1d0: ;   {other}
  0x000001bfb800a1d0: 0f1f 8400 | 4022 0021 | 4533 d2eb | 1644 8b54 | 247c 41ff | c244 3b94 | 24a4 0000 | 000f 8d91 
  0x000001bfb800a1f0: e9ff ff4c | 8b5c 2448 | 478b 4c93 | 1045 85c9 | 0f84 b610 | 0000 4d8b | c133 ed44 | 8954 247c 
  0x000001bfb800a210: 4489 8c24 | 8000 0000 | 4c89 8424 | 9800 0000 | 4c8b 5424 | 7045 8b54 | aa10 4d8b | c248 8b94 
  0x000001bfb800a230: 2498 0000 | 0066 6690 

  0x000001bfb800a238: ;   {optimized virtual_call}
  0x000001bfb800a238: c5f8 77e8 

  0x000001bfb800a23c: ; ImmutableOopMap {[40]=Oop [48]=Oop [56]=Oop [72]=Oop [80]=Oop [112]=Oop [128]=NarrowOop [144]=Oop [152]=Oop }
                      ;*invokevirtual equals {reexecute=0 rethrow=0 return_oop=0}
                      ; - java.lang.ClassLoader::compareCerts@166
                      ; - java.lang.ClassLoader::checkCerts@80
                      ; - java.lang.ClassLoader::preDefineClass@113
                      ; - java.lang.ClassLoader::defineClass@4
                      ; - java.security.SecureClassLoader::defineClass@12
  0x000001bfb800a23c: 4048 7bff 

  0x000001bfb800a240: ;   {other}
  0x000001bfb800a240: 0f1f 8400 | b022 0022 | 85c0 7591 | ffc5 3bac | 24a0 0000 | 007c c9e9 | 43ff ffff 

  0x000001bfb800a25c: ;   {oop(""{0x00000000c0570718})}
  0x000001bfb800a25c: 48bf 1807 | 57c0 0000 | 0000 e957 | e8ff ff48 | 8b5c 2428 | 4c8b cd44 | 8b54 2424 | 8b4c 2438 
  0x000001bfb800a27c: 448b 5c24 | 3ce9 28ee 

  0x000001bfb800a284: ;   {metadata('java/security/SecureClassLoader$1')}
  0x000001bfb800a284: ffff 48ba | 50ba 11c4 | bf01 0000 | 4c89 4424 | 5066 6690 

  0x000001bfb800a298: ;   {runtime_call _new_instance_Java}
  0x000001bfb800a298: c5f8 77e8 

  0x000001bfb800a29c: ; ImmutableOopMap {rbp=NarrowOop [40]=Oop [48]=Oop [56]=Oop [80]=Oop }
                      ;*new {reexecute=0 rethrow=0 return_oop=1}
                      ; - java.security.SecureClassLoader::getProtectionDomain@20
                      ; - java.security.SecureClassLoader::defineClass@9
  0x000001bfb800a29c: 6019 7eff 

  0x000001bfb800a2a0: ;   {other}
  0x000001bfb800a2a0: 0f1f 8400 | 1023 0023 | 4c8b c84c | 8b44 2450 | e90e e3ff 

  0x000001bfb800a2b4: ;   {metadata('java/security/SecureClassLoader$CodeSourceKey')}
  0x000001bfb800a2b4: ff48 bab8 | b411 c4bf | 0100 0090 

  0x000001bfb800a2c0: ;   {runtime_call _new_instance_Java}
  0x000001bfb800a2c0: c5f8 77e8 

  0x000001bfb800a2c4: ; ImmutableOopMap {rbp=Oop [40]=Oop [48]=Oop [56]=Oop }
                      ;*new {reexecute=0 rethrow=0 return_oop=1}
                      ; - java.security.SecureClassLoader::getProtectionDomain@6
                      ; - java.security.SecureClassLoader::defineClass@9
  0x000001bfb800a2c4: 3819 7eff 

  0x000001bfb800a2c8: ;   {other}
  0x000001bfb800a2c8: 0f1f 8400 | 3823 0024 | 4c8b c0e9 | a2e2 ffff | 894c 2478 | 8b8c 2498 | 0000 0089 | 4c24 5c48 
  0x000001bfb800a2e8: 895c 2470 | 4c89 4c24 | 68c5 fb11 | 4c24 6044 | 8974 2458 | 4489 5c24 | 5444 8954 | 2450 4c8b 
  0x000001bfb800a308: 9424 9000 | 0000 4c89 | 5424 484c | 8b54 2430 | 4c89 5424 | 2048 8b6c 

  0x000001bfb800a320: ;   {metadata('java/lang/String')}
  0x000001bfb800a320: 2428 48ba | 78e8 00c4 | bf01 0000 

  0x000001bfb800a32c: ;   {runtime_call _new_instance_Java}
  0x000001bfb800a32c: c5f8 77e8 

  0x000001bfb800a330: ; ImmutableOopMap {rbp=Oop [32]=Oop [56]=Oop [72]=Oop [80]=NarrowOop [92]=NarrowOop [96]=Oop [104]=Derived_oop_[96] [112]=Oop [144]=Oop [152]=NarrowOop }
                      ;*new {reexecute=0 rethrow=0 return_oop=1}
                      ; - java.lang.StringLatin1::newString@7
                      ; - java.lang.String::substring@41
                      ; - java.lang.ClassLoader::checkCerts@21
                      ; - java.lang.ClassLoader::preDefineClass@113
                      ; - java.lang.ClassLoader::defineClass@4
                      ; - java.security.SecureClassLoader::defineClass@12
  0x000001bfb800a330: cc18 7eff 

  0x000001bfb800a334: ;   {other}
  0x000001bfb800a334: 0f1f 8400 | a423 0025 | 4889 6c24 | 284c 8b54 | 2420 4c89 | 5424 3044 | 8b54 2450 | 448b 5c24 
  0x000001bfb800a354: 5444 8b74 | 2458 c5fb | 104c 2460 | 4c8b 4c24 | 6848 8b5c | 2470 8b4c | 2478 488b | f0e9 9fe5 
  0x000001bfb800a374: ;   {oop(""{0x00000000c0570718})}
  0x000001bfb800a374: ffff 48be | 1807 57c0 | 0000 0000 | e93a e7ff | ff44 8954 | 2438 4489 | 5c24 2448 | 897c 2430 
  0x000001bfb800a394: ;   {static_call}
  0x000001bfb800a394: c5f8 77e8 

  0x000001bfb800a398: ; ImmutableOopMap {rbp=Oop [36]=NarrowOop [40]=Oop [48]=Oop [56]=NarrowOop [72]=Oop [104]=Oop }
                      ;*invokestatic hashCode {reexecute=0 rethrow=0 return_oop=0}
                      ; - java.lang.String::hashCode@37
                      ; - java.util.concurrent.ConcurrentHashMap::get@1
                      ; - java.lang.ClassLoader::getNamedPackage@5
                      ; - java.lang.ClassLoader::postDefineClass@9
                      ; - java.lang.ClassLoader::defineClass@37
                      ; - java.security.SecureClassLoader::defineClass@12
  0x000001bfb800a398: e44c 7bff 

  0x000001bfb800a39c: ;   {other}
  0x000001bfb800a39c: 0f1f 8400 | 0c24 0026 | e993 ecff | ff4c 8b4c | 2430 41c6 | 4111 0133 | c048 8b5c | 2428 448b 
  0x000001bfb800a3bc: 5c24 2444 | 8b54 2438 | e993 ecff | ff44 8b56 | 1045 85d2 | 0f84 bbf1 | ffff 4d8b | 5f28 498b 
  0x000001bfb800a3dc: ca4d 85db | 0f84 2c0d | 0000 4d8b | 5738 4b89 | 4c1a f849 | 83c3 f84d | 895f 28e9 | 95f1 ffff 
  0x000001bfb800a3fc: 488b 7424 | 3844 8b5e | 0c45 85db | 0f84 3df1 | ffff 4d8b | 5728 498b | cb4d 85d2 | 0f84 140d 
  0x000001bfb800a41c: 0000 4d8b | 5f38 4b89 | 4c13 f849 | 83c2 f84d | 8957 28e9 | 17f1 ffff | 488b 5c24 | 28e9 9ced 
  0x000001bfb800a43c: ffff 4d8b | 5758 4d8b | 5f48 f083 | 4424 c000 | 8039 000f | 8473 f1ff | ff44 8821 | 4d85 db75 
  0x000001bfb800a45c: 2049 8bd7 | c5f8 7749 | ba00 a439 | 90fb 7f00 | 0041 ffd2 

  0x000001bfb800a470: ;   {other}
  0x000001bfb800a470: 0f1f 8400 | 0000 0000 | e94b f1ff | ff4b 894c | 1af8 4983 | c3f8 4d89 | 5f48 e939 | f1ff ff4d 
  0x000001bfb800a490: 8b57 584d | 8b5f 48f0 | 8344 24c0 | 0080 3900 | 0f84 e0f0 | ffff 4488 | 214d 85db | 7520 498b 
  0x000001bfb800a4b0: d7c5 f877 | 49ba 00a4 | 3990 fb7f | 0000 41ff 

  0x000001bfb800a4c0: ;   {other}
  0x000001bfb800a4c0: d20f 1f84 | 0000 0000 | 00e9 b8f0 | ffff 4b89 | 4c1a f849 | 83c3 f84d | 895f 48e9 | a6f0 ffff 
  0x000001bfb800a4e0: 4c89 8424 | 8800 0000 | 4889 9424 | 8000 0000 | 4889 7424 | 7889 4c24 | 7044 8b94 | 2498 0000 
  0x000001bfb800a500: 0044 8954 | 2454 4889 | 5c24 684c | 894c 2460 | c5fb 114c | 2458 4489 | 7424 504c | 8b94 2490 
  0x000001bfb800a520: 0000 004c | 8954 2448 | 4c8b 5424 | 284c 8954 

  0x000001bfb800a530: ;   {metadata({type array byte})}
  0x000001bfb800a530: 2420 48ba | 1823 00c4 | bf01 0000 | 448b c190 

  0x000001bfb800a540: ;   {runtime_call _new_array_nozero_Java}
  0x000001bfb800a540: c5f8 77e8 

  0x000001bfb800a544: ; ImmutableOopMap {[32]=Oop [48]=Oop [56]=Oop [72]=Oop [84]=NarrowOop [88]=Oop [96]=Derived_oop_[88] [104]=Oop [120]=Oop }
                      ;*newarray {reexecute=0 rethrow=0 return_oop=1}
                      ; - java.util.Arrays::copyOfRangeByte@10
                      ; - java.util.Arrays::copyOfRange@13
                      ; - java.lang.StringLatin1::newString@16
                      ; - java.lang.String::substring@41
                      ; - java.lang.ClassLoader::checkCerts@21
                      ; - java.lang.ClassLoader::preDefineClass@113
                      ; - java.lang.ClassLoader::defineClass@4
                      ; - java.security.SecureClassLoader::defineClass@12
  0x000001bfb800a544: 3810 7eff 

  0x000001bfb800a548: ;   {other}
  0x000001bfb800a548: 0f1f 8400 | b825 0027 | 4c8b 5c24 | 204c 895c | 2428 4c8b | 5c24 484c | 899c 2490 | 0000 0044 
  0x000001bfb800a568: 8b74 2450 | 4c8b 4c24 | 6048 8b5c | 2468 448b | 5c24 5444 | 899c 2498 | 0000 008b | 4c24 7048 
  0x000001bfb800a588: 8b74 2478 | 488b 9424 | 8000 0000 | 4c8b 8424 | 8800 0000 | 4c8b e8e9 | 98e4 ffff | 4489 5424 
  0x000001bfb800a5a8: 3444 895c | 2430 897c | 2424 488b 

  0x000001bfb800a5b4: ;   {metadata('java/lang/String')}
  0x000001bfb800a5b4: 6c24 6848 | ba78 e800 | c4bf 0100 | 0066 6690 

  0x000001bfb800a5c4: ;   {runtime_call _new_instance_Java}
  0x000001bfb800a5c4: c5f8 77e8 

  0x000001bfb800a5c8: ; ImmutableOopMap {rbp=Oop [36]=NarrowOop [40]=Oop [72]=Oop [104]=Oop [136]=Oop }
                      ;*new {reexecute=0 rethrow=0 return_oop=1}
                      ; - java.lang.StringLatin1::newString@7
                      ; - java.lang.String::substring@41
                      ; - java.lang.Class::getPackageName@62
                      ; - java.lang.ClassLoader::postDefineClass@2
                      ; - java.lang.ClassLoader::defineClass@37
                      ; - java.security.SecureClassLoader::defineClass@12
  0x000001bfb800a5c8: 3416 7eff 

  0x000001bfb800a5cc: ;   {other}
  0x000001bfb800a5cc: 0f1f 8400 | 3c26 0028 | 8b7c 2424 | 448b 5c24 | 3044 8b54 | 2434 488b | d8e9 d2e7 

  0x000001bfb800a5e8: ;   {oop(""{0x00000000c0570718})}
  0x000001bfb800a5e8: ffff 48bb | 1807 57c0 | 0000 0000 | e972 e9ff | ff4c 8944 | 2478 4889 | 7424 7044 | 8b84 2498 
  0x000001bfb800a608: 0000 0044 | 8944 2454 | 4889 5c24 | 684c 894c | 2460 c5fb | 114c 2458 | 4489 7424 | 5041 8bea 
  0x000001bfb800a628: 4c8b 9424 | 9000 0000 | 4c89 5424 | 484c 8b54 | 2428 4c89 

  0x000001bfb800a63c: ;   {metadata({type array byte})}
  0x000001bfb800a63c: 5424 2048 | ba18 2300 | c4bf 0100 | 0045 8bc3 

  0x000001bfb800a64c: ;   {runtime_call _new_array_nozero_Java}
  0x000001bfb800a64c: c5f8 77e8 

  0x000001bfb800a650: ; ImmutableOopMap {rbp=NarrowOop [32]=Oop [48]=Oop [56]=Oop [72]=Oop [84]=NarrowOop [88]=Oop [96]=Derived_oop_[88] [104]=Oop [112]=Oop [144]=Oop [152]=NarrowOop }
                      ;*invokevirtual clone {reexecute=1 rethrow=0 return_oop=1}
                      ; - (reexecute) java.util.Arrays::copyOfRange@18
                      ; - java.lang.StringLatin1::newString@16
                      ; - java.lang.String::substring@41
                      ; - java.lang.ClassLoader::checkCerts@21
                      ; - java.lang.ClassLoader::preDefineClass@113
                      ; - java.lang.ClassLoader::defineClass@4
                      ; - java.security.SecureClassLoader::defineClass@12
  0x000001bfb800a650: 2c0f 7eff 

  0x000001bfb800a654: ;   {other}
  0x000001bfb800a654: 0f1f 8400 | c426 0029 | 4c8b 5c24 | 204c 895c | 2428 448b | 7424 504c | 8b4c 2460 | 488b 5c24 
  0x000001bfb800a674: 6848 8b74 | 2470 4c8b | 4424 784c | 8be8 e9f9 | e2ff ff44 | 8954 2424 | 4c89 4c24 | 3048 895c 
  0x000001bfb800a694: ;   {metadata('java/lang/NamedPackage')}
  0x000001bfb800a694: 2428 48ba | e8c0 01c4 | bf01 0000 

  0x000001bfb800a6a0: ;   {runtime_call _new_instance_Java}
  0x000001bfb800a6a0: c5f8 77e8 

  0x000001bfb800a6a4: ; ImmutableOopMap {[36]=NarrowOop [40]=Oop [48]=Oop [72]=Oop [104]=Oop }
                      ;*new {reexecute=0 rethrow=0 return_oop=1}
                      ; - java.lang.ClassLoader::getNamedPackage@16
                      ; - java.lang.ClassLoader::postDefineClass@9
                      ; - java.lang.ClassLoader::defineClass@37
                      ; - java.security.SecureClassLoader::defineClass@12
  0x000001bfb800a6a4: 5815 7eff 

  0x000001bfb800a6a8: ;   {other}
  0x000001bfb800a6a8: 0f1f 8400 | 1827 002a | e957 ecff 

  0x000001bfb800a6b4: ;   {metadata('java/lang/StringBuilder')}
  0x000001bfb800a6b4: ff48 ba40 | 8000 c4bf | 0100 0090 

  0x000001bfb800a6c0: ;   {runtime_call _new_instance_Java}
  0x000001bfb800a6c0: c5f8 77e8 

  0x000001bfb800a6c4: ; ImmutableOopMap {[36]=NarrowOop [40]=Oop [48]=Oop [56]=Oop [64]=Oop [72]=Oop [104]=Oop [112]=Oop }
                      ;*new {reexecute=0 rethrow=0 return_oop=1}
                      ; - java.lang.NamedPackage::<init>@22
                      ; - java.lang.ClassLoader::getNamedPackage@22
                      ; - java.lang.ClassLoader::postDefineClass@9
                      ; - java.lang.ClassLoader::defineClass@37
                      ; - java.security.SecureClassLoader::defineClass@12
  0x000001bfb800a6c4: 3815 7eff 

  0x000001bfb800a6c8: ;   {other}
  0x000001bfb800a6c8: 0f1f 8400 | 3827 002b | e918 edff 

  0x000001bfb800a6d4: ;   {metadata('java/lang/InternalError')}
  0x000001bfb800a6d4: ff48 ba38 | 0701 c4bf | 0100 0090 

  0x000001bfb800a6e0: ;   {runtime_call _new_instance_Java}
  0x000001bfb800a6e0: c5f8 77e8 

  0x000001bfb800a6e4: ; ImmutableOopMap {[36]=NarrowOop [40]=Oop [48]=Oop [56]=Oop [64]=Oop [72]=Oop [104]=Oop }
                      ;*new {reexecute=0 rethrow=0 return_oop=1}
                      ; - java.lang.NamedPackage::<init>@18
                      ; - java.lang.ClassLoader::getNamedPackage@22
                      ; - java.lang.ClassLoader::postDefineClass@9
                      ; - java.lang.ClassLoader::defineClass@37
                      ; - java.security.SecureClassLoader::defineClass@12
  0x000001bfb800a6e4: 1815 7eff 

  0x000001bfb800a6e8: ;   {other}
  0x000001bfb800a6e8: 0f1f 8400 | 5827 002c | e9b3 ecff | ff4c 8944 | 2460 4889 | 4c24 504c | 894c 2440 | 4889 5c24 
  0x000001bfb800a708: 3844 8954 | 2424 4c8b | 5424 684c | 8954 2430 

  0x000001bfb800a718: ;   {metadata({type array byte})}
  0x000001bfb800a718: 48ba 1823 | 00c4 bf01 | 0000 448b | 4424 2490 

  0x000001bfb800a728: ;   {runtime_call _new_array_nozero_Java}
  0x000001bfb800a728: c5f8 77e8 

  0x000001bfb800a72c: ; ImmutableOopMap {[40]=Oop [48]=Oop [56]=Oop [72]=Oop [104]=Oop [136]=Oop [64]=Derived_oop_[136] }
                      ;*newarray {reexecute=0 rethrow=0 return_oop=1}
                      ; - java.util.Arrays::copyOfRangeByte@10
                      ; - java.util.Arrays::copyOfRange@13
                      ; - java.lang.StringLatin1::newString@16
                      ; - java.lang.String::substring@41
                      ; - java.lang.Class::getPackageName@62
                      ; - java.lang.ClassLoader::postDefineClass@2
                      ; - java.lang.ClassLoader::defineClass@37
                      ; - java.security.SecureClassLoader::defineClass@12
  0x000001bfb800a72c: 500e 7eff 

  0x000001bfb800a730: ;   {other}
  0x000001bfb800a730: 0f1f 8400 | a027 002d | 448b 5424 | 2448 8b5c | 2438 4c8b | 4c24 4048 | 8b4c 2450 | 4c8b 4424 
  0x000001bfb800a750: 6048 8bf0 | e98e e7ff | ff4c 8944 | 2450 4c89 | 4c24 4048 | 895c 2438 | 458b d38b | ef4c 8b5c 
  0x000001bfb800a770: 2468 4c89 

  0x000001bfb800a774: ;   {metadata({type array byte})}
  0x000001bfb800a774: 5c24 3048 | ba18 2300 | c4bf 0100 | 0045 8bc2 

  0x000001bfb800a784: ;   {runtime_call _new_array_nozero_Java}
  0x000001bfb800a784: c5f8 77e8 

  0x000001bfb800a788: ; ImmutableOopMap {rbp=NarrowOop [40]=Oop [48]=Oop [56]=Oop [72]=Oop [136]=Oop [64]=Derived_oop_[136] }
                      ;*invokevirtual clone {reexecute=1 rethrow=0 return_oop=1}
                      ; - (reexecute) java.util.Arrays::copyOfRange@18
                      ; - java.lang.StringLatin1::newString@16
                      ; - java.lang.String::substring@41
                      ; - java.lang.Class::getPackageName@62
                      ; - java.lang.ClassLoader::postDefineClass@2
                      ; - java.lang.ClassLoader::defineClass@37
                      ; - java.security.SecureClassLoader::defineClass@12
  0x000001bfb800a788: f40d 7eff 

  0x000001bfb800a78c: ;   {other}
  0x000001bfb800a78c: 0f1f 8400 | fc27 002e | 4c8b 5c24 | 304c 895c | 2468 488b | 5c24 384c | 8b4c 2440 | 4c8b 4424 
  0x000001bfb800a7ac: 5048 8bf0 | e974 e6ff | ffba f6ff | ffff 488b | ef4c 8954 | 2420 6690 

  0x000001bfb800a7c4: ;   {runtime_call UncommonTrapBlob}
  0x000001bfb800a7c4: c5f8 77e8 

  0x000001bfb800a7c8: ; ImmutableOopMap {rbp=Oop [32]=Oop }
                      ;*invokevirtual putIfAbsent {reexecute=0 rethrow=0 return_oop=0}
                      ; - java.lang.ClassLoader::checkCerts@62
                      ; - java.lang.ClassLoader::preDefineClass@113
                      ; - java.lang.ClassLoader::defineClass@4
                      ; - java.security.SecureClassLoader::defineClass@12
  0x000001bfb800a7c8: b49b 7bff 

  0x000001bfb800a7cc: ;   {other}
  0x000001bfb800a7cc: 0f1f 8400 | 3c28 002f | baf6 ffff | ff66 6690 

  0x000001bfb800a7dc: ;   {runtime_call UncommonTrapBlob}
  0x000001bfb800a7dc: c5f8 77e8 

  0x000001bfb800a7e0: ; ImmutableOopMap {rbp=NarrowOop }
                      ;*invokevirtual toExternalForm {reexecute=0 rethrow=0 return_oop=0}
                      ; - java.net.URL::toExternalForm@5
                      ; - java.net.URL::toString@1
                      ; - java.lang.ClassLoader::defineClassSourceLocation@22
                      ; - java.lang.ClassLoader::defineClass@12
                      ; - java.security.SecureClassLoader::defineClass@12
  0x000001bfb800a7e0: 9c9b 7bff 

  0x000001bfb800a7e4: ;   {other}
  0x000001bfb800a7e4: 0f1f 8400 | 5428 0030 | baf6 ffff | ff48 8bef 

  0x000001bfb800a7f4: ;   {runtime_call UncommonTrapBlob}
  0x000001bfb800a7f4: c5f8 77e8 

  0x000001bfb800a7f8: ; ImmutableOopMap {rbp=Oop }
                      ;*invokevirtual get {reexecute=0 rethrow=0 return_oop=0}
                      ; - java.lang.ClassLoader::getNamedPackage@5
                      ; - java.lang.ClassLoader::postDefineClass@9
                      ; - java.lang.ClassLoader::defineClass@37
                      ; - java.security.SecureClassLoader::defineClass@12
  0x000001bfb800a7f8: 849b 7bff 

  0x000001bfb800a7fc: ;   {other}
  0x000001bfb800a7fc: 0f1f 8400 | 6c28 0031 | ba76 ffff | ff41 8bea | 8974 2424 | 4889 5c24 | 5066 6690 

  0x000001bfb800a818: ;   {runtime_call UncommonTrapBlob}
  0x000001bfb800a818: c5f8 77e8 

  0x000001bfb800a81c: ; ImmutableOopMap {rbp=NarrowOop [40]=Oop [48]=Oop [56]=Oop [80]=Oop [144]=Oop [152]=NarrowOop }
                      ;*iflt {reexecute=1 rethrow=0 return_oop=0}
                      ; - (reexecute) java.lang.StringLatin1::lastIndexOf@19
                      ; - java.lang.String::lastIndexOf@13
                      ; - java.lang.String::lastIndexOf@8
                      ; - java.lang.ClassLoader::checkCerts@3
                      ; - java.lang.ClassLoader::preDefineClass@113
                      ; - java.lang.ClassLoader::defineClass@4
                      ; - java.security.SecureClassLoader::defineClass@12
  0x000001bfb800a81c: 609b 7bff 

  0x000001bfb800a820: ;   {other}
  0x000001bfb800a820: 0f1f 8400 | 9028 0032 | bade ffff | ff4c 8954 | 2420 4c8b | 5424 304c | 8954 2428 | 4c8b 5424 
  0x000001bfb800a840: 384c 8954 | 2430 448b | 5c24 4044 | 895c 2438 | 448b 5c24 | 4444 895c | 243c 4c89 | 4424 404c 
  0x000001bfb800a860: 894c 2448 

  0x000001bfb800a864: ;   {runtime_call UncommonTrapBlob}
  0x000001bfb800a864: c5f8 77e8 

  0x000001bfb800a868: ; ImmutableOopMap {rbp=NarrowOop [32]=Oop [40]=Oop [48]=Oop [64]=Oop [72]=Oop }
                      ;*invokeinterface computeIfAbsent {reexecute=0 rethrow=0 return_oop=0}
                      ; - java.security.SecureClassLoader::getProtectionDomain@28
                      ; - java.security.SecureClassLoader::defineClass@9
  0x000001bfb800a868: 149b 7bff 

  0x000001bfb800a86c: ;   {other}
  0x000001bfb800a86c: 0f1f 8400 | dc28 0033 | ba45 ffff | ff48 8b6c | 2428 6690 

  0x000001bfb800a880: ;   {runtime_call UncommonTrapBlob}
  0x000001bfb800a880: c5f8 77e8 

  0x000001bfb800a884: ; ImmutableOopMap {rbp=Oop [48]=Oop [56]=Oop [144]=Oop }
                      ;*ifeq {reexecute=1 rethrow=0 return_oop=0}
                      ; - (reexecute) java.lang.ClassLoader::checkName@8
                      ; - java.lang.ClassLoader::preDefineClass@1
                      ; - java.lang.ClassLoader::defineClass@4
                      ; - java.security.SecureClassLoader::defineClass@12
  0x000001bfb800a884: f89a 7bff 

  0x000001bfb800a888: ;   {other}
  0x000001bfb800a888: 0f1f 8400 | f828 0034 | ba6e ffff | ff41 8bea | 8974 2424 | 4889 5c24 | 5066 6690 

  0x000001bfb800a8a4: ;   {runtime_call UncommonTrapBlob}
  0x000001bfb800a8a4: c5f8 77e8 

  0x000001bfb800a8a8: ; ImmutableOopMap {rbp=NarrowOop [40]=Oop [48]=Oop [56]=Oop [80]=Oop [144]=Oop [152]=NarrowOop }
                      ;*iflt {reexecute=1 rethrow=0 return_oop=0}
                      ; - (reexecute) java.lang.StringLatin1::lastIndexOf@19
                      ; - java.lang.String::lastIndexOf@13
                      ; - java.lang.String::lastIndexOf@8
                      ; - java.lang.ClassLoader::checkCerts@3
                      ; - java.lang.ClassLoader::preDefineClass@113
                      ; - java.lang.ClassLoader::defineClass@4
                      ; - java.security.SecureClassLoader::defineClass@12
  0x000001bfb800a8a8: d49a 7bff 

  0x000001bfb800a8ac: ;   {other}
  0x000001bfb800a8ac: 0f1f 8400 | 1c29 0035 | bace ffff | ff41 8bea | 895c 2460 

  0x000001bfb800a8c0: ;   {runtime_call UncommonTrapBlob}
  0x000001bfb800a8c0: c5f8 77e8 

  0x000001bfb800a8c4: ; ImmutableOopMap {rbp=NarrowOop [40]=Oop [48]=Oop [56]=Oop [144]=Oop }
                      ;*invokestatic indexOfChar {reexecute=0 rethrow=0 return_oop=0}
                      ; - java.lang.StringLatin1::indexOf@33
                      ; - java.lang.String::indexOf@17
                      ; - java.lang.String::indexOf@3
                      ; - java.lang.ClassLoader::checkName@16
                      ; - java.lang.ClassLoader::preDefineClass@1
                      ; - java.lang.ClassLoader::defineClass@4
                      ; - java.security.SecureClassLoader::defineClass@12
  0x000001bfb800a8c4: b89a 7bff 

  0x000001bfb800a8c8: ;   {other}
  0x000001bfb800a8c8: 0f1f 8400 | 3829 0036 | 488b 5c24 | 284c 8b4c | 2438 448b | 5424 24e9 | d9e9 ffff | bade ffff 
  0x000001bfb800a8e8: ff66 6690 

  0x000001bfb800a8ec: ;   {runtime_call UncommonTrapBlob}
  0x000001bfb800a8ec: c5f8 77e8 

  0x000001bfb800a8f0: ; ImmutableOopMap {rbp=NarrowOop }
                      ;*checkcast {reexecute=0 rethrow=0 return_oop=0}
                      ; - java.lang.ClassLoader::getNamedPackage@8
                      ; - java.lang.ClassLoader::postDefineClass@9
                      ; - java.lang.ClassLoader::defineClass@37
                      ; - java.security.SecureClassLoader::defineClass@12
  0x000001bfb800a8f0: 8c9a 7bff 

  0x000001bfb800a8f4: ;   {other}
  0x000001bfb800a8f4: 0f1f 8400 | 6429 0037 | 8bce e9a7 | dfff ffba | 76ff ffff | 8bef 894c | 2424 4c8b | 5424 684c 
  0x000001bfb800a914: 8954 2430 | 4c89 4424 | 5866 6690 

  0x000001bfb800a920: ;   {runtime_call UncommonTrapBlob}
  0x000001bfb800a920: c5f8 77e8 

  0x000001bfb800a924: ; ImmutableOopMap {rbp=NarrowOop [40]=Oop [48]=Oop [88]=Oop [144]=Oop }
                      ;*iflt {reexecute=1 rethrow=0 return_oop=0}
                      ; - (reexecute) java.lang.StringLatin1::lastIndexOf@19
                      ; - java.lang.String::lastIndexOf@13
                      ; - java.lang.String::lastIndexOf@8
                      ; - java.lang.Class::getPackageName@47
                      ; - java.lang.ClassLoader::postDefineClass@2
                      ; - java.lang.ClassLoader::defineClass@37
                      ; - java.security.SecureClassLoader::defineClass@12
  0x000001bfb800a924: 589a 7bff 

  0x000001bfb800a928: ;   {other}
  0x000001bfb800a928: 0f1f 8400 | 9829 0038 | ba45 ffff | ff48 8944 | 2430 4889 | 4424 4090 

  0x000001bfb800a940: ;   {runtime_call UncommonTrapBlob}
  0x000001bfb800a940: c5f8 77e8 

  0x000001bfb800a944: ; ImmutableOopMap {[40]=Oop [48]=Oop [64]=Oop [144]=Oop }
                      ;*ifeq {reexecute=1 rethrow=0 return_oop=0}
                      ; - (reexecute) java.lang.Class::getPackageName@13
                      ; - java.lang.ClassLoader::postDefineClass@2
                      ; - java.lang.ClassLoader::defineClass@37
                      ; - java.security.SecureClassLoader::defineClass@12
  0x000001bfb800a944: 389a 7bff 

  0x000001bfb800a948: ;   {other}
  0x000001bfb800a948: 0f1f 8400 | b829 0039 | ba6e ffff | ff8b ef89 | 4c24 244c | 8b54 2468 | 4c89 5424 | 304c 8944 
  0x000001bfb800a968: 2458 6690 

  0x000001bfb800a96c: ;   {runtime_call UncommonTrapBlob}
  0x000001bfb800a96c: c5f8 77e8 

  0x000001bfb800a970: ; ImmutableOopMap {rbp=NarrowOop [40]=Oop [48]=Oop [88]=Oop [144]=Oop }
                      ;*iflt {reexecute=1 rethrow=0 return_oop=0}
                      ; - (reexecute) java.lang.StringLatin1::lastIndexOf@19
                      ; - java.lang.String::lastIndexOf@13
                      ; - java.lang.String::lastIndexOf@8
                      ; - java.lang.Class::getPackageName@47
                      ; - java.lang.ClassLoader::postDefineClass@2
                      ; - java.lang.ClassLoader::defineClass@37
                      ; - java.security.SecureClassLoader::defineClass@12
  0x000001bfb800a970: 0c9a 7bff 

  0x000001bfb800a974: ;   {other}
  0x000001bfb800a974: 0f1f 8400 | e429 003a | 4533 d245 | 85c9 410f | 94c2 ba45 | ffff ff48 | 8b6c 2428 | 4c89 4424 
  0x000001bfb800a994: 2044 8954 | 2460 6690 

  0x000001bfb800a99c: ;   {runtime_call UncommonTrapBlob}
  0x000001bfb800a99c: c5f8 77e8 

  0x000001bfb800a9a0: ; ImmutableOopMap {rbp=Oop [32]=Oop [56]=Oop [144]=Oop }
                      ;*ifeq {reexecute=1 rethrow=0 return_oop=0}
                      ; - (reexecute) java.lang.String::indexOf@4
                      ; - java.lang.String::indexOf@3
                      ; - java.lang.ClassLoader::checkName@16
                      ; - java.lang.ClassLoader::preDefineClass@1
                      ; - java.lang.ClassLoader::defineClass@4
                      ; - java.security.SecureClassLoader::defineClass@12
  0x000001bfb800a9a0: dc99 7bff 

  0x000001bfb800a9a4: ;   {other}
  0x000001bfb800a9a4: 0f1f 8400 | 142a 003b | ba45 ffff | ff89 4c24 | 2089 4c24 | 2448 895c | 2450 4489 | 4424 7090 
  0x000001bfb800a9c4: ;   {runtime_call UncommonTrapBlob}
  0x000001bfb800a9c4: c5f8 77e8 

  0x000001bfb800a9c8: ; ImmutableOopMap {[40]=Oop [48]=Oop [56]=Oop [80]=Oop [144]=Oop [152]=NarrowOop }
                      ;*if_icmpgt {reexecute=1 rethrow=0 return_oop=0}
                      ; - (reexecute) jdk.internal.util.Preconditions::checkFromToIndex@6
                      ; - java.lang.String::checkBoundsBeginEnd@6
                      ; - java.lang.String::substring@8
                      ; - java.lang.ClassLoader::checkCerts@21
                      ; - java.lang.ClassLoader::preDefineClass@113
                      ; - java.lang.ClassLoader::defineClass@4
                      ; - java.security.SecureClassLoader::defineClass@12
  0x000001bfb800a9c8: b499 7bff 

  0x000001bfb800a9cc: ;   {other}
  0x000001bfb800a9cc: 0f1f 8400 | 3c2a 003c | ba45 ffff | ff48 8b6c | 2428 895c | 2450 6690 

  0x000001bfb800a9e4: ;   {runtime_call UncommonTrapBlob}
  0x000001bfb800a9e4: c5f8 77e8 

  0x000001bfb800a9e8: ; ImmutableOopMap {rbp=Oop [48]=Oop [56]=Oop [144]=Oop }
                      ;*if_icmpne {reexecute=1 rethrow=0 return_oop=0}
                      ; - (reexecute) java.lang.ClassLoader::checkName@20
                      ; - java.lang.ClassLoader::preDefineClass@1
                      ; - java.lang.ClassLoader::defineClass@4
                      ; - java.security.SecureClassLoader::defineClass@12
  0x000001bfb800a9e8: 9499 7bff 

  0x000001bfb800a9ec: ;   {other}
  0x000001bfb800a9ec: 0f1f 8400 | 5c2a 003d | ba45 ffff | ff4c 8b5c | 2448 4c89 | 5c24 3848 | 895c 2440 | 4c89 4c24 
  0x000001bfb800aa0c: 4844 8954 | 2450 6690 

  0x000001bfb800aa14: ;   {runtime_call UncommonTrapBlob}
  0x000001bfb800aa14: c5f8 77e8 

  0x000001bfb800aa18: ; ImmutableOopMap {[56]=Oop [64]=Oop [72]=Oop [80]=NarrowOop [104]=Oop }
                      ;*ifle {reexecute=1 rethrow=0 return_oop=0}
                      ; - (reexecute) java.util.concurrent.ConcurrentHashMap::get@23
                      ; - java.lang.ClassLoader::getNamedPackage@5
                      ; - java.lang.ClassLoader::postDefineClass@9
                      ; - java.lang.ClassLoader::defineClass@37
                      ; - java.security.SecureClassLoader::defineClass@12
  0x000001bfb800aa18: 6499 7bff 

  0x000001bfb800aa1c: ;   {other}
  0x000001bfb800aa1c: 0f1f 8400 | 8c2a 003e | 4863 d1e9 | 92df ffff | 4883 c2fe | 488b ca49 | 8bfa 4833 | c048 83f9 
  0x000001bfb800aa3c: 087f 1048 | ffc9 784f | 4889 04cf | 48ff c97d | f7eb 44c5 | fdef c0e9 | 0d00 0000 | c5fe 7f07 
  0x000001bfb800aa5c: c5fe 7f47 | 2048 83c7 | 4048 83e9 | 087d ed48 | 83c1 047c | 0cc5 fe7f | 0748 83c7 | 2048 83e9 
  0x000001bfb800aa7c: 0448 83c1 | 047e 1048 | ffc9 c5f9 | d607 4883 | c708 48ff | c97d f3e9 | e5df ffff | ba45 ffff 
  0x000001bfb800aa9c: ff4c 8b54 | 2428 4c89 | 5424 204c | 8944 2428 | 4c89 4c24 | 3089 7c24 | 3889 7424 | 3c66 6690 
  0x000001bfb800aabc: ;   {runtime_call UncommonTrapBlob}
  0x000001bfb800aabc: c5f8 77e8 

  0x000001bfb800aac0: ; ImmutableOopMap {rbp=Oop [32]=Oop [40]=Oop [48]=Oop }
                      ;*ifnonnull {reexecute=1 rethrow=0 return_oop=0}
                      ; - (reexecute) java.security.SecureClassLoader::getProtectionDomain@1
                      ; - java.security.SecureClassLoader::defineClass@9
  0x000001bfb800aac0: bc98 7bff 

  0x000001bfb800aac4: ;   {other}
  0x000001bfb800aac4: 0f1f 8400 | 342b 003f | ba45 ffff | ff66 6690 

  0x000001bfb800aad4: ;   {runtime_call UncommonTrapBlob}
  0x000001bfb800aad4: c5f8 77e8 

  0x000001bfb800aad8: ; ImmutableOopMap {[40]=Oop [48]=Oop [56]=Oop [144]=Oop }
                      ;*if_icmpne {reexecute=1 rethrow=0 return_oop=0}
                      ; - (reexecute) java.lang.ClassLoader::checkName@30
                      ; - java.lang.ClassLoader::preDefineClass@1
                      ; - java.lang.ClassLoader::defineClass@4
                      ; - java.security.SecureClassLoader::defineClass@12
  0x000001bfb800aad8: a498 7bff 

  0x000001bfb800aadc: ;   {other}
  0x000001bfb800aadc: 0f1f 8400 | 4c2b 0040 | ba45 ffff | ff89 4c24 | 2089 4c24 | 2448 895c | 2450 4489 | 4424 7044 
  0x000001bfb800aafc: 8944 2474 

  0x000001bfb800ab00: ;   {runtime_call UncommonTrapBlob}
  0x000001bfb800ab00: c5f8 77e8 

  0x000001bfb800ab04: ; ImmutableOopMap {[40]=Oop [48]=Oop [56]=Oop [80]=Oop [144]=Oop [152]=NarrowOop }
                      ;*if_icmple {reexecute=1 rethrow=0 return_oop=0}
                      ; - (reexecute) jdk.internal.util.Preconditions::checkFromToIndex@11
                      ; - java.lang.String::checkBoundsBeginEnd@6
                      ; - java.lang.String::substring@8
                      ; - java.lang.ClassLoader::checkCerts@21
                      ; - java.lang.ClassLoader::preDefineClass@113
                      ; - java.lang.ClassLoader::defineClass@4
                      ; - java.security.SecureClassLoader::defineClass@12
  0x000001bfb800ab04: 7898 7bff 

  0x000001bfb800ab08: ;   {other}
  0x000001bfb800ab08: 0f1f 8400 | 782b 0041 | ba45 ffff | ff48 8b6c | 2428 4c8b | 5424 384c | 8954 2428 | 448b 5c24 
  0x000001bfb800ab28: 4044 895c | 2438 448b | 5424 4444 | 8954 243c | 4489 4c24 | 4866 6690 

  0x000001bfb800ab40: ;   {runtime_call UncommonTrapBlob}
  0x000001bfb800ab40: c5f8 77e8 

  0x000001bfb800ab44: ; ImmutableOopMap {rbp=Oop [40]=Oop [48]=Oop [144]=Oop }
                      ;*ifne {reexecute=1 rethrow=0 return_oop=0}
                      ; - (reexecute) java.lang.ClassLoader::compareCerts@7
                      ; - java.lang.ClassLoader::checkCerts@80
                      ; - java.lang.ClassLoader::preDefineClass@113
                      ; - java.lang.ClassLoader::defineClass@4
                      ; - java.security.SecureClassLoader::defineClass@12
  0x000001bfb800ab44: 3898 7bff 

  0x000001bfb800ab48: ;   {other}
  0x000001bfb800ab48: 0f1f 8400 | b82b 0042 | bacc ffff | ff41 8bea | 894c 2424 | 4889 5c24 | 5048 8974 | 2470 6690 
  0x000001bfb800ab68: ;   {runtime_call UncommonTrapBlob}
  0x000001bfb800ab68: c5f8 77e8 

  0x000001bfb800ab6c: ; ImmutableOopMap {rbp=NarrowOop [40]=Oop [48]=Oop [56]=Oop [80]=Oop [112]=Oop [144]=Oop [152]=NarrowOop }
                      ;*newarray {reexecute=1 rethrow=0 return_oop=0}
                      ; - (reexecute) java.util.Arrays::copyOfRangeByte@10
                      ; - java.util.Arrays::copyOfRange@13
                      ; - java.lang.StringLatin1::newString@16
                      ; - java.lang.String::substring@41
                      ; - java.lang.ClassLoader::checkCerts@21
                      ; - java.lang.ClassLoader::preDefineClass@113
                      ; - java.lang.ClassLoader::defineClass@4
                      ; - java.security.SecureClassLoader::defineClass@12
  0x000001bfb800ab6c: 1098 7bff 

  0x000001bfb800ab70: ;   {other}
  0x000001bfb800ab70: 0f1f 8400 | e02b 0043 | 498b d7c5 | f877 49ba | 20a4 3990 | fb7f 0000 

  0x000001bfb800ab88: ;   {other}
  0x000001bfb800ab88: 41ff d20f | 1f84 0000 | 0000 00e9 | f0de ffff | 8b7c 2454 | 448b 5714 | 4585 d20f | 84f6 edff 
  0x000001bfb800aba8: ff4d 8b5f | 2849 8bca | 4d85 db0f | 844b 0800 | 004d 8b57 | 384b 894c | 1af8 4983 | c3f8 4d89 
  0x000001bfb800abc8: 5f28 e9d0 | edff ff4d | 8b57 484d | 8b5f 58f0 | 8344 24c0 | 0080 3900 | 7432 4488 | 214d 85d2 
  0x000001bfb800abe8: 740f 4b89 | 4c13 f849 | 83c2 f84d | 8957 48eb | 1b49 8bd7 | c5f8 7749 | ba00 a439 | 90fb 7f00 
  0x000001bfb800ac08: 0041 ffd2 

  0x000001bfb800ac0c: ;   {other}
  0x000001bfb800ac0c: 0f1f 8400 | 0000 0000 | 448b 5f14 | 4585 db0f | 8423 0800 | 0049 8bdb | e9ab edff | ffba f6ff 
  0x000001bfb800ac2c: ffff 6690 

  0x000001bfb800ac30: ;   {runtime_call UncommonTrapBlob}
  0x000001bfb800ac30: c5f8 77e8 

  0x000001bfb800ac34: ; ImmutableOopMap {}
                      ;*invokevirtual isNamed {reexecute=0 rethrow=0 return_oop=0}
                      ; - java.lang.NamedPackage::<init>@12
                      ; - java.lang.ClassLoader::getNamedPackage@22
                      ; - java.lang.ClassLoader::postDefineClass@9
                      ; - java.lang.ClassLoader::defineClass@37
                      ; - java.security.SecureClassLoader::defineClass@12
  0x000001bfb800ac34: 4897 7bff 

  0x000001bfb800ac38: ;   {other}
  0x000001bfb800ac38: 0f1f 8400 | a82c 0044 | 448b d1e9 | 06e1 ffff | baf6 ffff | ff66 6690 

  0x000001bfb800ac50: ;   {runtime_call UncommonTrapBlob}
  0x000001bfb800ac50: c5f8 77e8 

  0x000001bfb800ac54: ; ImmutableOopMap {[36]=NarrowOop }
                      ;*invokevirtual append {reexecute=0 rethrow=0 return_oop=0}
                      ; - java.lang.NamedPackage::<init>@35
                      ; - java.lang.ClassLoader::getNamedPackage@22
                      ; - java.lang.ClassLoader::postDefineClass@9
                      ; - java.lang.ClassLoader::defineClass@37
                      ; - java.security.SecureClassLoader::defineClass@12
  0x000001bfb800ac54: 2897 7bff 

  0x000001bfb800ac58: ;   {other}
  0x000001bfb800ac58: 0f1f 8400 | c82c 0045 | baf6 ffff | ff66 6690 

  0x000001bfb800ac68: ;   {runtime_call UncommonTrapBlob}
  0x000001bfb800ac68: c5f8 77e8 

  0x000001bfb800ac6c: ; ImmutableOopMap {}
                      ;*invokevirtual toString {reexecute=0 rethrow=0 return_oop=0}
                      ; - java.lang.NamedPackage::<init>@38
                      ; - java.lang.ClassLoader::getNamedPackage@22
                      ; - java.lang.ClassLoader::postDefineClass@9
                      ; - java.lang.ClassLoader::defineClass@37
                      ; - java.security.SecureClassLoader::defineClass@12
  0x000001bfb800ac6c: 1097 7bff 

  0x000001bfb800ac70: ;   {other}
  0x000001bfb800ac70: 0f1f 8400 | e02c 0046 | 85c9 448b | 4c24 2041 | 0f94 c1ba | 45ff ffff | 488b 6c24 | 684c 8944 
  0x000001bfb800ac90: 2450 4489 | 5424 5844 | 894c 245c 

  0x000001bfb800ac9c: ;   {runtime_call UncommonTrapBlob}
  0x000001bfb800ac9c: c5f8 77e8 

  0x000001bfb800aca0: ; ImmutableOopMap {rbp=Oop [40]=Oop [80]=Oop [144]=Oop }
                      ;*ifeq {reexecute=1 rethrow=0 return_oop=0}
                      ; - (reexecute) java.lang.String::lastIndexOf@4
                      ; - java.lang.String::lastIndexOf@8
                      ; - java.lang.Class::getPackageName@47
                      ; - java.lang.ClassLoader::postDefineClass@2
                      ; - java.lang.ClassLoader::defineClass@37
                      ; - java.security.SecureClassLoader::defineClass@12
  0x000001bfb800aca0: dc96 7bff 

  0x000001bfb800aca4: ;   {other}
  0x000001bfb800aca4: 0f1f 8400 | 142d 0047 | 498b d7c5 | f877 49ba | 20a4 3990 | fb7f 0000 

  0x000001bfb800acbc: ;   {other}
  0x000001bfb800acbc: 41ff d20f | 1f84 0000 | 0000 00e9 | c4e2 ffff | ba45 ffff | ff44 8954 | 2420 4489 | 5424 244c 
  0x000001bfb800acdc: 8b54 2468 | 4c89 5424 | 304c 8b54 | 2448 4c89 | 5424 404c | 8944 2458 | 4489 4c24 | 6466 6690 
  0x000001bfb800acfc: ;   {runtime_call UncommonTrapBlob}
  0x000001bfb800acfc: c5f8 77e8 

  0x000001bfb800ad00: ; ImmutableOopMap {[40]=Oop [48]=Oop [64]=Oop [88]=Oop }
                      ;*if_icmpgt {reexecute=1 rethrow=0 return_oop=0}
                      ; - (reexecute) jdk.internal.util.Preconditions::checkFromToIndex@6
                      ; - java.lang.String::checkBoundsBeginEnd@6
                      ; - java.lang.String::substring@8
                      ; - java.lang.Class::getPackageName@62
                      ; - java.lang.ClassLoader::postDefineClass@2
                      ; - java.lang.ClassLoader::defineClass@37
                      ; - java.security.SecureClassLoader::defineClass@12
  0x000001bfb800ad00: 7c96 7bff 

  0x000001bfb800ad04: ;   {other}
  0x000001bfb800ad04: 0f1f 8400 | 742d 0048 | 4963 cae9 | 54e1 ffff | 4883 c1fe | 498b fb48 | 33c0 4883 | f908 7f10 
  0x000001bfb800ad24: 48ff c978 | 4f48 8904 | cf48 ffc9 | 7df7 eb44 | c5fd efc0 | e90d 0000 | 00c5 fe7f | 07c5 fe7f 
  0x000001bfb800ad44: 4720 4883 | c740 4883 | e908 7ded | 4883 c104 | 7c0c c5fe | 7f07 4883 | c720 4883 | e904 4883 
  0x000001bfb800ad64: c104 7e10 | 48ff c9c5 | f9d6 0748 | 83c7 0848 | ffc9 7df3 | e9ac e1ff | ffba 45ff | ffff 4489 
  0x000001bfb800ad84: 5424 2044 | 8954 2424 | 4c8b 5424 | 684c 8954 | 2430 4c8b | 5424 484c | 8954 2440 | 4c89 4424 
  0x000001bfb800ada4: 5844 894c | 2464 4489 | 4c24 6890 

  0x000001bfb800adb0: ;   {runtime_call UncommonTrapBlob}
  0x000001bfb800adb0: c5f8 77e8 

  0x000001bfb800adb4: ; ImmutableOopMap {[40]=Oop [48]=Oop [64]=Oop [88]=Oop }
                      ;*if_icmple {reexecute=1 rethrow=0 return_oop=0}
                      ; - (reexecute) jdk.internal.util.Preconditions::checkFromToIndex@11
                      ; - java.lang.String::checkBoundsBeginEnd@6
                      ; - java.lang.String::substring@8
                      ; - java.lang.Class::getPackageName@62
                      ; - java.lang.ClassLoader::postDefineClass@2
                      ; - java.lang.ClassLoader::defineClass@37
                      ; - java.security.SecureClassLoader::defineClass@12
  0x000001bfb800adb4: c895 7bff 

  0x000001bfb800adb8: ;   {other}
  0x000001bfb800adb8: 0f1f 8400 | 282e 0049 | bacc ffff | ff8b ef44 | 8954 2424 | 4c8b 5424 | 684c 8954 | 2430 4c8b 
  0x000001bfb800add8: 5424 484c | 8954 2440 | 4889 5c24 | 6066 6690 

  0x000001bfb800ade8: ;   {runtime_call UncommonTrapBlob}
  0x000001bfb800ade8: c5f8 77e8 

  0x000001bfb800adec: ; ImmutableOopMap {rbp=NarrowOop [40]=Oop [48]=Oop [64]=Oop [96]=Oop }
                      ;*newarray {reexecute=1 rethrow=0 return_oop=0}
                      ; - (reexecute) java.util.Arrays::copyOfRangeByte@10
                      ; - java.util.Arrays::copyOfRange@13
                      ; - java.lang.StringLatin1::newString@16
                      ; - java.lang.String::substring@41
                      ; - java.lang.Class::getPackageName@62
                      ; - java.lang.ClassLoader::postDefineClass@2
                      ; - java.lang.ClassLoader::defineClass@37
                      ; - java.security.SecureClassLoader::defineClass@12
  0x000001bfb800adec: 9095 7bff 

  0x000001bfb800adf0: ;   {other}
  0x000001bfb800adf0: 0f1f 8400 | 602e 004a | 8bdd 448b | 5d14 4585 | db0f 844e | efff ff4d | 8b57 2849 | 8bcb 4d85 
  0x000001bfb800ae10: d20f 840d | 0600 004d | 8b5f 384b | 894c 13f8 | 4983 c2f8 | 4d89 5728 | e928 efff | ff4d 8b57 
  0x000001bfb800ae30: 484d 8b5f | 58f0 8344 | 24c0 0041 | 8038 0074 | 3545 8820 | 4d85 d274 | 0f4f 8944 | 13f8 4983 
  0x000001bfb800ae50: c2f8 4d89 | 5748 eb1e | 498b c849 | 8bd7 c5f8 | 7749 ba00 | a439 90fb | 7f00 0041 

  0x000001bfb800ae6c: ;   {other}
  0x000001bfb800ae6c: ffd2 0f1f | 8400 0000 | 0000 448b | 5314 4585 | d20f 84d9 | 0500 004c | 8954 2440 | e905 efff 
  0x000001bfb800ae8c: ff49 8bd7 | c5f8 7749 | ba20 a439 | 90fb 7f00 | 0041 ffd2 

  0x000001bfb800aea0: ;   {other}
  0x000001bfb800aea0: 0f1f 8400 | 0000 0000 | e987 e0ff | ffba e4ff | ffff 4489 | 5424 2044 | 8b54 2440 | 4489 5424 
  0x000001bfb800aec0: 2466 6690 

  0x000001bfb800aec4: ;   {runtime_call UncommonTrapBlob}
  0x000001bfb800aec4: c5f8 77e8 

  0x000001bfb800aec8: ; ImmutableOopMap {[32]=NarrowOop [40]=Oop [48]=Oop [56]=Oop [144]=Oop }
                      ;*baload {reexecute=0 rethrow=0 return_oop=0}
                      ; - jdk.internal.util.ArraysSupport::mismatch@82
                      ; - java.lang.String::startsWith@70
                      ; - java.lang.String::startsWith@3
                      ; - java.lang.ClassLoader::preDefineClass@43
                      ; - java.lang.ClassLoader::defineClass@4
                      ; - java.security.SecureClassLoader::defineClass@12
  0x000001bfb800aec8: b494 7bff 

  0x000001bfb800aecc: ;   {other}
  0x000001bfb800aecc: 0f1f 8400 | 3c2f 004b | ba45 ffff | ff4c 8b44 | 2448 4c89 | 4424 3848 | 895c 2440 | 4489 5424 
  0x000001bfb800aeec: 504c 894c | 2458 4489 | 5c24 5489 | 4c24 6090 

  0x000001bfb800aefc: ;   {runtime_call UncommonTrapBlob}
  0x000001bfb800aefc: c5f8 77e8 

  0x000001bfb800af00: ; ImmutableOopMap {rbp=NarrowOop [56]=Oop [64]=Oop [80]=NarrowOop [84]=NarrowOop [88]=Oop [104]=Oop }
                      ;*ifnull {reexecute=1 rethrow=0 return_oop=0}
                      ; - (reexecute) java.util.concurrent.ConcurrentHashMap::get@67
                      ; - java.lang.ClassLoader::getNamedPackage@5
                      ; - java.lang.ClassLoader::postDefineClass@9
                      ; - java.lang.ClassLoader::defineClass@37
                      ; - java.security.SecureClassLoader::defineClass@12
  0x000001bfb800af00: 7c94 7bff 

  0x000001bfb800af04: ;   {other}
  0x000001bfb800af04: 0f1f 8400 | 742f 004c | 4c89 4424 | 6844 895c | 2454 4889 | 7c24 6048 | 895c 2458 | 4489 7424 
  0x000001bfb800af24: 504c 8b5c | 2428 4c89 | 5c24 2048 | ba00 0000 | c4bf 0100 | 0049 03d2 | 458b c190 

  0x000001bfb800af40: ;   {runtime_call _new_array_Java}
  0x000001bfb800af40: c5f8 77e8 

  0x000001bfb800af44: ; ImmutableOopMap {rbp=Oop [32]=Oop [48]=Oop [56]=Oop [84]=NarrowOop [88]=Oop [96]=Oop [144]=Oop }
                      ;*invokevirtual clone {reexecute=1 rethrow=0 return_oop=1}
                      ; - (reexecute) java.security.CodeSource::getCertificates@11
                      ; - java.lang.ClassLoader::checkCerts@34
                      ; - java.lang.ClassLoader::preDefineClass@113
                      ; - java.lang.ClassLoader::defineClass@4
                      ; - java.security.SecureClassLoader::defineClass@12
  0x000001bfb800af44: b809 7eff 

  0x000001bfb800af48: ;   {other}
  0x000001bfb800af48: 0f1f 8400 | b82f 004d | 4c8b 5c24 | 204c 895c | 2428 448b | 7424 5048 | 8b5c 2458 | 488b 7c24 
  0x000001bfb800af68: 6044 8b5c | 2454 4c8b | 4424 6848 | 8bf0 e94e | e7ff ff4c | 894c 2438 | 4489 4424 | 3048 895c 
  0x000001bfb800af88: 2420 48ba | 0000 00c4 | bf01 0000 | 4903 d244 | 8bc7 6690 

  0x000001bfb800af9c: ;   {runtime_call _new_array_Java}
  0x000001bfb800af9c: c5f8 77e8 

  0x000001bfb800afa0: ; ImmutableOopMap {rbp=Oop [32]=Oop [48]=NarrowOop [104]=Oop }
                      ;*invokevirtual clone {reexecute=1 rethrow=0 return_oop=1}
                      ; - (reexecute) java.security.CodeSource::getCertificates@11
                      ; - java.lang.ClassLoader::postDefineClass@24
                      ; - java.lang.ClassLoader::defineClass@37
                      ; - java.security.SecureClassLoader::defineClass@12
  0x000001bfb800afa0: 5c09 7eff 

  0x000001bfb800afa4: ;   {other}
  0x000001bfb800afa4: 0f1f 8400 | 1430 004e | 448b 4424 | 304c 8b4c | 2438 e9db | ebff ffba | f6ff ffff | 4889 7424 
  0x000001bfb800afc4: 2066 6690 

  0x000001bfb800afc8: ;   {runtime_call UncommonTrapBlob}
  0x000001bfb800afc8: c5f8 77e8 

  0x000001bfb800afcc: ; ImmutableOopMap {[32]=Oop [48]=Oop }
                      ;*invokevirtual putIfAbsent {reexecute=0 rethrow=0 return_oop=0}
                      ; - java.lang.ClassLoader::getNamedPackage@32
                      ; - java.lang.ClassLoader::postDefineClass@9
                      ; - java.lang.ClassLoader::defineClass@37
                      ; - java.security.SecureClassLoader::defineClass@12
  0x000001bfb800afcc: b093 7bff 

  0x000001bfb800afd0: ;   {other}
  0x000001bfb800afd0: 0f1f 8400 | 4030 004f | 488b e8ba | 54ff ffff 

  0x000001bfb800afe0: ;   {runtime_call UncommonTrapBlob}
  0x000001bfb800afe0: c5f8 77e8 

  0x000001bfb800afe4: ; ImmutableOopMap {rbp=Oop [36]=NarrowOop [40]=Oop [56]=Oop [72]=Oop [104]=Oop }
                      ;*ifnull {reexecute=1 rethrow=0 return_oop=0}
                      ; - (reexecute) java.lang.ClassLoader::getNamedPackage@42
                      ; - java.lang.ClassLoader::postDefineClass@9
                      ; - java.lang.ClassLoader::defineClass@37
                      ; - java.security.SecureClassLoader::defineClass@12
  0x000001bfb800afe4: 9893 7bff 

  0x000001bfb800afe8: ;   {other}
  0x000001bfb800afe8: 0f1f 8400 | 5830 0050 | 4c89 4424 | 7044 895c | 2468 4889 | 7c24 6048 | 895c 2458 | 4489 7424 
  0x000001bfb800b008: 504c 8b54 | 2430 4c89 | 5424 2048 | 8b6c 2428 

  0x000001bfb800b018: ;   {metadata('java/util/ArrayList')}
  0x000001bfb800b018: 48ba d089 | 0bc4 bf01 | 0000 6690 

  0x000001bfb800b024: ;   {runtime_call _new_instance_Java}
  0x000001bfb800b024: c5f8 77e8 

  0x000001bfb800b028: ; ImmutableOopMap {rbp=Oop [32]=Oop [56]=Oop [88]=Oop [96]=Oop [104]=NarrowOop [112]=Oop [144]=Oop [152]=NarrowOop }
                      ;*new {reexecute=0 rethrow=0 return_oop=1}
                      ; - java.security.CodeSource::getCertificates@25
                      ; - java.lang.ClassLoader::checkCerts@34
                      ; - java.lang.ClassLoader::preDefineClass@113
                      ; - java.lang.ClassLoader::defineClass@4
                      ; - java.security.SecureClassLoader::defineClass@12
  0x000001bfb800b028: d40b 7eff 

  0x000001bfb800b02c: ;   {other}
  0x000001bfb800b02c: 0f1f 8400 | 9c30 0051 | 4889 6c24 | 284c 8b54 | 2420 4c89 | 5424 3044 | 8b74 2450 | 488b 5c24 
  0x000001bfb800b04c: 5848 8b7c | 2460 448b | 5c24 684c | 8b44 2470 | e9f4 e6ff | ff4c 898c | 2480 0000 | 004c 8944 
  0x000001bfb800b06c: 2478 4889 | 7c24 704c | 895c 2468 | 4c89 5424 | 6044 8b94 | 2498 0000 | 0044 8954 | 2454 4889 
  0x000001bfb800b08c: 5c24 5844 | 8974 2450 | 4c8b 9424 | 9000 0000 | 4c89 5424 | 484c 8b54 | 2430 4c89 | 5424 2048 
  0x000001bfb800b0ac: 8b6c 2428 

  0x000001bfb800b0b0: ;   {metadata('java/security/cert/Certificate'[])}
  0x000001bfb800b0b0: 48ba 2029 | 10c4 bf01 | 0000 458b | c666 6690 

  0x000001bfb800b0c0: ;   {runtime_call _new_array_Java}
  0x000001bfb800b0c0: c5f8 77e8 

  0x000001bfb800b0c4: ; ImmutableOopMap {rbp=Oop [32]=Oop [56]=Oop [72]=Oop [84]=NarrowOop [88]=Oop [96]=Oop [112]=Oop [120]=Oop [128]=Oop }
                      ;*anewarray {reexecute=0 rethrow=0 return_oop=1}
                      ; - java.security.CodeSource::getCertificates@70
                      ; - java.lang.ClassLoader::checkCerts@34
                      ; - java.lang.ClassLoader::preDefineClass@113
                      ; - java.lang.ClassLoader::defineClass@4
                      ; - java.security.SecureClassLoader::defineClass@12
  0x000001bfb800b0c4: 3808 7eff 

  0x000001bfb800b0c8: ;   {other}
  0x000001bfb800b0c8: 0f1f 8400 | 3831 0052 | e98b e8ff | ff4c 8944 | 2430 4889 | 5c24 2848 | ba00 0000 | c4bf 0100 
  0x000001bfb800b0e8: 0049 03d2 | 458b c390 

  0x000001bfb800b0f0: ;   {runtime_call _new_array_Java}
  0x000001bfb800b0f0: c5f8 77e8 

  0x000001bfb800b0f4: ; ImmutableOopMap {rbp=Oop [32]=Oop [40]=Oop [56]=Oop [72]=Oop [88]=Oop [96]=Oop [112]=Oop }
                      ;*invokevirtual clone {reexecute=1 rethrow=0 return_oop=1}
                      ; - (reexecute) java.security.CodeSource::getCertificates@86
                      ; - java.lang.ClassLoader::checkCerts@34
                      ; - java.lang.ClassLoader::preDefineClass@113
                      ; - java.lang.ClassLoader::defineClass@4
                      ; - java.security.SecureClassLoader::defineClass@12
  0x000001bfb800b0f4: 0808 7eff 

  0x000001bfb800b0f8: ;   {other}
  0x000001bfb800b0f8: 0f1f 8400 | 6831 0053 | 488b 5c24 | 284c 8b44 | 2430 488b | f0e9 2be9 | ffff 498b | d7c5 f877 
  0x000001bfb800b118: 49ba 20a4 | 3990 fb7f | 0000 41ff 

  0x000001bfb800b124: ;   {other}
  0x000001bfb800b124: d20f 1f84 | 0000 0000 | 00e9 5fe4 | ffff 498b | d7c5 f877 | 49ba 20a4 | 3990 fb7f | 0000 41ff 
  0x000001bfb800b144: ;   {other}
  0x000001bfb800b144: d20f 1f84 | 0000 0000 | 00e9 f9e3 | ffff ba45 | ffff ff4c | 8b5c 2448 | 4c89 5c24 | 3848 895c 
  0x000001bfb800b164: 2440 4489 | 5424 504c | 894c 2458 | 4889 7424 | 6089 4c24 | 5466 6690 

  0x000001bfb800b17c: ;   {runtime_call UncommonTrapBlob}
  0x000001bfb800b17c: c5f8 77e8 

  0x000001bfb800b180: ; ImmutableOopMap {rbp=NarrowOop [56]=Oop [64]=Oop [80]=NarrowOop [88]=Oop [96]=Oop [104]=Oop }
                      ;*ifnull {reexecute=1 rethrow=0 return_oop=0}
                      ; - (reexecute) java.util.concurrent.ConcurrentHashMap::get@143
                      ; - java.lang.ClassLoader::getNamedPackage@5
                      ; - java.lang.ClassLoader::postDefineClass@9
                      ; - java.lang.ClassLoader::defineClass@37
                      ; - java.security.SecureClassLoader::defineClass@12
  0x000001bfb800b180: fc91 7bff 

  0x000001bfb800b184: ;   {other}
  0x000001bfb800b184: 0f1f 8400 | f431 0054 | ba45 ffff | ff44 8b5c | 2424 4489 | 5c24 2044 | 8b54 2440 | 4489 5424 
  0x000001bfb800b1a4: 2489 4424 | 4066 6690 

  0x000001bfb800b1ac: ;   {runtime_call UncommonTrapBlob}
  0x000001bfb800b1ac: c5f8 77e8 

  0x000001bfb800b1b0: ; ImmutableOopMap {rbp=Oop [32]=NarrowOop [40]=Oop [56]=Oop [72]=Oop [80]=Oop }
                      ;*ifeq {reexecute=1 rethrow=0 return_oop=0}
                      ; - (reexecute) java.util.concurrent.ConcurrentHashMap::get@152
                      ; - java.lang.ClassLoader::getNamedPackage@5
                      ; - java.lang.ClassLoader::postDefineClass@9
                      ; - java.lang.ClassLoader::defineClass@37
                      ; - java.security.SecureClassLoader::defineClass@12
  0x000001bfb800b1b0: cc91 7bff 

  0x000001bfb800b1b4: ;   {other}
  0x000001bfb800b1b4: 0f1f 8400 | 2432 0055 | 4889 7c24 | 3844 895c | 2430 4489 | 4c24 2448 

  0x000001bfb800b1cc: ;   {metadata('java/util/ArrayList')}
  0x000001bfb800b1cc: 8beb 48ba | d089 0bc4 | bf01 0000 

  0x000001bfb800b1d8: ;   {runtime_call _new_instance_Java}
  0x000001bfb800b1d8: c5f8 77e8 

  0x000001bfb800b1dc: ; ImmutableOopMap {rbp=Oop [36]=NarrowOop [48]=NarrowOop [56]=Oop [104]=Oop }
                      ;*new {reexecute=0 rethrow=0 return_oop=1}
                      ; - java.security.CodeSource::getCertificates@25
                      ; - java.lang.ClassLoader::postDefineClass@24
                      ; - java.lang.ClassLoader::defineClass@37
                      ; - java.security.SecureClassLoader::defineClass@12
  0x000001bfb800b1dc: 200a 7eff 

  0x000001bfb800b1e0: ;   {other}
  0x000001bfb800b1e0: 0f1f 8400 | 5032 0056 | 488b dd44 | 8b4c 2424 | 448b 5c24 | 3048 8b7c | 2438 e910 | eaff ff48 
  0x000001bfb800b200: 894c 2440 | 4889 7c24 | 3841 8be9 | 4c8b 5424 | 684c 8954 | 2430 4889 

  0x000001bfb800b218: ;   {metadata('java/security/cert/Certificate'[])}
  0x000001bfb800b218: 5c24 2848 | ba20 2910 | c4bf 0100 | 0044 8b44 | 2420 6690 

  0x000001bfb800b22c: ;   {runtime_call _new_array_Java}
  0x000001bfb800b22c: c5f8 77e8 

  0x000001bfb800b230: ; ImmutableOopMap {rbp=NarrowOop [40]=Oop [48]=Oop [56]=Oop [64]=Oop [104]=Oop }
                      ;*anewarray {reexecute=0 rethrow=0 return_oop=1}
                      ; - java.security.CodeSource::getCertificates@70
                      ; - java.lang.ClassLoader::postDefineClass@24
                      ; - java.lang.ClassLoader::defineClass@37
                      ; - java.security.SecureClassLoader::defineClass@12
  0x000001bfb800b230: cc06 7eff 

  0x000001bfb800b234: ;   {other}
  0x000001bfb800b234: 0f1f 8400 | a432 0057 | e9db eaff | ff48 ba00 | 0000 c4bf | 0100 0049 | 03d2 6690 

  0x000001bfb800b250: ;   {runtime_call _new_array_Java}
  0x000001bfb800b250: c5f8 77e8 

  0x000001bfb800b254: ; ImmutableOopMap {[40]=Oop [48]=Oop [64]=Oop }
                      ;*invokevirtual clone {reexecute=1 rethrow=0 return_oop=1}
                      ; - (reexecute) java.security.CodeSource::getCertificates@86
                      ; - java.lang.ClassLoader::postDefineClass@24
                      ; - java.lang.ClassLoader::defineClass@37
                      ; - java.security.SecureClassLoader::defineClass@12
  0x000001bfb800b254: a806 7eff 

  0x000001bfb800b258: ;   {other}
  0x000001bfb800b258: 0f1f 8400 | c832 0058 | e99e ebff | ffba 76ff | ffff 488b | 6c24 284c | 8b5c 2438 | 4c89 5c24 
  0x000001bfb800b278: 2844 8b5c | 2440 4489 | 5c24 3844 | 8b44 2444 | 4489 4424 | 3c48 897c | 2458 4489 | 5424 6089 
  0x000001bfb800b298: 5c24 6489 | 7424 6848 | 894c 2470 | 4489 4c24 | 7866 6690 

  0x000001bfb800b2ac: ;   {runtime_call UncommonTrapBlob}
  0x000001bfb800b2ac: c5f8 77e8 

  0x000001bfb800b2b0: ; ImmutableOopMap {rbp=Oop [40]=Oop [48]=Oop [88]=Oop [104]=NarrowOop [112]=Oop [144]=Oop }
                      ;*if_icmpge {reexecute=1 rethrow=0 return_oop=0}
                      ; - (reexecute) java.lang.ClassLoader::compareCerts@67
                      ; - java.lang.ClassLoader::checkCerts@80
                      ; - java.lang.ClassLoader::preDefineClass@113
                      ; - java.lang.ClassLoader::defineClass@4
                      ; - java.security.SecureClassLoader::defineClass@12
  0x000001bfb800b2b0: cc90 7bff 

  0x000001bfb800b2b4: ;   {other}
  0x000001bfb800b2b4: 0f1f 8400 | 2433 0059 | ba76 ffff | ff48 8b6c | 2428 4c8b | 4424 384c | 8944 2428 | 448b 4424 
  0x000001bfb800b2d4: 4044 8944 | 2438 8b4c | 2444 894c | 243c 4c8b | 4424 704c | 895c 2450 | 4489 5424 | 5c44 894c 
  0x000001bfb800b2f4: 2460 4c89 | 4424 6844 | 8b94 24a0 | 0000 0044 | 8954 2470 

  0x000001bfb800b308: ;   {runtime_call UncommonTrapBlob}
  0x000001bfb800b308: c5f8 77e8 

  0x000001bfb800b30c: ; ImmutableOopMap {rbp=Oop [40]=Oop [48]=Oop [80]=Oop [96]=NarrowOop [104]=Oop [144]=Oop }
                      ;*if_icmpge {reexecute=1 rethrow=0 return_oop=0}
                      ; - (reexecute) java.lang.ClassLoader::compareCerts@152
                      ; - java.lang.ClassLoader::checkCerts@80
                      ; - java.lang.ClassLoader::preDefineClass@113
                      ; - java.lang.ClassLoader::defineClass@4
                      ; - java.security.SecureClassLoader::defineClass@12
  0x000001bfb800b30c: 7090 7bff 

  0x000001bfb800b310: ;   {other}
  0x000001bfb800b310: 0f1f 8400 | 8033 005a | bae4 ffff | ff48 8b6c | 2428 4c8b | 5424 384c | 8954 2428 | 448b 5424 
  0x000001bfb800b330: 4044 8954 | 2438 448b | 4424 4444 | 8944 243c | 4889 5c24 | 4848 897c | 2450 4c89 | 4c24 6844 
  0x000001bfb800b350: 895c 2470 | 894c 2474 

  0x000001bfb800b358: ;   {runtime_call UncommonTrapBlob}
  0x000001bfb800b358: c5f8 77e8 

  0x000001bfb800b35c: ; ImmutableOopMap {rbp=Oop [40]=Oop [48]=Oop [72]=Oop [80]=Oop [104]=Oop [112]=NarrowOop [144]=Oop [152]=NarrowOop }
                      ;*aaload {reexecute=0 rethrow=0 return_oop=0}
                      ; - java.security.CodeSource::getCertificates@50
                      ; - java.lang.ClassLoader::checkCerts@34
                      ; - java.lang.ClassLoader::preDefineClass@113
                      ; - java.lang.ClassLoader::defineClass@4
                      ; - java.security.SecureClassLoader::defineClass@12
  0x000001bfb800b35c: 2090 7bff 

  0x000001bfb800b360: ;   {other}
  0x000001bfb800b360: 0f1f 8400 | d033 005b | bae4 ffff | ff48 895c | 2420 4489 | 4c24 3048 | 894c 2440 | 4489 5c24 
  0x000001bfb800b380: 4844 8944 | 244c 6690 

  0x000001bfb800b388: ;   {runtime_call UncommonTrapBlob}
  0x000001bfb800b388: c5f8 77e8 

  0x000001bfb800b38c: ; ImmutableOopMap {[32]=Oop [48]=NarrowOop [64]=Oop [72]=NarrowOop [104]=Oop }
                      ;*aaload {reexecute=0 rethrow=0 return_oop=0}
                      ; - java.security.CodeSource::getCertificates@50
                      ; - java.lang.ClassLoader::postDefineClass@24
                      ; - java.lang.ClassLoader::defineClass@37
                      ; - java.security.SecureClassLoader::defineClass@12
  0x000001bfb800b38c: f08f 7bff 

  0x000001bfb800b390: ;   {other}
  0x000001bfb800b390: 0f1f 8400 | 0034 005c | ba37 0100 | 0048 8beb | 4c8b 5424 | 384c 8954 | 2428 6690 

  0x000001bfb800b3ac: ;   {runtime_call UncommonTrapBlob}
  0x000001bfb800b3ac: c5f8 77e8 

  0x000001bfb800b3b0: ; ImmutableOopMap {rbp=Oop [40]=Oop [48]=Oop }
                      ;*new {reexecute=0 rethrow=0 return_oop=0}
                      ; - java.lang.ClassLoader::preDefineClass@56
                      ; - java.lang.ClassLoader::defineClass@4
                      ; - java.security.SecureClassLoader::defineClass@12
  0x000001bfb800b3b0: cc8f 7bff 

  0x000001bfb800b3b4: ;   {other}
  0x000001bfb800b3b4: 0f1f 8400 | 2434 005d | ba76 ffff | ff48 8b6c | 2428 4c8b | 5c24 384c | 895c 2428 | 448b 5c24 
  0x000001bfb800b3d4: 4044 895c | 2438 448b | 5c24 4444 | 895c 243c | 4889 4c24 | 4848 897c | 2458 4489 | 5424 6490 
  0x000001bfb800b3f4: ;   {runtime_call UncommonTrapBlob}
  0x000001bfb800b3f4: c5f8 77e8 

  0x000001bfb800b3f8: ; ImmutableOopMap {rbp=Oop [40]=Oop [48]=Oop [72]=Oop [88]=Oop [144]=Oop }
                      ;*if_icmpge {reexecute=1 rethrow=0 return_oop=0}
                      ; - (reexecute) java.lang.ClassLoader::compareCerts@40
                      ; - java.lang.ClassLoader::checkCerts@80
                      ; - java.lang.ClassLoader::preDefineClass@113
                      ; - java.lang.ClassLoader::defineClass@4
                      ; - java.security.SecureClassLoader::defineClass@12
  0x000001bfb800b3f8: 848f 7bff 

  0x000001bfb800b3fc: ;   {other}
  0x000001bfb800b3fc: 0f1f 8400 | 6c34 005e | 498b d7c5 | f877 49ba | 20a4 3990 | fb7f 0000 

  0x000001bfb800b414: ;   {other}
  0x000001bfb800b414: 41ff d20f | 1f84 0000 | 0000 00e9 | 7be5 ffff | 498b d7c5 | f877 49ba | 20a4 3990 | fb7f 0000 
  0x000001bfb800b434: ;   {other}
  0x000001bfb800b434: 41ff d20f | 1f84 0000 | 0000 00e9 | 11e9 ffff | baf6 ffff | ff66 6690 

  0x000001bfb800b44c: ;   {runtime_call UncommonTrapBlob}
  0x000001bfb800b44c: c5f8 77e8 

  0x000001bfb800b450: ; ImmutableOopMap {}
                      ;*invokevirtual clone {reexecute=1 rethrow=0 return_oop=0}
                      ; - (reexecute) java.security.CodeSource::getCertificates@86
                      ; - java.lang.ClassLoader::checkCerts@34
                      ; - java.lang.ClassLoader::preDefineClass@113
                      ; - java.lang.ClassLoader::defineClass@4
                      ; - java.security.SecureClassLoader::defineClass@12
  0x000001bfb800b450: 2c8f 7bff 

  0x000001bfb800b454: ;   {other}
  0x000001bfb800b454: 0f1f 8400 | c434 005f | baf6 ffff | ff66 6690 

  0x000001bfb800b464: ;   {runtime_call UncommonTrapBlob}
  0x000001bfb800b464: c5f8 77e8 

  0x000001bfb800b468: ; ImmutableOopMap {}
                      ;*invokevirtual clone {reexecute=1 rethrow=0 return_oop=0}
                      ; - (reexecute) java.security.CodeSource::getCertificates@86
                      ; - java.lang.ClassLoader::postDefineClass@24
                      ; - java.lang.ClassLoader::defineClass@37
                      ; - java.security.SecureClassLoader::defineClass@12
  0x000001bfb800b468: 148f 7bff 

  0x000001bfb800b46c: ;   {other}
  0x000001bfb800b46c: 0f1f 8400 | dc34 0060 | bade ffff | ff48 8b6c | 2428 4c8b | 5424 304c | 8954 2420 | 4c8b 5424 
  0x000001bfb800b48c: 384c 8954 | 2428 4889 | 4424 3890 

  0x000001bfb800b498: ;   {runtime_call UncommonTrapBlob}
  0x000001bfb800b498: c5f8 77e8 

  0x000001bfb800b49c: ; ImmutableOopMap {rbp=Oop [32]=Oop [40]=Oop [56]=Oop }
                      ;*checkcast {reexecute=0 rethrow=0 return_oop=0}
                      ; - java.security.SecureClassLoader::getProtectionDomain@33
                      ; - java.security.SecureClassLoader::defineClass@9
  0x000001bfb800b49c: e08e 7bff 

  0x000001bfb800b4a0: ;   {other}
  0x000001bfb800b4a0: 0f1f 8400 | 1035 0061 | bade ffff | ff48 8b6c | 2428 4c8b | 5424 384c | 8954 2428 | 448b 5424 
  0x000001bfb800b4c0: 4044 8954 | 2438 448b | 5c24 4444 | 895c 243c | 4889 4424 | 5866 6690 

  0x000001bfb800b4d8: ;   {runtime_call UncommonTrapBlob}
  0x000001bfb800b4d8: c5f8 77e8 

  0x000001bfb800b4dc: ; ImmutableOopMap {rbp=Oop [40]=Oop [48]=Oop [72]=Oop [88]=Oop [96]=Oop [144]=Oop }
                      ;*checkcast {reexecute=0 rethrow=0 return_oop=0}
                      ; - java.lang.ClassLoader::checkCerts@65
                      ; - java.lang.ClassLoader::preDefineClass@113
                      ; - java.lang.ClassLoader::defineClass@4
                      ; - java.security.SecureClassLoader::defineClass@12
  0x000001bfb800b4dc: a08e 7bff 

  0x000001bfb800b4e0: ;   {other}
  0x000001bfb800b4e0: 0f1f 8400 | 5035 0062 | bade ffff | ff48 8944 | 2440 6690 

  0x000001bfb800b4f4: ;   {runtime_call UncommonTrapBlob}
  0x000001bfb800b4f4: c5f8 77e8 

  0x000001bfb800b4f8: ; ImmutableOopMap {rbp=NarrowOop [40]=Oop [48]=Oop [64]=Oop }
                      ;*checkcast {reexecute=0 rethrow=0 return_oop=0}
                      ; - java.security.CodeSource::getCertificates@76
                      ; - java.lang.ClassLoader::postDefineClass@24
                      ; - java.lang.ClassLoader::defineClass@37
                      ; - java.security.SecureClassLoader::defineClass@12
  0x000001bfb800b4f8: 848e 7bff 

  0x000001bfb800b4fc: ;   {other}
  0x000001bfb800b4fc: 0f1f 8400 | 6c35 0063 | bade ffff | ff4c 8b54 | 2438 4c89 | 5424 2844 | 8b5c 2440 | 4489 5c24 
  0x000001bfb800b51c: 3044 8b54 | 2444 4489 | 5424 344c | 8b54 2448 | 4c89 5424 | 384c 8b54 | 2458 4c89 | 5424 4048 
  0x000001bfb800b53c: 8944 2460 

  0x000001bfb800b540: ;   {runtime_call UncommonTrapBlob}
  0x000001bfb800b540: c5f8 77e8 

  0x000001bfb800b544: ; ImmutableOopMap {rbp=Oop [32]=Oop [40]=Oop [56]=Oop [64]=Oop [84]=NarrowOop [96]=Oop [112]=Oop }
                      ;*checkcast {reexecute=0 rethrow=0 return_oop=0}
                      ; - java.security.CodeSource::getCertificates@76
                      ; - java.lang.ClassLoader::checkCerts@34
                      ; - java.lang.ClassLoader::preDefineClass@113
                      ; - java.lang.ClassLoader::defineClass@4
                      ; - java.security.SecureClassLoader::defineClass@12
  0x000001bfb800b544: 388e 7bff 

  0x000001bfb800b548: ;   {other}
  0x000001bfb800b548: 0f1f 8400 | b835 0064 | baf6 ffff | ff49 8be8 | 4c89 4c24 | 2066 6690 

  0x000001bfb800b560: ;   {runtime_call UncommonTrapBlob}
  0x000001bfb800b560: c5f8 77e8 

  0x000001bfb800b564: ; ImmutableOopMap {rbp=Oop [32]=Oop }
                      ;*invokeinterface computeIfAbsent {reexecute=0 rethrow=0 return_oop=0}
                      ; - java.security.SecureClassLoader::getProtectionDomain@28
                      ; - java.security.SecureClassLoader::defineClass@9
  0x000001bfb800b564: 188e 7bff 

  0x000001bfb800b568: ;   {other}
  0x000001bfb800b568: 0f1f 8400 | d835 0065 | baf4 ffff | ff48 8b6c | 2428 4c8b | 5424 304c | 8954 2420 

  0x000001bfb800b584: ;   {runtime_call UncommonTrapBlob}
  0x000001bfb800b584: c5f8 77e8 

  0x000001bfb800b588: ; ImmutableOopMap {rbp=Oop [32]=Oop [56]=Oop }
                      ;*checkcast {reexecute=0 rethrow=0 return_oop=0}
                      ; - java.security.SecureClassLoader::getProtectionDomain@33
                      ; - java.security.SecureClassLoader::defineClass@9
  0x000001bfb800b588: f48d 7bff 

  0x000001bfb800b58c: ;   {other}
  0x000001bfb800b58c: 0f1f 8400 | fc35 0066 | baf6 ffff | ff66 6690 

  0x000001bfb800b59c: ;   {runtime_call UncommonTrapBlob}
  0x000001bfb800b59c: c5f8 77e8 

  0x000001bfb800b5a0: ; ImmutableOopMap {}
                      ;*arraylength {reexecute=0 rethrow=0 return_oop=0}
                      ; - java.lang.String::isEmpty@4
                      ; - java.lang.ClassLoader::checkName@5
                      ; - java.lang.ClassLoader::preDefineClass@1
                      ; - java.lang.ClassLoader::defineClass@4
                      ; - java.security.SecureClassLoader::defineClass@12
  0x000001bfb800b5a0: dc8d 7bff 

  0x000001bfb800b5a4: ;   {other}
  0x000001bfb800b5a4: 0f1f 8400 | 1436 0067 | baf6 ffff | ff66 6690 

  0x000001bfb800b5b4: ;   {runtime_call UncommonTrapBlob}
  0x000001bfb800b5b4: c5f8 77e8 

  0x000001bfb800b5b8: ; ImmutableOopMap {}
                      ;*invokevirtual getPackageName {reexecute=0 rethrow=0 return_oop=0}
                      ; - java.lang.ClassLoader::postDefineClass@2
                      ; - java.lang.ClassLoader::defineClass@37
                      ; - java.security.SecureClassLoader::defineClass@12
  0x000001bfb800b5b8: c48d 7bff 

  0x000001bfb800b5bc: ;   {other}
  0x000001bfb800b5bc: 0f1f 8400 | 2c36 0068 | baf6 ffff | ff66 6690 

  0x000001bfb800b5cc: ;   {runtime_call UncommonTrapBlob}
  0x000001bfb800b5cc: c5f8 77e8 

  0x000001bfb800b5d0: ; ImmutableOopMap {}
                      ;*invokevirtual hashCode {reexecute=0 rethrow=0 return_oop=0}
                      ; - java.util.concurrent.ConcurrentHashMap::get@1
                      ; - java.lang.ClassLoader::getNamedPackage@5
                      ; - java.lang.ClassLoader::postDefineClass@9
                      ; - java.lang.ClassLoader::defineClass@37
                      ; - java.security.SecureClassLoader::defineClass@12
  0x000001bfb800b5d0: ac8d 7bff 

  0x000001bfb800b5d4: ;   {other}
  0x000001bfb800b5d4: 0f1f 8400 | 4436 0069 | 4d85 d244 | 8b54 2420 | 410f 94c2 | ba45 ffff | ff48 8944 | 2430 4889 
  0x000001bfb800b5f4: 4424 4044 | 8954 2448 

  0x000001bfb800b5fc: ;   {runtime_call UncommonTrapBlob}
  0x000001bfb800b5fc: c5f8 77e8 

  0x000001bfb800b600: ; ImmutableOopMap {[40]=Oop [48]=Oop [64]=Oop [144]=Oop }
                      ;*ifeq {reexecute=1 rethrow=0 return_oop=0}
                      ; - (reexecute) java.lang.Class::getPackageName@29
                      ; - java.lang.ClassLoader::postDefineClass@2
                      ; - java.lang.ClassLoader::defineClass@37
                      ; - java.security.SecureClassLoader::defineClass@12
  0x000001bfb800b600: 7c8d 7bff 

  0x000001bfb800b604: ;   {other}
  0x000001bfb800b604: 0f1f 8400 | 7436 006a | baf6 ffff | ff66 6690 

  0x000001bfb800b614: ;   {runtime_call UncommonTrapBlob}
  0x000001bfb800b614: c5f8 77e8 

  0x000001bfb800b618: ; ImmutableOopMap {}
                      ;*arraylength {reexecute=0 rethrow=0 return_oop=0}
                      ; - java.lang.String::length@4
                      ; - java.lang.String::lastIndexOf@3
                      ; - java.lang.Class::getPackageName@47
                      ; - java.lang.ClassLoader::postDefineClass@2
                      ; - java.lang.ClassLoader::defineClass@37
                      ; - java.security.SecureClassLoader::defineClass@12
  0x000001bfb800b618: 648d 7bff 

  0x000001bfb800b61c: ;   {other}
  0x000001bfb800b61c: 0f1f 8400 | 8c36 006b | ba45 ffff | ff48 8b6c | 2428 4c8b | 5424 304c | 8954 2420 

  0x000001bfb800b638: ;   {runtime_call UncommonTrapBlob}
  0x000001bfb800b638: c5f8 77e8 

  0x000001bfb800b63c: ; ImmutableOopMap {rbp=Oop [32]=Oop [56]=Oop [144]=Oop }
                      ;*ifnull {reexecute=1 rethrow=0 return_oop=0}
                      ; - (reexecute) java.lang.ClassLoader::checkName@1
                      ; - java.lang.ClassLoader::preDefineClass@1
                      ; - java.lang.ClassLoader::defineClass@4
                      ; - java.security.SecureClassLoader::defineClass@12
  0x000001bfb800b63c: 408d 7bff 

  0x000001bfb800b640: ;   {other}
  0x000001bfb800b640: 0f1f 8400 | b036 006c | ba45 ffff | ff48 8b6c | 2428 4c8b | 5424 384c | 8954 2428 | 448b 5c24 
  0x000001bfb800b660: 4044 895c | 2438 448b | 5c24 4444 | 895c 243c | 4889 5c24 | 4848 897c | 2458 6690 

  0x000001bfb800b67c: ;   {runtime_call UncommonTrapBlob}
  0x000001bfb800b67c: c5f8 77e8 

  0x000001bfb800b680: ; ImmutableOopMap {rbp=Oop [40]=Oop [48]=Oop [72]=Oop [88]=Oop [144]=Oop [152]=NarrowOop }
                      ;*ifnull {reexecute=1 rethrow=0 return_oop=0}
                      ; - (reexecute) java.lang.ClassLoader::checkCerts@30
                      ; - java.lang.ClassLoader::preDefineClass@113
                      ; - java.lang.ClassLoader::defineClass@4
                      ; - java.security.SecureClassLoader::defineClass@12
  0x000001bfb800b680: fc8c 7bff 

  0x000001bfb800b684: ;   {other}
  0x000001bfb800b684: 0f1f 8400 | f436 006d | ba45 ffff | ff48 8b6c | 2428 4c8b | 5c24 304c | 895c 2420 | 4c8b 5c24 
  0x000001bfb800b6a4: 384c 895c | 2428 448b | 4424 4044 | 8944 2430 | 448b 5c24 | 4444 895c | 2434 4489 | 5424 4490 
  0x000001bfb800b6c4: ;   {runtime_call UncommonTrapBlob}
  0x000001bfb800b6c4: c5f8 77e8 

  0x000001bfb800b6c8: ; ImmutableOopMap {rbp=Oop [32]=Oop [40]=Oop [68]=NarrowOop [144]=Oop }
                      ;*ifnull {reexecute=1 rethrow=0 return_oop=0}
                      ; - (reexecute) java.lang.ClassLoader::defineClassSourceLocation@8
                      ; - java.lang.ClassLoader::defineClass@12
                      ; - java.security.SecureClassLoader::defineClass@12
  0x000001bfb800b6c8: b48c 7bff 

  0x000001bfb800b6cc: ;   {other}
  0x000001bfb800b6cc: 0f1f 8400 | 3c37 006e | ba45 ffff | ff4c 8b54 | 2428 4c89 | 5424 204c | 8b54 2430 | 4c89 5424 
  0x000001bfb800b6ec: 284c 8b54 | 2438 4c89 | 5424 3044 | 8b54 2440 | 4489 5424 | 3844 8b5c | 2444 4489 | 5c24 3c90 
  0x000001bfb800b70c: ;   {runtime_call UncommonTrapBlob}
  0x000001bfb800b70c: c5f8 77e8 

  0x000001bfb800b710: ; ImmutableOopMap {rbp=NarrowOop [32]=Oop [40]=Oop [48]=Oop [144]=Oop }
                      ;*ifnull {reexecute=1 rethrow=0 return_oop=0}
                      ; - (reexecute) java.lang.ClassLoader::defineClassSourceLocation@15
                      ; - java.lang.ClassLoader::defineClass@12
                      ; - java.security.SecureClassLoader::defineClass@12
  0x000001bfb800b710: 6c8c 7bff 

  0x000001bfb800b714: ;   {other}
  0x000001bfb800b714: 0f1f 8400 | 8437 006f | ba45 ffff | ff44 894c | 2420 6690 

  0x000001bfb800b728: ;   {runtime_call UncommonTrapBlob}
  0x000001bfb800b728: c5f8 77e8 

  0x000001bfb800b72c: ; ImmutableOopMap {[32]=NarrowOop [104]=Oop }
                      ;*ifnull {reexecute=1 rethrow=0 return_oop=0}
                      ; - (reexecute) java.lang.ClassLoader::postDefineClass@17
                      ; - java.lang.ClassLoader::defineClass@37
                      ; - java.security.SecureClassLoader::defineClass@12
  0x000001bfb800b72c: 508c 7bff 

  0x000001bfb800b730: ;   {other}
  0x000001bfb800b730: 0f1f 8400 | a037 0070 | baf6 ffff | ff8b e990 

  0x000001bfb800b740: ;   {runtime_call UncommonTrapBlob}
  0x000001bfb800b740: c5f8 77e8 

  0x000001bfb800b744: ; ImmutableOopMap {}
                      ;*aaload {reexecute=0 rethrow=0 return_oop=0}
                      ; - java.security.CodeSource::getCertificates@50
                      ; - java.lang.ClassLoader::checkCerts@34
                      ; - java.lang.ClassLoader::preDefineClass@113
                      ; - java.lang.ClassLoader::defineClass@4
                      ; - java.security.SecureClassLoader::defineClass@12
  0x000001bfb800b744: 388c 7bff 

  0x000001bfb800b748: ;   {other}
  0x000001bfb800b748: 0f1f 8400 | b837 0071 | baf6 ffff | ff66 6690 

  0x000001bfb800b758: ;   {runtime_call UncommonTrapBlob}
  0x000001bfb800b758: c5f8 77e8 

  0x000001bfb800b75c: ; ImmutableOopMap {}
                      ;*invokevirtual getSignerCertPath {reexecute=0 rethrow=0 return_oop=0}
                      ; - java.security.CodeSource::getCertificates@51
                      ; - java.lang.ClassLoader::checkCerts@34
                      ; - java.lang.ClassLoader::preDefineClass@113
                      ; - java.lang.ClassLoader::defineClass@4
                      ; - java.security.SecureClassLoader::defineClass@12
  0x000001bfb800b75c: 208c 7bff 

  0x000001bfb800b760: ;   {other}
  0x000001bfb800b760: 0f1f 8400 | d037 0072 | baf6 ffff | ff66 6690 

  0x000001bfb800b770: ;   {runtime_call UncommonTrapBlob}
  0x000001bfb800b770: c5f8 77e8 

  0x000001bfb800b774: ; ImmutableOopMap {}
                      ;*invokevirtual getCertificates {reexecute=0 rethrow=0 return_oop=0}
                      ; - java.security.CodeSource::getCertificates@54
                      ; - java.lang.ClassLoader::checkCerts@34
                      ; - java.lang.ClassLoader::preDefineClass@113
                      ; - java.lang.ClassLoader::defineClass@4
                      ; - java.security.SecureClassLoader::defineClass@12
  0x000001bfb800b774: 088c 7bff 

  0x000001bfb800b778: ;   {other}
  0x000001bfb800b778: 0f1f 8400 | e837 0073 | baf6 ffff | ff66 6690 

  0x000001bfb800b788: ;   {runtime_call UncommonTrapBlob}
  0x000001bfb800b788: c5f8 77e8 

  0x000001bfb800b78c: ; ImmutableOopMap {}
                      ;*arraylength {reexecute=0 rethrow=0 return_oop=0}
                      ; - java.security.CodeSource::getCertificates@40
                      ; - java.lang.ClassLoader::checkCerts@34
                      ; - java.lang.ClassLoader::preDefineClass@113
                      ; - java.lang.ClassLoader::defineClass@4
                      ; - java.security.SecureClassLoader::defineClass@12
  0x000001bfb800b78c: f08b 7bff 

  0x000001bfb800b790: ;   {other}
  0x000001bfb800b790: 0f1f 8400 | 0038 0074 | baf6 ffff | ff41 8be8 

  0x000001bfb800b7a0: ;   {runtime_call UncommonTrapBlob}
  0x000001bfb800b7a0: c5f8 77e8 

  0x000001bfb800b7a4: ; ImmutableOopMap {}
                      ;*aaload {reexecute=0 rethrow=0 return_oop=0}
                      ; - java.security.CodeSource::getCertificates@50
                      ; - java.lang.ClassLoader::postDefineClass@24
                      ; - java.lang.ClassLoader::defineClass@37
                      ; - java.security.SecureClassLoader::defineClass@12
  0x000001bfb800b7a4: d88b 7bff 

  0x000001bfb800b7a8: ;   {other}
  0x000001bfb800b7a8: 0f1f 8400 | 1838 0075 | baf6 ffff | ff66 6690 

  0x000001bfb800b7b8: ;   {runtime_call UncommonTrapBlob}
  0x000001bfb800b7b8: c5f8 77e8 

  0x000001bfb800b7bc: ; ImmutableOopMap {}
                      ;*invokevirtual getSignerCertPath {reexecute=0 rethrow=0 return_oop=0}
                      ; - java.security.CodeSource::getCertificates@51
                      ; - java.lang.ClassLoader::postDefineClass@24
                      ; - java.lang.ClassLoader::defineClass@37
                      ; - java.security.SecureClassLoader::defineClass@12
  0x000001bfb800b7bc: c08b 7bff 

  0x000001bfb800b7c0: ;   {other}
  0x000001bfb800b7c0: 0f1f 8400 | 3038 0076 | baf6 ffff | ff66 6690 

  0x000001bfb800b7d0: ;   {runtime_call UncommonTrapBlob}
  0x000001bfb800b7d0: c5f8 77e8 

  0x000001bfb800b7d4: ; ImmutableOopMap {}
                      ;*invokevirtual getCertificates {reexecute=0 rethrow=0 return_oop=0}
                      ; - java.security.CodeSource::getCertificates@54
                      ; - java.lang.ClassLoader::postDefineClass@24
                      ; - java.lang.ClassLoader::defineClass@37
                      ; - java.security.SecureClassLoader::defineClass@12
  0x000001bfb800b7d4: a88b 7bff 

  0x000001bfb800b7d8: ;   {other}
  0x000001bfb800b7d8: 0f1f 8400 | 4838 0077 | baf6 ffff | ff66 6690 

  0x000001bfb800b7e8: ;   {runtime_call UncommonTrapBlob}
  0x000001bfb800b7e8: c5f8 77e8 

  0x000001bfb800b7ec: ; ImmutableOopMap {}
                      ;*arraylength {reexecute=0 rethrow=0 return_oop=0}
                      ; - java.security.CodeSource::getCertificates@40
                      ; - java.lang.ClassLoader::postDefineClass@24
                      ; - java.lang.ClassLoader::defineClass@37
                      ; - java.security.SecureClassLoader::defineClass@12
  0x000001bfb800b7ec: 908b 7bff 

  0x000001bfb800b7f0: ;   {other}
  0x000001bfb800b7f0: 0f1f 8400 | 6038 0078 | ba97 ffff | ff4c 8b54 | 2468 4c89 | 5424 584c | 8b54 2470 | 4c89 5424 
  0x000001bfb800b810: 6866 6690 

  0x000001bfb800b814: ;   {runtime_call UncommonTrapBlob}
  0x000001bfb800b814: c5f8 77e8 

  0x000001bfb800b818: ; ImmutableOopMap {rbp=NarrowOop [32]=Oop [48]=Oop [56]=Oop [72]=Oop [84]=NarrowOop [88]=Oop [104]=Oop [112]=Oop }
                      ;*invokevirtual clone {reexecute=1 rethrow=0 return_oop=0}
                      ; - (reexecute) java.util.Arrays::copyOfRange@18
                      ; - java.lang.StringLatin1::newString@16
                      ; - java.lang.String::substring@41
                      ; - java.lang.ClassLoader::checkCerts@21
                      ; - java.lang.ClassLoader::preDefineClass@113
                      ; - java.lang.ClassLoader::defineClass@4
                      ; - java.security.SecureClassLoader::defineClass@12
  0x000001bfb800b818: 648b 7bff 

  0x000001bfb800b81c: ;   {other}
  0x000001bfb800b81c: 0f1f 8400 | 8c38 0079 | baf4 ffff | ff4c 8b54 | 2438 4c89 | 5424 2844 | 8b5c 2440 | 4489 5c24 
  0x000001bfb800b83c: 3044 8b54 | 2444 4489 | 5424 344c | 8b54 2448 | 4c89 5424 | 384c 8b54 | 2458 4c89 | 5424 4090 
  0x000001bfb800b85c: ;   {runtime_call UncommonTrapBlob}
  0x000001bfb800b85c: c5f8 77e8 

  0x000001bfb800b860: ; ImmutableOopMap {rbp=Oop [32]=Oop [40]=Oop [56]=Oop [64]=Oop [84]=NarrowOop [112]=Oop }
                      ;*checkcast {reexecute=0 rethrow=0 return_oop=0}
                      ; - java.security.CodeSource::getCertificates@76
                      ; - java.lang.ClassLoader::checkCerts@34
                      ; - java.lang.ClassLoader::preDefineClass@113
                      ; - java.lang.ClassLoader::defineClass@4
                      ; - java.security.SecureClassLoader::defineClass@12
  0x000001bfb800b860: 1c8b 7bff 

  0x000001bfb800b864: ;   {other}
  0x000001bfb800b864: 0f1f 8400 | d438 007a | baf4 ffff | ff66 6690 

  0x000001bfb800b874: ;   {runtime_call UncommonTrapBlob}
  0x000001bfb800b874: c5f8 77e8 

  0x000001bfb800b878: ; ImmutableOopMap {rbp=NarrowOop [40]=Oop [48]=Oop }
                      ;*checkcast {reexecute=0 rethrow=0 return_oop=0}
                      ; - java.security.CodeSource::getCertificates@76
                      ; - java.lang.ClassLoader::postDefineClass@24
                      ; - java.lang.ClassLoader::defineClass@37
                      ; - java.security.SecureClassLoader::defineClass@12
  0x000001bfb800b878: 048b 7bff 

  0x000001bfb800b87c: ;   {other}
  0x000001bfb800b87c: 0f1f 8400 | ec38 007b | ba97 ffff | ff66 6690 

  0x000001bfb800b88c: ;   {runtime_call UncommonTrapBlob}
  0x000001bfb800b88c: c5f8 77e8 

  0x000001bfb800b890: ; ImmutableOopMap {rbp=NarrowOop [40]=Oop [48]=Oop [56]=Oop [72]=Oop }
                      ;*invokevirtual clone {reexecute=1 rethrow=0 return_oop=0}
                      ; - (reexecute) java.util.Arrays::copyOfRange@18
                      ; - java.lang.StringLatin1::newString@16
                      ; - java.lang.String::substring@41
                      ; - java.lang.Class::getPackageName@62
                      ; - java.lang.ClassLoader::postDefineClass@2
                      ; - java.lang.ClassLoader::defineClass@37
                      ; - java.security.SecureClassLoader::defineClass@12
  0x000001bfb800b890: ec8a 7bff 

  0x000001bfb800b894: ;   {other}
  0x000001bfb800b894: 0f1f 8400 | 0439 007c | ba97 ffff | ff48 8b6c | 2420 4c8b | 5424 384c | 8954 2428 | 448b 5c24 
  0x000001bfb800b8b4: 4044 895c | 2438 448b | 5424 4444 | 8954 243c | 4c8b 5424 | 584c 8954 | 2448 6690 

  0x000001bfb800b8d0: ;   {runtime_call UncommonTrapBlob}
  0x000001bfb800b8d0: c5f8 77e8 

  0x000001bfb800b8d4: ; ImmutableOopMap {rbp=Oop [40]=Oop [48]=Oop [72]=Oop [84]=NarrowOop [96]=Oop [144]=Oop }
                      ;*invokevirtual clone {reexecute=1 rethrow=0 return_oop=0}
                      ; - (reexecute) java.security.CodeSource::getCertificates@11
                      ; - java.lang.ClassLoader::checkCerts@34
                      ; - java.lang.ClassLoader::preDefineClass@113
                      ; - java.lang.ClassLoader::defineClass@4
                      ; - java.security.SecureClassLoader::defineClass@12
  0x000001bfb800b8d4: a88a 7bff 

  0x000001bfb800b8d8: ;   {other}
  0x000001bfb800b8d8: 0f1f 8400 | 4839 007d | ba97 ffff | ff66 6690 

  0x000001bfb800b8e8: ;   {runtime_call UncommonTrapBlob}
  0x000001bfb800b8e8: c5f8 77e8 

  0x000001bfb800b8ec: ; ImmutableOopMap {[32]=Oop [48]=NarrowOop [104]=Oop }
                      ;*invokevirtual clone {reexecute=1 rethrow=0 return_oop=0}
                      ; - (reexecute) java.security.CodeSource::getCertificates@11
                      ; - java.lang.ClassLoader::postDefineClass@24
                      ; - java.lang.ClassLoader::defineClass@37
                      ; - java.security.SecureClassLoader::defineClass@12
  0x000001bfb800b8ec: 908a 7bff 

  0x000001bfb800b8f0: ;   {other}
  0x000001bfb800b8f0: 0f1f 8400 | 6039 007e | ba97 ffff | ff4c 8b54 | 2438 4c89 | 5424 3044 | 8b54 2440 | 4489 5424 
  0x000001bfb800b910: 3844 8b5c | 2444 4489 | 5c24 3c4c | 8b54 2448 | 4c89 5424 | 404c 8b54 | 2458 4c89 | 5424 4890 
  0x000001bfb800b930: ;   {runtime_call UncommonTrapBlob}
  0x000001bfb800b930: c5f8 77e8 

  0x000001bfb800b934: ; ImmutableOopMap {rbp=Oop [32]=Oop [40]=Oop [48]=Oop [64]=Oop [72]=Oop [112]=Oop }
                      ;*invokevirtual clone {reexecute=1 rethrow=0 return_oop=0}
                      ; - (reexecute) java.security.CodeSource::getCertificates@86
                      ; - java.lang.ClassLoader::checkCerts@34
                      ; - java.lang.ClassLoader::preDefineClass@113
                      ; - java.lang.ClassLoader::defineClass@4
                      ; - java.security.SecureClassLoader::defineClass@12
  0x000001bfb800b934: 488a 7bff 

  0x000001bfb800b938: ;   {other}
  0x000001bfb800b938: 0f1f 8400 | a839 007f | ba97 ffff | ff48 8b6c | 2430 4c8b | 5424 284c | 8954 2420 

  0x000001bfb800b954: ;   {runtime_call UncommonTrapBlob}
  0x000001bfb800b954: c5f8 77e8 

  0x000001bfb800b958: ; ImmutableOopMap {rbp=Oop [32]=Oop [64]=Oop }
                      ;*invokevirtual clone {reexecute=1 rethrow=0 return_oop=0}
                      ; - (reexecute) java.security.CodeSource::getCertificates@86
                      ; - java.lang.ClassLoader::postDefineClass@24
                      ; - java.lang.ClassLoader::defineClass@37
                      ; - java.security.SecureClassLoader::defineClass@12
  0x000001bfb800b958: 248a 7bff 

  0x000001bfb800b95c: ;   {other}
  0x000001bfb800b95c: 0f1f 8400 | cc39 0080 | eb4c eb4a | eb48 eb46 | eb44 eb42 | eb40 eb3e | eb3c eb3a | eb38 eb36 
  0x000001bfb800b97c: eb34 eb32 | eb30 eb2e | eb2c eb2a | eb28 eb26 | eb24 eb22 | eb20 eb1e | eb1c eb1a | eb18 eb16 
  0x000001bfb800b99c: eb14 eb12 | eb10 eb0e | eb0c eb0a | eb08 eb06 | eb04 eb02 | eb00 488b | d0e9 e3da 

  0x000001bfb800b9b8: ;   {internal_word}
  0x000001bfb800b9b8: ffff 49ba | 0d92 00b8 | bf01 0000 | 4d89 9768 

  0x000001bfb800b9c8: ;   {runtime_call SafepointBlob}
  0x000001bfb800b9c8: 0400 00e9 | b09a 7bff 

  0x000001bfb800b9d0: ;   {runtime_call StubRoutines (final stubs)}
  0x000001bfb800b9d0: e8cb aa79 | ffe9 44cb | ffff f4f4 | f4f4 f4f4 
[Stub Code]
  0x000001bfb800b9e0: ;   {no_reloc}
  0x000001bfb800b9e0: 48bb 1039 | 06c4 bf01 

  0x000001bfb800b9e8: ;   {runtime_call I2C/C2I adapters}
  0x000001bfb800b9e8: 0000 e97c 

  0x000001bfb800b9ec: ;   {static_stub}
  0x000001bfb800b9ec: f47a ff48 | bb00 0000 | 0000 0000 

  0x000001bfb800b9f8: ;   {runtime_call nmethod}
  0x000001bfb800b9f8: 00e9 fbff 

  0x000001bfb800b9fc: ;   {static_stub}
  0x000001bfb800b9fc: ffff 48bb | 0000 0000 | 0000 0000 

  0x000001bfb800ba08: ;   {runtime_call nmethod}
  0x000001bfb800ba08: e9fb ffff 

  0x000001bfb800ba0c: ;   {static_stub}
  0x000001bfb800ba0c: ff48 bb00 | 0000 0000 

  0x000001bfb800ba14: ;   {runtime_call nmethod}
  0x000001bfb800ba14: 0000 00e9 | fbff ffff 

  0x000001bfb800ba1c: ;   {static_stub}
  0x000001bfb800ba1c: 48bb 0000 | 0000 0000 

  0x000001bfb800ba24: ;   {runtime_call nmethod}
  0x000001bfb800ba24: 0000 e9fb 

  0x000001bfb800ba28: ;   {static_stub}
  0x000001bfb800ba28: ffff ff48 | bb00 0000 | 0000 0000 

  0x000001bfb800ba34: ;   {runtime_call nmethod}
  0x000001bfb800ba34: 00e9 fbff 

  0x000001bfb800ba38: ;   {static_stub}
  0x000001bfb800ba38: ffff 48bb | 0000 0000 | 0000 0000 

  0x000001bfb800ba44: ;   {runtime_call nmethod}
  0x000001bfb800ba44: e9fb ffff 

  0x000001bfb800ba48: ;   {static_stub}
  0x000001bfb800ba48: ff48 bb00 | 0000 0000 

  0x000001bfb800ba50: ;   {runtime_call nmethod}
  0x000001bfb800ba50: 0000 00e9 | fbff ffff 

  0x000001bfb800ba58: ;   {static_stub}
  0x000001bfb800ba58: 48bb 0000 | 0000 0000 

  0x000001bfb800ba60: ;   {runtime_call nmethod}
  0x000001bfb800ba60: 0000 e9fb 

  0x000001bfb800ba64: ;   {static_stub}
  0x000001bfb800ba64: ffff ff48 | bb00 0000 | 0000 0000 

  0x000001bfb800ba70: ;   {runtime_call nmethod}
  0x000001bfb800ba70: 00e9 fbff 

  0x000001bfb800ba74: ;   {static_stub}
  0x000001bfb800ba74: ffff 48bb | 0000 0000 | 0000 0000 

  0x000001bfb800ba80: ;   {runtime_call nmethod}
  0x000001bfb800ba80: e9fb ffff 

  0x000001bfb800ba84: ;   {static_stub}
  0x000001bfb800ba84: ff48 bb00 | 0000 0000 

  0x000001bfb800ba8c: ;   {runtime_call nmethod}
  0x000001bfb800ba8c: 0000 00e9 | fbff ffff 

  0x000001bfb800ba94: ;   {static_stub}
  0x000001bfb800ba94: 48bb 0000 | 0000 0000 

  0x000001bfb800ba9c: ;   {runtime_call nmethod}
  0x000001bfb800ba9c: 0000 e9fb 

  0x000001bfb800baa0: ;   {static_stub}
  0x000001bfb800baa0: ffff ff48 | bb00 0000 | 0000 0000 

  0x000001bfb800baac: ;   {runtime_call nmethod}
  0x000001bfb800baac: 00e9 fbff 

  0x000001bfb800bab0: ;   {static_stub}
  0x000001bfb800bab0: ffff 48bb | 0000 0000 | 0000 0000 

  0x000001bfb800babc: ;   {runtime_call nmethod}
  0x000001bfb800babc: e9fb ffff 

  0x000001bfb800bac0: ;   {static_stub}
  0x000001bfb800bac0: ff48 bb00 | 0000 0000 

  0x000001bfb800bac8: ;   {runtime_call nmethod}
  0x000001bfb800bac8: 0000 00e9 | fbff ffff 

  0x000001bfb800bad0: ;   {static_stub}
  0x000001bfb800bad0: 48bb 0000 | 0000 0000 

  0x000001bfb800bad8: ;   {runtime_call nmethod}
  0x000001bfb800bad8: 0000 e9fb 

  0x000001bfb800badc: ;   {static_stub}
  0x000001bfb800badc: ffff ff48 | bb00 0000 | 0000 0000 

  0x000001bfb800bae8: ;   {runtime_call nmethod}
  0x000001bfb800bae8: 00e9 fbff 

  0x000001bfb800baec: ;   {static_stub}
  0x000001bfb800baec: ffff 48bb | 0000 0000 | 0000 0000 

  0x000001bfb800baf8: ;   {runtime_call nmethod}
  0x000001bfb800baf8: e9fb ffff 

  0x000001bfb800bafc: ;   {static_stub}
  0x000001bfb800bafc: ff48 bb00 | 0000 0000 

  0x000001bfb800bb04: ;   {runtime_call nmethod}
  0x000001bfb800bb04: 0000 00e9 | fbff ffff 

  0x000001bfb800bb0c: ;   {static_stub}
  0x000001bfb800bb0c: 48bb 0000 | 0000 0000 

  0x000001bfb800bb14: ;   {runtime_call nmethod}
  0x000001bfb800bb14: 0000 e9fb 

  0x000001bfb800bb18: ;   {static_stub}
  0x000001bfb800bb18: ffff ff48 | bb00 0000 | 0000 0000 

  0x000001bfb800bb24: ;   {runtime_call nmethod}
  0x000001bfb800bb24: 00e9 fbff 

  0x000001bfb800bb28: ;   {static_stub}
  0x000001bfb800bb28: ffff 48bb | 0000 0000 | 0000 0000 

  0x000001bfb800bb34: ;   {runtime_call nmethod}
  0x000001bfb800bb34: e9fb ffff 

  0x000001bfb800bb38: ;   {static_stub}
  0x000001bfb800bb38: ff48 bb00 | 0000 0000 

  0x000001bfb800bb40: ;   {runtime_call nmethod}
  0x000001bfb800bb40: 0000 00e9 | fbff ffff 

  0x000001bfb800bb48: ;   {static_stub}
  0x000001bfb800bb48: 48bb 0000 | 0000 0000 

  0x000001bfb800bb50: ;   {runtime_call nmethod}
  0x000001bfb800bb50: 0000 e9fb 

  0x000001bfb800bb54: ;   {runtime_call ExceptionBlob}
  0x000001bfb800bb54: ffff ffe9 | a403 7eff 
[Deopt Handler Code]
  0x000001bfb800bb5c: e800 0000 | 0048 832c 

  0x000001bfb800bb64: ;   {runtime_call DeoptimizationBlob}
  0x000001bfb800bb64: 2405 e9b5 | 8b7b fff4 | f4f4 f4f4 
[/MachCode]


Compiled method (c1) 642380 4562   !   3       java.net.URLClassLoader::defineClass (224 bytes)
 total in heap  [0x000001bfb0b15c10,0x000001bfb0b185b0] = 10656
 relocation     [0x000001bfb0b15d70,0x000001bfb0b16030] = 704
 main code      [0x000001bfb0b16040,0x000001bfb0b17a80] = 6720
 stub code      [0x000001bfb0b17a80,0x000001bfb0b17c20] = 416
 oops           [0x000001bfb0b17c20,0x000001bfb0b17c28] = 8
 metadata       [0x000001bfb0b17c28,0x000001bfb0b17cb8] = 144
 scopes data    [0x000001bfb0b17cb8,0x000001bfb0b18190] = 1240
 scopes pcs     [0x000001bfb0b18190,0x000001bfb0b18520] = 912
 dependencies   [0x000001bfb0b18520,0x000001bfb0b18530] = 16
 handler table  [0x000001bfb0b18530,0x000001bfb0b18578] = 72
 nul chk table  [0x000001bfb0b18578,0x000001bfb0b185b0] = 56

[Constant Pool (empty)]

[MachCode]
[Entry Point]
  # {method} {0x000001c00505de18} 'defineClass' '(Ljava/lang/String;Ljdk/internal/loader/Resource;)Ljava/lang/Class;' in 'java/net/URLClassLoader'
  # this:     rdx:rdx   = 'java/net/URLClassLoader'
  # parm0:    r8:r8     = 'java/lang/String'
  # parm1:    r9:r9     = 'jdk/internal/loader/Resource'
  #           [sp+0x150]  (sp of caller)
  0x000001bfb0b16040: 448b 5208 | 49bb 0000 | 00c4 bf01 | 0000 4d03 | d34c 3bd0 

  0x000001bfb0b16054: ;   {runtime_call ic_miss_stub}
  0x000001bfb0b16054: 0f85 2687 | ca06 660f | 1f44 0000 
[Verified Entry Point]
  0x000001bfb0b16060: 8984 2400 | 80ff ff55 | 4881 ec40 | 0100 0090 | 4181 7f20 | 1300 0000 

  0x000001bfb0b16078: ;   {runtime_call StubRoutines (final stubs)}
  0x000001bfb0b16078: 7405 e821 | 04c9 0648 | 8994 24b8 | 0000 004c | 8984 24a8 | 0000 004c | 898c 24b0 

  0x000001bfb0b16094: ;   {metadata(method data for {method} {0x000001c00505de18} 'defineClass' '(Ljava/lang/String;Ljdk/internal/loader/Resource;)Ljava/lang/Class;' in 'java/net/URLClassLoader')}
  0x000001bfb0b16094: 0000 0048 | bee8 4b14 | 05c0 0100 | 008b becc | 0000 0083 | c702 89be | cc00 0000 | 81e7 fe07 
  0x000001bfb0b160b4: 0000 85ff | 0f84 6b16 

  0x000001bfb0b160bc: ;   {metadata(method data for {method} {0x000001c00505de18} 'defineClass' '(Ljava/lang/String;Ljdk/internal/loader/Resource;)Ljava/lang/Class;' in 'java/net/URLClassLoader')}
  0x000001bfb0b160bc: 0000 48be | e84b 1405 | c001 0000 | 4883 8610 | 0100 0001 

  0x000001bfb0b160d0: ;   {runtime_call}
  0x000001bfb0b160d0: 48b8 d030 | 7490 fb7f | 0000 ffd0 

  0x000001bfb0b160dc: ;   {other}
  0x000001bfb0b160dc: 0f1f 8400 | 0000 0000 | 4889 8424 | c000 0000 | 4c8b 8424 | a800 0000 

  0x000001bfb0b160f4: ; implicit exception: dispatches to 0x000001bfb0b1774a
  0x000001bfb0b160f4: 493b 0049 

  0x000001bfb0b160f8: ;   {metadata(method data for {method} {0x000001c00505de18} 'defineClass' '(Ljava/lang/String;Ljdk/internal/loader/Resource;)Ljava/lang/Class;' in 'java/net/URLClassLoader')}
  0x000001bfb0b160f8: 8bc8 48ba | e84b 1405 | c001 0000 | 4883 8220 | 0100 0001 

  0x000001bfb0b1610c: ;   {metadata(method data for {method} {0x000001bfc4453a10} 'lastIndexOf' '(I)I' in 'java/lang/String')}
  0x000001bfb0b1610c: 48b9 b86e | 0605 c001 | 0000 8b91 | cc00 0000 | 83c2 0289 | 91cc 0000 | 0081 e2fe | ff1f 0085 
  0x000001bfb0b1612c: d20f 841c | 1600 0049 

  0x000001bfb0b16134: ;   {metadata(method data for {method} {0x000001bfc4453a10} 'lastIndexOf' '(I)I' in 'java/lang/String')}
  0x000001bfb0b16134: 8bc8 48ba | b86e 0605 | c001 0000 | 4883 8210 | 0100 0001 

  0x000001bfb0b16148: ;   {metadata(method data for {method} {0x000001bfc400ee90} 'length' '()I' in 'java/lang/String')}
  0x000001bfb0b16148: 48b9 9007 | 0105 c001 | 0000 8b91 | cc00 0000 | 83c2 0289 | 91cc 0000 | 0081 e2fe | ff1f 0085 
  0x000001bfb0b16168: d20f 8401 | 1600 0041 | 8b70 148b | 560c 498b 

  0x000001bfb0b16178: ;   {metadata(method data for {method} {0x000001bfc400ee90} 'length' '()I' in 'java/lang/String')}
  0x000001bfb0b16178: c849 b990 | 0701 05c0 | 0100 0049 | 8381 1001 

  0x000001bfb0b16188: ;   {metadata(method data for {method} {0x000001bfc4454cf8} 'coder' '()B' in 'java/lang/String')}
  0x000001bfb0b16188: 0000 0148 | b918 0601 | 05c0 0100 | 0044 8b89 | cc00 0000 | 4183 c102 | 4489 89cc | 0000 0041 
  0x000001bfb0b161a8: 81e1 feff | 1f00 4585 | c90f 84df 

  0x000001bfb0b161b4: ;   {metadata(method data for {method} {0x000001bfc4454cf8} 'coder' '()B' in 'java/lang/String')}
  0x000001bfb0b161b4: 1500 0048 | b918 0601 | 05c0 0100 | 00ff 8120 | 0100 0045 | 0fbe 4810 

  0x000001bfb0b161cc: ;   {metadata(method data for {method} {0x000001bfc4454cf8} 'coder' '()B' in 'java/lang/String')}
  0x000001bfb0b161cc: 48b9 1806 | 0105 c001 | 0000 ff81 | 3001 0000 | 498b c9c1 | e118 c1f9 | 18d3 fa48 | 8bfa ffcf 
  0x000001bfb0b161ec: ;   {metadata(method data for {method} {0x000001bfc4453a10} 'lastIndexOf' '(I)I' in 'java/lang/String')}
  0x000001bfb0b161ec: 498b d048 | bbb8 6e06 | 05c0 0100 | 0048 8383 | 4801 0000 

  0x000001bfb0b16200: ;   {metadata(method data for {method} {0x000001bfc4453960} 'lastIndexOf' '(II)I' in 'java/lang/String')}
  0x000001bfb0b16200: 0148 bae0 | 2d06 05c0 | 0100 008b | 9acc 0000 | 0083 c302 | 899a cc00 | 0000 81e3 | feff 1f00 
  0x000001bfb0b16220: 85db 0f84 | 8f15 0000 

  0x000001bfb0b16228: ;   {metadata(method data for {method} {0x000001bfc4453960} 'lastIndexOf' '(II)I' in 'java/lang/String')}
  0x000001bfb0b16228: 498b d048 | bbe0 2d06 | 05c0 0100 | 0048 8383 | 1001 0000 

  0x000001bfb0b1623c: ;   {metadata(method data for {method} {0x000001bfc44540f0} 'isLatin1' '()Z' in 'java/lang/String')}
  0x000001bfb0b1623c: 0148 ba78 | 9300 05c0 | 0100 008b | 9acc 0000 | 0083 c302 | 899a cc00 | 0000 81e3 | feff 1f00 
  0x000001bfb0b1625c: 85db 0f84 | 7415 0000 

  0x000001bfb0b16264: ;   {metadata(method data for {method} {0x000001bfc44540f0} 'isLatin1' '()Z' in 'java/lang/String')}
  0x000001bfb0b16264: 48ba 7893 | 0005 c001 | 0000 ff82 | 2001 0000 

  0x000001bfb0b16274: ;   {metadata(method data for {method} {0x000001bfc44540f0} 'isLatin1' '()Z' in 'java/lang/String')}
  0x000001bfb0b16274: 4585 c948 | ba78 9300 | 05c0 0100 | 0049 c7c1 | 3001 0000 | 7507 49c7 | c140 0100 | 004a 8b1c 
  0x000001bfb0b16294: 0a48 8d5b | 014a 891c | 0a0f 851a 

  0x000001bfb0b162a0: ;   {metadata(method data for {method} {0x000001bfc44540f0} 'isLatin1' '()Z' in 'java/lang/String')}
  0x000001bfb0b162a0: 0000 0048 | ba78 9300 | 05c0 0100 | 00ff 8250 | 0100 00ba | 0100 0000 | e905 0000 | 00ba 0000 
  0x000001bfb0b162c0: 0000 83e2 

  0x000001bfb0b162c4: ;   {metadata(method data for {method} {0x000001bfc4453960} 'lastIndexOf' '(II)I' in 'java/lang/String')}
  0x000001bfb0b162c4: 0185 d248 | bae0 2d06 | 05c0 0100 | 0049 c7c1 | 4801 0000 | 7407 49c7 | c158 0100 | 004a 8b1c 
  0x000001bfb0b162e4: 0a48 8d5b | 014a 891c | 0a0f 8446 

  0x000001bfb0b162f0: ;   {metadata(method data for {method} {0x000001bfc4453960} 'lastIndexOf' '(II)I' in 'java/lang/String')}
  0x000001bfb0b162f0: 0000 0048 | bae0 2d06 | 05c0 0100 | 0048 8382 | 6801 0000 | 0148 8bd6 | 41b8 2e00 | 0000 4c8b 
  0x000001bfb0b16310: cf66 0f1f 

  0x000001bfb0b16314: ;   {static_call}
  0x000001bfb0b16314: 4400 00e8 

  0x000001bfb0b16318: ; ImmutableOopMap {[168]=Oop [176]=Oop [184]=Oop }
                      ;*invokestatic lastIndexOf {reexecute=0 rethrow=0 return_oop=0}
                      ; - java.lang.String::lastIndexOf@13
                      ; - java.lang.String::lastIndexOf@8
                      ; - java.net.URLClassLoader::defineClass@7
  0x000001bfb0b16318: 84f6 7907 

  0x000001bfb0b1631c: ;   {other}
  0x000001bfb0b1631c: 0f1f 8400 | 0c07 0000 

  0x000001bfb0b16324: ;   {metadata(method data for {method} {0x000001bfc4453960} 'lastIndexOf' '(II)I' in 'java/lang/String')}
  0x000001bfb0b16324: 48ba e02d | 0605 c001 | 0000 ff82 | 7801 0000 | e92b 0000 

  0x000001bfb0b16338: ;   {metadata(method data for {method} {0x000001bfc4453960} 'lastIndexOf' '(II)I' in 'java/lang/String')}
  0x000001bfb0b16338: 0048 bae0 | 2d06 05c0 | 0100 0048 | 8382 9001 | 0000 0148 | 8bd6 41b8 | 2e00 0000 

  0x000001bfb0b16354: ;   {static_call}
  0x000001bfb0b16354: 4c8b cfe8 

  0x000001bfb0b16358: ; ImmutableOopMap {[168]=Oop [176]=Oop [184]=Oop }
                      ;*invokestatic lastIndexOf {reexecute=0 rethrow=0 return_oop=0}
                      ; - java.lang.String::lastIndexOf@25
                      ; - java.lang.String::lastIndexOf@8
                      ; - java.net.URLClassLoader::defineClass@7
  0x000001bfb0b16358: 248d ca06 

  0x000001bfb0b1635c: ;   {other}
  0x000001bfb0b1635c: 0f1f 8400 | 4c07 0001 | 8984 24c8 | 0000 004c | 8b8c 24b0 | 0000 0049 | 3b01 498b 

  0x000001bfb0b16378: ;   {metadata(method data for {method} {0x000001c00505de18} 'defineClass' '(Ljava/lang/String;Ljdk/internal/loader/Resource;)Ljava/lang/Class;' in 'java/net/URLClassLoader')}
  0x000001bfb0b16378: d148 bee8 | 4b14 05c0 | 0100 008b | 5208 49ba | 0000 00c4 | bf01 0000 | 4903 d248 | 3b96 6801 
  0x000001bfb0b16398: 0000 750d | 4883 8670 | 0100 0001 | e960 0000 | 0048 3b96 | 7801 0000 | 750d 4883 | 8680 0100 
  0x000001bfb0b163b8: 0001 e94a | 0000 0048 | 83be 6801 | 0000 0075 | 1748 8996 | 6801 0000 | 48c7 8670 | 0100 0001 
  0x000001bfb0b163d8: 0000 00e9 | 2900 0000 | 4883 be78 | 0100 0000 | 7517 4889 | 9678 0100 | 0048 c786 | 8001 0000 
  0x000001bfb0b163f8: 0100 0000 | e908 0000 | 0048 8386 | 5801 0000 | 0149 8bd1 | 9048 b8ff | ffff ffff 

  0x000001bfb0b16414: ;   {virtual_call}
  0x000001bfb0b16414: ffff ffe8 

  0x000001bfb0b16418: ; ImmutableOopMap {[168]=Oop [176]=Oop [184]=Oop }
                      ;*invokevirtual getCodeSourceURL {reexecute=0 rethrow=0 return_oop=0}
                      ; - java.net.URLClassLoader::defineClass@13
  0x000001bfb0b16418: 8c1d d706 

  0x000001bfb0b1641c: ;   {other}
  0x000001bfb0b1641c: 0f1f 8400 | 0c08 0002 | 4889 8424 | d000 0000 | 448b 8c24 | c800 0000 | 4183 f9ff 

  0x000001bfb0b16438: ;   {metadata(method data for {method} {0x000001c00505de18} 'defineClass' '(Ljava/lang/String;Ljdk/internal/loader/Resource;)Ljava/lang/Class;' in 'java/net/URLClassLoader')}
  0x000001bfb0b16438: 49b8 e84b | 1405 c001 | 0000 48c7 | c290 0100 | 0074 0748 | c7c2 a001 | 0000 498b | 3410 488d 
  0x000001bfb0b16458: 7601 4989 | 3410 0f84 | 1f04 0000 | 4c8b 8424 | a800 0000 

  0x000001bfb0b1646c: ;   {metadata(method data for {method} {0x000001c00505de18} 'defineClass' '(Ljava/lang/String;Ljdk/internal/loader/Resource;)Ljava/lang/Class;' in 'java/net/URLClassLoader')}
  0x000001bfb0b1646c: 48ba e84b | 1405 c001 | 0000 4883 | 82b0 0100 | 0001 41b8 | 0000 0000 | 488b 9424 | a800 0000 
  0x000001bfb0b1648c: ;   {optimized virtual_call}
  0x000001bfb0b1648c: 6666 90e8 

  0x000001bfb0b16490: ; ImmutableOopMap {[168]=Oop [176]=Oop [184]=Oop [208]=Oop }
                      ;*invokevirtual substring {reexecute=0 rethrow=0 return_oop=0}
                      ; - java.net.URLClassLoader::defineClass@28
  0x000001bfb0b16490: 6c56 7907 

  0x000001bfb0b16494: ;   {other}
  0x000001bfb0b16494: 0f1f 8400 | 8408 0003 | 4889 8424 | d800 0000 | 4c8b 8c24 | b000 0000 

  0x000001bfb0b164ac: ;   {metadata(method data for {method} {0x000001c00505de18} 'defineClass' '(Ljava/lang/String;Ljdk/internal/loader/Resource;)Ljava/lang/Class;' in 'java/net/URLClassLoader')}
  0x000001bfb0b164ac: 48ba e84b | 1405 c001 | 0000 458b | 4908 49ba | 0000 00c4 | bf01 0000 | 4d03 ca4c | 3b8a f801 
  0x000001bfb0b164cc: 0000 750d | 4883 8200 | 0200 0001 | e960 0000 | 004c 3b8a | 0802 0000 | 750d 4883 | 8210 0200 
  0x000001bfb0b164ec: 0001 e94a | 0000 0048 | 83ba f801 | 0000 0075 | 174c 898a | f801 0000 | 48c7 8200 | 0200 0001 
  0x000001bfb0b1650c: 0000 00e9 | 2900 0000 | 4883 ba08 | 0200 0000 | 7517 4c89 | 8a08 0200 | 0048 c782 | 1002 0000 
  0x000001bfb0b1652c: 0100 0000 | e908 0000 | 0048 8382 | e801 0000 | 0148 8b94 | 24b0 0000 | 0048 b8ff | ffff ffff 
  0x000001bfb0b1654c: ;   {virtual_call}
  0x000001bfb0b1654c: ffff ffe8 

  0x000001bfb0b16550: ; ImmutableOopMap {[168]=Oop [176]=Oop [184]=Oop [208]=Oop [216]=Oop }
                      ;*invokevirtual getManifest {reexecute=0 rethrow=0 return_oop=0}
                      ; - java.net.URLClassLoader::defineClass@34
  0x000001bfb0b16550: 1449 db06 

  0x000001bfb0b16554: ;   {other}
  0x000001bfb0b16554: 0f1f 8400 | 4409 0004 | 4889 8424 | e000 0000 | 488b 9424 | b800 0000 

  0x000001bfb0b1656c: ;   {metadata(method data for {method} {0x000001c00505de18} 'defineClass' '(Ljava/lang/String;Ljdk/internal/loader/Resource;)Ljava/lang/Class;' in 'java/net/URLClassLoader')}
  0x000001bfb0b1656c: 49b8 e84b | 1405 c001 | 0000 4983 | 8020 0200 | 0001 4c8b | 8424 d800 | 0000 4c8b | c848 8bbc 
  0x000001bfb0b1658c: 24d0 0000 | 0048 8b94 | 24b8 0000 | 0066 0f1f 

  0x000001bfb0b1659c: ;   {optimized virtual_call}
  0x000001bfb0b1659c: 4400 00e8 

  0x000001bfb0b165a0: ; ImmutableOopMap {[168]=Oop [176]=Oop [184]=Oop [208]=Oop [216]=Oop [224]=Oop }
                      ;*invokevirtual getAndVerifyPackage {reexecute=0 rethrow=0 return_oop=0}
                      ; - java.net.URLClassLoader::defineClass@46
  0x000001bfb0b165a0: 5c7f 8500 

  0x000001bfb0b165a4: ;   {other}
  0x000001bfb0b165a4: 0f1f 8400 | 9409 0005 

  0x000001bfb0b165ac: ;   {metadata(method data for {method} {0x000001c00505de18} 'defineClass' '(Ljava/lang/String;Ljdk/internal/loader/Resource;)Ljava/lang/Class;' in 'java/net/URLClassLoader')}
  0x000001bfb0b165ac: 4885 c049 | b8e8 4b14 | 05c0 0100 | 0049 c7c1 | 5802 0000 | 7507 49c7 | c168 0200 | 004b 8b3c 
  0x000001bfb0b165cc: 0848 8d7f | 014b 893c | 080f 85a8 | 0200 0048 | 8b84 24e0 | 0000 0048 

  0x000001bfb0b165e4: ;   {metadata(method data for {method} {0x000001c00505de18} 'defineClass' '(Ljava/lang/String;Ljdk/internal/loader/Resource;)Ljava/lang/Class;' in 'java/net/URLClassLoader')}
  0x000001bfb0b165e4: 85c0 49b8 | e84b 1405 | c001 0000 | 49c7 c178 | 0200 0074 | 0749 c7c1 | 8802 0000 | 4b8b 3c08 
  0x000001bfb0b16604: 488d 7f01 | 4b89 3c08 | 488b 9424 | b800 0000 | 0f84 d000 

  0x000001bfb0b16618: ;   {metadata(method data for {method} {0x000001c00505de18} 'defineClass' '(Ljava/lang/String;Ljdk/internal/loader/Resource;)Ljava/lang/Class;' in 'java/net/URLClassLoader')}
  0x000001bfb0b16618: 0000 49b8 | e84b 1405 | c001 0000 | 8b52 0849 | ba00 0000 | c4bf 0100 | 0049 03d2 | 493b 90a8 
  0x000001bfb0b16638: 0200 0075 | 0d49 8380 | b002 0000 | 01e9 6000 | 0000 493b | 90b8 0200 | 0075 0d49 | 8380 c002 
  0x000001bfb0b16658: 0000 01e9 | 4a00 0000 | 4983 b8a8 | 0200 0000 | 7517 4989 | 90a8 0200 | 0049 c780 | b002 0000 
  0x000001bfb0b16678: 0100 0000 | e929 0000 | 0049 83b8 | b802 0000 | 0075 1749 | 8990 b802 | 0000 49c7 | 80c0 0200 
  0x000001bfb0b16698: 0001 0000 | 00e9 0800 | 0000 4983 | 8098 0200 | 0001 4c8b | 8424 d800 | 0000 4c8b | c848 8bbc 
  0x000001bfb0b166b8: 24d0 0000 | 0048 8b94 | 24b8 0000 

  0x000001bfb0b166c4: ;   {optimized virtual_call}
  0x000001bfb0b166c4: 0066 90e8 

  0x000001bfb0b166c8: ; ImmutableOopMap {[168]=Oop [176]=Oop [184]=Oop [208]=Oop [216]=Oop [224]=Oop }
                      ;*invokevirtual definePackage {reexecute=0 rethrow=0 return_oop=0}
                      ; - java.net.URLClassLoader::defineClass@64
  0x000001bfb0b166c8: d420 a5ff 

  0x000001bfb0b166cc: ;   {other}
  0x000001bfb0b166cc: 0f1f 8400 | bc0a 0006 

  0x000001bfb0b166d4: ;   {metadata(method data for {method} {0x000001c00505de18} 'defineClass' '(Ljava/lang/String;Ljdk/internal/loader/Resource;)Ljava/lang/Class;' in 'java/net/URLClassLoader')}
  0x000001bfb0b166d4: 49b8 e84b | 1405 c001 | 0000 41ff | 80d0 0200 | 00e9 f200 

  0x000001bfb0b166e8: ;   {metadata(method data for {method} {0x000001c00505de18} 'defineClass' '(Ljava/lang/String;Ljdk/internal/loader/Resource;)Ljava/lang/Class;' in 'java/net/URLClassLoader')}
  0x000001bfb0b166e8: 0000 49b8 | e84b 1405 | c001 0000 | 8b52 0849 | ba00 0000 | c4bf 0100 | 0049 03d2 | 493b 90f8 
  0x000001bfb0b16708: 0200 0075 | 0d49 8380 | 0003 0000 | 01e9 6000 | 0000 493b | 9008 0300 | 0075 0d49 | 8380 1003 
  0x000001bfb0b16728: 0000 01e9 | 4a00 0000 | 4983 b8f8 | 0200 0000 | 7517 4989 | 90f8 0200 | 0049 c780 | 0003 0000 
  0x000001bfb0b16748: 0100 0000 | e929 0000 | 0049 83b8 | 0803 0000 | 0075 1749 | 8990 0803 | 0000 49c7 | 8010 0300 
  0x000001bfb0b16768: 0001 0000 | 00e9 0800 | 0000 4983 | 80e8 0200 | 0001 4c8b | 8424 d800 

  0x000001bfb0b16780: ;   {oop(nullptr)}
  0x000001bfb0b16780: 0000 49b9 | 0000 0000 | 0000 0000 

  0x000001bfb0b1678c: ;   {oop(nullptr)}
  0x000001bfb0b1678c: 48bf 0000 | 0000 0000 

  0x000001bfb0b16794: ;   {oop(nullptr)}
  0x000001bfb0b16794: 0000 48be | 0000 0000 | 0000 0000 

  0x000001bfb0b167a0: ;   {oop(nullptr)}
  0x000001bfb0b167a0: 48b9 0000 | 0000 0000 | 0000 4d33 | d24c 8914 | 244d 33d2 | 4c89 5424 | 084d 33d2 | 4c89 5424 
  0x000001bfb0b167c0: 1048 8b94 | 24b8 0000 | 0066 0f1f 

  0x000001bfb0b167cc: ;   {optimized virtual_call}
  0x000001bfb0b167cc: 4400 00e8 

  0x000001bfb0b167d0: ; ImmutableOopMap {[168]=Oop [176]=Oop [184]=Oop [208]=Oop [216]=Oop [224]=Oop }
                      ;*invokevirtual definePackage {reexecute=0 rethrow=0 return_oop=0}
                      ; - java.net.URLClassLoader::defineClass@81
  0x000001bfb0b167d0: 6c0a a5ff 

  0x000001bfb0b167d4: ;   {other}
  0x000001bfb0b167d4: 0f1f 8400 | c40b 0007 

  0x000001bfb0b167dc: ;   {metadata(method data for {method} {0x000001c00505de18} 'defineClass' '(Ljava/lang/String;Ljdk/internal/loader/Resource;)Ljava/lang/Class;' in 'java/net/URLClassLoader')}
  0x000001bfb0b167dc: 48b8 e84b | 1405 c001 | 0000 ff80 | 2003 0000 | e992 0000 | 004c 8b8c | 24e0 0000 | 0049 8b87 
  0x000001bfb0b167fc: 0005 0000 | 4d33 d24d | 8997 0005 | 0000 4d33 | d24d 8997 | 0805 0000 | 488b 9424 | b800 0000 
  0x000001bfb0b1681c: ;   {metadata(method data for {method} {0x000001c00505de18} 'defineClass' '(Ljava/lang/String;Ljdk/internal/loader/Resource;)Ljava/lang/Class;' in 'java/net/URLClassLoader')}
  0x000001bfb0b1681c: 49b8 e84b | 1405 c001 | 0000 4983 | 8038 0300 | 0001 4c8b | 8424 d800 | 0000 488b | bc24 d000 
  0x000001bfb0b1683c: 0000 488b | 9424 b800 

  0x000001bfb0b16844: ;   {optimized virtual_call}
  0x000001bfb0b16844: 0000 90e8 

  0x000001bfb0b16848: ; ImmutableOopMap {[168]=Oop [176]=Oop [184]=Oop [208]=Oop [216]=Oop }
                      ;*invokevirtual getAndVerifyPackage {reexecute=0 rethrow=0 return_oop=0}
                      ; - java.net.URLClassLoader::defineClass@97
  0x000001bfb0b16848: 3482 ca06 

  0x000001bfb0b1684c: ;   {other}
  0x000001bfb0b1684c: 0f1f 8400 | 3c0c 0008 

  0x000001bfb0b16854: ;   {metadata(method data for {method} {0x000001c00505de18} 'defineClass' '(Ljava/lang/String;Ljdk/internal/loader/Resource;)Ljava/lang/Class;' in 'java/net/URLClassLoader')}
  0x000001bfb0b16854: 4885 c048 | b8e8 4b14 | 05c0 0100 | 0048 c7c2 | 8003 0000 | 7407 48c7 | c270 0300 | 0048 8b34 
  0x000001bfb0b16874: 1048 8d76 | 0148 8934 | 100f 84bf | 0a00 004c | 8b8c 24b0 | 0000 0049 

  0x000001bfb0b1688c: ;   {metadata(method data for {method} {0x000001c00505de18} 'defineClass' '(Ljava/lang/String;Ljdk/internal/loader/Resource;)Ljava/lang/Class;' in 'java/net/URLClassLoader')}
  0x000001bfb0b1688c: 8bc1 48ba | e84b 1405 | c001 0000 | 8b40 0849 | ba00 0000 | c4bf 0100 | 0049 03c2 | 483b 8268 
  0x000001bfb0b168ac: 0400 0075 | 0d48 8382 | 7004 0000 | 01e9 6000 | 0000 483b | 8278 0400 | 0075 0d48 | 8382 8004 
  0x000001bfb0b168cc: 0000 01e9 | 4a00 0000 | 4883 ba68 | 0400 0000 | 7517 4889 | 8268 0400 | 0048 c782 | 7004 0000 
  0x000001bfb0b168ec: 0100 0000 | e929 0000 | 0048 83ba | 7804 0000 | 0075 1748 | 8982 7804 | 0000 48c7 | 8280 0400 
  0x000001bfb0b1690c: 0001 0000 | 00e9 0800 | 0000 4883 | 8258 0400 

  0x000001bfb0b1691c: ;   {metadata(method data for {method} {0x000001bfc41700b0} 'getByteBuffer' '()Ljava/nio/ByteBuffer;' in 'jdk/internal/loader/Resource')}
  0x000001bfb0b1691c: 0001 48b8 | a8e4 1705 | c001 0000 | 8b90 cc00 | 0000 83c2 | 0289 90cc | 0000 0081 | e2fe ff1f 
  0x000001bfb0b1693c: 0085 d20f | 84b9 0e00 | 0049 8bc1 

  0x000001bfb0b16948: ;   {metadata(method data for {method} {0x000001bfc41700b0} 'getByteBuffer' '()Ljava/nio/ByteBuffer;' in 'jdk/internal/loader/Resource')}
  0x000001bfb0b16948: 48ba a8e4 | 1705 c001 | 0000 4883 | 8210 0100 | 0001 488d | 9424 2001 | 0000 4c89 | 4a08 498b 
  0x000001bfb0b16968: 0148 83c8 | 0148 8902 | f049 0fb1 | 110f 8412 | 0000 0048 | 2bc4 4825 | 07f0 ffff | 4889 020f 
  0x000001bfb0b16988: 8592 0e00 | 0049 ff87 | 5005 0000 

  0x000001bfb0b16994: ;   {metadata(method data for {method} {0x000001bfc4170370} 'cachedInputStream' '()Ljava/io/InputStream;' in 'jdk/internal/loader/Resource')}
  0x000001bfb0b16994: 48ba 783a | 0f05 c001 | 0000 8bb2 | cc00 0000 | 83c6 0289 | b2cc 0000 | 0081 e6fe | ff1f 0085 
  0x000001bfb0b169b4: f60f 8477 | 0e00 0041 | 8b51 0c48 

  0x000001bfb0b169c0: ;   {metadata(method data for {method} {0x000001bfc4170370} 'cachedInputStream' '()Ljava/io/InputStream;' in 'jdk/internal/loader/Resource')}
  0x000001bfb0b169c0: 85d2 48ba | 783a 0f05 | c001 0000 | 48c7 c610 | 0100 0075 | 0748 c7c6 | 2001 0000 | 488b 3c32 
  0x000001bfb0b169e0: 488d 7f01 | 4889 3c32 | 0f85 de00 | 0000 498b 

  0x000001bfb0b169f0: ;   {metadata(method data for {method} {0x000001bfc4170370} 'cachedInputStream' '()Ljava/io/InputStream;' in 'jdk/internal/loader/Resource')}
  0x000001bfb0b169f0: d148 be78 | 3a0f 05c0 | 0100 008b | 5208 49ba | 0000 00c4 | bf01 0000 | 4903 d248 | 3b96 4001 
  0x000001bfb0b16a10: 0000 750d | 4883 8648 | 0100 0001 | e960 0000 | 0048 3b96 | 5001 0000 | 750d 4883 | 8658 0100 
  0x000001bfb0b16a30: 0001 e94a | 0000 0048 | 83be 4001 | 0000 0075 | 1748 8996 | 4001 0000 | 48c7 8648 | 0100 0001 
  0x000001bfb0b16a50: 0000 00e9 | 2900 0000 | 4883 be50 | 0100 0000 | 7517 4889 | 9650 0100 | 0048 c786 | 5801 0000 
  0x000001bfb0b16a70: 0100 0000 | e908 0000 | 0048 8386 | 3001 0000 | 0149 8bd1 | 9048 b8ff | ffff ffff 

  0x000001bfb0b16a8c: ;   {virtual_call}
  0x000001bfb0b16a8c: ffff ffe8 

  0x000001bfb0b16a90: ; ImmutableOopMap {[168]=Oop [176]=Oop [184]=Oop [208]=Oop [296]=Oop }
                      ;*invokevirtual getInputStream {reexecute=0 rethrow=0 return_oop=0}
                      ; - jdk.internal.loader.Resource::cachedInputStream@9
                      ; - jdk.internal.loader.Resource::getByteBuffer@1
                      ; - java.net.URLClassLoader::defineClass@132
  0x000001bfb0b16a90: 1412 d706 

  0x000001bfb0b16a94: ;   {other}
  0x000001bfb0b16a94: 0f1f 8400 | 840e 0009 | 410f be57 | 4085 d24c | 8b8c 24b0 | 0000 000f | 85a2 0d00 | 004c 8bd0 
  0x000001bfb0b16ab4: 4589 510c | 498b d148 | 33d0 48c1 | ea14 4883 | fa00 0f85 | a30d 0000 | 418b 510c | 488d 8424 
  0x000001bfb0b16ad4: 2001 0000 | 488b 3048 | 85f6 0f84 | 0f00 0000 | 488b 7808 | f048 0fb1 | 370f 8594 | 0d00 0049 
  0x000001bfb0b16af4: ff8f 5005 | 0000 4885 

  0x000001bfb0b16afc: ;   {metadata(method data for {method} {0x000001bfc41700b0} 'getByteBuffer' '()Ljava/nio/ByteBuffer;' in 'jdk/internal/loader/Resource')}
  0x000001bfb0b16afc: d275 1648 | bba8 e417 | 05c0 0100 | 0080 8b41 | 0100 0001 | e9e7 0000 

  0x000001bfb0b16b14: ;   {metadata('sun/nio/ByteBuffered')}
  0x000001bfb0b16b14: 0048 b878 | 3336 c4bf | 0100 008b | 5a08 49ba | 0000 00c4 | bf01 0000 | 4903 da48 | 3b43 200f 
  0x000001bfb0b16b34: 841a 0000 | 0048 3bd8 | 0f84 1100 | 0000 5350 

  0x000001bfb0b16b44: ;   {runtime_call slow_subtype_check Runtime1 stub}
  0x000001bfb0b16b44: e837 8dd6 | 065b 5b85 | db0f 848d 

  0x000001bfb0b16b50: ;   {metadata(method data for {method} {0x000001bfc41700b0} 'getByteBuffer' '()Ljava/nio/ByteBuffer;' in 'jdk/internal/loader/Resource')}
  0x000001bfb0b16b50: 0000 0048 | bba8 e417 | 05c0 0100 | 008b 4208 | 49ba 0000 | 00c4 bf01 | 0000 4903 | c248 3b83 
  0x000001bfb0b16b70: 5801 0000 | 750d 4883 | 8360 0100 | 0001 e97e | 0000 0048 | 3b83 6801 | 0000 750d | 4883 8370 
  0x000001bfb0b16b90: 0100 0001 | e968 0000 | 0048 83bb | 5801 0000 | 0075 1748 | 8983 5801 | 0000 48c7 | 8360 0100 
  0x000001bfb0b16bb0: 0001 0000 | 00e9 4700 | 0000 4883 | bb68 0100 | 0000 7517 | 4889 8368 | 0100 0048 | c783 7001 
  0x000001bfb0b16bd0: 0000 0100 | 0000 e926 | 0000 00e9 | 2100 0000 

  0x000001bfb0b16be0: ;   {metadata(method data for {method} {0x000001bfc41700b0} 'getByteBuffer' '()Ljava/nio/ByteBuffer;' in 'jdk/internal/loader/Resource')}
  0x000001bfb0b16be0: 48bb a8e4 | 1705 c001 | 0000 4883 | ab48 0100 | 0001 e905 | 0000 00e9 | 0500 0000 | 4833 f6eb 
  0x000001bfb0b16c00: 0748 c7c6 | 0100 0000 

  0x000001bfb0b16c08: ;   {metadata(method data for {method} {0x000001bfc41700b0} 'getByteBuffer' '()Ljava/nio/ByteBuffer;' in 'jdk/internal/loader/Resource')}
  0x000001bfb0b16c08: 85f6 48be | a8e4 1705 | c001 0000 | 48c7 c780 | 0100 0074 | 0748 c7c7 | 9001 0000 | 488b 1c3e 
  0x000001bfb0b16c28: 488d 5b01 | 4889 1c3e | 0f84 bb01 | 0000 4885 

  0x000001bfb0b16c38: ;   {metadata(method data for {method} {0x000001bfc41700b0} 'getByteBuffer' '()Ljava/nio/ByteBuffer;' in 'jdk/internal/loader/Resource')}
  0x000001bfb0b16c38: d275 1648 | bfa8 e417 | 05c0 0100 | 0080 8f99 | 0100 0001 | e9e7 0000 

  0x000001bfb0b16c50: ;   {metadata('sun/nio/ByteBuffered')}
  0x000001bfb0b16c50: 0048 bb78 | 3336 c4bf | 0100 008b | 7a08 49ba | 0000 00c4 | bf01 0000 | 4903 fa48 | 3b5f 200f 
  0x000001bfb0b16c70: 841a 0000 | 0048 3bfb | 0f84 1100 | 0000 5753 

  0x000001bfb0b16c80: ;   {runtime_call slow_subtype_check Runtime1 stub}
  0x000001bfb0b16c80: e8fb 8bd6 | 065f 5f85 | ff0f 848d 

  0x000001bfb0b16c8c: ;   {metadata(method data for {method} {0x000001bfc41700b0} 'getByteBuffer' '()Ljava/nio/ByteBuffer;' in 'jdk/internal/loader/Resource')}
  0x000001bfb0b16c8c: 0000 0048 | bfa8 e417 | 05c0 0100 | 008b 5a08 | 49ba 0000 | 00c4 bf01 | 0000 4903 | da48 3b9f 
  0x000001bfb0b16cac: b001 0000 | 750d 4883 | 87b8 0100 | 0001 e979 | 0000 0048 | 3b9f c001 | 0000 750d | 4883 87c8 
  0x000001bfb0b16ccc: 0100 0001 | e963 0000 | 0048 83bf | b001 0000 | 0075 1748 | 899f b001 | 0000 48c7 | 87b8 0100 
  0x000001bfb0b16cec: 0001 0000 | 00e9 4200 | 0000 4883 | bfc0 0100 | 0000 7517 | 4889 9fc0 | 0100 0048 | c787 c801 
  0x000001bfb0b16d0c: 0000 0100 | 0000 e921 | 0000 00e9 | 1c00 0000 

  0x000001bfb0b16d1c: ;   {metadata(method data for {method} {0x000001bfc41700b0} 'getByteBuffer' '()Ljava/nio/ByteBuffer;' in 'jdk/internal/loader/Resource')}
  0x000001bfb0b16d1c: 48bf a8e4 | 1705 c001 | 0000 4883 | afa0 0100 | 0001 e96a | 0b00 00e9 | 0000 0000 

  0x000001bfb0b16d38: ; implicit exception: dispatches to 0x000001bfb0b178a6
  0x000001bfb0b16d38: 483b 0248 

  0x000001bfb0b16d3c: ;   {metadata(method data for {method} {0x000001bfc41700b0} 'getByteBuffer' '()Ljava/nio/ByteBuffer;' in 'jdk/internal/loader/Resource')}
  0x000001bfb0b16d3c: 8bf2 48bf | a8e4 1705 | c001 0000 | 8b76 0849 | ba00 0000 | c4bf 0100 | 0049 03f2 | 483b b7e8 
  0x000001bfb0b16d5c: 0100 0075 | 0d48 8387 | f001 0000 | 01e9 6000 | 0000 483b | b7f8 0100 | 0075 0d48 | 8387 0002 
  0x000001bfb0b16d7c: 0000 01e9 | 4a00 0000 | 4883 bfe8 | 0100 0000 | 7517 4889 | b7e8 0100 | 0048 c787 | f001 0000 
  0x000001bfb0b16d9c: 0100 0000 | e929 0000 | 0048 83bf | f801 0000 | 0075 1748 | 89b7 f801 | 0000 48c7 | 8700 0200 
  0x000001bfb0b16dbc: 0001 0000 | 00e9 0800 | 0000 4883 | 87d8 0100 | 0001 0f1f | 8000 0000 | 0048 b8ff | ffff ffff 
  0x000001bfb0b16ddc: ;   {virtual_call}
  0x000001bfb0b16ddc: ffff ffe8 

  0x000001bfb0b16de0: ; ImmutableOopMap {[168]=Oop [176]=Oop [184]=Oop [208]=Oop }
                      ;*invokeinterface getByteBuffer {reexecute=0 rethrow=0 return_oop=0}
                      ; - jdk.internal.loader.Resource::getByteBuffer@16
                      ; - java.net.URLClassLoader::defineClass@132
  0x000001bfb0b16de0: 9c7f ca06 

  0x000001bfb0b16de4: ;   {other}
  0x000001bfb0b16de4: 0f1f 8400 | d411 000a | e90a 0000 

  0x000001bfb0b16df0: ;   {oop(nullptr)}
  0x000001bfb0b16df0: 0048 b800 | 0000 0000 | 0000 0048 

  0x000001bfb0b16dfc: ;   {metadata(method data for {method} {0x000001c00505de18} 'defineClass' '(Ljava/lang/String;Ljdk/internal/loader/Resource;)Ljava/lang/Class;' in 'java/net/URLClassLoader')}
  0x000001bfb0b16dfc: 85c0 48ba | e84b 1405 | c001 0000 | 48c7 c690 | 0400 0074 | 0748 c7c6 | a004 0000 | 488b 3c32 
  0x000001bfb0b16e1c: 488d 7f01 | 4889 3c32 | 0f84 3002 | 0000 4889 | 8424 e800 | 0000 4c8b | 8c24 b000 

  0x000001bfb0b16e38: ;   {metadata(method data for {method} {0x000001c00505de18} 'defineClass' '(Ljava/lang/String;Ljdk/internal/loader/Resource;)Ljava/lang/Class;' in 'java/net/URLClassLoader')}
  0x000001bfb0b16e38: 0000 48ba | e84b 1405 | c001 0000 | 458b 4908 | 49ba 0000 | 00c4 bf01 | 0000 4d03 | ca4c 3b8a 
  0x000001bfb0b16e58: c004 0000 | 750d 4883 | 82c8 0400 | 0001 e960 | 0000 004c | 3b8a d004 | 0000 750d | 4883 82d8 
  0x000001bfb0b16e78: 0400 0001 | e94a 0000 | 0048 83ba | c004 0000 | 0075 174c | 898a c004 | 0000 48c7 | 82c8 0400 
  0x000001bfb0b16e98: 0001 0000 | 00e9 2900 | 0000 4883 | bad0 0400 | 0000 7517 | 4c89 8ad0 | 0400 0048 | c782 d804 
  0x000001bfb0b16eb8: 0000 0100 | 0000 e908 | 0000 0048 | 8382 b004 | 0000 0148 | 8b94 24b0 | 0000 0066 | 9048 b8ff 
  0x000001bfb0b16ed8: ffff ffff 

  0x000001bfb0b16edc: ;   {virtual_call}
  0x000001bfb0b16edc: ffff ffe8 

  0x000001bfb0b16ee0: ; ImmutableOopMap {[168]=Oop [184]=Oop [208]=Oop [232]=Oop }
                      ;*invokevirtual getCodeSigners {reexecute=0 rethrow=0 return_oop=0}
                      ; - java.net.URLClassLoader::defineClass@143
  0x000001bfb0b16ee0: 9c7e ca06 

  0x000001bfb0b16ee4: ;   {other}
  0x000001bfb0b16ee4: 0f1f 8400 | d412 000b 

  0x000001bfb0b16eec: ;   {metadata('java/security/CodeSource')}
  0x000001bfb0b16eec: 4c8b c848 | ba28 5c00 | c4bf 0100 | 0049 8b87 | b801 0000 | 488d 7828 | 493b bfc8 | 0100 000f 
  0x000001bfb0b16f0c: 879a 0900 | 0049 89bf | b801 0000 | 48c7 0001 | 0000 0048 | 8bca 49ba | 0000 00c4 | bf01 0000 
  0x000001bfb0b16f2c: 492b ca89 | 4808 4833 | c989 480c | 4833 c948 | 8948 1048 | 8948 1848 | 8948 204c 

  0x000001bfb0b16f48: ;   {metadata(method data for {method} {0x000001c00505de18} 'defineClass' '(Ljava/lang/String;Ljdk/internal/loader/Resource;)Ljava/lang/Class;' in 'java/net/URLClassLoader')}
  0x000001bfb0b16f48: 8bc0 48ba | e84b 1405 | c001 0000 | 4883 82e8 | 0400 0001 | 4c8b 8424 | d000 0000 | 488b d048 
  0x000001bfb0b16f68: 8984 24f0 

  0x000001bfb0b16f6c: ;   {optimized virtual_call}
  0x000001bfb0b16f6c: 0000 00e8 

  0x000001bfb0b16f70: ; ImmutableOopMap {[168]=Oop [184]=Oop [232]=Oop [240]=Oop }
                      ;*invokespecial <init> {reexecute=0 rethrow=0 return_oop=0}
                      ; - java.net.URLClassLoader::defineClass@156
  0x000001bfb0b16f70: 0c7b ca06 

  0x000001bfb0b16f74: ;   {other}
  0x000001bfb0b16f74: 0f1f 8400 | 6413 000c 

  0x000001bfb0b16f7c: ;   {metadata(method data for {method} {0x000001c00505de18} 'defineClass' '(Ljava/lang/String;Ljdk/internal/loader/Resource;)Ljava/lang/Class;' in 'java/net/URLClassLoader')}
  0x000001bfb0b16f7c: 49b8 e84b | 1405 c001 | 0000 4983 | 80f8 0400 

  0x000001bfb0b16f8c: ;   {metadata(method data for {method} {0x000001bfc41042a8} 'getReadClassBytesTime' '()Ljdk/internal/perf/PerfCounter;' in 'jdk/internal/perf/PerfCounter')}
  0x000001bfb0b16f8c: 0001 49b8 | 504f 1705 | c001 0000 | 418b 90cc | 0000 0083 | c202 4189 | 90cc 0000 | 0081 e2fe 
  0x000001bfb0b16fac: ff1f 0085 | d20f 8401 

  0x000001bfb0b16fb4: ;   {oop(a 'jdk/internal/perf/PerfCounter'{0x00000000c0570160})}
  0x000001bfb0b16fb4: 0900 0048 | ba60 0157 | c000 0000 | 004c 8bc2 

  0x000001bfb0b16fc4: ;   {metadata(method data for {method} {0x000001c00505de18} 'defineClass' '(Ljava/lang/String;Ljdk/internal/loader/Resource;)Ljava/lang/Class;' in 'java/net/URLClassLoader')}
  0x000001bfb0b16fc4: 48be e84b | 1405 c001 

  0x000001bfb0b16fcc: ;   {metadata('jdk/internal/perf/PerfCounter')}
  0x000001bfb0b16fcc: 0000 49ba | 6036 10c4 | bf01 0000 | 4c89 9618 | 0500 0048 | 8386 2005 | 0000 014c | 8b84 24c0 
  0x000001bfb0b16fec: ;   {optimized virtual_call}
  0x000001bfb0b16fec: 0000 00e8 

  0x000001bfb0b16ff0: ; ImmutableOopMap {[168]=Oop [184]=Oop [232]=Oop [240]=Oop }
                      ;*invokevirtual addElapsedTimeFrom {reexecute=0 rethrow=0 return_oop=0}
                      ; - java.net.URLClassLoader::defineClass@165
  0x000001bfb0b16ff0: 8c7a ca06 

  0x000001bfb0b16ff4: ;   {other}
  0x000001bfb0b16ff4: 0f1f 8400 | e413 000d | 488b 9424 | b800 0000 

  0x000001bfb0b17004: ;   {metadata(method data for {method} {0x000001c00505de18} 'defineClass' '(Ljava/lang/String;Ljdk/internal/loader/Resource;)Ljava/lang/Class;' in 'java/net/URLClassLoader')}
  0x000001bfb0b17004: 49b8 e84b | 1405 c001 | 0000 4983 | 8040 0500 | 0001 4c8b | 8424 a800 | 0000 4c8b | 8c24 e800 
  0x000001bfb0b17024: 0000 488b | bc24 f000 | 0000 488b | 9424 b800 

  0x000001bfb0b17034: ;   {optimized virtual_call}
  0x000001bfb0b17034: 0000 90e8 

  0x000001bfb0b17038: ; ImmutableOopMap {}
                      ;*invokevirtual defineClass {reexecute=0 rethrow=0 return_oop=0}
                      ; - java.net.URLClassLoader::defineClass@174
  0x000001bfb0b17038: 447a ca06 

  0x000001bfb0b1703c: ;   {other}
  0x000001bfb0b1703c: 0f1f 8400 | 2c14 000e | 4881 c440 | 0100 005d 

  0x000001bfb0b1704c: ;   {poll_return}
  0x000001bfb0b1704c: 493b a750 | 0400 000f | 8780 0800 | 00c3 4c8b | 8c24 b000 | 0000 498b 

  0x000001bfb0b17064: ;   {metadata(method data for {method} {0x000001c00505de18} 'defineClass' '(Ljava/lang/String;Ljdk/internal/loader/Resource;)Ljava/lang/Class;' in 'java/net/URLClassLoader')}
  0x000001bfb0b17064: f948 bbe8 | 4b14 05c0 | 0100 008b | 7f08 49ba | 0000 00c4 | bf01 0000 | 4903 fa48 | 3bbb 8805 
  0x000001bfb0b17084: 0000 750d | 4883 8390 | 0500 0001 | e960 0000 | 0048 3bbb | 9805 0000 | 750d 4883 | 83a0 0500 
  0x000001bfb0b170a4: 0001 e94a | 0000 0048 | 83bb 8805 | 0000 0075 | 1748 89bb | 8805 0000 | 48c7 8390 | 0500 0001 
  0x000001bfb0b170c4: 0000 00e9 | 2900 0000 | 4883 bb98 | 0500 0000 | 7517 4889 | bb98 0500 | 0048 c783 | a005 0000 
  0x000001bfb0b170e4: 0100 0000 | e908 0000 | 0048 8383 | 7805 0000 | 0149 8bd1 | 0f1f 4400 | 0048 b8ff | ffff ffff 
  0x000001bfb0b17104: ;   {virtual_call}
  0x000001bfb0b17104: ffff ffe8 

  0x000001bfb0b17108: ; ImmutableOopMap {[168]=Oop [176]=Oop [184]=Oop [208]=Oop }
                      ;*invokevirtual getBytes {reexecute=0 rethrow=0 return_oop=0}
                      ; - java.net.URLClassLoader::defineClass@179
  0x000001bfb0b17108: cc0b d706 

  0x000001bfb0b1710c: ;   {other}
  0x000001bfb0b1710c: 0f1f 8400 | fc14 000f | 4c8b 8c24 | b000 0000 

  0x000001bfb0b1711c: ;   {metadata(method data for {method} {0x000001c00505de18} 'defineClass' '(Ljava/lang/String;Ljdk/internal/loader/Resource;)Ljava/lang/Class;' in 'java/net/URLClassLoader')}
  0x000001bfb0b1711c: 48ba e84b | 1405 c001 | 0000 458b | 4908 49ba | 0000 00c4 | bf01 0000 | 4d03 ca4c | 3b8a c005 
  0x000001bfb0b1713c: 0000 750d | 4883 82c8 | 0500 0001 | e960 0000 | 004c 3b8a | d005 0000 | 750d 4883 | 82d8 0500 
  0x000001bfb0b1715c: 0001 e94a | 0000 0048 | 83ba c005 | 0000 0075 | 174c 898a | c005 0000 | 48c7 82c8 | 0500 0001 
  0x000001bfb0b1717c: 0000 00e9 | 2900 0000 | 4883 bad0 | 0500 0000 | 7517 4c89 | 8ad0 0500 | 0048 c782 | d805 0000 
  0x000001bfb0b1719c: 0100 0000 | e908 0000 | 0048 8382 | b005 0000 | 0148 8b94 | 24b0 0000 | 0048 8984 | 24f8 0000 
  0x000001bfb0b171bc: 0048 b8ff | ffff ffff 

  0x000001bfb0b171c4: ;   {virtual_call}
  0x000001bfb0b171c4: ffff ffe8 

  0x000001bfb0b171c8: ; ImmutableOopMap {[168]=Oop [184]=Oop [208]=Oop [248]=Oop }
                      ;*invokevirtual getCodeSigners {reexecute=0 rethrow=0 return_oop=0}
                      ; - java.net.URLClassLoader::defineClass@185
  0x000001bfb0b171c8: 8c0e d706 

  0x000001bfb0b171cc: ;   {other}
  0x000001bfb0b171cc: 0f1f 8400 | bc15 0010 

  0x000001bfb0b171d4: ;   {metadata('java/security/CodeSource')}
  0x000001bfb0b171d4: 4c8b c848 | ba28 5c00 | c4bf 0100 | 0049 8b87 | b801 0000 | 488d 7828 | 493b bfc8 | 0100 000f 
  0x000001bfb0b171f4: 87f6 0600 | 0049 89bf | b801 0000 | 48c7 0001 | 0000 0048 | 8bca 49ba | 0000 00c4 | bf01 0000 
  0x000001bfb0b17214: 492b ca89 | 4808 4833 | c989 480c | 4833 c948 | 8948 1048 | 8948 1848 | 8948 204c 

  0x000001bfb0b17230: ;   {metadata(method data for {method} {0x000001c00505de18} 'defineClass' '(Ljava/lang/String;Ljdk/internal/loader/Resource;)Ljava/lang/Class;' in 'java/net/URLClassLoader')}
  0x000001bfb0b17230: 8bc0 48ba | e84b 1405 | c001 0000 | 4883 82e8 | 0500 0001 | 4c8b 8424 | d000 0000 | 488b d048 
  0x000001bfb0b17250: 8984 2400 

  0x000001bfb0b17254: ;   {optimized virtual_call}
  0x000001bfb0b17254: 0100 00e8 

  0x000001bfb0b17258: ; ImmutableOopMap {[168]=Oop [184]=Oop [248]=Oop [256]=Oop }
                      ;*invokespecial <init> {reexecute=0 rethrow=0 return_oop=0}
                      ; - java.net.URLClassLoader::defineClass@198
  0x000001bfb0b17258: 443a 83ff 

  0x000001bfb0b1725c: ;   {other}
  0x000001bfb0b1725c: 0f1f 8400 | 4c16 0011 

  0x000001bfb0b17264: ;   {metadata(method data for {method} {0x000001c00505de18} 'defineClass' '(Ljava/lang/String;Ljdk/internal/loader/Resource;)Ljava/lang/Class;' in 'java/net/URLClassLoader')}
  0x000001bfb0b17264: 49b8 e84b | 1405 c001 | 0000 4983 | 80f8 0500 

  0x000001bfb0b17274: ;   {metadata(method data for {method} {0x000001bfc41042a8} 'getReadClassBytesTime' '()Ljdk/internal/perf/PerfCounter;' in 'jdk/internal/perf/PerfCounter')}
  0x000001bfb0b17274: 0001 49b8 | 504f 1705 | c001 0000 | 418b 90cc | 0000 0083 | c202 4189 | 90cc 0000 | 0081 e2fe 
  0x000001bfb0b17294: ff1f 0085 | d20f 845d 

  0x000001bfb0b1729c: ;   {oop(a 'jdk/internal/perf/PerfCounter'{0x00000000c0570160})}
  0x000001bfb0b1729c: 0600 0048 | ba60 0157 | c000 0000 | 004c 8bc2 

  0x000001bfb0b172ac: ;   {metadata(method data for {method} {0x000001c00505de18} 'defineClass' '(Ljava/lang/String;Ljdk/internal/loader/Resource;)Ljava/lang/Class;' in 'java/net/URLClassLoader')}
  0x000001bfb0b172ac: 48be e84b | 1405 c001 | 0000 4883 | 8620 0600 | 0001 4c8b | 8424 c000 

  0x000001bfb0b172c4: ;   {optimized virtual_call}
  0x000001bfb0b172c4: 0000 90e8 

  0x000001bfb0b172c8: ; ImmutableOopMap {[168]=Oop [184]=Oop [248]=Oop [256]=Oop }
                      ;*invokevirtual addElapsedTimeFrom {reexecute=0 rethrow=0 return_oop=0}
                      ; - java.net.URLClassLoader::defineClass@207
  0x000001bfb0b172c8: 743e 3707 

  0x000001bfb0b172cc: ;   {other}
  0x000001bfb0b172cc: 0f1f 8400 | bc16 0012 | 488b 8424 | f800 0000 

  0x000001bfb0b172dc: ; implicit exception: dispatches to 0x000001bfb0b1791d
  0x000001bfb0b172dc: 8b70 0c48 | 8b94 24b8 

  0x000001bfb0b172e4: ;   {metadata(method data for {method} {0x000001c00505de18} 'defineClass' '(Ljava/lang/String;Ljdk/internal/loader/Resource;)Ljava/lang/Class;' in 'java/net/URLClassLoader')}
  0x000001bfb0b172e4: 0000 0049 | b8e8 4b14 | 05c0 0100 | 0049 8380 | 4006 0000 | 014c 8b84 | 24a8 0000 | 004c 8bc8 
  0x000001bfb0b17304: bf00 0000 | 0048 8b8c | 2400 0100 | 0048 8b94 | 24b8 0000 | 0066 0f1f 

  0x000001bfb0b1731c: ;   {optimized virtual_call}
  0x000001bfb0b1731c: 4400 00e8 

  0x000001bfb0b17320: ; ImmutableOopMap {}
                      ;*invokevirtual defineClass {reexecute=0 rethrow=0 return_oop=0}
                      ; - java.net.URLClassLoader::defineClass@220
  0x000001bfb0b17320: dc11 4f07 

  0x000001bfb0b17324: ;   {other}
  0x000001bfb0b17324: 0f1f 8400 | 1417 0013 | 4881 c440 | 0100 005d 

  0x000001bfb0b17334: ;   {poll_return}
  0x000001bfb0b17334: 493b a750 | 0400 000f | 87e1 0500 | 00c3 660f | 1f44 0000 

  0x000001bfb0b17348: ;   {no_reloc}
  0x000001bfb0b17348: e9fa 0500 | 0000 0000 | 0000 80ba | 3101 0000 | 040f 85f7 | 0500 0049 | 8b87 b801 | 0000 488d 
  0x000001bfb0b17368: 7828 493b | bfc8 0100 | 000f 87df | 0500 0049 | 89bf b801 | 0000 48c7 | 0001 0000 | 0048 8bca 
  0x000001bfb0b17388: 49ba 0000 | 00c4 bf01 | 0000 492b | ca89 4808 | 4833 c989 | 480c 4833 | c948 8948 | 1048 8948 
  0x000001bfb0b173a8: 1848 8948 | 2066 6690 

  0x000001bfb0b173b0: ;   {no_reloc}
  0x000001bfb0b173b0: e9bd 0500 | 0000 0000 | 0000 4889 | 8424 1001 | 0000 498b | 87b8 0100 | 0048 8d78 | 1849 3bbf 
  0x000001bfb0b173d0: c801 0000 | 0f87 a205 | 0000 4989 | bfb8 0100 | 0048 c700 | 0100 0000 | 488b ca49 | ba00 0000 
  0x000001bfb0b173f0: c4bf 0100 | 0049 2bca | 8948 0848 | 33c9 8948 | 0c48 33c9 | 4889 4810 

  0x000001bfb0b17408: ;   {metadata(method data for {method} {0x000001c00505de18} 'defineClass' '(Ljava/lang/String;Ljdk/internal/loader/Resource;)Ljava/lang/Class;' in 'java/net/URLClassLoader')}
  0x000001bfb0b17408: 4c8b c048 | bae8 4b14 | 05c0 0100 | 0048 8382 | 9003 0000 

  0x000001bfb0b1741c: ;   {metadata(method data for {method} {0x000001bfc44619d8} '<init>' '()V' in 'java/lang/StringBuilder')}
  0x000001bfb0b1741c: 0149 b8e0 | ae00 05c0 | 0100 0041 | 8b90 cc00 | 0000 83c2 | 0241 8990 | cc00 0000 | 81e2 feff 
  0x000001bfb0b1743c: 1f00 85d2 | 0f84 4305 | 0000 4c8b 

  0x000001bfb0b17448: ;   {metadata(method data for {method} {0x000001bfc44619d8} '<init>' '()V' in 'java/lang/StringBuilder')}
  0x000001bfb0b17448: c048 bae0 | ae00 05c0 | 0100 0048 | 8382 1001 | 0000 0141 | b810 0000 | 0048 8bd0 | 4889 8424 
  0x000001bfb0b17468: 0801 0000 

  0x000001bfb0b1746c: ;   {optimized virtual_call}
  0x000001bfb0b1746c: 6666 90e8 

  0x000001bfb0b17470: ; ImmutableOopMap {[216]=Oop [264]=Oop [272]=Oop }
                      ;*invokespecial <init> {reexecute=0 rethrow=0 return_oop=0}
                      ; - java.lang.StringBuilder::<init>@3
                      ; - java.net.URLClassLoader::defineClass@111
  0x000001bfb0b17470: 0c76 ca06 

  0x000001bfb0b17474: ;   {other}
  0x000001bfb0b17474: 0f1f 8400 | 6418 0014 | 488b 8424 | 0801 0000 

  0x000001bfb0b17484: ;   {metadata(method data for {method} {0x000001c00505de18} 'defineClass' '(Ljava/lang/String;Ljdk/internal/loader/Resource;)Ljava/lang/Class;' in 'java/net/URLClassLoader')}
  0x000001bfb0b17484: 49b8 e84b | 1405 c001 | 0000 4983 | 80a0 0300 

  0x000001bfb0b17494: ;   {metadata(method data for {method} {0x000001bfc44617c8} 'append' '(Ljava/lang/String;)Ljava/lang/StringBuilder;' in 'java/lang/StringBuilder')}
  0x000001bfb0b17494: 0001 49b8 | d0b1 0005 | c001 0000 | 418b 90cc | 0000 0083 | c202 4189 | 90cc 0000 | 0081 e2fe 
  0x000001bfb0b174b4: ff1f 0085 | d20f 84eb | 0400 0048 | 8b84 2408 

  0x000001bfb0b174c4: ;   {metadata(method data for {method} {0x000001bfc44617c8} 'append' '(Ljava/lang/String;)Ljava/lang/StringBuilder;' in 'java/lang/StringBuilder')}
  0x000001bfb0b174c4: 0100 0049 | b8d0 b100 | 05c0 0100 | 0049 8380 | 1001 0000 

  0x000001bfb0b174d8: ;   {oop("Cannot find package "{0x00000000c0570178})}
  0x000001bfb0b174d8: 0149 b878 | 0157 c000 | 0000 0048 | 8b94 2408 | 0100 000f 

  0x000001bfb0b174ec: ;   {optimized virtual_call}
  0x000001bfb0b174ec: 1f40 00e8 

  0x000001bfb0b174f0: ; ImmutableOopMap {[216]=Oop [264]=Oop [272]=Oop }
                      ;*invokespecial append {reexecute=0 rethrow=0 return_oop=0}
                      ; - java.lang.StringBuilder::append@2
                      ; - java.net.URLClassLoader::defineClass@116
  0x000001bfb0b174f0: 8c75 ca06 

  0x000001bfb0b174f4: ;   {other}
  0x000001bfb0b174f4: 0f1f 8400 | e418 0015 | 488b 8424 | 0801 0000 

  0x000001bfb0b17504: ;   {metadata(method data for {method} {0x000001c00505de18} 'defineClass' '(Ljava/lang/String;Ljdk/internal/loader/Resource;)Ljava/lang/Class;' in 'java/net/URLClassLoader')}
  0x000001bfb0b17504: 49b8 e84b | 1405 c001 | 0000 4983 | 80d8 0300 

  0x000001bfb0b17514: ;   {metadata(method data for {method} {0x000001bfc44617c8} 'append' '(Ljava/lang/String;)Ljava/lang/StringBuilder;' in 'java/lang/StringBuilder')}
  0x000001bfb0b17514: 0001 49b8 | d0b1 0005 | c001 0000 | 418b 90cc | 0000 0083 | c202 4189 | 90cc 0000 | 0081 e2fe 
  0x000001bfb0b17534: ff1f 0085 | d20f 848c | 0400 0048 | 8b84 2408 

  0x000001bfb0b17544: ;   {metadata(method data for {method} {0x000001bfc44617c8} 'append' '(Ljava/lang/String;)Ljava/lang/StringBuilder;' in 'java/lang/StringBuilder')}
  0x000001bfb0b17544: 0100 0049 | b8d0 b100 | 05c0 0100 | 0049 8380 | 1001 0000 | 014c 8b84 | 24d8 0000 | 0048 8b94 
  0x000001bfb0b17564: 2408 0100 | 0066 0f1f 

  0x000001bfb0b1756c: ;   {optimized virtual_call}
  0x000001bfb0b1756c: 4400 00e8 

  0x000001bfb0b17570: ; ImmutableOopMap {[264]=Oop [272]=Oop }
                      ;*invokespecial append {reexecute=0 rethrow=0 return_oop=0}
                      ; - java.lang.StringBuilder::append@2
                      ; - java.net.URLClassLoader::defineClass@121
  0x000001bfb0b17570: 0c75 ca06 

  0x000001bfb0b17574: ;   {other}
  0x000001bfb0b17574: 0f1f 8400 | 6419 0016 | 488b 8424 | 0801 0000 

  0x000001bfb0b17584: ;   {metadata(method data for {method} {0x000001c00505de18} 'defineClass' '(Ljava/lang/String;Ljdk/internal/loader/Resource;)Ljava/lang/Class;' in 'java/net/URLClassLoader')}
  0x000001bfb0b17584: 48ba e84b | 1405 c001 | 0000 4883 | 8210 0400 

  0x000001bfb0b17594: ;   {metadata(method data for {method} {0x000001bfc4008958} 'toString' '()Ljava/lang/String;' in 'java/lang/StringBuilder')}
  0x000001bfb0b17594: 0001 48ba | f8b8 0005 | c001 0000 | 8bb2 cc00 | 0000 83c6 | 0289 b2cc | 0000 0081 | e6fe ff1f 
  0x000001bfb0b175b4: 0085 f60f | 842f 0400 

  0x000001bfb0b175bc: ;   {metadata('java/lang/String')}
  0x000001bfb0b175bc: 0048 ba78 | e800 c4bf | 0100 0049 | 8b87 b801 | 0000 488d | 7818 493b | bfc8 0100 | 000f 872e 
  0x000001bfb0b175dc: 0400 0049 | 89bf b801 | 0000 48c7 | 0001 0000 | 0048 8bca | 49ba 0000 | 00c4 bf01 | 0000 492b 
  0x000001bfb0b175fc: ca89 4808 | 4833 c989 | 480c 4833 | c948 8948 | 104c 8bc0 

  0x000001bfb0b17610: ;   {metadata(method data for {method} {0x000001bfc4008958} 'toString' '()Ljava/lang/String;' in 'java/lang/StringBuilder')}
  0x000001bfb0b17610: 49b9 f8b8 | 0005 c001 | 0000 4983 | 8110 0100 

  0x000001bfb0b17620: ;   {metadata(method data for {method} {0x000001bfc4455ab8} '<init>' '(Ljava/lang/StringBuilder;)V' in 'java/lang/String')}
  0x000001bfb0b17620: 0001 49b8 | 40ba 0005 | c001 0000 | 458b 88cc | 0000 0041 | 83c1 0245 | 8988 cc00 | 0000 4181 
  0x000001bfb0b17640: e1fe ff1f | 0045 85c9 | 0f84 cc03 | 0000 4c8b 

  0x000001bfb0b17650: ;   {metadata(method data for {method} {0x000001bfc4455ab8} '<init>' '(Ljava/lang/StringBuilder;)V' in 'java/lang/String')}
  0x000001bfb0b17650: c049 b940 | ba00 05c0 | 0100 0049 | 8381 1001 | 0000 014c | 8b84 2408 

  0x000001bfb0b17668: ;   {oop(nullptr)}
  0x000001bfb0b17668: 0100 0049 | b900 0000 | 0000 0000 | 0048 8bd0 | 4889 8424 | 1801 0000 | 0f1f 8000 

  0x000001bfb0b17684: ;   {optimized virtual_call}
  0x000001bfb0b17684: 0000 00e8 

  0x000001bfb0b17688: ; ImmutableOopMap {[272]=Oop [280]=Oop }
                      ;*invokespecial <init> {reexecute=0 rethrow=0 return_oop=0}
                      ; - java.lang.String::<init>@3
                      ; - java.lang.StringBuilder::toString@5
                      ; - java.net.URLClassLoader::defineClass@124
  0x000001bfb0b17688: f473 ca06 

  0x000001bfb0b1768c: ;   {other}
  0x000001bfb0b1768c: 0f1f 8400 | 7c1a 0017 | 488b 8424 | 1001 0000 

  0x000001bfb0b1769c: ;   {metadata(method data for {method} {0x000001c00505de18} 'defineClass' '(Ljava/lang/String;Ljdk/internal/loader/Resource;)Ljava/lang/Class;' in 'java/net/URLClassLoader')}
  0x000001bfb0b1769c: 49b8 e84b | 1405 c001 | 0000 4983 | 8048 0400 | 0001 4c8b | 8424 1801 | 0000 488b | 9424 1001 
  0x000001bfb0b176bc: ;   {optimized virtual_call}
  0x000001bfb0b176bc: 0000 90e8 

  0x000001bfb0b176c0: ; ImmutableOopMap {[272]=Oop }
                      ;*invokespecial <init> {reexecute=0 rethrow=0 return_oop=0}
                      ; - java.net.URLClassLoader::defineClass@127
  0x000001bfb0b176c0: bc73 ca06 

  0x000001bfb0b176c4: ;   {other}
  0x000001bfb0b176c4: 0f1f 8400 | b41a 0018 | 488b 8424 | 1001 0000 | e995 0300 | 0049 8b87 | 0005 0000 | 4d33 d24d 
  0x000001bfb0b176e4: 8997 0005 | 0000 4d33 | d24d 8997 | 0805 0000 | 488b f048 | 8d84 2420 | 0100 0048 | 8b38 4885 
  0x000001bfb0b17704: ff0f 840f | 0000 0048 | 8b58 08f0 | 480f b13b | 0f85 2103 | 0000 49ff | 8f50 0500 | 0048 8bc6 
  0x000001bfb0b17724: e945 0300 

  0x000001bfb0b17728: ;   {metadata({method} {0x000001c00505de18} 'defineClass' '(Ljava/lang/String;Ljdk/internal/loader/Resource;)Ljava/lang/Class;' in 'java/net/URLClassLoader')}
  0x000001bfb0b17728: 0049 ba10 | de05 05c0 | 0100 004c | 8954 2408 | 48c7 0424 | ffff ffff 

  0x000001bfb0b17740: ;   {runtime_call counter_overflow Runtime1 stub}
  0x000001bfb0b17740: e83b a8d6 

  0x000001bfb0b17744: ; ImmutableOopMap {rdx=Oop r8=Oop r9=Oop [168]=Oop [176]=Oop [184]=Oop }
                      ;*synchronization entry
                      ; - java.net.URLClassLoader::defineClass@-1
  0x000001bfb0b17744: 06e9 74e9 

  0x000001bfb0b17748: ;   {runtime_call throw_null_pointer_exception Runtime1 stub}
  0x000001bfb0b17748: ffff e8b1 

  0x000001bfb0b1774c: ; ImmutableOopMap {r8=Oop [168]=Oop [176]=Oop [184]=Oop }
                      ;*invokevirtual lastIndexOf {reexecute=0 rethrow=0 return_oop=0}
                      ; - java.net.URLClassLoader::defineClass@7
                      ;   {metadata({method} {0x000001bfc4453a10} 'lastIndexOf' '(I)I' in 'java/lang/String')}
  0x000001bfb0b1774c: 6bcd 0649 | ba08 3a45 | c4bf 0100 | 004c 8954 | 2408 48c7 | 0424 ffff 

  0x000001bfb0b17764: ;   {runtime_call counter_overflow Runtime1 stub}
  0x000001bfb0b17764: ffff e815 

  0x000001bfb0b17768: ; ImmutableOopMap {r8=Oop [168]=Oop [176]=Oop [184]=Oop }
                      ;*synchronization entry
                      ; - java.lang.String::lastIndexOf@-1
                      ; - java.net.URLClassLoader::defineClass@7
  0x000001bfb0b17768: a8d6 06e9 | c3e9 ffff 

  0x000001bfb0b17770: ;   {metadata({method} {0x000001bfc400ee90} 'length' '()I' in 'java/lang/String')}
  0x000001bfb0b17770: 49ba 88ee | 00c4 bf01 | 0000 4c89 | 5424 0848 | c704 24ff 

  0x000001bfb0b17784: ;   {runtime_call counter_overflow Runtime1 stub}
  0x000001bfb0b17784: ffff ffe8 

  0x000001bfb0b17788: ; ImmutableOopMap {r8=Oop [168]=Oop [176]=Oop [184]=Oop }
                      ;*synchronization entry
                      ; - java.lang.String::length@-1
                      ; - java.lang.String::lastIndexOf@3
                      ; - java.net.URLClassLoader::defineClass@7
  0x000001bfb0b17788: f4a7 d606 | e9de e9ff 

  0x000001bfb0b17790: ;   {runtime_call throw_null_pointer_exception Runtime1 stub}
  0x000001bfb0b17790: ffe8 6a6b 

  0x000001bfb0b17794: ; ImmutableOopMap {r8=Oop rsi=Oop [168]=Oop [176]=Oop [184]=Oop }
                      ;*arraylength {reexecute=0 rethrow=0 return_oop=0}
                      ; - java.lang.String::length@4
                      ; - java.lang.String::lastIndexOf@3
                      ; - java.net.URLClassLoader::defineClass@7
                      ;   {metadata({method} {0x000001bfc4454cf8} 'coder' '()B' in 'java/lang/String')}
  0x000001bfb0b17794: cd06 49ba | f04c 45c4 | bf01 0000 | 4c89 5424 | 0848 c704 | 24ff ffff 

  0x000001bfb0b177ac: ;   {runtime_call counter_overflow Runtime1 stub}
  0x000001bfb0b177ac: ffe8 cea7 

  0x000001bfb0b177b0: ; ImmutableOopMap {r8=Oop rsi=Oop [168]=Oop [176]=Oop [184]=Oop }
                      ;*synchronization entry
                      ; - java.lang.String::coder@-1
                      ; - java.lang.String::length@6
                      ; - java.lang.String::lastIndexOf@3
                      ; - java.net.URLClassLoader::defineClass@7
  0x000001bfb0b177b0: d606 e900 

  0x000001bfb0b177b4: ;   {metadata({method} {0x000001bfc4453960} 'lastIndexOf' '(II)I' in 'java/lang/String')}
  0x000001bfb0b177b4: eaff ff49 | ba58 3945 | c4bf 0100 | 004c 8954 | 2408 48c7 | 0424 ffff 

  0x000001bfb0b177cc: ;   {runtime_call counter_overflow Runtime1 stub}
  0x000001bfb0b177cc: ffff e8ad 

  0x000001bfb0b177d0: ; ImmutableOopMap {r8=Oop rsi=Oop [168]=Oop [176]=Oop [184]=Oop }
                      ;*synchronization entry
                      ; - java.lang.String::lastIndexOf@-1
                      ; - java.lang.String::lastIndexOf@8
                      ; - java.net.URLClassLoader::defineClass@7
  0x000001bfb0b177d0: a7d6 06e9 | 50ea ffff 

  0x000001bfb0b177d8: ;   {metadata({method} {0x000001bfc44540f0} 'isLatin1' '()Z' in 'java/lang/String')}
  0x000001bfb0b177d8: 49ba e840 | 45c4 bf01 | 0000 4c89 | 5424 0848 | c704 24ff 

  0x000001bfb0b177ec: ;   {runtime_call counter_overflow Runtime1 stub}
  0x000001bfb0b177ec: ffff ffe8 

  0x000001bfb0b177f0: ; ImmutableOopMap {r8=Oop rsi=Oop [168]=Oop [176]=Oop [184]=Oop }
                      ;*synchronization entry
                      ; - java.lang.String::isLatin1@-1
                      ; - java.lang.String::lastIndexOf@1
                      ; - java.lang.String::lastIndexOf@8
                      ; - java.net.URLClassLoader::defineClass@7
  0x000001bfb0b177f0: 8ca7 d606 | e96b eaff 

  0x000001bfb0b177f8: ;   {runtime_call throw_null_pointer_exception Runtime1 stub}
  0x000001bfb0b177f8: ffe8 026b 

  0x000001bfb0b177fc: ; ImmutableOopMap {r9=Oop [168]=Oop [176]=Oop [184]=Oop }
                      ;*invokevirtual getCodeSourceURL {reexecute=0 rethrow=0 return_oop=0}
                      ; - java.net.URLClassLoader::defineClass@13
                      ;   {metadata({method} {0x000001bfc41700b0} 'getByteBuffer' '()Ljava/nio/ByteBuffer;' in 'jdk/internal/loader/Resource')}
  0x000001bfb0b177fc: cd06 49ba | a800 17c4 | bf01 0000 | 4c89 5424 | 0848 c704 | 24ff ffff 

  0x000001bfb0b17814: ;   {runtime_call counter_overflow Runtime1 stub}
  0x000001bfb0b17814: ffe8 66a7 

  0x000001bfb0b17818: ; ImmutableOopMap {r9=Oop [168]=Oop [176]=Oop [184]=Oop [208]=Oop }
                      ;*synchronization entry
                      ; - jdk.internal.loader.Resource::getByteBuffer@-1
                      ; - java.net.URLClassLoader::defineClass@132
  0x000001bfb0b17818: d606 e926 | f1ff ff4c | 894c 2408 | 4889 1424 

  0x000001bfb0b17828: ;   {runtime_call monitorenter_nofpu Runtime1 stub}
  0x000001bfb0b17828: e853 86d6 

  0x000001bfb0b1782c: ; ImmutableOopMap {r9=Oop [168]=Oop [176]=Oop [184]=Oop [208]=Oop [296]=Oop }
                      ;*synchronization entry
                      ; - jdk.internal.loader.Resource::cachedInputStream@-1
                      ; - jdk.internal.loader.Resource::getByteBuffer@1
                      ; - java.net.URLClassLoader::defineClass@132
  0x000001bfb0b1782c: 06e9 62f1 

  0x000001bfb0b17830: ;   {metadata({method} {0x000001bfc4170370} 'cachedInputStream' '()Ljava/io/InputStream;' in 'jdk/internal/loader/Resource')}
  0x000001bfb0b17830: ffff 49ba | 6803 17c4 | bf01 0000 | 4c89 5424 | 0848 c704 | 24ff ffff 

  0x000001bfb0b17848: ;   {runtime_call counter_overflow Runtime1 stub}
  0x000001bfb0b17848: ffe8 32a7 

  0x000001bfb0b1784c: ; ImmutableOopMap {r9=Oop [168]=Oop [176]=Oop [184]=Oop [208]=Oop [296]=Oop }
                      ;*synchronization entry
                      ; - jdk.internal.loader.Resource::cachedInputStream@-1
                      ; - jdk.internal.loader.Resource::getByteBuffer@1
                      ; - java.net.URLClassLoader::defineClass@132
  0x000001bfb0b1784c: d606 e968 | f1ff ff41 | 8b51 0c48 | 83fa 000f | 8450 f2ff | ff48 8914 

  0x000001bfb0b17864: ;   {runtime_call g1_pre_barrier_slow}
  0x000001bfb0b17864: 24e8 16ad | d606 e942 | f2ff ff48 | 83f8 000f | 8453 f2ff | ff4c 890c 

  0x000001bfb0b1787c: ;   {runtime_call g1_post_barrier_slow}
  0x000001bfb0b1787c: 24e8 feaf | d606 e945 | f2ff ff48 | 8d84 2420 | 0100 0048 

  0x000001bfb0b17890: ;   {runtime_call monitorexit_nofpu Runtime1 stub}
  0x000001bfb0b17890: 8904 24e8 | e88b d606 | e95d f2ff | ff48 8914 

  0x000001bfb0b178a0: ;   {runtime_call throw_class_cast_exception Runtime1 stub}
  0x000001bfb0b178a0: 24e8 da79 

  0x000001bfb0b178a4: ; ImmutableOopMap {[168]=Oop [176]=Oop [184]=Oop [208]=Oop }
                      ;*checkcast {reexecute=0 rethrow=0 return_oop=0}
                      ; - jdk.internal.loader.Resource::getByteBuffer@13
                      ; - java.net.URLClassLoader::defineClass@132
                      ;   {runtime_call throw_null_pointer_exception Runtime1 stub}
  0x000001bfb0b178a4: d606 e855 

  0x000001bfb0b178a8: ; ImmutableOopMap {rdx=Oop [168]=Oop [176]=Oop [184]=Oop [208]=Oop }
                      ;*invokeinterface getByteBuffer {reexecute=0 rethrow=0 return_oop=0}
                      ; - jdk.internal.loader.Resource::getByteBuffer@16
                      ; - java.net.URLClassLoader::defineClass@132
  0x000001bfb0b178a8: 6acd 0648 

  0x000001bfb0b178ac: ;   {runtime_call fast_new_instance Runtime1 stub}
  0x000001bfb0b178ac: 8bd2 e84d 

  0x000001bfb0b178b0: ; ImmutableOopMap {r9=Oop [168]=Oop [184]=Oop [208]=Oop [232]=Oop }
                      ;*new {reexecute=0 rethrow=0 return_oop=0}
                      ; - java.net.URLClassLoader::defineClass@148
  0x000001bfb0b178b0: 61cd 06e9 | 8ff6 ffff 

  0x000001bfb0b178b8: ;   {metadata({method} {0x000001bfc41042a8} 'getReadClassBytesTime' '()Ljdk/internal/perf/PerfCounter;' in 'jdk/internal/perf/PerfCounter')}
  0x000001bfb0b178b8: 49ba a042 | 10c4 bf01 | 0000 4c89 | 5424 0848 | c704 24ff 

  0x000001bfb0b178cc: ;   {runtime_call counter_overflow Runtime1 stub}
  0x000001bfb0b178cc: ffff ffe8 

  0x000001bfb0b178d0: ; ImmutableOopMap {[168]=Oop [184]=Oop [232]=Oop [240]=Oop }
                      ;*synchronization entry
                      ; - jdk.internal.perf.PerfCounter::getReadClassBytesTime@-1
                      ; - java.net.URLClassLoader::defineClass@161
  0x000001bfb0b178d0: aca6 d606 | e9de f6ff 

  0x000001bfb0b178d8: ;   {internal_word}
  0x000001bfb0b178d8: ff49 ba4c | 70b1 b0bf | 0100 004d | 8997 6804 

  0x000001bfb0b178e8: ;   {runtime_call SafepointBlob}
  0x000001bfb0b178e8: 0000 e991 | dbca 0648 

  0x000001bfb0b178f0: ;   {runtime_call fast_new_instance Runtime1 stub}
  0x000001bfb0b178f0: 8bd2 e809 

  0x000001bfb0b178f4: ; ImmutableOopMap {r9=Oop [168]=Oop [184]=Oop [208]=Oop [248]=Oop }
                      ;*new {reexecute=0 rethrow=0 return_oop=0}
                      ; - java.net.URLClassLoader::defineClass@190
  0x000001bfb0b178f4: 61cd 06e9 | 33f9 ffff 

  0x000001bfb0b178fc: ;   {metadata({method} {0x000001bfc41042a8} 'getReadClassBytesTime' '()Ljdk/internal/perf/PerfCounter;' in 'jdk/internal/perf/PerfCounter')}
  0x000001bfb0b178fc: 49ba a042 | 10c4 bf01 | 0000 4c89 | 5424 0848 | c704 24ff 

  0x000001bfb0b17910: ;   {runtime_call counter_overflow Runtime1 stub}
  0x000001bfb0b17910: ffff ffe8 

  0x000001bfb0b17914: ; ImmutableOopMap {[168]=Oop [184]=Oop [248]=Oop [256]=Oop }
                      ;*synchronization entry
                      ; - jdk.internal.perf.PerfCounter::getReadClassBytesTime@-1
                      ; - java.net.URLClassLoader::defineClass@203
  0x000001bfb0b17914: 68a6 d606 | e982 f9ff 

  0x000001bfb0b1791c: ;   {runtime_call throw_null_pointer_exception Runtime1 stub}
  0x000001bfb0b1791c: ffe8 de69 

  0x000001bfb0b17920: ; ImmutableOopMap {rax=Oop [168]=Oop [184]=Oop [256]=Oop }
                      ;*arraylength {reexecute=0 rethrow=0 return_oop=0}
                      ; - java.net.URLClassLoader::defineClass@217
                      ;   {internal_word}
  0x000001bfb0b17920: cd06 49ba | 3473 b1b0 | bf01 0000 | 4d89 9768 

  0x000001bfb0b17930: ;   {runtime_call SafepointBlob}
  0x000001bfb0b17930: 0400 00e9 | 48db ca06 

  0x000001bfb0b17938: ;   {metadata(nullptr)}
  0x000001bfb0b17938: 48ba 0000 | 0000 0000 | 0000 b800 

  0x000001bfb0b17944: ;   {runtime_call load_klass_patching Runtime1 stub}
  0x000001bfb0b17944: 0f05 0ae8 

  0x000001bfb0b17948: ; ImmutableOopMap {[216]=Oop }
                      ;*new {reexecute=1 rethrow=0 return_oop=0}
                      ; - (reexecute) java.net.URLClassLoader::defineClass@103
  0x000001bfb0b17948: b495 d606 | e9f7 f9ff 

  0x000001bfb0b17950: ;   {runtime_call throw_null_pointer_exception Runtime1 stub}
  0x000001bfb0b17950: ffe8 aa69 

  0x000001bfb0b17954: ; ImmutableOopMap {[216]=Oop }
                      ;*new {reexecute=0 rethrow=0 return_oop=0}
                      ; - java.net.URLClassLoader::defineClass@103
  0x000001bfb0b17954: cd06 488b 

  0x000001bfb0b17958: ;   {runtime_call fast_new_instance_init_check Runtime1 stub}
  0x000001bfb0b17958: d2e8 a25d 

  0x000001bfb0b1795c: ; ImmutableOopMap {[216]=Oop }
                      ;*new {reexecute=0 rethrow=0 return_oop=0}
                      ; - java.net.URLClassLoader::defineClass@103
  0x000001bfb0b1795c: cd06 e94a 

  0x000001bfb0b17960: ;   {metadata(nullptr)}
  0x000001bfb0b17960: faff ff48 | ba00 0000 | 0000 0000 | 00b8 000f 

  0x000001bfb0b17970: ;   {runtime_call load_klass_patching Runtime1 stub}
  0x000001bfb0b17970: 050a e889 

  0x000001bfb0b17974: ; ImmutableOopMap {rax=Oop [216]=Oop }
                      ;*new {reexecute=1 rethrow=0 return_oop=0}
                      ; - (reexecute) java.net.URLClassLoader::defineClass@107
  0x000001bfb0b17974: 95d6 06e9 | 34fa ffff 

  0x000001bfb0b1797c: ;   {runtime_call fast_new_instance Runtime1 stub}
  0x000001bfb0b1797c: 488b d2e8 

  0x000001bfb0b17980: ; ImmutableOopMap {[216]=Oop [272]=Oop }
                      ;*new {reexecute=0 rethrow=0 return_oop=0}
                      ; - java.net.URLClassLoader::defineClass@107
  0x000001bfb0b17980: 7c60 cd06 | e97f faff 

  0x000001bfb0b17988: ;   {metadata({method} {0x000001bfc44619d8} '<init>' '()V' in 'java/lang/StringBuilder')}
  0x000001bfb0b17988: ff49 bad0 | 1946 c4bf | 0100 004c | 8954 2408 | 48c7 0424 | ffff ffff 

  0x000001bfb0b179a0: ;   {runtime_call counter_overflow Runtime1 stub}
  0x000001bfb0b179a0: e8db a5d6 

  0x000001bfb0b179a4: ; ImmutableOopMap {rax=Oop [216]=Oop [272]=Oop }
                      ;*synchronization entry
                      ; - java.lang.StringBuilder::<init>@-1
                      ; - java.net.URLClassLoader::defineClass@111
  0x000001bfb0b179a4: 06e9 9cfa 

  0x000001bfb0b179a8: ;   {metadata({method} {0x000001bfc44617c8} 'append' '(Ljava/lang/String;)Ljava/lang/StringBuilder;' in 'java/lang/StringBuilder')}
  0x000001bfb0b179a8: ffff 49ba | c017 46c4 | bf01 0000 | 4c89 5424 | 0848 c704 | 24ff ffff 

  0x000001bfb0b179c0: ;   {runtime_call counter_overflow Runtime1 stub}
  0x000001bfb0b179c0: ffe8 baa5 

  0x000001bfb0b179c4: ; ImmutableOopMap {[216]=Oop [264]=Oop [272]=Oop }
                      ;*synchronization entry
                      ; - java.lang.StringBuilder::append@-1
                      ; - java.net.URLClassLoader::defineClass@116
  0x000001bfb0b179c4: d606 e9f4 

  0x000001bfb0b179c8: ;   {metadata({method} {0x000001bfc44617c8} 'append' '(Ljava/lang/String;)Ljava/lang/StringBuilder;' in 'java/lang/StringBuilder')}
  0x000001bfb0b179c8: faff ff49 | bac0 1746 | c4bf 0100 | 004c 8954 | 2408 48c7 | 0424 ffff 

  0x000001bfb0b179e0: ;   {runtime_call counter_overflow Runtime1 stub}
  0x000001bfb0b179e0: ffff e899 

  0x000001bfb0b179e4: ; ImmutableOopMap {[216]=Oop [264]=Oop [272]=Oop }
                      ;*synchronization entry
                      ; - java.lang.StringBuilder::append@-1
                      ; - java.net.URLClassLoader::defineClass@121
  0x000001bfb0b179e4: a5d6 06e9 | 53fb ffff 

  0x000001bfb0b179ec: ;   {metadata({method} {0x000001bfc4008958} 'toString' '()Ljava/lang/String;' in 'java/lang/StringBuilder')}
  0x000001bfb0b179ec: 49ba 5089 | 00c4 bf01 | 0000 4c89 | 5424 0848 | c704 24ff 

  0x000001bfb0b17a00: ;   {runtime_call counter_overflow Runtime1 stub}
  0x000001bfb0b17a00: ffff ffe8 

  0x000001bfb0b17a04: ; ImmutableOopMap {[264]=Oop [272]=Oop }
                      ;*synchronization entry
                      ; - java.lang.StringBuilder::toString@-1
                      ; - java.net.URLClassLoader::defineClass@124
  0x000001bfb0b17a04: 78a5 d606 | e9b0 fbff | ff48 8bd2 

  0x000001bfb0b17a10: ;   {runtime_call fast_new_instance Runtime1 stub}
  0x000001bfb0b17a10: e8eb 5fcd 

  0x000001bfb0b17a14: ; ImmutableOopMap {[264]=Oop [272]=Oop }
                      ;*new {reexecute=0 rethrow=0 return_oop=0}
                      ; - java.lang.StringBuilder::toString@0
                      ; - java.net.URLClassLoader::defineClass@124
  0x000001bfb0b17a14: 06e9 f3fb 

  0x000001bfb0b17a18: ;   {metadata({method} {0x000001bfc4455ab8} '<init>' '(Ljava/lang/StringBuilder;)V' in 'java/lang/String')}
  0x000001bfb0b17a18: ffff 49ba | b05a 45c4 | bf01 0000 | 4c89 5424 | 0848 c704 | 24ff ffff 

  0x000001bfb0b17a30: ;   {runtime_call counter_overflow Runtime1 stub}
  0x000001bfb0b17a30: ffe8 4aa5 

  0x000001bfb0b17a34: ; ImmutableOopMap {rax=Oop [264]=Oop [272]=Oop }
                      ;*synchronization entry
                      ; - java.lang.String::<init>@-1
                      ; - java.lang.StringBuilder::toString@5
                      ; - java.net.URLClassLoader::defineClass@124
  0x000001bfb0b17a34: d606 e913 | fcff ff48 | 8d84 2420 | 0100 0048 

  0x000001bfb0b17a44: ;   {runtime_call monitorexit_nofpu Runtime1 stub}
  0x000001bfb0b17a44: 8904 24e8 | 348a d606 | e9d0 fcff | ff49 8b87 | 0005 0000 | 49c7 8700 | 0500 0000 | 0000 0049 
  0x000001bfb0b17a64: c787 0805 | 0000 0000 | 0000 4881 | c440 0100 

  0x000001bfb0b17a74: ;   {runtime_call unwind_exception Runtime1 stub}
  0x000001bfb0b17a74: 005d e985 | 77cd 06f4 | f4f4 f4f4 
[Stub Code]
  0x000001bfb0b17a80: ;   {no_reloc}
  0x000001bfb0b17a80: 0f1f 4400 

  0x000001bfb0b17a84: ;   {static_stub}
  0x000001bfb0b17a84: 0048 bb00 | 0000 0000 

  0x000001bfb0b17a8c: ;   {runtime_call nmethod}
  0x000001bfb0b17a8c: 0000 00e9 | fbff ffff 

  0x000001bfb0b17a94: ;   {static_stub}
  0x000001bfb0b17a94: 9048 bb00 | 0000 0000 

  0x000001bfb0b17a9c: ;   {runtime_call nmethod}
  0x000001bfb0b17a9c: 0000 00e9 | fbff ffff 

  0x000001bfb0b17aa4: ;   {static_stub}
  0x000001bfb0b17aa4: 9048 bb00 | 0000 0000 

  0x000001bfb0b17aac: ;   {runtime_call nmethod}
  0x000001bfb0b17aac: 0000 00e9 | fbff ffff 

  0x000001bfb0b17ab4: ;   {static_stub}
  0x000001bfb0b17ab4: 9048 bb00 | 0000 0000 

  0x000001bfb0b17abc: ;   {runtime_call nmethod}
  0x000001bfb0b17abc: 0000 00e9 | fbff ffff 

  0x000001bfb0b17ac4: ;   {static_stub}
  0x000001bfb0b17ac4: 9048 bb00 | 0000 0000 

  0x000001bfb0b17acc: ;   {runtime_call nmethod}
  0x000001bfb0b17acc: 0000 00e9 | fbff ffff 

  0x000001bfb0b17ad4: ;   {static_stub}
  0x000001bfb0b17ad4: 9048 bb00 | 0000 0000 

  0x000001bfb0b17adc: ;   {runtime_call nmethod}
  0x000001bfb0b17adc: 0000 00e9 | fbff ffff 

  0x000001bfb0b17ae4: ;   {static_stub}
  0x000001bfb0b17ae4: 9048 bb00 | 0000 0000 

  0x000001bfb0b17aec: ;   {runtime_call nmethod}
  0x000001bfb0b17aec: 0000 00e9 | fbff ffff 

  0x000001bfb0b17af4: ;   {static_stub}
  0x000001bfb0b17af4: 9048 bb00 | 0000 0000 

  0x000001bfb0b17afc: ;   {runtime_call nmethod}
  0x000001bfb0b17afc: 0000 00e9 | fbff ffff 

  0x000001bfb0b17b04: ;   {static_stub}
  0x000001bfb0b17b04: 9048 bb00 | 0000 0000 

  0x000001bfb0b17b0c: ;   {runtime_call nmethod}
  0x000001bfb0b17b0c: 0000 00e9 | fbff ffff 

  0x000001bfb0b17b14: ;   {static_stub}
  0x000001bfb0b17b14: 9048 bb00 | 0000 0000 

  0x000001bfb0b17b1c: ;   {runtime_call nmethod}
  0x000001bfb0b17b1c: 0000 00e9 | fbff ffff 

  0x000001bfb0b17b24: ;   {static_stub}
  0x000001bfb0b17b24: 9048 bb00 | 0000 0000 

  0x000001bfb0b17b2c: ;   {runtime_call nmethod}
  0x000001bfb0b17b2c: 0000 00e9 | fbff ffff 

  0x000001bfb0b17b34: ;   {static_stub}
  0x000001bfb0b17b34: 9048 bb00 | 0000 0000 

  0x000001bfb0b17b3c: ;   {runtime_call nmethod}
  0x000001bfb0b17b3c: 0000 00e9 | fbff ffff 

  0x000001bfb0b17b44: ;   {static_stub}
  0x000001bfb0b17b44: 9048 bb00 | 0000 0000 

  0x000001bfb0b17b4c: ;   {runtime_call nmethod}
  0x000001bfb0b17b4c: 0000 00e9 | fbff ffff 

  0x000001bfb0b17b54: ;   {static_stub}
  0x000001bfb0b17b54: 9048 bb00 | 0000 0000 

  0x000001bfb0b17b5c: ;   {runtime_call nmethod}
  0x000001bfb0b17b5c: 0000 00e9 | fbff ffff 

  0x000001bfb0b17b64: ;   {static_stub}
  0x000001bfb0b17b64: 48bb 8044 | 02c4 bf01 

  0x000001bfb0b17b6c: ;   {runtime_call I2C/C2I adapters}
  0x000001bfb0b17b6c: 0000 e978 

  0x000001bfb0b17b70: ;   {static_stub}
  0x000001bfb0b17b70: a7c8 0648 | bb00 e746 | c4bf 0100 

  0x000001bfb0b17b7c: ;   {runtime_call I2C/C2I adapters}
  0x000001bfb0b17b7c: 00e9 e932 

  0x000001bfb0b17b80: ;   {static_stub}
  0x000001bfb0b17b80: ca06 48bb | 0000 0000 | 0000 0000 

  0x000001bfb0b17b8c: ;   {runtime_call nmethod}
  0x000001bfb0b17b8c: e9fb ffff 

  0x000001bfb0b17b90: ;   {static_stub}
  0x000001bfb0b17b90: ff48 bbe0 | e004 c4bf 

  0x000001bfb0b17b98: ;   {runtime_call I2C/C2I adapters}
  0x000001bfb0b17b98: 0100 00e9 | 55aa c906 

  0x000001bfb0b17ba0: ;   {static_stub}
  0x000001bfb0b17ba0: 48bb 0000 | 0000 0000 

  0x000001bfb0b17ba8: ;   {runtime_call nmethod}
  0x000001bfb0b17ba8: 0000 e9fb 

  0x000001bfb0b17bac: ;   {static_stub}
  0x000001bfb0b17bac: ffff ff48 | bba8 3845 | c4bf 0100 

  0x000001bfb0b17bb8: ;   {runtime_call I2C/C2I adapters}
  0x000001bfb0b17bb8: 00e9 2da7 

  0x000001bfb0b17bbc: ;   {static_stub}
  0x000001bfb0b17bbc: c806 48bb | 80dc 0505 | c001 0000 

  0x000001bfb0b17bc8: ;   {runtime_call I2C/C2I adapters}
  0x000001bfb0b17bc8: e922 b6c9 

  0x000001bfb0b17bcc: ;   {static_stub}
  0x000001bfb0b17bcc: 0648 bb00 | 0000 0000 

  0x000001bfb0b17bd4: ;   {runtime_call nmethod}
  0x000001bfb0b17bd4: 0000 00e9 | fbff ffff 

  0x000001bfb0b17bdc: ;   {static_stub}
  0x000001bfb0b17bdc: 48bb 0000 | 0000 0000 

  0x000001bfb0b17be4: ;   {runtime_call nmethod}
  0x000001bfb0b17be4: 0000 e9fb 

  0x000001bfb0b17be8: ;   {runtime_call handle_exception_from_callee Runtime1 stub}
  0x000001bfb0b17be8: ffff ffe8 | 1049 cd06 

  0x000001bfb0b17bf0: ;   {external_word}
  0x000001bfb0b17bf0: 48b9 5063 | a790 fb7f | 0000 4883 

  0x000001bfb0b17bfc: ;   {runtime_call}
  0x000001bfb0b17bfc: e4f0 48b8 | c0c9 6990 | fb7f 0000 

  0x000001bfb0b17c08: ;   {section_word}
  0x000001bfb0b17c08: ffd0 f449 | ba0b 7cb1 | b0bf 0100 

  0x000001bfb0b17c14: ;   {runtime_call DeoptimizationBlob}
  0x000001bfb0b17c14: 0041 52e9 | 04cb ca06 | f4f4 f4f4 
[/MachCode]


---------------  P R O C E S S  ---------------

Threads class SMR info:
_java_thread_list=0x000001c00a9ff750, length=76, elements={
0x000001bfad0423c0, 0x000001bfc336ff00, 0x000001bfc3370960, 0x000001bfc33733d0,
0x000001bfc3373e30, 0x000001bfc3374890, 0x000001bfc33752f0, 0x000001bfc3376080,
0x000001bfc33ba9a0, 0x000001bfc35aadc0, 0x000001bfc36122f0, 0x000001bfc34cf2b0,
0x000001bfc342aba0, 0x000001c00932fe30, 0x000001c009dd7e80, 0x000001c009dd88c0,
0x000001c0090de500, 0x000001c0090db710, 0x000001c0090dd7e0, 0x000001c0090dbda0,
0x000001c0090dcac0, 0x000001c0090dc430, 0x000001c0090dd150, 0x000001c0090deb90,
0x000001c00ae5d9f0, 0x000001c00ae60150, 0x000001c00ae5fac0, 0x000001c00ae5d360,
0x000001c00ae60e70, 0x000001c00ae61500, 0x000001c00ae607e0, 0x000001c00ae5e080,
0x000001c00ae61b90, 0x000001c00ae5e710, 0x000001c00bf2b7a0, 0x000001c00bf296d0,
0x000001c00bf2b110, 0x000001c00bf2c4c0, 0x000001c00bf2a3f0, 0x000001c00bf29040,
0x000001c00bf2cb50, 0x000001c00bf29d60, 0x000001c00bf2d1e0, 0x000001c00bf2d870,
0x000001c00bf2be30, 0x000001c00bf2df00, 0x000001c00bf2aa80, 0x000001c00bf2e590,
0x000001c00bf2ffd0, 0x000001c00bf30660, 0x000001c00bf2f2b0, 0x000001c00d0b0720,
0x000001c00d0b1440, 0x000001c00d0b0db0, 0x000001c00d0b1ad0, 0x000001c00d0b2160,
0x000001c00d0b55e0, 0x000001c00d0b48c0, 0x000001c00d0b3510, 0x000001c00d0b3ba0,
0x000001c00d0b5c70, 0x000001c00d0b27f0, 0x000001c00d0b7020, 0x000001c00d0b6300,
0x000001c00d0b6990, 0x000001c00d0b76b0, 0x000001c00ae635d0, 0x000001c00c2ced80,
0x000001c00c2d14e0, 0x000001c00c2d07c0, 0x000001c00c2ce060, 0x000001c00c2d1b70,
0x000001c00c2cf410, 0x000001c00c2cfaa0, 0x000001c00c2ce6f0, 0x000001c00c2d35b0
}

Java Threads: ( => current thread )
  0x000001bfad0423c0 JavaThread "main"                              [_thread_blocked, id=15896, stack(0x0000005402b00000,0x0000005402c00000) (1024K)]
  0x000001bfc336ff00 JavaThread "Reference Handler"          daemon [_thread_blocked, id=26152, stack(0x0000005403400000,0x0000005403500000) (1024K)]
  0x000001bfc3370960 JavaThread "Finalizer"                  daemon [_thread_blocked, id=23620, stack(0x0000005403500000,0x0000005403600000) (1024K)]
  0x000001bfc33733d0 JavaThread "Signal Dispatcher"          daemon [_thread_blocked, id=23992, stack(0x0000005403600000,0x0000005403700000) (1024K)]
  0x000001bfc3373e30 JavaThread "Attach Listener"            daemon [_thread_blocked, id=24124, stack(0x0000005403700000,0x0000005403800000) (1024K)]
  0x000001bfc3374890 JavaThread "Service Thread"             daemon [_thread_blocked, id=26200, stack(0x0000005403800000,0x0000005403900000) (1024K)]
  0x000001bfc33752f0 JavaThread "Monitor Deflation Thread"   daemon [_thread_blocked, id=16960, stack(0x0000005403900000,0x0000005403a00000) (1024K)]
  0x000001bfc3376080 JavaThread "C2 CompilerThread0"         daemon [_thread_blocked, id=23880, stack(0x0000005403a00000,0x0000005403b00000) (1024K)]
  0x000001bfc33ba9a0 JavaThread "C1 CompilerThread0"         daemon [_thread_blocked, id=9764, stack(0x0000005403b00000,0x0000005403c00000) (1024K)]
  0x000001bfc35aadc0 JavaThread "Common-Cleaner"             daemon [_thread_blocked, id=6124, stack(0x0000005403c00000,0x0000005403d00000) (1024K)]
  0x000001bfc36122f0 JavaThread "Notification Thread"        daemon [_thread_blocked, id=4308, stack(0x0000005403d00000,0x0000005403e00000) (1024K)]
  0x000001bfc34cf2b0 JavaThread "Daemon health stats"               [_thread_blocked, id=23636, stack(0x0000005404200000,0x0000005404300000) (1024K)]
  0x000001bfc342aba0 JavaThread "Incoming local TCP Connector on port 25666"        [_thread_in_native, id=21812, stack(0x0000005404300000,0x0000005404400000) (1024K)]
  0x000001c00932fe30 JavaThread "Daemon periodic checks"            [_thread_blocked, id=12244, stack(0x0000005404400000,0x0000005404500000) (1024K)]
  0x000001c009dd7e80 JavaThread "Daemon"                            [_thread_blocked, id=27664, stack(0x0000005404500000,0x0000005404600000) (1024K)]
  0x000001c009dd88c0 JavaThread "Handler for socket connection from /127.0.0.1:25666 to /127.0.0.1:25667"        [_thread_in_native, id=27676, stack(0x0000005404600000,0x0000005404700000) (1024K)]
  0x000001c0090de500 JavaThread "Cancel handler"                    [_thread_blocked, id=27680, stack(0x0000005404700000,0x0000005404800000) (1024K)]
=>0x000001c0090db710 JavaThread "Daemon worker"                     [_thread_in_vm, id=27684, stack(0x0000005404800000,0x0000005404900000) (1024K)]
  0x000001c0090dd7e0 JavaThread "Asynchronous log dispatcher for DefaultDaemonConnection: socket connection from /127.0.0.1:25666 to /127.0.0.1:25667"        [_thread_blocked, id=27688, stack(0x0000005404900000,0x0000005404a00000) (1024K)]
  0x000001c0090dbda0 JavaThread "Stdin handler"                     [_thread_blocked, id=27696, stack(0x0000005404a00000,0x0000005404b00000) (1024K)]
  0x000001c0090dcac0 JavaThread "Daemon client event forwarder"        [_thread_blocked, id=27700, stack(0x0000005404b00000,0x0000005404c00000) (1024K)]
  0x000001c0090dc430 JavaThread "Cache worker for journal cache (C:\Users\LENOVO\.gradle\caches\journal-1)"        [_thread_blocked, id=28452, stack(0x0000005404e00000,0x0000005404f00000) (1024K)]
  0x000001c0090dd150 JavaThread "File lock request listener"        [_thread_in_native, id=28472, stack(0x0000005404f00000,0x0000005405000000) (1024K)]
  0x000001c0090deb90 JavaThread "Cache worker for file hash cache (C:\Users\LENOVO\.gradle\caches\8.14\fileHashes)"        [_thread_blocked, id=28480, stack(0x0000005405000000,0x0000005405100000) (1024K)]
  0x000001c00ae5d9f0 JavaThread "Cache worker for file hash cache (C:\Users\LENOVO\Desktop\HeliBoard-main\.gradle\8.14\fileHashes)"        [_thread_blocked, id=25916, stack(0x0000005405100000,0x0000005405200000) (1024K)]
  0x000001c00ae60150 JavaThread "Cache worker for Build Output Cleanup Cache (C:\Users\LENOVO\Desktop\HeliBoard-main\.gradle\buildOutputCleanup)"        [_thread_blocked, id=14580, stack(0x0000005405200000,0x0000005405300000) (1024K)]
  0x000001c00ae5fac0 JavaThread "File watcher server"        daemon [_thread_in_native, id=5308, stack(0x0000005405300000,0x0000005405400000) (1024K)]
  0x000001c00ae5d360 JavaThread "File watcher consumer"      daemon [_thread_blocked, id=26300, stack(0x0000005405400000,0x0000005405500000) (1024K)]
  0x000001c00ae60e70 JavaThread "jar transforms"                    [_thread_blocked, id=13468, stack(0x0000005405500000,0x0000005405600000) (1024K)]
  0x000001c00ae61500 JavaThread "jar transforms Thread 2"           [_thread_blocked, id=3108, stack(0x0000005405600000,0x0000005405700000) (1024K)]
  0x000001c00ae607e0 JavaThread "Cache worker for checksums cache (C:\Users\LENOVO\Desktop\HeliBoard-main\.gradle\8.14\checksums)"        [_thread_blocked, id=28896, stack(0x0000005405700000,0x0000005405800000) (1024K)]
  0x000001c00ae5e080 JavaThread "Cache worker for file content cache (C:\Users\LENOVO\.gradle\caches\8.14\fileContent)"        [_thread_blocked, id=18688, stack(0x0000005405800000,0x0000005405900000) (1024K)]
  0x000001c00ae61b90 JavaThread "Cache worker for cache directory md-supplier (C:\Users\LENOVO\.gradle\caches\8.14\md-supplier)"        [_thread_blocked, id=6920, stack(0x0000005405900000,0x0000005405a00000) (1024K)]
  0x000001c00ae5e710 JavaThread "Cache worker for cache directory md-rule (C:\Users\LENOVO\.gradle\caches\8.14\md-rule)"        [_thread_blocked, id=21936, stack(0x0000005405a00000,0x0000005405b00000) (1024K)]
  0x000001c00bf2b7a0 JavaThread "Unconstrained build operations"        [_thread_blocked, id=26800, stack(0x0000005405d00000,0x0000005405e00000) (1024K)]
  0x000001c00bf296d0 JavaThread "Unconstrained build operations Thread 2"        [_thread_blocked, id=26844, stack(0x0000005405e00000,0x0000005405f00000) (1024K)]
  0x000001c00bf2b110 JavaThread "Unconstrained build operations Thread 3"        [_thread_blocked, id=29656, stack(0x0000005405f00000,0x0000005406000000) (1024K)]
  0x000001c00bf2c4c0 JavaThread "Unconstrained build operations Thread 4"        [_thread_blocked, id=16892, stack(0x0000005406000000,0x0000005406100000) (1024K)]
  0x000001c00bf2a3f0 JavaThread "Unconstrained build operations Thread 5"        [_thread_blocked, id=24088, stack(0x0000005406100000,0x0000005406200000) (1024K)]
  0x000001c00bf29040 JavaThread "Unconstrained build operations Thread 6"        [_thread_blocked, id=10660, stack(0x0000005406200000,0x0000005406300000) (1024K)]
  0x000001c00bf2cb50 JavaThread "Unconstrained build operations Thread 7"        [_thread_blocked, id=19992, stack(0x0000005406300000,0x0000005406400000) (1024K)]
  0x000001c00bf29d60 JavaThread "Unconstrained build operations Thread 8"        [_thread_blocked, id=17948, stack(0x0000005406400000,0x0000005406500000) (1024K)]
  0x000001c00bf2d1e0 JavaThread "Unconstrained build operations Thread 9"        [_thread_blocked, id=25068, stack(0x0000005406500000,0x0000005406600000) (1024K)]
  0x000001c00bf2d870 JavaThread "Unconstrained build operations Thread 10"        [_thread_blocked, id=24816, stack(0x0000005406600000,0x0000005406700000) (1024K)]
  0x000001c00bf2be30 JavaThread "Unconstrained build operations Thread 11"        [_thread_blocked, id=9884, stack(0x0000005406700000,0x0000005406800000) (1024K)]
  0x000001c00bf2df00 JavaThread "Unconstrained build operations Thread 12"        [_thread_blocked, id=2676, stack(0x0000005406800000,0x0000005406900000) (1024K)]
  0x000001c00bf2aa80 JavaThread "Unconstrained build operations Thread 13"        [_thread_blocked, id=2228, stack(0x0000005406900000,0x0000005406a00000) (1024K)]
  0x000001c00bf2e590 JavaThread "Unconstrained build operations Thread 14"        [_thread_blocked, id=24764, stack(0x0000005406a00000,0x0000005406b00000) (1024K)]
  0x000001c00bf2ffd0 JavaThread "Unconstrained build operations Thread 15"        [_thread_blocked, id=29200, stack(0x0000005406b00000,0x0000005406c00000) (1024K)]
  0x000001c00bf30660 JavaThread "Unconstrained build operations Thread 16"        [_thread_blocked, id=28904, stack(0x0000005406c00000,0x0000005406d00000) (1024K)]
  0x000001c00bf2f2b0 JavaThread "Unconstrained build operations Thread 17"        [_thread_blocked, id=29332, stack(0x0000005406d00000,0x0000005406e00000) (1024K)]
  0x000001c00d0b0720 JavaThread "Unconstrained build operations Thread 18"        [_thread_blocked, id=12344, stack(0x0000005406e00000,0x0000005406f00000) (1024K)]
  0x000001c00d0b1440 JavaThread "Unconstrained build operations Thread 19"        [_thread_blocked, id=23852, stack(0x0000005406f00000,0x0000005407000000) (1024K)]
  0x000001c00d0b0db0 JavaThread "Unconstrained build operations Thread 20"        [_thread_blocked, id=28532, stack(0x0000005407000000,0x0000005407100000) (1024K)]
  0x000001c00d0b1ad0 JavaThread "Unconstrained build operations Thread 21"        [_thread_blocked, id=28556, stack(0x0000005407100000,0x0000005407200000) (1024K)]
  0x000001c00d0b2160 JavaThread "Unconstrained build operations Thread 22"        [_thread_blocked, id=23716, stack(0x0000005405c00000,0x0000005405d00000) (1024K)]
  0x000001c00d0b55e0 JavaThread "Unconstrained build operations Thread 23"        [_thread_blocked, id=25588, stack(0x0000005407200000,0x0000005407300000) (1024K)]
  0x000001c00d0b48c0 JavaThread "Unconstrained build operations Thread 24"        [_thread_blocked, id=17844, stack(0x0000005407300000,0x0000005407400000) (1024K)]
  0x000001c00d0b3510 JavaThread "Unconstrained build operations Thread 25"        [_thread_blocked, id=22984, stack(0x0000005407400000,0x0000005407500000) (1024K)]
  0x000001c00d0b3ba0 JavaThread "Unconstrained build operations Thread 26"        [_thread_blocked, id=23496, stack(0x0000005407500000,0x0000005407600000) (1024K)]
  0x000001c00d0b5c70 JavaThread "Unconstrained build operations Thread 27"        [_thread_blocked, id=6256, stack(0x0000005407600000,0x0000005407700000) (1024K)]
  0x000001c00d0b27f0 JavaThread "Unconstrained build operations Thread 28"        [_thread_blocked, id=12424, stack(0x0000005407700000,0x0000005407800000) (1024K)]
  0x000001c00d0b7020 JavaThread "Unconstrained build operations Thread 29"        [_thread_blocked, id=16720, stack(0x0000005407800000,0x0000005407900000) (1024K)]
  0x000001c00d0b6300 JavaThread "Unconstrained build operations Thread 30"        [_thread_blocked, id=2740, stack(0x0000005407900000,0x0000005407a00000) (1024K)]
  0x000001c00d0b6990 JavaThread "Unconstrained build operations Thread 31"        [_thread_blocked, id=24628, stack(0x0000005407a00000,0x0000005407b00000) (1024K)]
  0x000001c00d0b76b0 JavaThread "Unconstrained build operations Thread 32"        [_thread_blocked, id=14564, stack(0x0000005407b00000,0x0000005407c00000) (1024K)]
  0x000001c00ae635d0 JavaThread "Unconstrained build operations Thread 33"        [_thread_blocked, id=25412, stack(0x0000005407c00000,0x0000005407d00000) (1024K)]
  0x000001c00c2ced80 JavaThread "Unconstrained build operations Thread 34"        [_thread_blocked, id=20208, stack(0x0000005407d00000,0x0000005407e00000) (1024K)]
  0x000001c00c2d14e0 JavaThread "Unconstrained build operations Thread 35"        [_thread_blocked, id=13216, stack(0x0000005407e00000,0x0000005407f00000) (1024K)]
  0x000001c00c2d07c0 JavaThread "Unconstrained build operations Thread 36"        [_thread_blocked, id=21904, stack(0x0000005407f00000,0x0000005408000000) (1024K)]
  0x000001c00c2ce060 JavaThread "Unconstrained build operations Thread 37"        [_thread_blocked, id=17084, stack(0x0000005408000000,0x0000005408100000) (1024K)]
  0x000001c00c2d1b70 JavaThread "Unconstrained build operations Thread 38"        [_thread_blocked, id=23344, stack(0x0000005408100000,0x0000005408200000) (1024K)]
  0x000001c00c2cf410 JavaThread "Unconstrained build operations Thread 39"        [_thread_blocked, id=25260, stack(0x0000005408200000,0x0000005408300000) (1024K)]
  0x000001c00c2cfaa0 JavaThread "Memory manager"                    [_thread_blocked, id=28768, stack(0x0000005408300000,0x0000005408400000) (1024K)]
  0x000001c00c2ce6f0 JavaThread "build event listener"              [_thread_blocked, id=5828, stack(0x0000005405b00000,0x0000005405c00000) (1024K)]
  0x000001c00c2d35b0 JavaThread "Problems report writer"            [_thread_blocked, id=28060, stack(0x0000005408400000,0x0000005408500000) (1024K)]
Total: 76

Other Threads:
  0x000001bfc3351320 VMThread "VM Thread"                           [id=1636, stack(0x0000005403300000,0x0000005403400000) (1024K)]
  0x000001bfc33407a0 WatcherThread "VM Periodic Task Thread"        [id=25336, stack(0x0000005403200000,0x0000005403300000) (1024K)]
  0x000001bfad07a980 WorkerThread "GC Thread#0"                     [id=25652, stack(0x0000005402c00000,0x0000005402d00000) (1024K)]
  0x000001bfc378b240 WorkerThread "GC Thread#1"                     [id=972, stack(0x0000005403e00000,0x0000005403f00000) (1024K)]
  0x000001bfc37fe680 WorkerThread "GC Thread#2"                     [id=4052, stack(0x0000005403f00000,0x0000005404000000) (1024K)]
  0x000001bfc37fea30 WorkerThread "GC Thread#3"                     [id=4992, stack(0x0000005404000000,0x0000005404100000) (1024K)]
  0x000001c00912abd0 WorkerThread "GC Thread#4"                     [id=26436, stack(0x0000005404100000,0x0000005404200000) (1024K)]
  0x000001c0092d9af0 WorkerThread "GC Thread#5"                     [id=28436, stack(0x0000005402a00000,0x0000005402b00000) (1024K)]
  0x000001c0092da600 WorkerThread "GC Thread#6"                     [id=28440, stack(0x0000005404c00000,0x0000005404d00000) (1024K)]
  0x000001c0092d9740 WorkerThread "GC Thread#7"                     [id=28444, stack(0x0000005404d00000,0x0000005404e00000) (1024K)]
  0x000001bfad081960 ConcurrentGCThread "G1 Main Marker"            [id=20196, stack(0x0000005402d00000,0x0000005402e00000) (1024K)]
  0x000001bfaad8d510 WorkerThread "G1 Conc#0"                       [id=10644, stack(0x0000005402e00000,0x0000005402f00000) (1024K)]
  0x000001c00a502780 WorkerThread "G1 Conc#1"                       [id=10580, stack(0x0000005403100000,0x0000005403200000) (1024K)]
  0x000001bfc32110a0 ConcurrentGCThread "G1 Refine#0"               [id=26232, stack(0x0000005402f00000,0x0000005403000000) (1024K)]
  0x000001bfc3211b20 ConcurrentGCThread "G1 Service"                [id=25632, stack(0x0000005403000000,0x0000005403100000) (1024K)]
Total: 15

Threads with active compile tasks:
Total: 0

VM state: not at safepoint (normal execution)

VM Mutex/Monitor currently owned by a thread:  ([mutex/lock_event])
[0x00007ffb90d2d530] Metaspace_lock - owner thread: 0x000001c0090db710

Heap address: 0x00000000c0000000, size: 1024 MB, Compressed Oops mode: 32-bit

CDS archive(s) mapped at: [0x000001bfc4000000-0x000001bfc4ba0000-0x000001bfc4ba0000), size 12189696, SharedBaseAddress: 0x000001bfc4000000, ArchiveRelocationMode: 1.
Compressed class space mapped at: 0x000001bfc5000000-0x000001c005000000, reserved size: 1073741824
Narrow klass base: 0x000001bfc4000000, Narrow klass shift: 0, Narrow klass range: 0x100000000

GC Precious Log:
 CardTable entry size: 512
 Card Set container configuration: InlinePtr #cards 5 size 8 Array Of Cards #cards 12 size 40 Howl #buckets 4 coarsen threshold 1843 Howl Bitmap #cards 512 size 80 coarsen threshold 460 Card regions per heap region 1 cards per card region 2048
 CPUs: 8 total, 8 available
 Memory: 5965M
 Large Page Support: Disabled
 NUMA Support: Disabled
 Compressed Oops: Enabled (32-bit)
 Heap Region Size: 1M
 Heap Min Capacity: 8M
 Heap Initial Capacity: 94M
 Heap Max Capacity: 1G
 Pre-touch: Disabled
 Parallel Workers: 8
 Concurrent Workers: 2
 Concurrent Refinement Workers: 8
 Periodic GC: Disabled

Heap:
 garbage-first heap   total 143360K, used 95637K [0x00000000c0000000, 0x0000000100000000)
  region size 1024K, 14 young (14336K), 5 survivors (5120K)
 Metaspace       used 86893K, committed 89024K, reserved 1179648K
  class space    used 12244K, committed 13312K, reserved 1048576K

Heap Regions: E=young(eden), S=young(survivor), O=old, HS=humongous(starts), HC=humongous(continues), CS=collection set, F=free, TAMS=top-at-mark-start, PB=parsable bottom
|   0|0x00000000c0000000, 0x00000000c0100000, 0x00000000c0100000|100%|HS|  |TAMS 0x00000000c0000000| PB 0x00000000c0000000| Complete 
|   1|0x00000000c0100000, 0x00000000c0200000, 0x00000000c0200000|100%|HC|  |TAMS 0x00000000c0100000| PB 0x00000000c0100000| Complete 
|   2|0x00000000c0200000, 0x00000000c0300000, 0x00000000c0300000|100%|HC|  |TAMS 0x00000000c0200000| PB 0x00000000c0200000| Complete 
|   3|0x00000000c0300000, 0x00000000c0400000, 0x00000000c0400000|100%| O|  |TAMS 0x00000000c0300000| PB 0x00000000c0300000| Untracked 
|   4|0x00000000c0400000, 0x00000000c0500000, 0x00000000c0500000|100%| O|  |TAMS 0x00000000c0400000| PB 0x00000000c0400000| Untracked 
|   5|0x00000000c0500000, 0x00000000c0600000, 0x00000000c0600000|100%| O|  |TAMS 0x00000000c0500000| PB 0x00000000c0500000| Untracked 
|   6|0x00000000c0600000, 0x00000000c0700000, 0x00000000c0700000|100%|HS|  |TAMS 0x00000000c0600000| PB 0x00000000c0600000| Complete 
|   7|0x00000000c0700000, 0x00000000c0800000, 0x00000000c0800000|100%| O|  |TAMS 0x00000000c0700000| PB 0x00000000c0700000| Untracked 
|   8|0x00000000c0800000, 0x00000000c0900000, 0x00000000c0900000|100%| O|  |TAMS 0x00000000c0800000| PB 0x00000000c0800000| Untracked 
|   9|0x00000000c0900000, 0x00000000c0a00000, 0x00000000c0a00000|100%| O|  |TAMS 0x00000000c0900000| PB 0x00000000c0900000| Untracked 
|  10|0x00000000c0a00000, 0x00000000c0b00000, 0x00000000c0b00000|100%| O|  |TAMS 0x00000000c0a00000| PB 0x00000000c0a00000| Untracked 
|  11|0x00000000c0b00000, 0x00000000c0c00000, 0x00000000c0c00000|100%| O|  |TAMS 0x00000000c0b00000| PB 0x00000000c0b00000| Untracked 
|  12|0x00000000c0c00000, 0x00000000c0d00000, 0x00000000c0d00000|100%| O|  |TAMS 0x00000000c0c00000| PB 0x00000000c0c00000| Untracked 
|  13|0x00000000c0d00000, 0x00000000c0e00000, 0x00000000c0e00000|100%| O|  |TAMS 0x00000000c0d00000| PB 0x00000000c0d00000| Untracked 
|  14|0x00000000c0e00000, 0x00000000c0f00000, 0x00000000c0f00000|100%| O|  |TAMS 0x00000000c0e00000| PB 0x00000000c0e00000| Untracked 
|  15|0x00000000c0f00000, 0x00000000c1000000, 0x00000000c1000000|100%| O|  |TAMS 0x00000000c0f00000| PB 0x00000000c0f00000| Untracked 
|  16|0x00000000c1000000, 0x00000000c1100000, 0x00000000c1100000|100%| O|  |TAMS 0x00000000c1000000| PB 0x00000000c1000000| Untracked 
|  17|0x00000000c1100000, 0x00000000c1200000, 0x00000000c1200000|100%| O|  |TAMS 0x00000000c1100000| PB 0x00000000c1100000| Untracked 
|  18|0x00000000c1200000, 0x00000000c1300000, 0x00000000c1300000|100%| O|  |TAMS 0x00000000c1200000| PB 0x00000000c1200000| Untracked 
|  19|0x00000000c1300000, 0x00000000c1400000, 0x00000000c1400000|100%| O|  |TAMS 0x00000000c1300000| PB 0x00000000c1300000| Untracked 
|  20|0x00000000c1400000, 0x00000000c1500000, 0x00000000c1500000|100%| O|  |TAMS 0x00000000c1400000| PB 0x00000000c1400000| Untracked 
|  21|0x00000000c1500000, 0x00000000c1600000, 0x00000000c1600000|100%| O|  |TAMS 0x00000000c1500000| PB 0x00000000c1500000| Untracked 
|  22|0x00000000c1600000, 0x00000000c1700000, 0x00000000c1700000|100%| O|  |TAMS 0x00000000c1600000| PB 0x00000000c1600000| Untracked 
|  23|0x00000000c1700000, 0x00000000c1800000, 0x00000000c1800000|100%| O|  |TAMS 0x00000000c1700000| PB 0x00000000c1700000| Untracked 
|  24|0x00000000c1800000, 0x00000000c1800000, 0x00000000c1900000|  0%| F|  |TAMS 0x00000000c1800000| PB 0x00000000c1800000| Untracked 
|  25|0x00000000c1900000, 0x00000000c1a00000, 0x00000000c1a00000|100%| O|  |TAMS 0x00000000c1900000| PB 0x00000000c1900000| Untracked 
|  26|0x00000000c1a00000, 0x00000000c1b00000, 0x00000000c1b00000|100%| O|  |TAMS 0x00000000c1a00000| PB 0x00000000c1a00000| Untracked 
|  27|0x00000000c1b00000, 0x00000000c1c00000, 0x00000000c1c00000|100%| O|  |TAMS 0x00000000c1b00000| PB 0x00000000c1b00000| Untracked 
|  28|0x00000000c1c00000, 0x00000000c1d00000, 0x00000000c1d00000|100%| O|  |TAMS 0x00000000c1c00000| PB 0x00000000c1c00000| Untracked 
|  29|0x00000000c1d00000, 0x00000000c1e00000, 0x00000000c1e00000|100%| O|  |TAMS 0x00000000c1d00000| PB 0x00000000c1d00000| Untracked 
|  30|0x00000000c1e00000, 0x00000000c1f00000, 0x00000000c1f00000|100%|HS|  |TAMS 0x00000000c1e00000| PB 0x00000000c1e00000| Complete 
|  31|0x00000000c1f00000, 0x00000000c2000000, 0x00000000c2000000|100%| O|  |TAMS 0x00000000c1f00000| PB 0x00000000c1f00000| Untracked 
|  32|0x00000000c2000000, 0x00000000c2100000, 0x00000000c2100000|100%| O|  |TAMS 0x00000000c2000000| PB 0x00000000c2000000| Untracked 
|  33|0x00000000c2100000, 0x00000000c2200000, 0x00000000c2200000|100%| O|  |TAMS 0x00000000c2100000| PB 0x00000000c2100000| Untracked 
|  34|0x00000000c2200000, 0x00000000c2300000, 0x00000000c2300000|100%| O|  |TAMS 0x00000000c2200000| PB 0x00000000c2200000| Untracked 
|  35|0x00000000c2300000, 0x00000000c2400000, 0x00000000c2400000|100%| O|  |TAMS 0x00000000c2300000| PB 0x00000000c2300000| Untracked 
|  36|0x00000000c2400000, 0x00000000c2500000, 0x00000000c2500000|100%|HS|  |TAMS 0x00000000c2400000| PB 0x00000000c2400000| Complete 
|  37|0x00000000c2500000, 0x00000000c2600000, 0x00000000c2600000|100%| O|  |TAMS 0x00000000c2500000| PB 0x00000000c2500000| Untracked 
|  38|0x00000000c2600000, 0x00000000c2700000, 0x00000000c2700000|100%| O|  |TAMS 0x00000000c2600000| PB 0x00000000c2600000| Untracked 
|  39|0x00000000c2700000, 0x00000000c2800000, 0x00000000c2800000|100%| O|  |TAMS 0x00000000c2700000| PB 0x00000000c2700000| Untracked 
|  40|0x00000000c2800000, 0x00000000c2900000, 0x00000000c2900000|100%| O|  |TAMS 0x00000000c2800000| PB 0x00000000c2800000| Untracked 
|  41|0x00000000c2900000, 0x00000000c2900000, 0x00000000c2a00000|  0%| F|  |TAMS 0x00000000c2900000| PB 0x00000000c2900000| Untracked 
|  42|0x00000000c2a00000, 0x00000000c2b00000, 0x00000000c2b00000|100%| O|  |TAMS 0x00000000c2a00000| PB 0x00000000c2a00000| Untracked 
|  43|0x00000000c2b00000, 0x00000000c2c00000, 0x00000000c2c00000|100%| O|  |TAMS 0x00000000c2b00000| PB 0x00000000c2b00000| Untracked 
|  44|0x00000000c2c00000, 0x00000000c2d00000, 0x00000000c2d00000|100%| O|  |TAMS 0x00000000c2c00000| PB 0x00000000c2c00000| Untracked 
|  45|0x00000000c2d00000, 0x00000000c2e00000, 0x00000000c2e00000|100%| O|  |TAMS 0x00000000c2d00000| PB 0x00000000c2d00000| Untracked 
|  46|0x00000000c2e00000, 0x00000000c2f00000, 0x00000000c2f00000|100%| O|  |TAMS 0x00000000c2e00000| PB 0x00000000c2e00000| Untracked 
|  47|0x00000000c2f00000, 0x00000000c3000000, 0x00000000c3000000|100%| O|  |TAMS 0x00000000c2f00000| PB 0x00000000c2f00000| Untracked 
|  48|0x00000000c3000000, 0x00000000c3100000, 0x00000000c3100000|100%|HS|  |TAMS 0x00000000c3000000| PB 0x00000000c3000000| Complete 
|  49|0x00000000c3100000, 0x00000000c3200000, 0x00000000c3200000|100%|HC|  |TAMS 0x00000000c3100000| PB 0x00000000c3100000| Complete 
|  50|0x00000000c3200000, 0x00000000c3300000, 0x00000000c3300000|100%|HS|  |TAMS 0x00000000c3200000| PB 0x00000000c3200000| Complete 
|  51|0x00000000c3300000, 0x00000000c3400000, 0x00000000c3400000|100%|HS|  |TAMS 0x00000000c3300000| PB 0x00000000c3300000| Complete 
|  52|0x00000000c3400000, 0x00000000c3500000, 0x00000000c3500000|100%|HS|  |TAMS 0x00000000c3400000| PB 0x00000000c3400000| Complete 
|  53|0x00000000c3500000, 0x00000000c3600000, 0x00000000c3600000|100%|HS|  |TAMS 0x00000000c3500000| PB 0x00000000c3500000| Complete 
|  54|0x00000000c3600000, 0x00000000c3700000, 0x00000000c3700000|100%|HC|  |TAMS 0x00000000c3600000| PB 0x00000000c3600000| Complete 
|  55|0x00000000c3700000, 0x00000000c3800000, 0x00000000c3800000|100%|HS|  |TAMS 0x00000000c3700000| PB 0x00000000c3700000| Complete 
|  56|0x00000000c3800000, 0x00000000c3900000, 0x00000000c3900000|100%| O|  |TAMS 0x00000000c3800000| PB 0x00000000c3800000| Untracked 
|  57|0x00000000c3900000, 0x00000000c3a00000, 0x00000000c3a00000|100%| O|  |TAMS 0x00000000c3900000| PB 0x00000000c3900000| Untracked 
|  58|0x00000000c3a00000, 0x00000000c3b00000, 0x00000000c3b00000|100%| O|  |TAMS 0x00000000c3a00000| PB 0x00000000c3a00000| Untracked 
|  59|0x00000000c3b00000, 0x00000000c3c00000, 0x00000000c3c00000|100%| O|  |TAMS 0x00000000c3b00000| PB 0x00000000c3b00000| Untracked 
|  60|0x00000000c3c00000, 0x00000000c3d00000, 0x00000000c3d00000|100%| O|  |TAMS 0x00000000c3c00000| PB 0x00000000c3c00000| Untracked 
|  61|0x00000000c3d00000, 0x00000000c3e00000, 0x00000000c3e00000|100%| O|  |TAMS 0x00000000c3d00000| PB 0x00000000c3d00000| Untracked 
|  62|0x00000000c3e00000, 0x00000000c3f00000, 0x00000000c3f00000|100%| O|  |TAMS 0x00000000c3e00000| PB 0x00000000c3e00000| Untracked 
|  63|0x00000000c3f00000, 0x00000000c4000000, 0x00000000c4000000|100%| O|  |TAMS 0x00000000c3f00000| PB 0x00000000c3f00000| Untracked 
|  64|0x00000000c4000000, 0x00000000c4100000, 0x00000000c4100000|100%| O|  |TAMS 0x00000000c4000000| PB 0x00000000c4000000| Untracked 
|  65|0x00000000c4100000, 0x00000000c4200000, 0x00000000c4200000|100%| O|  |TAMS 0x00000000c4100000| PB 0x00000000c4100000| Untracked 
|  66|0x00000000c4200000, 0x00000000c4200000, 0x00000000c4300000|  0%| F|  |TAMS 0x00000000c4200000| PB 0x00000000c4200000| Untracked 
|  67|0x00000000c4300000, 0x00000000c4400000, 0x00000000c4400000|100%| O|  |TAMS 0x00000000c4300000| PB 0x00000000c4300000| Untracked 
|  68|0x00000000c4400000, 0x00000000c4500000, 0x00000000c4500000|100%| O|  |TAMS 0x00000000c4400000| PB 0x00000000c4400000| Untracked 
|  69|0x00000000c4500000, 0x00000000c4600000, 0x00000000c4600000|100%|HS|  |TAMS 0x00000000c4500000| PB 0x00000000c4500000| Complete 
|  70|0x00000000c4600000, 0x00000000c4700000, 0x00000000c4700000|100%| O|  |TAMS 0x00000000c4600000| PB 0x00000000c4600000| Untracked 
|  71|0x00000000c4700000, 0x00000000c4800000, 0x00000000c4800000|100%| O|  |TAMS 0x00000000c4700000| PB 0x00000000c4700000| Untracked 
|  72|0x00000000c4800000, 0x00000000c4900000, 0x00000000c4900000|100%| O|  |TAMS 0x00000000c4800000| PB 0x00000000c4800000| Untracked 
|  73|0x00000000c4900000, 0x00000000c4a00000, 0x00000000c4a00000|100%| O|  |TAMS 0x00000000c4900000| PB 0x00000000c4900000| Untracked 
|  74|0x00000000c4a00000, 0x00000000c4b00000, 0x00000000c4b00000|100%| O|  |TAMS 0x00000000c4a00000| PB 0x00000000c4a00000| Untracked 
|  75|0x00000000c4b00000, 0x00000000c4c00000, 0x00000000c4c00000|100%| O|  |TAMS 0x00000000c4b00000| PB 0x00000000c4b00000| Untracked 
|  76|0x00000000c4c00000, 0x00000000c4d00000, 0x00000000c4d00000|100%| O|  |TAMS 0x00000000c4c00000| PB 0x00000000c4c00000| Untracked 
|  77|0x00000000c4d00000, 0x00000000c4e00000, 0x00000000c4e00000|100%| O|  |TAMS 0x00000000c4d00000| PB 0x00000000c4d00000| Untracked 
|  78|0x00000000c4e00000, 0x00000000c4f00000, 0x00000000c4f00000|100%| O|  |TAMS 0x00000000c4e00000| PB 0x00000000c4e00000| Untracked 
|  79|0x00000000c4f00000, 0x00000000c5000000, 0x00000000c5000000|100%| O|  |TAMS 0x00000000c4f00000| PB 0x00000000c4f00000| Untracked 
|  80|0x00000000c5000000, 0x00000000c5019280, 0x00000000c5100000|  9%| O|  |TAMS 0x00000000c5000000| PB 0x00000000c5000000| Untracked 
|  81|0x00000000c5100000, 0x00000000c5100000, 0x00000000c5200000|  0%| F|  |TAMS 0x00000000c5100000| PB 0x00000000c5100000| Untracked 
|  82|0x00000000c5200000, 0x00000000c5200000, 0x00000000c5300000|  0%| F|  |TAMS 0x00000000c5200000| PB 0x00000000c5200000| Untracked 
|  83|0x00000000c5300000, 0x00000000c5300000, 0x00000000c5400000|  0%| F|  |TAMS 0x00000000c5300000| PB 0x00000000c5300000| Untracked 
|  84|0x00000000c5400000, 0x00000000c5400000, 0x00000000c5500000|  0%| F|  |TAMS 0x00000000c5400000| PB 0x00000000c5400000| Untracked 
|  85|0x00000000c5500000, 0x00000000c554c440, 0x00000000c5600000| 29%| S|CS|TAMS 0x00000000c5500000| PB 0x00000000c5500000| Complete 
|  86|0x00000000c5600000, 0x00000000c5700000, 0x00000000c5700000|100%| S|CS|TAMS 0x00000000c5600000| PB 0x00000000c5600000| Complete 
|  87|0x00000000c5700000, 0x00000000c5800000, 0x00000000c5800000|100%| S|CS|TAMS 0x00000000c5700000| PB 0x00000000c5700000| Complete 
|  88|0x00000000c5800000, 0x00000000c5900000, 0x00000000c5900000|100%| S|CS|TAMS 0x00000000c5800000| PB 0x00000000c5800000| Complete 
|  89|0x00000000c5900000, 0x00000000c5a00000, 0x00000000c5a00000|100%| S|CS|TAMS 0x00000000c5900000| PB 0x00000000c5900000| Complete 
|  90|0x00000000c5a00000, 0x00000000c5a00000, 0x00000000c5b00000|  0%| F|  |TAMS 0x00000000c5a00000| PB 0x00000000c5a00000| Untracked 
|  91|0x00000000c5b00000, 0x00000000c5b00000, 0x00000000c5c00000|  0%| F|  |TAMS 0x00000000c5b00000| PB 0x00000000c5b00000| Untracked 
|  92|0x00000000c5c00000, 0x00000000c5c00000, 0x00000000c5d00000|  0%| F|  |TAMS 0x00000000c5c00000| PB 0x00000000c5c00000| Untracked 
|  93|0x00000000c5d00000, 0x00000000c5d00000, 0x00000000c5e00000|  0%| F|  |TAMS 0x00000000c5d00000| PB 0x00000000c5d00000| Untracked 
|  94|0x00000000c5e00000, 0x00000000c5e00000, 0x00000000c5f00000|  0%| F|  |TAMS 0x00000000c5e00000| PB 0x00000000c5e00000| Untracked 
|  95|0x00000000c5f00000, 0x00000000c5f00000, 0x00000000c6000000|  0%| F|  |TAMS 0x00000000c5f00000| PB 0x00000000c5f00000| Untracked 
|  96|0x00000000c6000000, 0x00000000c6000000, 0x00000000c6100000|  0%| F|  |TAMS 0x00000000c6000000| PB 0x00000000c6000000| Untracked 
|  97|0x00000000c6100000, 0x00000000c6100000, 0x00000000c6200000|  0%| F|  |TAMS 0x00000000c6100000| PB 0x00000000c6100000| Untracked 
|  98|0x00000000c6200000, 0x00000000c6200000, 0x00000000c6300000|  0%| F|  |TAMS 0x00000000c6200000| PB 0x00000000c6200000| Untracked 
|  99|0x00000000c6300000, 0x00000000c6300000, 0x00000000c6400000|  0%| F|  |TAMS 0x00000000c6300000| PB 0x00000000c6300000| Untracked 
| 100|0x00000000c6400000, 0x00000000c6400000, 0x00000000c6500000|  0%| F|  |TAMS 0x00000000c6400000| PB 0x00000000c6400000| Untracked 
| 101|0x00000000c6500000, 0x00000000c6500000, 0x00000000c6600000|  0%| F|  |TAMS 0x00000000c6500000| PB 0x00000000c6500000| Untracked 
| 102|0x00000000c6600000, 0x00000000c6600000, 0x00000000c6700000|  0%| F|  |TAMS 0x00000000c6600000| PB 0x00000000c6600000| Untracked 
| 103|0x00000000c6700000, 0x00000000c6700000, 0x00000000c6800000|  0%| F|  |TAMS 0x00000000c6700000| PB 0x00000000c6700000| Untracked 
| 104|0x00000000c6800000, 0x00000000c6800000, 0x00000000c6900000|  0%| F|  |TAMS 0x00000000c6800000| PB 0x00000000c6800000| Untracked 
| 105|0x00000000c6900000, 0x00000000c6900000, 0x00000000c6a00000|  0%| F|  |TAMS 0x00000000c6900000| PB 0x00000000c6900000| Untracked 
| 106|0x00000000c6a00000, 0x00000000c6a00000, 0x00000000c6b00000|  0%| F|  |TAMS 0x00000000c6a00000| PB 0x00000000c6a00000| Untracked 
| 107|0x00000000c6b00000, 0x00000000c6b00000, 0x00000000c6c00000|  0%| F|  |TAMS 0x00000000c6b00000| PB 0x00000000c6b00000| Untracked 
| 108|0x00000000c6c00000, 0x00000000c6c00000, 0x00000000c6d00000|  0%| F|  |TAMS 0x00000000c6c00000| PB 0x00000000c6c00000| Untracked 
| 109|0x00000000c6d00000, 0x00000000c6d00000, 0x00000000c6e00000|  0%| F|  |TAMS 0x00000000c6d00000| PB 0x00000000c6d00000| Untracked 
| 110|0x00000000c6e00000, 0x00000000c6e00000, 0x00000000c6f00000|  0%| F|  |TAMS 0x00000000c6e00000| PB 0x00000000c6e00000| Untracked 
| 111|0x00000000c6f00000, 0x00000000c6f00000, 0x00000000c7000000|  0%| F|  |TAMS 0x00000000c6f00000| PB 0x00000000c6f00000| Untracked 
| 112|0x00000000c7000000, 0x00000000c7000000, 0x00000000c7100000|  0%| F|  |TAMS 0x00000000c7000000| PB 0x00000000c7000000| Untracked 
| 113|0x00000000c7100000, 0x00000000c7100000, 0x00000000c7200000|  0%| F|  |TAMS 0x00000000c7100000| PB 0x00000000c7100000| Untracked 
| 114|0x00000000c7200000, 0x00000000c7200000, 0x00000000c7300000|  0%| F|  |TAMS 0x00000000c7200000| PB 0x00000000c7200000| Untracked 
| 115|0x00000000c7300000, 0x00000000c7300000, 0x00000000c7400000|  0%| F|  |TAMS 0x00000000c7300000| PB 0x00000000c7300000| Untracked 
| 116|0x00000000c7400000, 0x00000000c7400000, 0x00000000c7500000|  0%| F|  |TAMS 0x00000000c7400000| PB 0x00000000c7400000| Untracked 
| 117|0x00000000c7500000, 0x00000000c7500000, 0x00000000c7600000|  0%| F|  |TAMS 0x00000000c7500000| PB 0x00000000c7500000| Untracked 
| 118|0x00000000c7600000, 0x00000000c7600000, 0x00000000c7700000|  0%| F|  |TAMS 0x00000000c7600000| PB 0x00000000c7600000| Untracked 
| 119|0x00000000c7700000, 0x00000000c7700000, 0x00000000c7800000|  0%| F|  |TAMS 0x00000000c7700000| PB 0x00000000c7700000| Untracked 
| 120|0x00000000c7800000, 0x00000000c7800000, 0x00000000c7900000|  0%| F|  |TAMS 0x00000000c7800000| PB 0x00000000c7800000| Untracked 
| 121|0x00000000c7900000, 0x00000000c7900000, 0x00000000c7a00000|  0%| F|  |TAMS 0x00000000c7900000| PB 0x00000000c7900000| Untracked 
| 122|0x00000000c7a00000, 0x00000000c7a00000, 0x00000000c7b00000|  0%| F|  |TAMS 0x00000000c7a00000| PB 0x00000000c7a00000| Untracked 
| 123|0x00000000c7b00000, 0x00000000c7b00000, 0x00000000c7c00000|  0%| F|  |TAMS 0x00000000c7b00000| PB 0x00000000c7b00000| Untracked 
| 124|0x00000000c7c00000, 0x00000000c7c00000, 0x00000000c7d00000|  0%| F|  |TAMS 0x00000000c7c00000| PB 0x00000000c7c00000| Untracked 
| 125|0x00000000c7d00000, 0x00000000c7d00000, 0x00000000c7e00000|  0%| F|  |TAMS 0x00000000c7d00000| PB 0x00000000c7d00000| Untracked 
| 126|0x00000000c7e00000, 0x00000000c7e00000, 0x00000000c7f00000|  0%| F|  |TAMS 0x00000000c7e00000| PB 0x00000000c7e00000| Untracked 
| 127|0x00000000c7f00000, 0x00000000c7f08ea8, 0x00000000c8000000|  3%| E|  |TAMS 0x00000000c7f00000| PB 0x00000000c7f00000| Complete 
| 128|0x00000000c8000000, 0x00000000c8100000, 0x00000000c8100000|100%| E|CS|TAMS 0x00000000c8000000| PB 0x00000000c8000000| Complete 
| 129|0x00000000c8100000, 0x00000000c8200000, 0x00000000c8200000|100%| E|CS|TAMS 0x00000000c8100000| PB 0x00000000c8100000| Complete 
|1014|0x00000000ff600000, 0x00000000ff700000, 0x00000000ff700000|100%| E|CS|TAMS 0x00000000ff600000| PB 0x00000000ff600000| Complete 
|1015|0x00000000ff700000, 0x00000000ff800000, 0x00000000ff800000|100%| E|CS|TAMS 0x00000000ff700000| PB 0x00000000ff700000| Complete 
|1016|0x00000000ff800000, 0x00000000ff900000, 0x00000000ff900000|100%| E|CS|TAMS 0x00000000ff800000| PB 0x00000000ff800000| Complete 
|1017|0x00000000ff900000, 0x00000000ffa00000, 0x00000000ffa00000|100%| O|  |TAMS 0x00000000ff900000| PB 0x00000000ff900000| Untracked 
|1018|0x00000000ffa00000, 0x00000000ffb00000, 0x00000000ffb00000|100%| E|CS|TAMS 0x00000000ffa00000| PB 0x00000000ffa00000| Complete 
|1019|0x00000000ffb00000, 0x00000000ffc00000, 0x00000000ffc00000|100%| O|  |TAMS 0x00000000ffb00000| PB 0x00000000ffb00000| Untracked 
|1020|0x00000000ffc00000, 0x00000000ffd00000, 0x00000000ffd00000|100%| O|  |TAMS 0x00000000ffc00000| PB 0x00000000ffc00000| Untracked 
|1021|0x00000000ffd00000, 0x00000000ffe00000, 0x00000000ffe00000|100%| O|  |TAMS 0x00000000ffd00000| PB 0x00000000ffd00000| Untracked 
|1022|0x00000000ffe00000, 0x00000000fff00000, 0x00000000fff00000|100%| E|CS|TAMS 0x00000000ffe00000| PB 0x00000000ffe00000| Complete 
|1023|0x00000000fff00000, 0x0000000100000000, 0x0000000100000000|100%| E|CS|TAMS 0x00000000fff00000| PB 0x00000000fff00000| Complete 

Card table byte_map: [0x000001bfbf770000,0x000001bfbf970000] _byte_map_base: 0x000001bfbf170000

Marking Bits: (CMBitMap*) 0x000001bfad07b090
 Bits: [0x000001bfbf970000, 0x000001bfc0970000)

Polling page: 0x000001bfaaf10000

Metaspace:

Usage:
  Non-class:     72.90 MB used.
      Class:     11.96 MB used.
       Both:     84.86 MB used.

Virtual space:
  Non-class space:      128.00 MB reserved,      73.94 MB ( 58%) committed,  2 nodes.
      Class space:        1.00 GB reserved,      13.00 MB (  1%) committed,  1 nodes.
             Both:        1.12 GB reserved,      86.94 MB (  8%) committed. 

Chunk freelists:
   Non-Class:  5.80 MB
       Class:  2.89 MB
        Both:  8.69 MB

MaxMetaspaceSize: unlimited
CompressedClassSpaceSize: 1.00 GB
Initial GC threshold: 21.00 MB
Current GC threshold: 133.44 MB
CDS: on
 - commit_granule_bytes: 65536.
 - commit_granule_words: 8192.
 - virtual_space_node_default_size: 8388608.
 - enlarge_chunks_in_place: 1.
 - use_allocation_guard: 0.


Internal statistics:

num_allocs_failed_limit: 6.
num_arena_births: 3888.
num_arena_deaths: 2.
num_vsnodes_births: 3.
num_vsnodes_deaths: 0.
num_space_committed: 1391.
num_space_uncommitted: 0.
num_chunks_returned_to_freelist: 9.
num_chunks_taken_from_freelist: 7998.
num_chunk_merges: 6.
num_chunk_splits: 5203.
num_chunks_enlarged: 3224.
num_inconsistent_stats: 0.

CodeHeap 'non-profiled nmethods': size=120000Kb used=5852Kb max_used=5852Kb free=114147Kb
 bounds [0x000001bfb7d10000, 0x000001bfb82d0000, 0x000001bfbf240000]
CodeHeap 'profiled nmethods': size=120000Kb used=18372Kb max_used=18372Kb free=101627Kb
 bounds [0x000001bfb0240000, 0x000001bfb1440000, 0x000001bfb7770000]
CodeHeap 'non-nmethods': size=5760Kb used=2709Kb max_used=2734Kb free=3050Kb
 bounds [0x000001bfb7770000, 0x000001bfb7a20000, 0x000001bfb7d10000]
CodeCache: size=245760Kb, used=26933Kb, max_used=26958Kb, free=218824Kb
 total_blobs=10779, nmethods=9810, adapters=873, full_count=0
Compilation: enabled, stopped_count=0, restarted_count=0

Compilation events (20 events):
Event: 638.490 Thread 0x000001bfc33ba9a0 11608       3       java.lang.invoke.MethodHandles$Lookup::getDirectFieldNoSecurityManager (12 bytes)
Event: 638.491 Thread 0x000001bfc33ba9a0 nmethod 11608 0x000001bfb142cd10 code [0x000001bfb142cec0, 0x000001bfb142d000]
Event: 638.505 Thread 0x000001bfc33ba9a0 11609       3       com.google.gson.stream.JsonReader::peek (144 bytes)
Event: 638.509 Thread 0x000001bfc33ba9a0 nmethod 11609 0x000001bfb142d090 code [0x000001bfb142d2c0, 0x000001bfb142d928]
Event: 639.549 Thread 0x000001bfc33ba9a0 11610       1       com.google.common.collect.ImmutableMapEntry$NonTerminalImmutableMapEntry::getNextInKeyBucket (5 bytes)
Event: 639.549 Thread 0x000001bfc33ba9a0 nmethod 11610 0x000001bfb82c5090 code [0x000001bfb82c5220, 0x000001bfb82c52e8]
Event: 639.586 Thread 0x000001bfc33ba9a0 11611       3       org.gradle.api.internal.provider.ValueSupplier$Value::of (22 bytes)
Event: 639.587 Thread 0x000001bfc33ba9a0 nmethod 11611 0x000001bfb142da90 code [0x000001bfb142dc60, 0x000001bfb142e010]
Event: 639.740 Thread 0x000001bfc33ba9a0 11613       3       org.gradle.internal.instantiation.generator.AsmBackedClassGenerator$ClassBuilderImpl::generateToStringSupport (17 bytes)
Event: 639.741 Thread 0x000001bfc3376080 11612       4       org.objectweb.asm.MethodWriter::visitLabel (332 bytes)
Event: 639.749 Thread 0x000001bfc33ba9a0 nmethod 11613 0x000001bfb142e190 code [0x000001bfb142e3a0, 0x000001bfb142ea28]
Event: 639.749 Thread 0x000001bfc33ba9a0 11614       3       org.gradle.internal.instantiation.generator.AsmBackedClassGenerator$ClassBuilderImpl$$Lambda/0x000001bfc51e6f80::<init> (10 bytes)
Event: 639.749 Thread 0x000001bfc33ba9a0 nmethod 11614 0x000001bfb142ec90 code [0x000001bfb142ee40, 0x000001bfb142eff8]
Event: 639.750 Thread 0x000001bfc33ba9a0 11615       3       org.gradle.internal.instantiation.generator.AsmBackedClassGenerator$ClassBuilderImpl$$Lambda/0x000001bfc51e6f80::emit (9 bytes)
Event: 639.754 Thread 0x000001bfc33ba9a0 nmethod 11615 0x000001bfb142f090 code [0x000001bfb142f240, 0x000001bfb142f448]
Event: 639.874 Thread 0x000001bfc3376080 nmethod 11612 0x000001bfb82c5390 code [0x000001bfb82c55a0, 0x000001bfb82c6418]
Event: 640.206 Thread 0x000001bfc3376080 11616       4       java.lang.invoke.MethodHandles$Lookup::isClassAccessible (53 bytes)
Event: 640.215 Thread 0x000001bfc3376080 nmethod 11616 0x000001bfb82c6910 code [0x000001bfb82c6b00, 0x000001bfb82c6eb0]
Event: 640.404 Thread 0x000001bfc33ba9a0 11617       3       com.google.gson.stream.JsonReader::doPeek (749 bytes)
Event: 640.410 Thread 0x000001bfc33ba9a0 nmethod 11617 0x000001bfb142f590 code [0x000001bfb142fa60, 0x000001bfb14314e8]

GC Heap History (20 events):
Event: 462.316 GC heap before
{Heap before GC invocations=31 (full 0):
 garbage-first heap   total 121856K, used 104714K [0x00000000c0000000, 0x0000000100000000)
  region size 1024K, 34 young (34816K), 2 survivors (2048K)
 Metaspace       used 64412K, committed 66304K, reserved 1114112K
  class space    used 9053K, committed 9984K, reserved 1048576K
}
Event: 462.339 GC heap after
{Heap after GC invocations=32 (full 0):
 garbage-first heap   total 121856K, used 73358K [0x00000000c0000000, 0x0000000100000000)
  region size 1024K, 4 young (4096K), 4 survivors (4096K)
 Metaspace       used 64412K, committed 66304K, reserved 1114112K
  class space    used 9053K, committed 9984K, reserved 1048576K
}
Event: 462.686 GC heap before
{Heap before GC invocations=32 (full 0):
 garbage-first heap   total 121856K, used 85646K [0x00000000c0000000, 0x0000000100000000)
  region size 1024K, 14 young (14336K), 4 survivors (4096K)
 Metaspace       used 64416K, committed 66304K, reserved 1114112K
  class space    used 9054K, committed 9984K, reserved 1048576K
}
Event: 462.702 GC heap after
{Heap after GC invocations=33 (full 0):
 garbage-first heap   total 121856K, used 80683K [0x00000000c0000000, 0x0000000100000000)
  region size 1024K, 5 young (5120K), 5 survivors (5120K)
 Metaspace       used 64416K, committed 66304K, reserved 1114112K
  class space    used 9054K, committed 9984K, reserved 1048576K
}
Event: 466.868 GC heap before
{Heap before GC invocations=34 (full 0):
 garbage-first heap   total 138240K, used 105259K [0x00000000c0000000, 0x0000000100000000)
  region size 1024K, 27 young (27648K), 5 survivors (5120K)
 Metaspace       used 66212K, committed 68224K, reserved 1114112K
  class space    used 9301K, committed 10304K, reserved 1048576K
}
Event: 466.876 GC heap after
{Heap after GC invocations=35 (full 0):
 garbage-first heap   total 138240K, used 79814K [0x00000000c0000000, 0x0000000100000000)
  region size 1024K, 2 young (2048K), 2 survivors (2048K)
 Metaspace       used 66212K, committed 68224K, reserved 1114112K
  class space    used 9301K, committed 10304K, reserved 1048576K
}
Event: 473.513 GC heap before
{Heap before GC invocations=35 (full 0):
 garbage-first heap   total 138240K, used 111558K [0x00000000c0000000, 0x0000000100000000)
  region size 1024K, 34 young (34816K), 2 survivors (2048K)
 Metaspace       used 68706K, committed 70720K, reserved 1114112K
  class space    used 9601K, committed 10624K, reserved 1048576K
}
Event: 473.529 GC heap after
{Heap after GC invocations=36 (full 0):
 garbage-first heap   total 138240K, used 79696K [0x00000000c0000000, 0x0000000100000000)
  region size 1024K, 4 young (4096K), 4 survivors (4096K)
 Metaspace       used 68706K, committed 70720K, reserved 1114112K
  class space    used 9601K, committed 10624K, reserved 1048576K
}
Event: 497.260 GC heap before
{Heap before GC invocations=36 (full 0):
 garbage-first heap   total 138240K, used 114512K [0x00000000c0000000, 0x0000000100000000)
  region size 1024K, 38 young (38912K), 4 survivors (4096K)
 Metaspace       used 72735K, committed 74688K, reserved 1114112K
  class space    used 10168K, committed 11136K, reserved 1048576K
}
Event: 497.328 GC heap after
{Heap after GC invocations=37 (full 0):
 garbage-first heap   total 138240K, used 81527K [0x00000000c0000000, 0x0000000100000000)
  region size 1024K, 4 young (4096K), 4 survivors (4096K)
 Metaspace       used 72735K, committed 74688K, reserved 1114112K
  class space    used 10168K, committed 11136K, reserved 1048576K
}
Event: 520.185 GC heap before
{Heap before GC invocations=38 (full 0):
 garbage-first heap   total 138240K, used 116343K [0x00000000c0000000, 0x0000000100000000)
  region size 1024K, 39 young (39936K), 4 survivors (4096K)
 Metaspace       used 75402K, committed 77376K, reserved 1179648K
  class space    used 10540K, committed 11520K, reserved 1048576K
}
Event: 520.243 GC heap after
{Heap after GC invocations=39 (full 0):
 garbage-first heap   total 138240K, used 81479K [0x00000000c0000000, 0x0000000100000000)
  region size 1024K, 3 young (3072K), 3 survivors (3072K)
 Metaspace       used 75402K, committed 77376K, reserved 1179648K
  class space    used 10540K, committed 11520K, reserved 1048576K
}
Event: 548.078 GC heap before
{Heap before GC invocations=39 (full 0):
 garbage-first heap   total 138240K, used 120391K [0x00000000c0000000, 0x0000000100000000)
  region size 1024K, 41 young (41984K), 3 survivors (3072K)
 Metaspace       used 76829K, committed 78848K, reserved 1179648K
  class space    used 10752K, committed 11776K, reserved 1048576K
}
Event: 548.154 GC heap after
{Heap after GC invocations=40 (full 0):
 garbage-first heap   total 138240K, used 82331K [0x00000000c0000000, 0x0000000100000000)
  region size 1024K, 6 young (6144K), 6 survivors (6144K)
 Metaspace       used 76829K, committed 78848K, reserved 1179648K
  class space    used 10752K, committed 11776K, reserved 1048576K
}
Event: 577.912 GC heap before
{Heap before GC invocations=40 (full 0):
 garbage-first heap   total 138240K, used 120219K [0x00000000c0000000, 0x0000000100000000)
  region size 1024K, 44 young (45056K), 6 survivors (6144K)
 Metaspace       used 79777K, committed 81920K, reserved 1179648K
  class space    used 11088K, committed 12160K, reserved 1048576K
}
Event: 577.988 GC heap after
{Heap after GC invocations=41 (full 0):
 garbage-first heap   total 138240K, used 84230K [0x00000000c0000000, 0x0000000100000000)
  region size 1024K, 5 young (5120K), 5 survivors (5120K)
 Metaspace       used 79777K, committed 81920K, reserved 1179648K
  class space    used 11088K, committed 12160K, reserved 1048576K
}
Event: 598.108 GC heap before
{Heap before GC invocations=42 (full 0):
 garbage-first heap   total 143360K, used 123142K [0x00000000c0000000, 0x0000000100000000)
  region size 1024K, 43 young (44032K), 5 survivors (5120K)
 Metaspace       used 82701K, committed 84864K, reserved 1179648K
  class space    used 11542K, committed 12608K, reserved 1048576K
}
Event: 598.137 GC heap after
{Heap after GC invocations=43 (full 0):
 garbage-first heap   total 143360K, used 86133K [0x00000000c0000000, 0x0000000100000000)
  region size 1024K, 4 young (4096K), 4 survivors (4096K)
 Metaspace       used 82701K, committed 84864K, reserved 1179648K
  class space    used 11542K, committed 12608K, reserved 1048576K
}
Event: 629.488 GC heap before
{Heap before GC invocations=43 (full 0):
 garbage-first heap   total 143360K, used 129141K [0x00000000c0000000, 0x0000000100000000)
  region size 1024K, 46 young (47104K), 4 survivors (4096K)
 Metaspace       used 86170K, committed 88384K, reserved 1179648K
  class space    used 12156K, committed 13248K, reserved 1048576K
}
Event: 629.912 GC heap after
{Heap after GC invocations=44 (full 0):
 garbage-first heap   total 143360K, used 87445K [0x00000000c0000000, 0x0000000100000000)
  region size 1024K, 5 young (5120K), 5 survivors (5120K)
 Metaspace       used 86170K, committed 88384K, reserved 1179648K
  class space    used 12156K, committed 13248K, reserved 1048576K
}

Dll operation events (20 events):
Event: 1.726 Attempting to load shared library C:\Users\LENOVO\.antigravity-ide\extensions\redhat.java-1.56.0-win32-x64\jre\21.0.12.1-win32-x86_64\bin\nio.dll
Event: 1.758 Loaded shared library C:\Users\LENOVO\.antigravity-ide\extensions\redhat.java-1.56.0-win32-x64\jre\21.0.12.1-win32-x86_64\bin\nio.dll
Event: 1.845 Attempting to load shared library C:\Users\LENOVO\.antigravity-ide\extensions\redhat.java-1.56.0-win32-x64\jre\21.0.12.1-win32-x86_64\bin\zip.dll
Event: 1.845 Loaded shared library C:\Users\LENOVO\.antigravity-ide\extensions\redhat.java-1.56.0-win32-x64\jre\21.0.12.1-win32-x86_64\bin\zip.dll
Event: 8.818 Attempting to load shared library C:\Users\LENOVO\.antigravity-ide\extensions\redhat.java-1.56.0-win32-x64\jre\21.0.12.1-win32-x86_64\bin\jimage.dll
Event: 8.818 Loaded shared library C:\Users\LENOVO\.antigravity-ide\extensions\redhat.java-1.56.0-win32-x64\jre\21.0.12.1-win32-x86_64\bin\jimage.dll
Event: 15.216 Attempting to load shared library C:\Users\LENOVO\.antigravity-ide\extensions\redhat.java-1.56.0-win32-x64\jre\21.0.12.1-win32-x86_64\bin\verify.dll
Event: 15.221 Loaded shared library C:\Users\LENOVO\.antigravity-ide\extensions\redhat.java-1.56.0-win32-x64\jre\21.0.12.1-win32-x86_64\bin\verify.dll
Event: 19.586 Attempting to load shared library C:\Users\LENOVO\.gradle\native\1def1411415f61bf3af743bc5b6707747c0891f09f0c88961ee8f79bc544acac\windows-amd64\native-platform.dll
Event: 19.603 Loaded shared library C:\Users\LENOVO\.gradle\native\1def1411415f61bf3af743bc5b6707747c0891f09f0c88961ee8f79bc544acac\windows-amd64\native-platform.dll
Event: 19.842 Attempting to load shared library C:\Users\LENOVO\.gradle\native\0.2.7\x86_64-windows-gnu\gradle-fileevents.dll
Event: 19.866 Loaded shared library C:\Users\LENOVO\.gradle\native\0.2.7\x86_64-windows-gnu\gradle-fileevents.dll
Event: 39.917 Attempting to load shared library C:\Users\LENOVO\.antigravity-ide\extensions\redhat.java-1.56.0-win32-x64\jre\21.0.12.1-win32-x86_64\bin\management.dll
Event: 39.936 Loaded shared library C:\Users\LENOVO\.antigravity-ide\extensions\redhat.java-1.56.0-win32-x64\jre\21.0.12.1-win32-x86_64\bin\management.dll
Event: 39.968 Attempting to load shared library C:\Users\LENOVO\.antigravity-ide\extensions\redhat.java-1.56.0-win32-x64\jre\21.0.12.1-win32-x86_64\bin\management_ext.dll
Event: 39.987 Loaded shared library C:\Users\LENOVO\.antigravity-ide\extensions\redhat.java-1.56.0-win32-x64\jre\21.0.12.1-win32-x86_64\bin\management_ext.dll
Event: 41.835 Attempting to load shared library C:\Users\LENOVO\.antigravity-ide\extensions\redhat.java-1.56.0-win32-x64\jre\21.0.12.1-win32-x86_64\bin\extnet.dll
Event: 41.840 Loaded shared library C:\Users\LENOVO\.antigravity-ide\extensions\redhat.java-1.56.0-win32-x64\jre\21.0.12.1-win32-x86_64\bin\extnet.dll
Event: 46.160 Attempting to load shared library C:\Users\LENOVO\.antigravity-ide\extensions\redhat.java-1.56.0-win32-x64\jre\21.0.12.1-win32-x86_64\bin\sunmscapi.dll
Event: 46.210 Loaded shared library C:\Users\LENOVO\.antigravity-ide\extensions\redhat.java-1.56.0-win32-x64\jre\21.0.12.1-win32-x86_64\bin\sunmscapi.dll

Deoptimization events (20 events):
Event: 607.695 Thread 0x000001c0090db710 Uncommon trap: trap_request=0xffffff6e fr.pc=0x000001bfb7d3429c relative=0x000000000000017c
Event: 607.695 Thread 0x000001c0090db710 Uncommon trap: reason=loop_limit_check action=maybe_recompile pc=0x000001bfb7d3429c method=java.lang.StringLatin1.lastIndexOf([BII)I @ 19 c2
Event: 607.695 Thread 0x000001c0090db710 DEOPT PACKING pc=0x000001bfb7d3429c sp=0x00000054048f85e0
Event: 607.695 Thread 0x000001c0090db710 DEOPT UNPACKING pc=0x000001bfb77c4422 sp=0x00000054048f8560 mode 2
Event: 611.485 Thread 0x000001c0090db710 Uncommon trap: trap_request=0xffffffde fr.pc=0x000001bfb812d794 relative=0x0000000000000074
Event: 611.485 Thread 0x000001c0090db710 Uncommon trap: reason=class_check action=maybe_recompile pc=0x000001bfb812d794 method=java.lang.invoke.Invokers$Holder.linkToTargetMethod(Ljava/lang/Object;Ljava/lang/Object;Ljava/lang/Object;Ljava/lang/Object;)Ljava/lang/Object; @ 1 c2
Event: 611.485 Thread 0x000001c0090db710 DEOPT PACKING pc=0x000001bfb812d794 sp=0x00000054048f8820
Event: 611.486 Thread 0x000001c0090db710 DEOPT UNPACKING pc=0x000001bfb77c4422 sp=0x00000054048f87d0 mode 2
Event: 632.491 Thread 0x000001c0090db710 Uncommon trap: trap_request=0xffffffde fr.pc=0x000001bfb8050628 relative=0x00000000000007e8
Event: 632.492 Thread 0x000001c0090db710 Uncommon trap: reason=class_check action=maybe_recompile pc=0x000001bfb8050628 method=org.gradle.internal.snapshot.impl.AbstractValueProcessor.processValue(Ljava/lang/Object;Lorg/gradle/internal/snapshot/impl/AbstractValueProcessor$ValueVisitor;)Ljava/lan
Event: 632.492 Thread 0x000001c0090db710 DEOPT PACKING pc=0x000001bfb8050628 sp=0x00000054048f7ea0
Event: 632.492 Thread 0x000001c0090db710 DEOPT UNPACKING pc=0x000001bfb77c4422 sp=0x00000054048f7e18 mode 2
Event: 632.492 Thread 0x000001c0090db710 Uncommon trap: trap_request=0xffffffde fr.pc=0x000001bfb8050628 relative=0x00000000000007e8
Event: 632.492 Thread 0x000001c0090db710 Uncommon trap: reason=class_check action=maybe_recompile pc=0x000001bfb8050628 method=org.gradle.internal.snapshot.impl.AbstractValueProcessor.processValue(Ljava/lang/Object;Lorg/gradle/internal/snapshot/impl/AbstractValueProcessor$ValueVisitor;)Ljava/lan
Event: 632.492 Thread 0x000001c0090db710 DEOPT PACKING pc=0x000001bfb8050628 sp=0x00000054048f7ea0
Event: 632.493 Thread 0x000001c0090db710 DEOPT UNPACKING pc=0x000001bfb77c4422 sp=0x00000054048f7e18 mode 2
Event: 638.214 Thread 0x000001c0090db710 Uncommon trap: trap_request=0xffffff45 fr.pc=0x000001bfb7eeb48c relative=0x000000000000006c
Event: 638.215 Thread 0x000001c0090db710 Uncommon trap: reason=unstable_if action=reinterpret pc=0x000001bfb7eeb48c method=java.util.Objects.equals(Ljava/lang/Object;Ljava/lang/Object;)Z @ 6 c2
Event: 638.215 Thread 0x000001c0090db710 DEOPT PACKING pc=0x000001bfb7eeb48c sp=0x00000054048f7b90
Event: 638.215 Thread 0x000001c0090db710 DEOPT UNPACKING pc=0x000001bfb77c4422 sp=0x00000054048f7b30 mode 2

Classes loaded (20 events):
Event: 561.972 Loading class java/io/CharArrayReader
Event: 561.978 Loading class java/io/CharArrayReader done
Event: 588.252 Loading class java/util/concurrent/atomic/AtomicIntegerArray
Event: 588.253 Loading class java/util/concurrent/atomic/AtomicIntegerArray done
Event: 588.295 Loading class java/util/Currency
Event: 588.320 Loading class java/util/Currency done
Event: 588.497 Loading class java/util/concurrent/atomic/AtomicLongArray
Event: 588.562 Loading class java/util/concurrent/atomic/AtomicLongArray done
Event: 589.380 Loading class sun/reflect/generics/repository/FieldRepository
Event: 589.382 Loading class sun/reflect/generics/repository/FieldRepository done
Event: 589.739 Loading class jdk/internal/vm/annotation/ForceInline
Event: 589.745 Loading class jdk/internal/vm/annotation/ForceInline done
Event: 592.170 Loading class java/util/regex/Pattern$Caret
Event: 592.171 Loading class java/util/regex/Pattern$Caret done
Event: 633.007 Loading class java/net/Proxy
Event: 633.018 Loading class java/net/Proxy done
Event: 633.026 Loading class java/net/Proxy$Type
Event: 633.027 Loading class java/net/Proxy$Type done
Event: 638.254 Loading class java/io/FileReader
Event: 638.257 Loading class java/io/FileReader done

Classes unloaded (1 events):
Event: 446.335 Thread 0x000001bfc3351320 Unloading class 0x000001bfc5898800 'java/lang/invoke/LambdaForm$DMH+0x000001bfc5898800'

Classes redefined (0 events):
No events

Internal exceptions (20 events):
Event: 521.140 Thread 0x000001c0090db710 Exception <a 'java/lang/ClassNotFoundException'{0x00000000ffe9fe00}: org/jetbrains/kotlin/gradle/targets/js/npm/DefaultNpmDependencyExtensionBeanInfo> (0x00000000ffe9fe00) 
thrown [s\src\hotspot\share\classfile\systemDictionary.cpp, line 313]
Event: 521.144 Thread 0x000001c0090db710 Exception <a 'java/lang/ClassNotFoundException'{0x00000000ffeab0f0}: org/jetbrains/kotlin/gradle/targets/js/npm/DefaultNpmDependencyExtensionCustomizer> (0x00000000ffeab0f0) 
thrown [s\src\hotspot\share\classfile\systemDictionary.cpp, line 313]
Event: 521.599 Thread 0x000001c0090db710 Exception <a 'java/lang/ClassNotFoundException'{0x00000000ff840c10}: org/jetbrains/kotlin/gradle/targets/js/npm/NpmDependencyExtensionKt$defaultNpmDependencyDelegate$1BeanInfo> (0x00000000ff840c10) 
thrown [s\src\hotspot\share\classfile\systemDictionary.cpp, line 313]
Event: 521.605 Thread 0x000001c0090db710 Exception <a 'java/lang/ClassNotFoundException'{0x00000000ff84bf48}: org/jetbrains/kotlin/gradle/targets/js/npm/NpmDependencyExtensionDelegateBeanInfo> (0x00000000ff84bf48) 
thrown [s\src\hotspot\share\classfile\systemDictionary.cpp, line 313]
Event: 521.609 Thread 0x000001c0090db710 Exception <a 'java/lang/ClassNotFoundException'{0x00000000ff857248}: org/jetbrains/kotlin/gradle/targets/js/npm/NpmDependencyExtensionDelegateCustomizer> (0x00000000ff857248) 
thrown [s\src\hotspot\share\classfile\systemDictionary.cpp, line 313]
Event: 521.642 Thread 0x000001c0090db710 Exception <a 'java/lang/ClassNotFoundException'{0x00000000ff8873f0}: org/jetbrains/kotlin/gradle/targets/js/npm/NpmDependencyExtensionKt$defaultNpmDependencyDelegate$1Customizer> (0x00000000ff8873f0) 
thrown [s\src\hotspot\share\classfile\systemDictionary.cpp, line 313]
Event: 521.686 Thread 0x000001c0090db710 Exception <a 'java/lang/ClassNotFoundException'{0x00000000ff8c7e08}: org/jetbrains/kotlin/gradle/targets/js/npm/DefaultDevNpmDependencyExtensionBeanInfo> (0x00000000ff8c7e08) 
thrown [s\src\hotspot\share\classfile\systemDictionary.cpp, line 313]
Event: 521.694 Thread 0x000001c0090db710 Exception <a 'java/lang/ClassNotFoundException'{0x00000000ff8d3110}: org/jetbrains/kotlin/gradle/targets/js/npm/DefaultDevNpmDependencyExtensionCustomizer> (0x00000000ff8d3110) 
thrown [s\src\hotspot\share\classfile\systemDictionary.cpp, line 313]
Event: 521.718 Thread 0x000001c0090db710 Exception <a 'java/lang/ClassNotFoundException'{0x00000000ff71d568}: org/jetbrains/kotlin/gradle/targets/js/npm/DefaultPeerNpmDependencyExtensionBeanInfo> (0x00000000ff71d568) 
thrown [s\src\hotspot\share\classfile\systemDictionary.cpp, line 313]
Event: 521.726 Thread 0x000001c0090db710 Exception <a 'java/lang/ClassNotFoundException'{0x00000000ff7288b0}: org/jetbrains/kotlin/gradle/targets/js/npm/DefaultPeerNpmDependencyExtensionCustomizer> (0x00000000ff7288b0) 
thrown [s\src\hotspot\share\classfile\systemDictionary.cpp, line 313]
Event: 521.860 Thread 0x000001c0090db710 Exception <a 'java/lang/ClassNotFoundException'{0x00000000ff7801b8}: org/jetbrains/kotlin/gradle/targets/js/npm/DefaultPeerNpmDependencyExtension$delegate$1BeanInfo> (0x00000000ff7801b8) 
thrown [s\src\hotspot\share\classfile\systemDictionary.cpp, line 313]
Event: 521.865 Thread 0x000001c0090db710 Exception <a 'java/lang/ClassNotFoundException'{0x00000000ff78b778}: org/jetbrains/kotlin/gradle/targets/js/npm/DefaultPeerNpmDependencyExtension$delegate$1Customizer> (0x00000000ff78b778) 
thrown [s\src\hotspot\share\classfile\systemDictionary.cpp, line 313]
Event: 524.374 Thread 0x000001c0090db710 Exception <a 'java/lang/NoSuchMethodError'{0x00000000c7c38cd8}: 'java.lang.Object java.lang.invoke.DirectMethodHandle$Holder.invokeStaticInit(java.lang.Object, int)'> (0x00000000c7c38cd8) 
thrown [s\src\hotspot\share\interpreter\linkResolver.cpp, line 773]
Event: 524.528 Thread 0x000001c0090db710 Exception <a 'java/lang/NoSuchMethodError'{0x00000000c7c45c10}: 'java.lang.Object java.lang.invoke.DirectMethodHandle$Holder.invokeStatic(java.lang.Object, int, java.lang.Object)'> (0x00000000c7c45c10) 
thrown [s\src\hotspot\share\interpreter\linkResolver.cpp, line 773]
Event: 524.529 Thread 0x000001c0090db710 Exception <a 'java/lang/NoSuchMethodError'{0x00000000c7c4a1d8}: 'java.lang.Object java.lang.invoke.DirectMethodHandle$Holder.invokeStaticInit(java.lang.Object, int, java.lang.Object)'> (0x00000000c7c4a1d8) 
thrown [s\src\hotspot\share\interpreter\linkResolver.cpp, line 773]
Event: 563.172 Thread 0x000001c0090db710 Implicit null exception at 0x000001bfb7fb0eac to 0x000001bfb7fb10fa
Event: 579.334 Thread 0x000001c0090db710 Exception <a 'java/lang/NoSuchMethodError'{0x00000000ffa13bd8}: 'java.lang.Object java.lang.invoke.DirectMethodHandle$Holder.newInvokeSpecial(java.lang.Object, java.lang.Object, java.lang.Object, java.lang.Object, java.lang.Object, java.lang.Object, java.lang.Object, java.lang.Object, java.lang.Object, java.lang.Object, java.lang.Object, java.lang.Object, java.lang.Object, java.lang.Object)'> (0x00000000ffa13bd8) 
thrown [s\src\hotspot\share\interpreter\linkResolver.cpp, line 773]
Event: 589.790 Thread 0x000001c0090db710 Exception <a 'java/lang/NoSuchMethodError'{0x00000000c70c29c0}: 'void java.lang.invoke.Invokers$Holder.invokeExact_MT(java.lang.Object, java.lang.Object, java.lang.Object, java.lang.Object)'> (0x00000000c70c29c0) 
thrown [s\src\hotspot\share\interpreter\linkResolver.cpp, line 773]
Event: 601.780 Thread 0x000001c0090db710 Implicit null exception at 0x000001bfb7dda2a8 to 0x000001bfb7ddbf28
Event: 631.282 Thread 0x000001c0090db710 Exception <a 'java/lang/NoSuchMethodError'{0x00000000fff44fa8}: 'java.lang.Object java.lang.invoke.Invokers$Holder.invokeExact_MT(java.lang.Object, java.lang.Object, java.lang.Object, int, java.lang.Object, java.lang.Object)'> (0x00000000fff44fa8) 
thrown [s\src\hotspot\share\interpreter\linkResolver.cpp, line 773]

ZGC Phase Switch (0 events):
No events

VM Operations (20 events):
Event: 629.468 Executing safepoint VM operation: G1CollectForAllocation (G1 Evacuation Pause)
Event: 629.912 Executing safepoint VM operation: G1CollectForAllocation (G1 Evacuation Pause) done
Event: 630.920 Executing safepoint VM operation: Cleanup
Event: 630.951 Executing safepoint VM operation: Cleanup done
Event: 631.956 Executing safepoint VM operation: Cleanup
Event: 631.962 Executing safepoint VM operation: Cleanup done
Event: 632.965 Executing safepoint VM operation: Cleanup
Event: 632.965 Executing safepoint VM operation: Cleanup done
Event: 633.980 Executing safepoint VM operation: Cleanup
Event: 633.996 Executing safepoint VM operation: Cleanup done
Event: 636.019 Executing safepoint VM operation: Cleanup
Event: 637.861 Executing safepoint VM operation: Cleanup done
Event: 637.867 Executing non-safepoint VM operation: HandshakeAllThreads (Deoptimize)
Event: 637.879 Executing non-safepoint VM operation: HandshakeAllThreads (Deoptimize) done
Event: 638.373 Executing non-safepoint VM operation: HandshakeAllThreads (Deoptimize)
Event: 638.374 Executing non-safepoint VM operation: HandshakeAllThreads (Deoptimize) done
Event: 639.375 Executing safepoint VM operation: Cleanup
Event: 639.421 Executing safepoint VM operation: Cleanup done
Event: 640.424 Executing safepoint VM operation: Cleanup
Event: 640.439 Executing safepoint VM operation: Cleanup done

Memory protections (0 events):
No events

Nmethod flushes (20 events):
Event: 578.782 Thread 0x000001bfc3351320 flushing  nmethod 0x000001bfb8039090
Event: 578.782 Thread 0x000001bfc3351320 flushing  nmethod 0x000001bfb805eb10
Event: 578.782 Thread 0x000001bfc3351320 flushing  nmethod 0x000001bfb8218c90
Event: 578.782 Thread 0x000001bfc3351320 flushing  nmethod 0x000001bfb8219090
Event: 578.782 Thread 0x000001bfc3351320 flushing  nmethod 0x000001bfb0259f90
Event: 578.782 Thread 0x000001bfc3351320 flushing  nmethod 0x000001bfb03a9690
Event: 578.782 Thread 0x000001bfc3351320 flushing  nmethod 0x000001bfb03a9e10
Event: 578.782 Thread 0x000001bfc3351320 flushing  nmethod 0x000001bfb03fbb90
Event: 578.782 Thread 0x000001bfc3351320 flushing  nmethod 0x000001bfb0528f10
Event: 578.782 Thread 0x000001bfc3351320 flushing  nmethod 0x000001bfb057d610
Event: 578.782 Thread 0x000001bfc3351320 flushing  nmethod 0x000001bfb0595990
Event: 578.782 Thread 0x000001bfc3351320 flushing  nmethod 0x000001bfb05a2990
Event: 578.782 Thread 0x000001bfc3351320 flushing  nmethod 0x000001bfb060b890
Event: 578.782 Thread 0x000001bfc3351320 flushing  nmethod 0x000001bfb06bfd90
Event: 578.782 Thread 0x000001bfc3351320 flushing  nmethod 0x000001bfb06c2010
Event: 578.782 Thread 0x000001bfc3351320 flushing  nmethod 0x000001bfb0950790
Event: 578.782 Thread 0x000001bfc3351320 flushing  nmethod 0x000001bfb0977810
Event: 578.782 Thread 0x000001bfc3351320 flushing  nmethod 0x000001bfb0992110
Event: 578.782 Thread 0x000001bfc3351320 flushing  nmethod 0x000001bfb0994210
Event: 578.782 Thread 0x000001bfc3351320 flushing  nmethod 0x000001bfb115f590

Events (20 events):
Event: 436.788 Thread 0x000001c0090db710 Thread added: 0x000001c00d0b48c0
Event: 436.789 Thread 0x000001c0090db710 Thread added: 0x000001c00d0b3510
Event: 436.790 Thread 0x000001c0090db710 Thread added: 0x000001c00d0b3ba0
Event: 436.799 Thread 0x000001c0090db710 Thread added: 0x000001c00d0b5c70
Event: 436.801 Thread 0x000001c0090db710 Thread added: 0x000001c00d0b27f0
Event: 437.125 Thread 0x000001c0090db710 Thread added: 0x000001c00d0b7020
Event: 437.157 Thread 0x000001c0090db710 Thread added: 0x000001c00d0b6300
Event: 437.219 Thread 0x000001c0090db710 Thread added: 0x000001c00d0b6990
Event: 437.234 Thread 0x000001c0090db710 Thread added: 0x000001c00d0b76b0
Event: 437.312 Thread 0x000001c0090db710 Thread added: 0x000001c00ae635d0
Event: 437.315 Thread 0x000001c0090db710 Thread added: 0x000001c00c2ced80
Event: 437.318 Thread 0x000001c0090db710 Thread added: 0x000001c00c2d14e0
Event: 437.321 Thread 0x000001c0090db710 Thread added: 0x000001c00c2d07c0
Event: 437.323 Thread 0x000001c0090db710 Thread added: 0x000001c00c2ce060
Event: 437.326 Thread 0x000001c0090db710 Thread added: 0x000001c00c2d1b70
Event: 437.337 Thread 0x000001c0090db710 Thread added: 0x000001c00c2cf410
Event: 455.756 Thread 0x000001c0090db710 Thread added: 0x000001c00c2cfaa0
Event: 492.057 Thread 0x000001c0090db710 Thread added: 0x000001c00c2ce6f0
Event: 563.093 Thread 0x000001c0090db710 Thread added: 0x000001c00c2d35b0
Event: 610.093 Thread 0x000001c0090dde70 Thread exited: 0x000001c0090dde70


Dynamic libraries:
0x00007ff6244a0000 - 0x00007ff6244ae000 	C:\Users\LENOVO\.antigravity-ide\extensions\redhat.java-1.56.0-win32-x64\jre\21.0.12.1-win32-x86_64\bin\java.exe
0x00007ffc54f00000 - 0x00007ffc55167000 	C:\WINDOWS\SYSTEM32\ntdll.dll
0x00007ffc53e50000 - 0x00007ffc53f1b000 	C:\WINDOWS\System32\KERNEL32.DLL
0x00007ffc52810000 - 0x00007ffc52c12000 	C:\WINDOWS\System32\KERNELBASE.dll
0x00007ffc52560000 - 0x00007ffc526ac000 	C:\WINDOWS\System32\ucrtbase.dll
0x00007ffc2e5d0000 - 0x00007ffc2e5e8000 	C:\Users\LENOVO\.antigravity-ide\extensions\redhat.java-1.56.0-win32-x64\jre\21.0.12.1-win32-x86_64\bin\jli.dll
0x00007ffc54bd0000 - 0x00007ffc54d9f000 	C:\WINDOWS\System32\USER32.dll
0x00007ffc522f0000 - 0x00007ffc52317000 	C:\WINDOWS\System32\win32u.dll
0x00007ffc53280000 - 0x00007ffc532ab000 	C:\WINDOWS\System32\GDI32.dll
0x00007ffc52100000 - 0x00007ffc52229000 	C:\WINDOWS\System32\gdi32full.dll
0x00007ffc52320000 - 0x00007ffc523c3000 	C:\WINDOWS\System32\msvcp_win.dll
0x00007ffc46c90000 - 0x00007ffc46cae000 	C:\Users\LENOVO\.antigravity-ide\extensions\redhat.java-1.56.0-win32-x64\jre\21.0.12.1-win32-x86_64\bin\VCRUNTIME140.dll
0x00007ffc328b0000 - 0x00007ffc32b40000 	C:\WINDOWS\WinSxS\amd64_microsoft.windows.common-controls_6595b64144ccf1df_6.0.26100.9278_none_3e0d1ba8e3303201\COMCTL32.dll
0x00007ffc531c0000 - 0x00007ffc53269000 	C:\WINDOWS\System32\msvcrt.dll
0x00007ffc52fd0000 - 0x00007ffc53001000 	C:\WINDOWS\System32\IMM32.DLL
0x00007ffc4be20000 - 0x00007ffc4be2c000 	C:\Users\LENOVO\.antigravity-ide\extensions\redhat.java-1.56.0-win32-x64\jre\21.0.12.1-win32-x86_64\bin\vcruntime140_1.dll
0x00007ffc063c0000 - 0x00007ffc0644d000 	C:\Users\LENOVO\.antigravity-ide\extensions\redhat.java-1.56.0-win32-x64\jre\21.0.12.1-win32-x86_64\bin\msvcp140.dll
0x00007ffb90070000 - 0x00007ffb90e12000 	C:\Users\LENOVO\.antigravity-ide\extensions\redhat.java-1.56.0-win32-x64\jre\21.0.12.1-win32-x86_64\bin\server\jvm.dll
0x00007ffc532c0000 - 0x00007ffc5337c000 	C:\WINDOWS\System32\ADVAPI32.dll
0x00007ffc53010000 - 0x00007ffc530b9000 	C:\WINDOWS\System32\sechost.dll
0x00007ffc549a0000 - 0x00007ffc54ab8000 	C:\WINDOWS\System32\RPCRT4.dll
0x00007ffc54e30000 - 0x00007ffc54eb0000 	C:\WINDOWS\System32\WS2_32.dll
0x00007ffc51f60000 - 0x00007ffc51fbe000 	C:\WINDOWS\SYSTEM32\POWRPROF.dll
0x00007ffc43c50000 - 0x00007ffc43c86000 	C:\WINDOWS\SYSTEM32\WINMM.dll
0x00007ffc3cb50000 - 0x00007ffc3cb5b000 	C:\WINDOWS\SYSTEM32\VERSION.dll
0x00007ffc51f40000 - 0x00007ffc51f55000 	C:\WINDOWS\SYSTEM32\UMPDC.dll
0x00007ffc50d90000 - 0x00007ffc50dab000 	C:\WINDOWS\SYSTEM32\kernel.appcore.dll
0x00007ffc4b220000 - 0x00007ffc4b22a000 	C:\Users\LENOVO\.antigravity-ide\extensions\redhat.java-1.56.0-win32-x64\jre\21.0.12.1-win32-x86_64\bin\jimage.dll
0x00007ffc4f290000 - 0x00007ffc4f4dc000 	C:\WINDOWS\SYSTEM32\DBGHELP.DLL
0x00007ffc52c40000 - 0x00007ffc52fc5000 	C:\WINDOWS\System32\combase.dll
0x00007ffc54760000 - 0x00007ffc54839000 	C:\WINDOWS\System32\OLEAUT32.dll
0x00007ffc4bdb0000 - 0x00007ffc4bdeb000 	C:\WINDOWS\SYSTEM32\dbgcore.DLL
0x00007ffc52230000 - 0x00007ffc522dc000 	C:\WINDOWS\System32\bcryptPrimitives.dll
0x00007ffc467b0000 - 0x00007ffc467bf000 	C:\Users\LENOVO\.antigravity-ide\extensions\redhat.java-1.56.0-win32-x64\jre\21.0.12.1-win32-x86_64\bin\instrument.dll
0x00007ffc18100000 - 0x00007ffc18120000 	C:\Users\LENOVO\.antigravity-ide\extensions\redhat.java-1.56.0-win32-x64\jre\21.0.12.1-win32-x86_64\bin\java.dll
0x00007ffc533e0000 - 0x00007ffc53b78000 	C:\WINDOWS\System32\SHELL32.dll
0x00007ffc4fb20000 - 0x00007ffc503ce000 	C:\WINDOWS\SYSTEM32\windows.storage.dll
0x00007ffc53d50000 - 0x00007ffc53e4b000 	C:\WINDOWS\System32\SHCORE.dll
0x00007ffc54ad0000 - 0x00007ffc54b36000 	C:\WINDOWS\System32\shlwapi.dll
0x00007ffc52020000 - 0x00007ffc52049000 	C:\WINDOWS\SYSTEM32\profapi.dll
0x00007ffc2e480000 - 0x00007ffc2e498000 	C:\Users\LENOVO\.antigravity-ide\extensions\redhat.java-1.56.0-win32-x64\jre\21.0.12.1-win32-x86_64\bin\zip.dll
0x00007ffc46c80000 - 0x00007ffc46c90000 	C:\Users\LENOVO\.antigravity-ide\extensions\redhat.java-1.56.0-win32-x64\jre\21.0.12.1-win32-x86_64\bin\net.dll
0x00007ffc42380000 - 0x00007ffc424aa000 	C:\WINDOWS\SYSTEM32\WINHTTP.dll
0x00007ffc51330000 - 0x00007ffc5139c000 	C:\WINDOWS\system32\mswsock.dll
0x00007ffc17050000 - 0x00007ffc17066000 	C:\Users\LENOVO\.antigravity-ide\extensions\redhat.java-1.56.0-win32-x64\jre\21.0.12.1-win32-x86_64\bin\nio.dll
0x00007ffc32680000 - 0x00007ffc32690000 	C:\Users\LENOVO\.antigravity-ide\extensions\redhat.java-1.56.0-win32-x64\jre\21.0.12.1-win32-x86_64\bin\verify.dll
0x00007ffc157b0000 - 0x00007ffc157d7000 	C:\Users\LENOVO\.gradle\native\1def1411415f61bf3af743bc5b6707747c0891f09f0c88961ee8f79bc544acac\windows-amd64\native-platform.dll
0x00007ffbee240000 - 0x00007ffbee2b8000 	C:\Users\LENOVO\.gradle\native\0.2.7\x86_64-windows-gnu\gradle-fileevents.dll
0x00007ffc214a0000 - 0x00007ffc214aa000 	C:\Users\LENOVO\.antigravity-ide\extensions\redhat.java-1.56.0-win32-x64\jre\21.0.12.1-win32-x86_64\bin\management.dll
0x00007ffc213e0000 - 0x00007ffc213ec000 	C:\Users\LENOVO\.antigravity-ide\extensions\redhat.java-1.56.0-win32-x64\jre\21.0.12.1-win32-x86_64\bin\management_ext.dll
0x00007ffc54ac0000 - 0x00007ffc54ac8000 	C:\WINDOWS\System32\PSAPI.DLL
0x00007ffc50740000 - 0x00007ffc50773000 	C:\WINDOWS\SYSTEM32\IPHLPAPI.DLL
0x00007ffc532b0000 - 0x00007ffc532ba000 	C:\WINDOWS\System32\NSI.dll
0x00007ffc23bd0000 - 0x00007ffc23bd9000 	C:\Users\LENOVO\.antigravity-ide\extensions\redhat.java-1.56.0-win32-x64\jre\21.0.12.1-win32-x86_64\bin\extnet.dll
0x00007ffc51750000 - 0x00007ffc5176b000 	C:\WINDOWS\SYSTEM32\CRYPTSP.dll
0x00007ffc50cf0000 - 0x00007ffc50d29000 	C:\WINDOWS\system32\rsaenh.dll
0x00007ffc513e0000 - 0x00007ffc51414000 	C:\WINDOWS\SYSTEM32\USERENV.dll
0x00007ffc51ff0000 - 0x00007ffc5201a000 	C:\WINDOWS\SYSTEM32\bcrypt.dll
0x00007ffc51590000 - 0x00007ffc5159c000 	C:\WINDOWS\SYSTEM32\CRYPTBASE.dll
0x00007ffc2a070000 - 0x00007ffc2a07e000 	C:\Users\LENOVO\.antigravity-ide\extensions\redhat.java-1.56.0-win32-x64\jre\21.0.12.1-win32-x86_64\bin\sunmscapi.dll
0x00007ffc523d0000 - 0x00007ffc5254e000 	C:\WINDOWS\System32\CRYPT32.dll
0x00007ffc518c0000 - 0x00007ffc518f0000 	C:\WINDOWS\SYSTEM32\ncrypt.dll
0x00007ffc51870000 - 0x00007ffc518af000 	C:\WINDOWS\SYSTEM32\NTASN1.dll
0x00007ffc35030000 - 0x00007ffc35038000 	C:\WINDOWS\system32\wshunix.dll

JVMTI agents:
C:\Users\LENOVO\.gradle\wrapper\dists\gradle-8.14-bin\38aieal9i53h9rfe7vjup95b9\gradle-8.14\lib\agents\gradle-instrumentation-agent-8.14.jar path:C:\Users\LENOVO\.antigravity-ide\extensions\redhat.java-1.56.0-win32-x64\jre\21.0.12.1-win32-x86_64\bin\instrument.dll, loaded, initialized, instrumentlib options:none

dbghelp: loaded successfully - version: 4.0.5 - missing functions: none
symbol engine: initialized successfully - sym options: 0x614 - pdb path: .;C:\Users\LENOVO\.antigravity-ide\extensions\redhat.java-1.56.0-win32-x64\jre\21.0.12.1-win32-x86_64\bin;C:\WINDOWS\SYSTEM32;C:\WINDOWS\WinSxS\amd64_microsoft.windows.common-controls_6595b64144ccf1df_6.0.26100.9278_none_3e0d1ba8e3303201;C:\Users\LENOVO\.antigravity-ide\extensions\redhat.java-1.56.0-win32-x64\jre\21.0.12.1-win32-x86_64\bin\server;C:\Users\LENOVO\.gradle\native\1def1411415f61bf3af743bc5b6707747c0891f09f0c88961ee8f79bc544acac\windows-amd64;C:\Users\LENOVO\.gradle\native\0.2.7\x86_64-windows-gnu

VM Arguments:
jvm_args: --add-opens=java.base/java.lang=ALL-UNNAMED --add-opens=java.base/java.lang.invoke=ALL-UNNAMED --add-opens=java.base/java.util=ALL-UNNAMED --add-opens=java.prefs/java.util.prefs=ALL-UNNAMED --add-exports=jdk.compiler/com.sun.tools.javac.api=ALL-UNNAMED --add-exports=jdk.compiler/com.sun.tools.javac.util=ALL-UNNAMED --add-opens=java.base/java.util=ALL-UNNAMED --add-opens=java.prefs/java.util.prefs=ALL-UNNAMED --add-opens=java.base/java.nio.charset=ALL-UNNAMED --add-opens=java.base/java.net=ALL-UNNAMED --add-opens=java.base/java.util.concurrent.atomic=ALL-UNNAMED --add-opens=java.xml/javax.xml.namespace=ALL-UNNAMED -Xmx1024m -Dfile.encoding=UTF-8 -Duser.country=US -Duser.language=en -Duser.variant -javaagent:C:\Users\LENOVO\.gradle\wrapper\dists\gradle-8.14-bin\38aieal9i53h9rfe7vjup95b9\gradle-8.14\lib\agents\gradle-instrumentation-agent-8.14.jar 
java_command: org.gradle.launcher.daemon.bootstrap.GradleDaemon 8.14
java_class_path (initial): C:\Users\LENOVO\.gradle\wrapper\dists\gradle-8.14-bin\38aieal9i53h9rfe7vjup95b9\gradle-8.14\lib\gradle-daemon-main-8.14.jar
Launcher Type: SUN_STANDARD

[Global flags]
     intx CICompilerCount                          = 4                                         {product} {ergonomic}
     uint ConcGCThreads                            = 2                                         {product} {ergonomic}
     uint G1ConcRefinementThreads                  = 8                                         {product} {ergonomic}
   size_t G1HeapRegionSize                         = 1048576                                   {product} {ergonomic}
    uintx GCDrainStackTargetSize                   = 64                                        {product} {ergonomic}
   size_t InitialHeapSize                          = 98566144                                  {product} {ergonomic}
   size_t MarkStackSize                            = 4194304                                   {product} {ergonomic}
   size_t MaxHeapSize                              = 1073741824                                {product} {command line}
   size_t MaxNewSize                               = 643825664                                 {product} {ergonomic}
   size_t MinHeapDeltaBytes                        = 1048576                                   {product} {ergonomic}
   size_t MinHeapSize                              = 8388608                                   {product} {ergonomic}
    uintx NonNMethodCodeHeapSize                   = 5839372                                {pd product} {ergonomic}
    uintx NonProfiledCodeHeapSize                  = 122909434                              {pd product} {ergonomic}
    uintx ProfiledCodeHeapSize                     = 122909434                              {pd product} {ergonomic}
    uintx ReservedCodeCacheSize                    = 251658240                              {pd product} {ergonomic}
     bool SegmentedCodeCache                       = true                                      {product} {ergonomic}
   size_t SoftMaxHeapSize                          = 1073741824                             {manageable} {ergonomic}
     bool UseCompressedOops                        = true                           {product lp64_product} {ergonomic}
     bool UseG1GC                                  = true                                      {product} {ergonomic}
     bool UseLargePagesIndividualAllocation        = false                                  {pd product} {ergonomic}

Logging:
Log output configuration:
 #0: stdout all=warning uptime,level,tags foldmultilines=false
 #1: stderr all=off uptime,level,tags foldmultilines=false

Release file:
JAVA_VERSION="21.0.12.1" 
MODULES="java.base java.compiler java.datatransfer java.xml java.prefs java.desktop java.instrument java.logging java.management java.security.sasl java.naming java.rmi java.management.rmi java.net.http java.scripting java.security.jgss java.transaction.xa java.sql java.sql.rowset java.xml.crypto java.se java.smartcardio jdk.accessibility jdk.internal.jvmstat jdk.attach jdk.charsets jdk.internal.opt jdk.zipfs jdk.compiler jdk.crypto.ec jdk.crypto.cryptoki jdk.crypto.mscapi jdk.dynalink jdk.internal.ed jdk.editpad jdk.hotspot.agent jdk.httpserver jdk.internal.le jdk.internal.vm.ci jdk.internal.vm.compiler jdk.internal.vm.compiler.management jdk.jartool jdk.javadoc jdk.jcmd jdk.management jdk.management.agent jdk.jconsole jdk.jdeps jdk.jdwp.agent jdk.jdi jdk.jfr jdk.jshell jdk.jsobject jdk.jstatd jdk.localedata jdk.management.jfr jdk.naming.dns jdk.naming.rmi jdk.net jdk.nio.mapmode jdk.random jdk.sctp jdk.security.auth jdk.security.jgss jdk.unsupported jdk.unsupported.desktop jdk.xml.dom" 

Environment Variables:
JAVA_HOME=C:\Program Files\Android\Android Studio\jbr
PATH=C:\WINDOWS\system32;C:\WINDOWS;C:\WINDOWS\System32\Wbem;C:\WINDOWS\System32\WindowsPowerShell\v1.0\;C:\WINDOWS\System32\OpenSSH\;C:\Program Files\Docker\Docker\resources\bin;C:\Program Files\nodejs\;C:\Program Files\Git\cmd;C:\Users\LENOVO\AppData\Local\Programs\Python\Python312\Scripts\;C:\Users\LENOVO\AppData\Local\Programs\Python\Python312\;C:\Users\LENOVO\AppData\Local\Programs\Python\Launcher\;C:\Users\LENOVO\AppData\Local\Programs\Python\Python314\Scripts\;C:\Users\LENOVO\AppData\Local\Programs\Python\Python314\;C:\Users\LENOVO\AppData\Local\Microsoft\WindowsApps;C:\Users\LENOVO\AppData\Local\Programs\Antigravity\bin;C:\Users\LENOVO\AppData\Roaming\npm;C:\ScrcpyLauncher by praveen;C:\Users\LENOVO\AppData\Local\PowerToys\DSCModules\;C:\Users\LENOVO\AppData\Local\Programs\Antigravity IDE\bin
USERNAME=LENOVO
OS=Windows_NT
PROCESSOR_IDENTIFIER=AMD64 Family 23 Model 160 Stepping 0, AuthenticAMD
TMP=C:\Users\LENOVO\AppData\Local\Temp
TEMP=C:\Users\LENOVO\AppData\Local\Temp




Periodic native trim disabled

---------------  S Y S T E M  ---------------

OS:
 Windows 11 , 64 bit Build 26100 (10.0.26100.9444)
OS uptime: 3 days 21:11 hours
Hyper-V role detected

CPU: total 8 (initial active 8) (8 cores per cpu, 2 threads per core) family 23 model 160 stepping 0 microcode 0x8a0000a, cx8, cmov, fxsr, ht, mmx, 3dnowpref, sse, sse2, sse3, ssse3, sse4a, sse4.1, sse4.2, popcnt, lzcnt, tsc, tscinvbit, avx, avx2, aes, clmul, bmi1, bmi2, adx, sha, fma, vzeroupper, clflush, clflushopt, hv, rdtscp, rdpid, f16c
Processor Information for the first 8 processors :
  Max Mhz: 2401, Current Mhz: 2401, Mhz Limit: 2401

Memory: 4k page, system-wide physical 5965M (303M free)
TotalPageFile size 24397M (AvailPageFile size 863M)
current process WorkingSet (physical memory assigned to process): 78M, peak: 233M
current process commit charge ("private bytes"): 421M, peak: 421M

vm_info: OpenJDK 64-Bit Server VM (21.0.12.1+1-LTS) for windows-amd64 JRE (21.0.12.1+1-LTS), built on 2026-08-18T00:00:00Z by "admin" with MS VC++ 17.12 (VS2022)

END.
