#
# There is insufficient memory for the Java Runtime Environment to continue.
# Native memory allocation (malloc) failed to allocate 1047536 bytes. Error detail: Chunk::new
# Possible reasons:
#   The system is out of physical RAM or swap space
#   This process is running with CompressedOops enabled, and the Java Heap may be blocking the growth of the native heap
# Possible solutions:
#   Reduce memory load on the system
#   Increase physical memory or swap space
#   Check if swap backing store is full
#   Decrease Java heap size (-Xmx/-Xms)
#   Decrease number of Java threads
#   Decrease Java thread stack sizes (-Xss)
#   Set larger code cache with -XX:ReservedCodeCacheSize=
#   JVM is running with Unscaled Compressed Oops mode in which the Java heap is
#     placed in the first 4GB address space. The Java Heap base address is the
#     maximum limit for the native heap growth. Please use -XX:HeapBaseMinAddress
#     to set the Java Heap base and to place the Java Heap above 4GB virtual address.
# This output file may be truncated or incomplete.
#
#  Out of Memory Error (arena.cpp:168), pid=10952, tid=23848
#
# JRE version: OpenJDK Runtime Environment (21.0.9) (build 21.0.9+-14787801-b1163.94)
# Java VM: OpenJDK 64-Bit Server VM (21.0.9+-14787801-b1163.94, mixed mode, tiered, compressed oops, compressed class ptrs, g1 gc, windows-amd64)
# No core dump will be written. Minidumps are not enabled by default on client versions of Windows
#

---------------  S U M M A R Y ------------

Command Line: --add-opens=java.base/java.lang=ALL-UNNAMED --add-opens=java.base/java.lang.invoke=ALL-UNNAMED --add-opens=java.base/java.util=ALL-UNNAMED --add-opens=java.prefs/java.util.prefs=ALL-UNNAMED --add-exports=jdk.compiler/com.sun.tools.javac.api=ALL-UNNAMED --add-exports=jdk.compiler/com.sun.tools.javac.util=ALL-UNNAMED --add-opens=java.base/java.util=ALL-UNNAMED --add-opens=java.prefs/java.util.prefs=ALL-UNNAMED --add-opens=java.base/java.nio.charset=ALL-UNNAMED --add-opens=java.base/java.net=ALL-UNNAMED --add-opens=java.base/java.util.concurrent.atomic=ALL-UNNAMED --add-opens=java.xml/javax.xml.namespace=ALL-UNNAMED -Xmx1024m -Dfile.encoding=UTF-8 -Duser.country=US -Duser.language=en -Duser.variant -javaagent:C:\Users\LENOVO\.gradle\wrapper\dists\gradle-8.14-bin\38aieal9i53h9rfe7vjup95b9\gradle-8.14\lib\agents\gradle-instrumentation-agent-8.14.jar org.gradle.launcher.daemon.bootstrap.GradleDaemon 8.14

Host: AMD Ryzen 3 7320U with Radeon Graphics         , 8 cores, 5G,  Windows 11 , 64 bit Build 26100 (10.0.26100.9444)
Time: Mon Sep 28 12:40:13 2026 Nepal Standard Time elapsed time: 1390.086354 seconds (0d 0h 23m 10s)

---------------  T H R E A D  ---------------

Current thread (0x000001e47703e8c0):  JavaThread "C2 CompilerThread0" daemon [_thread_in_native, id=23848, stack(0x00000090a7700000,0x00000090a7800000) (1024K)]


Current CompileTask:
C2:1390086 96740       4       org.jetbrains.kotlin.cli.jvm.compiler.KotlinCliJavaFileManagerImpl::findVirtualFileForTopLevelClass (297 bytes)

Stack: [0x00000090a7700000,0x00000090a7800000]
Native frames: (J=compiled Java code, j=interpreted, Vv=VM code, C=native code)
V  [jvm.dll+0x6d6c99]
V  [jvm.dll+0x866b83]
V  [jvm.dll+0x8691ae]
V  [jvm.dll+0x869893]
V  [jvm.dll+0x280776]
V  [jvm.dll+0xc07cd]
V  [jvm.dll+0xc0d03]
V  [jvm.dll+0x2f5a10]
V  [jvm.dll+0x5ff9a9]
V  [jvm.dll+0x252572]
V  [jvm.dll+0x25292f]
V  [jvm.dll+0x24b0d5]
V  [jvm.dll+0x24892e]
V  [jvm.dll+0x1c7344]
V  [jvm.dll+0x2581ae]
V  [jvm.dll+0x2566f6]
V  [jvm.dll+0x3f48a6]
V  [jvm.dll+0x80f118]
V  [jvm.dll+0x6d54ed]
C  [ucrtbase.dll+0x2cd30]
C  [KERNEL32.DLL+0x2cd87]
C  [ntdll.dll+0xacaec]


---------------  P R O C E S S  ---------------

Threads class SMR info:
_java_thread_list=0x000001e40b2fd0d0, length=167, elements={
0x000001e45c7c8df0, 0x000001e472ad9310, 0x000001e477027720, 0x000001e477028cf0,
0x000001e47702a2c0, 0x000001e47702ad20, 0x000001e47702b780, 0x000001e47703c450,
0x000001e47703e8c0, 0x000001e477043b10, 0x000001e47730aa30, 0x000001e4775a69e0,
0x000001e4784f0d60, 0x000001e478073dd0, 0x000001e47877b190, 0x000001e4771e4c40,
0x000001e4772683c0, 0x000001e4771e4400, 0x000001e4782bcc10, 0x000001e4782ba4b0,
0x000001e4782bbef0, 0x000001e4782bab40, 0x000001e4782bc580, 0x000001e4782b9e20,
0x000001e4782bb860, 0x000001e47a467750, 0x000001e47a465680, 0x000001e47a467de0,
0x000001e47a4663a0, 0x000001e47a4670c0, 0x000001e47ac37e90, 0x000001e47ac34a10,
0x000001e47ac36ae0, 0x000001e47ac35dc0, 0x000001e47ac37800, 0x000001e47a21d830,
0x000001e47a21b760, 0x000001e47a21bdf0, 0x000001e47a21dec0, 0x000001e47a21cb10,
0x000001e47a21d1a0, 0x000001e47a21aa40, 0x000001e47a21e550, 0x000001e47a21b0d0,
0x000001e47a2219d0, 0x000001e47a220620, 0x000001e47a220cb0, 0x000001e47a21f270,
0x000001e47a222060, 0x000001e47a221340, 0x000001e47a21ebe0, 0x000001e47a21ff90,
0x000001e47b8e76f0, 0x000001e47b8ea4e0, 0x000001e47b8e7d80, 0x000001e47b8e8aa0,
0x000001e47b8e97c0, 0x000001e47b8e7060, 0x000001e47b8eab70, 0x000001e47b8e9130,
0x000001e47b8e9e50, 0x000001e479a145b0, 0x000001e479a17a30, 0x000001e479a16d10,
0x000001e479a14c40, 0x000001e479a180c0, 0x000001e479a152d0, 0x000001e479a18750,
0x000001e479a16680, 0x000001e479a173a0, 0x000001e479a18de0, 0x000001e479a15960,
0x000001e479a19470, 0x000001e479a15ff0, 0x000001e479a19b00, 0x000001e479a1bbd0,
0x000001e479a1a190, 0x000001e479a1b540, 0x000001e47b8edff0, 0x000001e47b8ed960,
0x000001e47b8ee680, 0x000001e47a2dbaa0, 0x000001e47a2e1680, 0x000001e47a2ddb70,
0x000001e47a2de200, 0x000001e47a2dad80, 0x000001e47a2dfc40, 0x000001e47a2def20,
0x000001e47a2de890, 0x000001e47a2df5b0, 0x000001e47a2e02d0, 0x000001e47a2e0960,
0x000001e47b8ebf20, 0x000001e47b63df10, 0x000001e47b63ec30, 0x000001e47b63ffe0,
0x000001e47b63f2c0, 0x000001e47b63f950, 0x000001e47b63d880, 0x000001e47b640670,
0x000001e47b640d00, 0x000001e47b641a20, 0x000001e47b63e5a0, 0x000001e47b5cd930,
0x000001e47b6420b0, 0x000001e47dd44a70, 0x000001e47ed29c60, 0x000001e47ed2d770,
0x000001e47ed2a2f0, 0x000001e47ed2de00, 0x000001e47ed2a980, 0x000001e47ed2e490,
0x000001e47ed2b010, 0x000001e47ed2f1b0, 0x000001e47ed30560, 0x000001e47ed30bf0,
0x000001e47ed2f840, 0x000001e47ed2fed0, 0x000001e47dd41c80, 0x000001e47dd443e0,
0x000001e47dd45790, 0x000001e47dd45100, 0x000001e47dd42310, 0x000001e47dd429a0,
0x000001e47dd464b0, 0x000001e47dd436c0, 0x000001e47dd43030, 0x000001e47dd48580,
0x000001e47dd49fc0, 0x000001e47dd47860, 0x000001e47dd48c10, 0x000001e47dd492a0,
0x000001e47dd47ef0, 0x000001e47e56edd0, 0x000001e47e56cd00, 0x000001e47e56bfe0,
0x000001e47e5691f0, 0x000001e47e56d390, 0x000001e47f62d320, 0x000001e47f62f3f0,
0x000001e47f630e30, 0x000001e47f62d9b0, 0x000001e47f6314c0, 0x000001e47f62e040,
0x000001e47f634fd0, 0x000001e47f635660, 0x000001e47f6321e0, 0x000001e47f635cf0,
0x000001e47f632870, 0x000001e47f636380, 0x000001e47f638ae0, 0x000001e47e5656e0,
0x000001e47e565050, 0x000001e47e56faf0, 0x000001e47e571530, 0x000001e47e572f70,
0x000001e47e571bc0, 0x000001e47e5677b0, 0x000001e47e5684d0, 0x000001e4047763a0,
0x000001e4047770c0, 0x000001e40e599b80, 0x000001e40ec420f0, 0x000001e40ba7f7d0,
0x000001e40bba0450, 0x000001e416526680, 0x000001e41651fd80
}

Java Threads: ( => current thread )
  0x000001e45c7c8df0 JavaThread "main"                              [_thread_blocked, id=4112, stack(0x00000090a6800000,0x00000090a6900000) (1024K)]
  0x000001e472ad9310 JavaThread "Common-Cleaner"             daemon [_thread_blocked, id=7244, stack(0x00000090a7000000,0x00000090a7100000) (1024K)]
  0x000001e477027720 JavaThread "Reference Handler"          daemon [_thread_blocked, id=31440, stack(0x00000090a7100000,0x00000090a7200000) (1024K)]
  0x000001e477028cf0 JavaThread "Finalizer"                  daemon [_thread_blocked, id=18072, stack(0x00000090a7200000,0x00000090a7300000) (1024K)]
  0x000001e47702a2c0 JavaThread "Signal Dispatcher"          daemon [_thread_blocked, id=6232, stack(0x00000090a7300000,0x00000090a7400000) (1024K)]
  0x000001e47702ad20 JavaThread "Attach Listener"            daemon [_thread_blocked, id=25428, stack(0x00000090a7400000,0x00000090a7500000) (1024K)]
  0x000001e47702b780 JavaThread "Service Thread"             daemon [_thread_blocked, id=16616, stack(0x00000090a7500000,0x00000090a7600000) (1024K)]
  0x000001e47703c450 JavaThread "Monitor Deflation Thread"   daemon [_thread_blocked, id=28808, stack(0x00000090a7600000,0x00000090a7700000) (1024K)]
=>0x000001e47703e8c0 JavaThread "C2 CompilerThread0"         daemon [_thread_in_native, id=23848, stack(0x00000090a7700000,0x00000090a7800000) (1024K)]
  0x000001e477043b10 JavaThread "C1 CompilerThread0"         daemon [_thread_blocked, id=18864, stack(0x00000090a7800000,0x00000090a7900000) (1024K)]
  0x000001e47730aa30 JavaThread "Notification Thread"        daemon [_thread_blocked, id=24316, stack(0x00000090a7900000,0x00000090a7a00000) (1024K)]
  0x000001e4775a69e0 JavaThread "Daemon health stats"               [_thread_blocked, id=30036, stack(0x00000090a7e00000,0x00000090a7f00000) (1024K)]
  0x000001e4784f0d60 JavaThread "Incoming local TCP Connector on port 45191"        [_thread_in_native, id=20372, stack(0x00000090a7f00000,0x00000090a8000000) (1024K)]
  0x000001e478073dd0 JavaThread "Daemon periodic checks"            [_thread_blocked, id=12748, stack(0x00000090a8000000,0x00000090a8100000) (1024K)]
  0x000001e47877b190 JavaThread "Daemon"                            [_thread_blocked, id=11864, stack(0x00000090a8100000,0x00000090a8200000) (1024K)]
  0x000001e4771e4c40 JavaThread "Handler for socket connection from /127.0.0.1:45191 to /127.0.0.1:8621"        [_thread_in_native, id=23532, stack(0x00000090a8200000,0x00000090a8300000) (1024K)]
  0x000001e4772683c0 JavaThread "Cancel handler"                    [_thread_blocked, id=13332, stack(0x00000090a8300000,0x00000090a8400000) (1024K)]
  0x000001e4771e4400 JavaThread "Daemon worker"                     [_thread_blocked, id=27588, stack(0x00000090a8400000,0x00000090a8500000) (1024K)]
  0x000001e4782bcc10 JavaThread "Asynchronous log dispatcher for DefaultDaemonConnection: socket connection from /127.0.0.1:45191 to /127.0.0.1:8621"        [_thread_blocked, id=24496, stack(0x00000090a8500000,0x00000090a8600000) (1024K)]
  0x000001e4782ba4b0 JavaThread "Stdin handler"                     [_thread_blocked, id=12316, stack(0x00000090a8a00000,0x00000090a8b00000) (1024K)]
  0x000001e4782bbef0 JavaThread "Daemon client event forwarder"        [_thread_blocked, id=19660, stack(0x00000090a8b00000,0x00000090a8c00000) (1024K)]
  0x000001e4782bab40 JavaThread "Cache worker for journal cache (C:\Users\LENOVO\.gradle\caches\journal-1)"        [_thread_blocked, id=23808, stack(0x00000090a6600000,0x00000090a6700000) (1024K)]
  0x000001e4782bc580 JavaThread "File lock request listener"        [_thread_in_native, id=26748, stack(0x00000090a6700000,0x00000090a6800000) (1024K)]
  0x000001e4782b9e20 JavaThread "Cache worker for file hash cache (C:\Users\LENOVO\.gradle\caches\8.14\fileHashes)"        [_thread_blocked, id=4100, stack(0x00000090a8d00000,0x00000090a8e00000) (1024K)]
  0x000001e4782bb860 JavaThread "Cache worker for file hash cache (C:\Users\LENOVO\Desktop\HeliBoard-main\.gradle\8.14\fileHashes)"        [_thread_blocked, id=8380, stack(0x00000090a8e00000,0x00000090a8f00000) (1024K)]
  0x000001e47a467750 JavaThread "Cache worker for checksums cache (C:\Users\LENOVO\Desktop\HeliBoard-main\.gradle\8.14\checksums)"        [_thread_blocked, id=21860, stack(0x00000090a8f00000,0x00000090a9000000) (1024K)]
  0x000001e47a465680 JavaThread "Cache worker for Build Output Cleanup Cache (C:\Users\LENOVO\Desktop\HeliBoard-main\.gradle\buildOutputCleanup)"        [_thread_blocked, id=23656, stack(0x00000090a9000000,0x00000090a9100000) (1024K)]
  0x000001e47a467de0 JavaThread "Cache worker for file content cache (C:\Users\LENOVO\.gradle\caches\8.14\fileContent)"        [_thread_blocked, id=30812, stack(0x00000090a9100000,0x00000090a9200000) (1024K)]
  0x000001e47a4663a0 JavaThread "File watcher server"        daemon [_thread_in_native, id=7272, stack(0x00000090a9200000,0x00000090a9300000) (1024K)]
  0x000001e47a4670c0 JavaThread "File watcher consumer"      daemon [_thread_blocked, id=7320, stack(0x00000090a9300000,0x00000090a9400000) (1024K)]
  0x000001e47ac37e90 JavaThread "jar transforms"                    [_thread_blocked, id=26188, stack(0x00000090a9400000,0x00000090a9500000) (1024K)]
  0x000001e47ac34a10 JavaThread "jar transforms Thread 2"           [_thread_blocked, id=11752, stack(0x00000090a9500000,0x00000090a9600000) (1024K)]
  0x000001e47ac36ae0 JavaThread "jar transforms Thread 3"           [_thread_blocked, id=4664, stack(0x00000090a9600000,0x00000090a9700000) (1024K)]
  0x000001e47ac35dc0 JavaThread "Cache worker for cache directory md-supplier (C:\Users\LENOVO\.gradle\caches\8.14\md-supplier)"        [_thread_blocked, id=28932, stack(0x00000090a9700000,0x00000090a9800000) (1024K)]
  0x000001e47ac37800 JavaThread "Cache worker for cache directory md-rule (C:\Users\LENOVO\.gradle\caches\8.14\md-rule)"        [_thread_blocked, id=12328, stack(0x00000090a9800000,0x00000090a9900000) (1024K)]
  0x000001e47a21d830 JavaThread "Unconstrained build operations"        [_thread_blocked, id=15936, stack(0x00000090a9900000,0x00000090a9a00000) (1024K)]
  0x000001e47a21b760 JavaThread "Unconstrained build operations Thread 2"        [_thread_blocked, id=25916, stack(0x00000090a9a00000,0x00000090a9b00000) (1024K)]
  0x000001e47a21bdf0 JavaThread "Unconstrained build operations Thread 3"        [_thread_blocked, id=31476, stack(0x00000090a9b00000,0x00000090a9c00000) (1024K)]
  0x000001e47a21dec0 JavaThread "Unconstrained build operations Thread 4"        [_thread_blocked, id=25772, stack(0x00000090a9c00000,0x00000090a9d00000) (1024K)]
  0x000001e47a21cb10 JavaThread "Unconstrained build operations Thread 5"        [_thread_blocked, id=31452, stack(0x00000090a9d00000,0x00000090a9e00000) (1024K)]
  0x000001e47a21d1a0 JavaThread "Unconstrained build operations Thread 6"        [_thread_blocked, id=27472, stack(0x00000090a9e00000,0x00000090a9f00000) (1024K)]
  0x000001e47a21aa40 JavaThread "Unconstrained build operations Thread 7"        [_thread_blocked, id=4364, stack(0x00000090a9f00000,0x00000090aa000000) (1024K)]
  0x000001e47a21e550 JavaThread "Unconstrained build operations Thread 8"        [_thread_blocked, id=26844, stack(0x00000090aa000000,0x00000090aa100000) (1024K)]
  0x000001e47a21b0d0 JavaThread "Unconstrained build operations Thread 9"        [_thread_blocked, id=21764, stack(0x00000090aa100000,0x00000090aa200000) (1024K)]
  0x000001e47a2219d0 JavaThread "Unconstrained build operations Thread 10"        [_thread_blocked, id=15204, stack(0x00000090aa200000,0x00000090aa300000) (1024K)]
  0x000001e47a220620 JavaThread "Unconstrained build operations Thread 11"        [_thread_blocked, id=18324, stack(0x00000090aa300000,0x00000090aa400000) (1024K)]
  0x000001e47a220cb0 JavaThread "Unconstrained build operations Thread 12"        [_thread_blocked, id=22684, stack(0x00000090aa400000,0x00000090aa500000) (1024K)]
  0x000001e47a21f270 JavaThread "Unconstrained build operations Thread 13"        [_thread_blocked, id=21676, stack(0x00000090aa500000,0x00000090aa600000) (1024K)]
  0x000001e47a222060 JavaThread "Unconstrained build operations Thread 14"        [_thread_blocked, id=16352, stack(0x00000090aa600000,0x00000090aa700000) (1024K)]
  0x000001e47a221340 JavaThread "jar transforms Thread 4"           [_thread_blocked, id=30708, stack(0x00000090aa700000,0x00000090aa800000) (1024K)]
  0x000001e47a21ebe0 JavaThread "jar transforms Thread 5"           [_thread_blocked, id=10028, stack(0x00000090aa800000,0x00000090aa900000) (1024K)]
  0x000001e47a21ff90 JavaThread "Unconstrained build operations Thread 15"        [_thread_blocked, id=14860, stack(0x00000090aa900000,0x00000090aaa00000) (1024K)]
  0x000001e47b8e76f0 JavaThread "Unconstrained build operations Thread 16"        [_thread_blocked, id=20036, stack(0x00000090aaa00000,0x00000090aab00000) (1024K)]
  0x000001e47b8ea4e0 JavaThread "Unconstrained build operations Thread 17"        [_thread_blocked, id=30852, stack(0x00000090aab00000,0x00000090aac00000) (1024K)]
  0x000001e47b8e7d80 JavaThread "Unconstrained build operations Thread 18"        [_thread_blocked, id=23448, stack(0x00000090aac00000,0x00000090aad00000) (1024K)]
  0x000001e47b8e8aa0 JavaThread "Unconstrained build operations Thread 19"        [_thread_blocked, id=19512, stack(0x00000090aad00000,0x00000090aae00000) (1024K)]
  0x000001e47b8e97c0 JavaThread "Unconstrained build operations Thread 20"        [_thread_blocked, id=25224, stack(0x00000090aae00000,0x00000090aaf00000) (1024K)]
  0x000001e47b8e7060 JavaThread "Unconstrained build operations Thread 21"        [_thread_blocked, id=30188, stack(0x00000090aaf00000,0x00000090ab000000) (1024K)]
  0x000001e47b8eab70 JavaThread "jar transforms Thread 6"           [_thread_blocked, id=26948, stack(0x00000090ab000000,0x00000090ab100000) (1024K)]
  0x000001e47b8e9130 JavaThread "jar transforms Thread 7"           [_thread_blocked, id=3468, stack(0x00000090ab100000,0x00000090ab200000) (1024K)]
  0x000001e47b8e9e50 JavaThread "jar transforms Thread 8"           [_thread_blocked, id=11328, stack(0x00000090ab200000,0x00000090ab300000) (1024K)]
  0x000001e479a145b0 JavaThread "Unconstrained build operations Thread 22"        [_thread_blocked, id=23388, stack(0x00000090ab400000,0x00000090ab500000) (1024K)]
  0x000001e479a17a30 JavaThread "Unconstrained build operations Thread 23"        [_thread_blocked, id=31256, stack(0x00000090ab500000,0x00000090ab600000) (1024K)]
  0x000001e479a16d10 JavaThread "Unconstrained build operations Thread 24"        [_thread_blocked, id=19064, stack(0x00000090ab600000,0x00000090ab700000) (1024K)]
  0x000001e479a14c40 JavaThread "Unconstrained build operations Thread 25"        [_thread_blocked, id=28632, stack(0x00000090ab700000,0x00000090ab800000) (1024K)]
  0x000001e479a180c0 JavaThread "Unconstrained build operations Thread 26"        [_thread_blocked, id=22540, stack(0x00000090ab800000,0x00000090ab900000) (1024K)]
  0x000001e479a152d0 JavaThread "Unconstrained build operations Thread 27"        [_thread_blocked, id=31576, stack(0x00000090ab900000,0x00000090aba00000) (1024K)]
  0x000001e479a18750 JavaThread "Unconstrained build operations Thread 28"        [_thread_blocked, id=8064, stack(0x00000090aba00000,0x00000090abb00000) (1024K)]
  0x000001e479a16680 JavaThread "Unconstrained build operations Thread 29"        [_thread_blocked, id=23924, stack(0x00000090abb00000,0x00000090abc00000) (1024K)]
  0x000001e479a173a0 JavaThread "Unconstrained build operations Thread 30"        [_thread_blocked, id=20016, stack(0x00000090abc00000,0x00000090abd00000) (1024K)]
  0x000001e479a18de0 JavaThread "Unconstrained build operations Thread 31"        [_thread_blocked, id=30312, stack(0x00000090abd00000,0x00000090abe00000) (1024K)]
  0x000001e479a15960 JavaThread "Unconstrained build operations Thread 32"        [_thread_blocked, id=13356, stack(0x00000090abe00000,0x00000090abf00000) (1024K)]
  0x000001e479a19470 JavaThread "Unconstrained build operations Thread 33"        [_thread_blocked, id=2144, stack(0x00000090abf00000,0x00000090ac000000) (1024K)]
  0x000001e479a15ff0 JavaThread "Unconstrained build operations Thread 34"        [_thread_blocked, id=15276, stack(0x00000090ac000000,0x00000090ac100000) (1024K)]
  0x000001e479a19b00 JavaThread "Unconstrained build operations Thread 35"        [_thread_blocked, id=14016, stack(0x00000090ac100000,0x00000090ac200000) (1024K)]
  0x000001e479a1bbd0 JavaThread "Unconstrained build operations Thread 36"        [_thread_blocked, id=6884, stack(0x00000090ac200000,0x00000090ac300000) (1024K)]
  0x000001e479a1a190 JavaThread "Unconstrained build operations Thread 37"        [_thread_blocked, id=14224, stack(0x00000090ac300000,0x00000090ac400000) (1024K)]
  0x000001e479a1b540 JavaThread "Unconstrained build operations Thread 38"        [_thread_blocked, id=30248, stack(0x00000090ac400000,0x00000090ac500000) (1024K)]
  0x000001e47b8edff0 JavaThread "Unconstrained build operations Thread 39"        [_thread_blocked, id=20032, stack(0x00000090ac500000,0x00000090ac600000) (1024K)]
  0x000001e47b8ed960 JavaThread "Unconstrained build operations Thread 40"        [_thread_blocked, id=19228, stack(0x00000090ac600000,0x00000090ac700000) (1024K)]
  0x000001e47b8ee680 JavaThread "Unconstrained build operations Thread 41"        [_thread_blocked, id=7528, stack(0x00000090ac700000,0x00000090ac800000) (1024K)]
  0x000001e47a2dbaa0 JavaThread "Unconstrained build operations Thread 42"        [_thread_blocked, id=27980, stack(0x00000090ac800000,0x00000090ac900000) (1024K)]
  0x000001e47a2e1680 JavaThread "Configuration cache report writer"        [_thread_blocked, id=13336, stack(0x00000090ab300000,0x00000090ab400000) (1024K)]
  0x000001e47a2ddb70 JavaThread "Unconstrained build operations Thread 43"        [_thread_blocked, id=19020, stack(0x00000090ac900000,0x00000090aca00000) (1024K)]
  0x000001e47a2de200 JavaThread "Unconstrained build operations Thread 44"        [_thread_blocked, id=24996, stack(0x00000090aca00000,0x00000090acb00000) (1024K)]
  0x000001e47a2dad80 JavaThread "Unconstrained build operations Thread 45"        [_thread_blocked, id=18148, stack(0x00000090acb00000,0x00000090acc00000) (1024K)]
  0x000001e47a2dfc40 JavaThread "Unconstrained build operations Thread 46"        [_thread_blocked, id=22348, stack(0x00000090acc00000,0x00000090acd00000) (1024K)]
  0x000001e47a2def20 JavaThread "Unconstrained build operations Thread 47"        [_thread_blocked, id=30128, stack(0x00000090acd00000,0x00000090ace00000) (1024K)]
  0x000001e47a2de890 JavaThread "Unconstrained build operations Thread 48"        [_thread_blocked, id=24340, stack(0x00000090ace00000,0x00000090acf00000) (1024K)]
  0x000001e47a2df5b0 JavaThread "Unconstrained build operations Thread 49"        [_thread_blocked, id=25580, stack(0x00000090acf00000,0x00000090ad000000) (1024K)]
  0x000001e47a2e02d0 JavaThread "Unconstrained build operations Thread 50"        [_thread_blocked, id=26656, stack(0x00000090ad000000,0x00000090ad100000) (1024K)]
  0x000001e47a2e0960 JavaThread "Unconstrained build operations Thread 51"        [_thread_blocked, id=28236, stack(0x00000090ad100000,0x00000090ad200000) (1024K)]
  0x000001e47b8ebf20 JavaThread "Unconstrained build operations Thread 52"        [_thread_blocked, id=11216, stack(0x00000090ad200000,0x00000090ad300000) (1024K)]
  0x000001e47b63df10 JavaThread "Unconstrained build operations Thread 53"        [_thread_blocked, id=31284, stack(0x00000090ad300000,0x00000090ad400000) (1024K)]
  0x000001e47b63ec30 JavaThread "Unconstrained build operations Thread 54"        [_thread_blocked, id=18064, stack(0x00000090ad400000,0x00000090ad500000) (1024K)]
  0x000001e47b63ffe0 JavaThread "Unconstrained build operations Thread 55"        [_thread_blocked, id=10940, stack(0x00000090ad500000,0x00000090ad600000) (1024K)]
  0x000001e47b63f2c0 JavaThread "Unconstrained build operations Thread 56"        [_thread_blocked, id=30784, stack(0x00000090ad600000,0x00000090ad700000) (1024K)]
  0x000001e47b63f950 JavaThread "Unconstrained build operations Thread 57"        [_thread_blocked, id=9924, stack(0x00000090ad700000,0x00000090ad800000) (1024K)]
  0x000001e47b63d880 JavaThread "Unconstrained build operations Thread 58"        [_thread_blocked, id=14348, stack(0x00000090ad800000,0x00000090ad900000) (1024K)]
  0x000001e47b640670 JavaThread "Unconstrained build operations Thread 59"        [_thread_blocked, id=19388, stack(0x00000090ad900000,0x00000090ada00000) (1024K)]
  0x000001e47b640d00 JavaThread "Unconstrained build operations Thread 60"        [_thread_blocked, id=30452, stack(0x00000090ada00000,0x00000090adb00000) (1024K)]
  0x000001e47b641a20 JavaThread "build event listener"              [_thread_blocked, id=15656, stack(0x00000090adb00000,0x00000090adc00000) (1024K)]
  0x000001e47b63e5a0 JavaThread "Memory manager"                    [_thread_blocked, id=25820, stack(0x00000090adc00000,0x00000090add00000) (1024K)]
  0x000001e47b5cd930 JavaThread "build event listener"              [_thread_blocked, id=23920, stack(0x00000090add00000,0x00000090ade00000) (1024K)]
  0x000001e47b6420b0 JavaThread "Problems report writer"            [_thread_blocked, id=21128, stack(0x00000090ae000000,0x00000090ae100000) (1024K)]
  0x000001e47dd44a70 JavaThread "Build operations"                  [_thread_blocked, id=28248, stack(0x00000090adf00000,0x00000090ae000000) (1024K)]
  0x000001e47ed29c60 JavaThread "Unconstrained build operations Thread 61"        [_thread_blocked, id=16952, stack(0x00000090ae100000,0x00000090ae200000) (1024K)]
  0x000001e47ed2d770 JavaThread "Unconstrained build operations Thread 62"        [_thread_blocked, id=18572, stack(0x00000090ae200000,0x00000090ae300000) (1024K)]
  0x000001e47ed2a2f0 JavaThread "Unconstrained build operations Thread 63"        [_thread_blocked, id=27548, stack(0x00000090ae300000,0x00000090ae400000) (1024K)]
  0x000001e47ed2de00 JavaThread "Unconstrained build operations Thread 64"        [_thread_blocked, id=11408, stack(0x00000090ae400000,0x00000090ae500000) (1024K)]
  0x000001e47ed2a980 JavaThread "Unconstrained build operations Thread 65"        [_thread_blocked, id=27356, stack(0x00000090ae500000,0x00000090ae600000) (1024K)]
  0x000001e47ed2e490 JavaThread "Unconstrained build operations Thread 66"        [_thread_blocked, id=15760, stack(0x00000090ae600000,0x00000090ae700000) (1024K)]
  0x000001e47ed2b010 JavaThread "Unconstrained build operations Thread 67"        [_thread_blocked, id=18768, stack(0x00000090ae700000,0x00000090ae800000) (1024K)]
  0x000001e47ed2f1b0 JavaThread "Unconstrained build operations Thread 68"        [_thread_blocked, id=29324, stack(0x00000090ae800000,0x00000090ae900000) (1024K)]
  0x000001e47ed30560 JavaThread "Unconstrained build operations Thread 69"        [_thread_blocked, id=19896, stack(0x00000090ae900000,0x00000090aea00000) (1024K)]
  0x000001e47ed30bf0 JavaThread "Unconstrained build operations Thread 70"        [_thread_blocked, id=11932, stack(0x00000090aea00000,0x00000090aeb00000) (1024K)]
  0x000001e47ed2f840 JavaThread "Unconstrained build operations Thread 71"        [_thread_blocked, id=15864, stack(0x00000090aeb00000,0x00000090aec00000) (1024K)]
  0x000001e47ed2fed0 JavaThread "Unconstrained build operations Thread 72"        [_thread_blocked, id=28472, stack(0x00000090aec00000,0x00000090aed00000) (1024K)]
  0x000001e47dd41c80 JavaThread "Unconstrained build operations Thread 73"        [_thread_blocked, id=27660, stack(0x00000090aed00000,0x00000090aee00000) (1024K)]
  0x000001e47dd443e0 JavaThread "Unconstrained build operations Thread 74"        [_thread_blocked, id=27712, stack(0x00000090aee00000,0x00000090aef00000) (1024K)]
  0x000001e47dd45790 JavaThread "Unconstrained build operations Thread 75"        [_thread_blocked, id=11244, stack(0x00000090aef00000,0x00000090af000000) (1024K)]
  0x000001e47dd45100 JavaThread "Unconstrained build operations Thread 76"        [_thread_blocked, id=9268, stack(0x00000090af000000,0x00000090af100000) (1024K)]
  0x000001e47dd42310 JavaThread "Unconstrained build operations Thread 77"        [_thread_blocked, id=19664, stack(0x00000090af100000,0x00000090af200000) (1024K)]
  0x000001e47dd429a0 JavaThread "Build operations Thread 2"         [_thread_blocked, id=24332, stack(0x00000090af300000,0x00000090af400000) (1024K)]
  0x000001e47dd464b0 JavaThread "included builds"                   [_thread_blocked, id=19784, stack(0x00000090af200000,0x00000090af300000) (1024K)]
  0x000001e47dd436c0 JavaThread "Execution worker"                  [_thread_blocked, id=30560, stack(0x00000090af400000,0x00000090af500000) (1024K)]
  0x000001e47dd43030 JavaThread "Execution worker Thread 2"         [_thread_blocked, id=22676, stack(0x00000090af500000,0x00000090af600000) (1024K)]
  0x000001e47dd48580 JavaThread "Execution worker Thread 3"         [_thread_blocked, id=17368, stack(0x00000090af600000,0x00000090af700000) (1024K)]
  0x000001e47dd49fc0 JavaThread "Execution worker Thread 4"         [_thread_blocked, id=23900, stack(0x00000090af700000,0x00000090af800000) (1024K)]
  0x000001e47dd47860 JavaThread "Execution worker Thread 5"         [_thread_blocked, id=29256, stack(0x00000090af800000,0x00000090af900000) (1024K)]
  0x000001e47dd48c10 JavaThread "Execution worker Thread 6"         [_thread_blocked, id=7196, stack(0x00000090af900000,0x00000090afa00000) (1024K)]
  0x000001e47dd492a0 JavaThread "Execution worker Thread 7"         [_thread_blocked, id=4784, stack(0x00000090afa00000,0x00000090afb00000) (1024K)]
  0x000001e47dd47ef0 JavaThread "Cache worker for execution history cache (C:\Users\LENOVO\Desktop\HeliBoard-main\.gradle\8.14\executionHistory)"        [_thread_blocked, id=18956, stack(0x00000090afb00000,0x00000090afc00000) (1024K)]
  0x000001e47e56edd0 JavaThread "Unconstrained build operations Thread 78"        [_thread_blocked, id=30204, stack(0x00000090afc00000,0x00000090afd00000) (1024K)]
  0x000001e47e56cd00 JavaThread "Unconstrained build operations Thread 79"        [_thread_blocked, id=29320, stack(0x00000090afd00000,0x00000090afe00000) (1024K)]
  0x000001e47e56bfe0 JavaThread "Unconstrained build operations Thread 80"        [_thread_blocked, id=4964, stack(0x00000090afe00000,0x00000090aff00000) (1024K)]
  0x000001e47e5691f0 JavaThread "WorkerExecutor Queue"              [_thread_blocked, id=31472, stack(0x00000090b0d00000,0x00000090b0e00000) (1024K)]
  0x000001e47e56d390 JavaThread "WorkerExecutor Queue Thread 2"        [_thread_in_Java, id=22008, stack(0x00000090b0e00000,0x00000090b0f00000) (1024K)]
  0x000001e47f62d320 JavaThread "WorkerExecutor Queue Thread 4"        [_thread_blocked, id=13364, stack(0x00000090b1100000,0x00000090b1200000) (1024K)]
  0x000001e47f62f3f0 JavaThread "WorkerExecutor Queue Thread 5"        [_thread_blocked, id=11136, stack(0x00000090b1200000,0x00000090b1300000) (1024K)]
  0x000001e47f630e30 JavaThread "RMI Scheduler(0)"           daemon [_thread_blocked, id=11648, stack(0x00000090b1300000,0x00000090b1400000) (1024K)]
  0x000001e47f62d9b0 JavaThread "RMI GC Daemon"              daemon [_thread_blocked, id=9488, stack(0x00000090b1500000,0x00000090b1600000) (1024K)]
  0x000001e47f6314c0 JavaThread "RMI TCP Accept-0"           daemon [_thread_in_native, id=3684, stack(0x00000090b1600000,0x00000090b1700000) (1024K)]
  0x000001e47f62e040 JavaThread "RMI Reaper"                        [_thread_blocked, id=608, stack(0x00000090b1700000,0x00000090b1800000) (1024K)]
  0x000001e47f634fd0 JavaThread "Cache worker for Java compile cache (C:\Users\LENOVO\.gradle\caches\8.14\javaCompile)"        [_thread_blocked, id=25256, stack(0x00000090b0000000,0x00000090b0100000) (1024K)]
  0x000001e47f635660 JavaThread "Build operations Thread 3"         [_thread_blocked, id=29392, stack(0x00000090b0100000,0x00000090b0200000) (1024K)]
  0x000001e47f6321e0 JavaThread "Build operations Thread 4"         [_thread_blocked, id=26260, stack(0x00000090b0200000,0x00000090b0300000) (1024K)]
  0x000001e47f635cf0 JavaThread "Build operations Thread 5"         [_thread_blocked, id=2752, stack(0x00000090b0300000,0x00000090b0400000) (1024K)]
  0x000001e47f632870 JavaThread "Build operations Thread 6"         [_thread_blocked, id=27520, stack(0x00000090b0400000,0x00000090b0500000) (1024K)]
  0x000001e47f636380 JavaThread "Build operations Thread 7"         [_thread_blocked, id=26300, stack(0x00000090b0500000,0x00000090b0600000) (1024K)]
  0x000001e47f638ae0 JavaThread "Build operations Thread 8"         [_thread_blocked, id=13272, stack(0x00000090b0600000,0x00000090b0700000) (1024K)]
  0x000001e47e5656e0 JavaThread "WorkerExecutor Queue Thread 6"        [_thread_blocked, id=14556, stack(0x00000090b0700000,0x00000090b0800000) (1024K)]
  0x000001e47e565050 JavaThread "WorkerExecutor Queue Thread 7"        [_thread_blocked, id=16168, stack(0x00000090b0800000,0x00000090b0900000) (1024K)]
  0x000001e47e56faf0 JavaThread "Java2D Disposer"            daemon [_thread_blocked, id=3152, stack(0x00000090b0a00000,0x00000090b0b00000) (1024K)]
  0x000001e47e571530 JavaThread "AWT-Windows"                daemon [_thread_in_native, id=30848, stack(0x00000090b0c00000,0x00000090b0d00000) (1024K)]
  0x000001e47e572f70 JavaThread "DefaultDispatcher-worker-1" daemon [_thread_blocked, id=6504, stack(0x00000090b1000000,0x00000090b1100000) (1024K)]
  0x000001e47e571bc0 JavaThread "DefaultDispatcher-worker-2" daemon [_thread_blocked, id=3888, stack(0x00000090b1400000,0x00000090b1500000) (1024K)]
  0x000001e47e5677b0 JavaThread "DefaultDispatcher-worker-3" daemon [_thread_blocked, id=19764, stack(0x00000090b0b00000,0x00000090b0c00000) (1024K)]
  0x000001e47e5684d0 JavaThread "WorkerExecutor Queue Thread 8"        [_thread_blocked, id=21312, stack(0x00000090b0f00000,0x00000090b1000000) (1024K)]
  0x000001e4047763a0 JavaThread "Periodic tasks thread"      daemon [_thread_blocked, id=18204, stack(0x00000090b2200000,0x00000090b2300000) (1024K)]
  0x000001e4047770c0 JavaThread "ApplicationImpl pooled thread 1"        [_thread_blocked, id=10188, stack(0x00000090b2300000,0x00000090b2400000) (1024K)]
  0x000001e40e599b80 JavaThread "ForkJoinPool.commonPool-worker-2" daemon [_thread_blocked, id=16496, stack(0x00000090a8c00000,0x00000090a8d00000) (1024K)]
  0x000001e40ec420f0 JavaThread "ForkJoinPool.commonPool-worker-3" daemon [_thread_blocked, id=29248, stack(0x00000090ade00000,0x00000090adf00000) (1024K)]
  0x000001e40ba7f7d0 JavaThread "ForkJoinPool.commonPool-worker-4" daemon [_thread_blocked, id=13380, stack(0x00000090aff00000,0x00000090b0000000) (1024K)]
  0x000001e40bba0450 JavaThread "ForkJoinPool.commonPool-worker-5" daemon [_thread_blocked, id=22188, stack(0x00000090b0900000,0x00000090b0a00000) (1024K)]
  0x000001e416526680 JavaThread "WorkerExecutor Queue Thread 9"        [_thread_blocked, id=31628, stack(0x00000090b2600000,0x00000090b2700000) (1024K)]
  0x000001e41651fd80 JavaThread "RMI TCP Connection(idle)"   daemon [_thread_blocked, id=30532, stack(0x00000090b1800000,0x00000090b1900000) (1024K)]
Total: 167

Other Threads:
  0x000001e472aa53f0 VMThread "VM Thread"                           [id=12692, stack(0x00000090a6f00000,0x00000090a7000000) (1024K)]
  0x000001e472a0e4d0 WatcherThread "VM Periodic Task Thread"        [id=20212, stack(0x00000090a6e00000,0x00000090a6f00000) (1024K)]
  0x000001e45c804290 WorkerThread "GC Thread#0"                     [id=9296, stack(0x00000090a6900000,0x00000090a6a00000) (1024K)]
  0x000001e4774c2250 WorkerThread "GC Thread#1"                     [id=22864, stack(0x00000090a7a00000,0x00000090a7b00000) (1024K)]
  0x000001e477513a20 WorkerThread "GC Thread#2"                     [id=29168, stack(0x00000090a7b00000,0x00000090a7c00000) (1024K)]
  0x000001e4771ef000 WorkerThread "GC Thread#3"                     [id=5704, stack(0x00000090a7c00000,0x00000090a7d00000) (1024K)]
  0x000001e4776958f0 WorkerThread "GC Thread#4"                     [id=4240, stack(0x00000090a7d00000,0x00000090a7e00000) (1024K)]
  0x000001e478dff0f0 WorkerThread "GC Thread#5"                     [id=12568, stack(0x00000090a8600000,0x00000090a8700000) (1024K)]
  0x000001e478735a40 WorkerThread "GC Thread#6"                     [id=256, stack(0x00000090a8700000,0x00000090a8800000) (1024K)]
  0x000001e478735de0 WorkerThread "GC Thread#7"                     [id=29660, stack(0x00000090a8800000,0x00000090a8900000) (1024K)]
  0x000001e45c80d180 ConcurrentGCThread "G1 Main Marker"            [id=30824, stack(0x00000090a6a00000,0x00000090a6b00000) (1024K)]
  0x000001e45c80db90 WorkerThread "G1 Conc#0"                       [id=8464, stack(0x00000090a6b00000,0x00000090a6c00000) (1024K)]
  0x000001e477b60eb0 WorkerThread "G1 Conc#1"                       [id=11348, stack(0x00000090a8900000,0x00000090a8a00000) (1024K)]
  0x000001e45c88e800 ConcurrentGCThread "G1 Refine#0"               [id=29204, stack(0x00000090a6c00000,0x00000090a6d00000) (1024K)]
  0x000001e4728e5010 ConcurrentGCThread "G1 Service"                [id=3720, stack(0x00000090a6d00000,0x00000090a6e00000) (1024K)]
Total: 15

Threads with active compile tasks:
C2 CompilerThread0  1390170 96740       4       org.jetbrains.kotlin.cli.jvm.compiler.KotlinCliJavaFileManagerImpl::findVirtualFileForTopLevelClass (297 bytes)
Total: 1

VM state: not at safepoint (normal execution)

VM Mutex/Monitor currently owned by a thread: None

Heap address: 0x00000000c0000000, size: 1024 MB, Compressed Oops mode: 32-bit

CDS archive(s) not mapped
Compressed class space mapped at: 0x0000000100000000-0x0000000140000000, reserved size: 1073741824
Narrow klass base: 0x0000000000000000, Narrow klass shift: 3, Narrow klass range: 0x140000000

GC Precious Log:
 CardTable entry size: 512
 Card Set container configuration: InlinePtr #cards 5 size 8 Array Of Cards #cards 12 size 40 Howl #buckets 4 coarsen threshold 1843 Howl Bitmap #cards 512 size 80 coarsen threshold 460 Card regions per heap region 1 cards per card region 2048
 CPUs: 8 total, 8 available
 Memory: 5965M
 Large Page Support: Disabled
 NUMA Support: Disabled
 Compressed Oops: Enabled (32-bit)
 Heap Region Size: 1M
 Heap Min Capacity: 8M
 Heap Initial Capacity: 94M
 Heap Max Capacity: 1G
 Pre-touch: Disabled
 Parallel Workers: 8
 Concurrent Workers: 2
 Concurrent Refinement Workers: 8
 Periodic GC: Disabled

Heap:
 garbage-first heap   total 1048576K, used 610452K [0x00000000c0000000, 0x0000000100000000)
  region size 1024K, 26 young (26624K), 4 survivors (4096K)
 Metaspace       used 314452K, committed 316288K, reserved 1376256K
  class space    used 40213K, committed 41088K, reserved 1048576K

Heap Regions: E=young(eden), S=young(survivor), O=old, HS=humongous(starts), HC=humongous(continues), CS=collection set, F=free, TAMS=top-at-mark-start, PB=parsable bottom
|   0|0x00000000c0000000, 0x00000000c0100000, 0x00000000c0100000|100%|HS|  |TAMS 0x00000000c0000000| PB 0x00000000c0000000| Complete 
|   1|0x00000000c0100000, 0x00000000c0200000, 0x00000000c0200000|100%|HC|  |TAMS 0x00000000c0100000| PB 0x00000000c0100000| Complete 
|   2|0x00000000c0200000, 0x00000000c0300000, 0x00000000c0300000|100%|HC|  |TAMS 0x00000000c0200000| PB 0x00000000c0200000| Complete 
|   3|0x00000000c0300000, 0x00000000c0400000, 0x00000000c0400000|100%| O|  |TAMS 0x00000000c0300000| PB 0x00000000c0300000| Untracked 
|   4|0x00000000c0400000, 0x00000000c04fff90, 0x00000000c0500000| 99%| O|  |TAMS 0x00000000c0400000| PB 0x00000000c0400000| Untracked 
|   5|0x00000000c0500000, 0x00000000c05fff28, 0x00000000c0600000| 99%| O|  |TAMS 0x00000000c0500000| PB 0x00000000c0500000| Untracked 
|   6|0x00000000c0600000, 0x00000000c0700000, 0x00000000c0700000|100%| O|  |TAMS 0x00000000c0600000| PB 0x00000000c0600000| Untracked 
|   7|0x00000000c0700000, 0x00000000c07fffe8, 0x00000000c0800000| 99%| O|  |TAMS 0x00000000c0700000| PB 0x00000000c0700000| Untracked 
|   8|0x00000000c0800000, 0x00000000c0900000, 0x00000000c0900000|100%| O|  |TAMS 0x00000000c0800000| PB 0x00000000c0800000| Untracked 
|   9|0x00000000c0900000, 0x00000000c0a00000, 0x00000000c0a00000|100%| O|  |TAMS 0x00000000c0900000| PB 0x00000000c0900000| Untracked 
|  10|0x00000000c0a00000, 0x00000000c0affff0, 0x00000000c0b00000| 99%| O|  |TAMS 0x00000000c0a00000| PB 0x00000000c0a00000| Untracked 
|  11|0x00000000c0b00000, 0x00000000c0c00000, 0x00000000c0c00000|100%|HS|  |TAMS 0x00000000c0b00000| PB 0x00000000c0b00000| Complete 
|  12|0x00000000c0c00000, 0x00000000c0d00000, 0x00000000c0d00000|100%| O|  |TAMS 0x00000000c0c00000| PB 0x00000000c0c00000| Untracked 
|  13|0x00000000c0d00000, 0x00000000c0e00000, 0x00000000c0e00000|100%| O|  |TAMS 0x00000000c0d00000| PB 0x00000000c0d00000| Untracked 
|  14|0x00000000c0e00000, 0x00000000c0f00000, 0x00000000c0f00000|100%| O|  |TAMS 0x00000000c0e00000| PB 0x00000000c0e00000| Untracked 
|  15|0x00000000c0f00000, 0x00000000c0ffffe0, 0x00000000c1000000| 99%| O|  |TAMS 0x00000000c0f00000| PB 0x00000000c0f00000| Untracked 
|  16|0x00000000c1000000, 0x00000000c10ffff8, 0x00000000c1100000| 99%| O|  |TAMS 0x00000000c1000000| PB 0x00000000c1000000| Untracked 
|  17|0x00000000c1100000, 0x00000000c11ffff0, 0x00000000c1200000| 99%| O|  |TAMS 0x00000000c1100000| PB 0x00000000c1100000| Untracked 
|  18|0x00000000c1200000, 0x00000000c1300000, 0x00000000c1300000|100%| O|  |TAMS 0x00000000c1200000| PB 0x00000000c1200000| Untracked 
|  19|0x00000000c1300000, 0x00000000c13ffff8, 0x00000000c1400000| 99%| O|  |TAMS 0x00000000c1300000| PB 0x00000000c1300000| Untracked 
|  20|0x00000000c1400000, 0x00000000c14ffff8, 0x00000000c1500000| 99%| O|  |TAMS 0x00000000c1400000| PB 0x00000000c1400000| Untracked 
|  21|0x00000000c1500000, 0x00000000c15fff98, 0x00000000c1600000| 99%| O|  |TAMS 0x00000000c1500000| PB 0x00000000c1500000| Untracked 
|  22|0x00000000c1600000, 0x00000000c16fffe0, 0x00000000c1700000| 99%| O|  |TAMS 0x00000000c1600000| PB 0x00000000c1600000| Untracked 
|  23|0x00000000c1700000, 0x00000000c17ffff8, 0x00000000c1800000| 99%| O|  |TAMS 0x00000000c1700000| PB 0x00000000c1700000| Untracked 
|  24|0x00000000c1800000, 0x00000000c18fffe8, 0x00000000c1900000| 99%| O|  |TAMS 0x00000000c1800000| PB 0x00000000c1800000| Untracked 
|  25|0x00000000c1900000, 0x00000000c19fffe8, 0x00000000c1a00000| 99%| O|  |TAMS 0x00000000c1900000| PB 0x00000000c1900000| Untracked 
|  26|0x00000000c1a00000, 0x00000000c1afffd8, 0x00000000c1b00000| 99%| O|  |TAMS 0x00000000c1a00000| PB 0x00000000c1a00000| Untracked 
|  27|0x00000000c1b00000, 0x00000000c1bfffb8, 0x00000000c1c00000| 99%| O|  |TAMS 0x00000000c1b00000| PB 0x00000000c1b00000| Untracked 
|  28|0x00000000c1c00000, 0x00000000c1d00000, 0x00000000c1d00000|100%| O|  |TAMS 0x00000000c1c00000| PB 0x00000000c1c00000| Untracked 
|  29|0x00000000c1d00000, 0x00000000c1e00000, 0x00000000c1e00000|100%| O|  |TAMS 0x00000000c1d00000| PB 0x00000000c1d00000| Untracked 
|  30|0x00000000c1e00000, 0x00000000c1f00000, 0x00000000c1f00000|100%| O|  |TAMS 0x00000000c1e00000| PB 0x00000000c1e00000| Untracked 
|  31|0x00000000c1f00000, 0x00000000c2000000, 0x00000000c2000000|100%|HS|  |TAMS 0x00000000c1f00000| PB 0x00000000c1f00000| Complete 
|  32|0x00000000c2000000, 0x00000000c2100000, 0x00000000c2100000|100%|HC|  |TAMS 0x00000000c2000000| PB 0x00000000c2000000| Complete 
|  33|0x00000000c2100000, 0x00000000c21fd2e8, 0x00000000c2200000| 98%| O|  |TAMS 0x00000000c2100000| PB 0x00000000c2100000| Untracked 
|  34|0x00000000c2200000, 0x00000000c22ffff8, 0x00000000c2300000| 99%| O|  |TAMS 0x00000000c2200000| PB 0x00000000c2200000| Untracked 
|  35|0x00000000c2300000, 0x00000000c23ffff0, 0x00000000c2400000| 99%| O|  |TAMS 0x00000000c2300000| PB 0x00000000c2300000| Untracked 
|  36|0x00000000c2400000, 0x00000000c24fffb0, 0x00000000c2500000| 99%| O|  |TAMS 0x00000000c2400000| PB 0x00000000c2400000| Untracked 
|  37|0x00000000c2500000, 0x00000000c25fc4f8, 0x00000000c2600000| 98%| O|  |TAMS 0x00000000c2500000| PB 0x00000000c2500000| Untracked 
|  38|0x00000000c2600000, 0x00000000c26ffff0, 0x00000000c2700000| 99%| O|  |TAMS 0x00000000c2600000| PB 0x00000000c2600000| Untracked 
|  39|0x00000000c2700000, 0x00000000c2800000, 0x00000000c2800000|100%| O|  |TAMS 0x00000000c2700000| PB 0x00000000c2700000| Untracked 
|  40|0x00000000c2800000, 0x00000000c28ffff0, 0x00000000c2900000| 99%| O|  |TAMS 0x00000000c2800000| PB 0x00000000c2800000| Untracked 
|  41|0x00000000c2900000, 0x00000000c2a00000, 0x00000000c2a00000|100%|HS|  |TAMS 0x00000000c2900000| PB 0x00000000c2900000| Complete 
|  42|0x00000000c2a00000, 0x00000000c2affff0, 0x00000000c2b00000| 99%| O|  |TAMS 0x00000000c2a00000| PB 0x00000000c2a00000| Untracked 
|  43|0x00000000c2b00000, 0x00000000c2c00000, 0x00000000c2c00000|100%| O|  |TAMS 0x00000000c2b00000| PB 0x00000000c2b00000| Untracked 
|  44|0x00000000c2c00000, 0x00000000c2cffff8, 0x00000000c2d00000| 99%| O|  |TAMS 0x00000000c2c00000| PB 0x00000000c2c00000| Untracked 
|  45|0x00000000c2d00000, 0x00000000c2dffef8, 0x00000000c2e00000| 99%| O|  |TAMS 0x00000000c2d00000| PB 0x00000000c2d00000| Untracked 
|  46|0x00000000c2e00000, 0x00000000c2efe680, 0x00000000c2f00000| 99%| O|  |TAMS 0x00000000c2e00000| PB 0x00000000c2e00000| Untracked 
|  47|0x00000000c2f00000, 0x00000000c2fffff8, 0x00000000c3000000| 99%| O|  |TAMS 0x00000000c2f00000| PB 0x00000000c2f00000| Untracked 
|  48|0x00000000c3000000, 0x00000000c3100000, 0x00000000c3100000|100%| O|  |TAMS 0x00000000c3000000| PB 0x00000000c3000000| Untracked 
|  49|0x00000000c3100000, 0x00000000c31fffa8, 0x00000000c3200000| 99%| O|  |TAMS 0x00000000c3100000| PB 0x00000000c3100000| Untracked 
|  50|0x00000000c3200000, 0x00000000c3300000, 0x00000000c3300000|100%|HS|  |TAMS 0x00000000c3200000| PB 0x00000000c3200000| Complete 
|  51|0x00000000c3300000, 0x00000000c3400000, 0x00000000c3400000|100%|HS|  |TAMS 0x00000000c3300000| PB 0x00000000c3300000| Complete 
|  52|0x00000000c3400000, 0x00000000c34ffff0, 0x00000000c3500000| 99%| O|  |TAMS 0x00000000c3400000| PB 0x00000000c3400000| Untracked 
|  53|0x00000000c3500000, 0x00000000c3600000, 0x00000000c3600000|100%|HS|  |TAMS 0x00000000c3500000| PB 0x00000000c3500000| Complete 
|  54|0x00000000c3600000, 0x00000000c3700000, 0x00000000c3700000|100%|HC|  |TAMS 0x00000000c3600000| PB 0x00000000c3600000| Complete 
|  55|0x00000000c3700000, 0x00000000c3800000, 0x00000000c3800000|100%|HS|  |TAMS 0x00000000c3700000| PB 0x00000000c3700000| Complete 
|  56|0x00000000c3800000, 0x00000000c3900000, 0x00000000c3900000|100%|HS|  |TAMS 0x00000000c3800000| PB 0x00000000c3800000| Complete 
|  57|0x00000000c3900000, 0x00000000c3a00000, 0x00000000c3a00000|100%|HS|  |TAMS 0x00000000c3900000| PB 0x00000000c3900000| Complete 
|  58|0x00000000c3a00000, 0x00000000c3b00000, 0x00000000c3b00000|100%| O|  |TAMS 0x00000000c3a00000| PB 0x00000000c3a00000| Untracked 
|  59|0x00000000c3b00000, 0x00000000c3c00000, 0x00000000c3c00000|100%| O|  |TAMS 0x00000000c3b00000| PB 0x00000000c3b00000| Untracked 
|  60|0x00000000c3c00000, 0x00000000c3cffff8, 0x00000000c3d00000| 99%| O|  |TAMS 0x00000000c3c00000| PB 0x00000000c3c00000| Untracked 
|  61|0x00000000c3d00000, 0x00000000c3dffff8, 0x00000000c3e00000| 99%| O|  |TAMS 0x00000000c3d00000| PB 0x00000000c3d00000| Untracked 
|  62|0x00000000c3e00000, 0x00000000c3effff8, 0x00000000c3f00000| 99%| O|  |TAMS 0x00000000c3e00000| PB 0x00000000c3e00000| Untracked 
|  63|0x00000000c3f00000, 0x00000000c3ffffe8, 0x00000000c4000000| 99%| O|  |TAMS 0x00000000c3f00000| PB 0x00000000c3f00000| Untracked 
|  64|0x00000000c4000000, 0x00000000c4100000, 0x00000000c4100000|100%| O|  |TAMS 0x00000000c4000000| PB 0x00000000c4000000| Untracked 
|  65|0x00000000c4100000, 0x00000000c41ffff8, 0x00000000c4200000| 99%| O|  |TAMS 0x00000000c4100000| PB 0x00000000c4100000| Untracked 
|  66|0x00000000c4200000, 0x00000000c42ffff8, 0x00000000c4300000| 99%| O|  |TAMS 0x00000000c4200000| PB 0x00000000c4200000| Untracked 
|  67|0x00000000c4300000, 0x00000000c43fffe8, 0x00000000c4400000| 99%| O|  |TAMS 0x00000000c4300000| PB 0x00000000c4300000| Untracked 
|  68|0x00000000c4400000, 0x00000000c44fd258, 0x00000000c4500000| 98%| O|  |TAMS 0x00000000c4400000| PB 0x00000000c4400000| Untracked 
|  69|0x00000000c4500000, 0x00000000c4600000, 0x00000000c4600000|100%|HS|  |TAMS 0x00000000c4500000| PB 0x00000000c4500000| Complete 
|  70|0x00000000c4600000, 0x00000000c4700000, 0x00000000c4700000|100%|HC|  |TAMS 0x00000000c4600000| PB 0x00000000c4600000| Complete 
|  71|0x00000000c4700000, 0x00000000c47ffff8, 0x00000000c4800000| 99%| O|  |TAMS 0x00000000c4700000| PB 0x00000000c4700000| Untracked 
|  72|0x00000000c4800000, 0x00000000c48ffff8, 0x00000000c4900000| 99%| O|  |TAMS 0x00000000c4800000| PB 0x00000000c4800000| Untracked 
|  73|0x00000000c4900000, 0x00000000c4a00000, 0x00000000c4a00000|100%| O|  |TAMS 0x00000000c4900000| PB 0x00000000c4900000| Untracked 
|  74|0x00000000c4a00000, 0x00000000c4b00000, 0x00000000c4b00000|100%|HS|  |TAMS 0x00000000c4a00000| PB 0x00000000c4a00000| Complete 
|  75|0x00000000c4b00000, 0x00000000c4c00000, 0x00000000c4c00000|100%| O|  |TAMS 0x00000000c4b00000| PB 0x00000000c4b00000| Untracked 
|  76|0x00000000c4c00000, 0x00000000c4cfffe0, 0x00000000c4d00000| 99%| O|  |TAMS 0x00000000c4c00000| PB 0x00000000c4c00000| Untracked 
|  77|0x00000000c4d00000, 0x00000000c4dffff0, 0x00000000c4e00000| 99%| O|  |TAMS 0x00000000c4d00000| PB 0x00000000c4d00000| Untracked 
|  78|0x00000000c4e00000, 0x00000000c4f00000, 0x00000000c4f00000|100%| O|  |TAMS 0x00000000c4e00000| PB 0x00000000c4e00000| Untracked 
|  79|0x00000000c4f00000, 0x00000000c4ffffe0, 0x00000000c5000000| 99%| O|  |TAMS 0x00000000c4f00000| PB 0x00000000c4f00000| Untracked 
|  80|0x00000000c5000000, 0x00000000c50fffe0, 0x00000000c5100000| 99%| O|  |TAMS 0x00000000c5000000| PB 0x00000000c5000000| Untracked 
|  81|0x00000000c5100000, 0x00000000c51fffc0, 0x00000000c5200000| 99%| O|  |TAMS 0x00000000c5100000| PB 0x00000000c5100000| Untracked 
|  82|0x00000000c5200000, 0x00000000c52fffd0, 0x00000000c5300000| 99%| O|  |TAMS 0x00000000c5200000| PB 0x00000000c5200000| Untracked 
|  83|0x00000000c5300000, 0x00000000c53ffff8, 0x00000000c5400000| 99%| O|  |TAMS 0x00000000c5300000| PB 0x00000000c5300000| Untracked 
|  84|0x00000000c5400000, 0x00000000c5500000, 0x00000000c5500000|100%| O|  |TAMS 0x00000000c5400000| PB 0x00000000c5400000| Untracked 
|  85|0x00000000c5500000, 0x00000000c55ffff8, 0x00000000c5600000| 99%| O|  |TAMS 0x00000000c5500000| PB 0x00000000c5500000| Untracked 
|  86|0x00000000c5600000, 0x00000000c5700000, 0x00000000c5700000|100%| O|  |TAMS 0x00000000c5600000| PB 0x00000000c5600000| Untracked 
|  87|0x00000000c5700000, 0x00000000c57ffff0, 0x00000000c5800000| 99%| O|  |TAMS 0x00000000c5700000| PB 0x00000000c5700000| Untracked 
|  88|0x00000000c5800000, 0x00000000c58ffff8, 0x00000000c5900000| 99%| O|  |TAMS 0x00000000c5800000| PB 0x00000000c5800000| Untracked 
|  89|0x00000000c5900000, 0x00000000c59fff98, 0x00000000c5a00000| 99%| O|  |TAMS 0x00000000c5900000| PB 0x00000000c5900000| Untracked 
|  90|0x00000000c5a00000, 0x00000000c5b00000, 0x00000000c5b00000|100%| O|  |TAMS 0x00000000c5a00000| PB 0x00000000c5a00000| Untracked 
|  91|0x00000000c5b00000, 0x00000000c5c00000, 0x00000000c5c00000|100%| O|Cm|TAMS 0x00000000c5b00000| PB 0x00000000c5b00000| Complete 
|  92|0x00000000c5c00000, 0x00000000c5d00000, 0x00000000c5d00000|100%| O|  |TAMS 0x00000000c5c00000| PB 0x00000000c5c00000| Untracked 
|  93|0x00000000c5d00000, 0x00000000c5dffff8, 0x00000000c5e00000| 99%| O|  |TAMS 0x00000000c5d00000| PB 0x00000000c5d00000| Untracked 
|  94|0x00000000c5e00000, 0x00000000c5effff8, 0x00000000c5f00000| 99%| O|  |TAMS 0x00000000c5e00000| PB 0x00000000c5e00000| Untracked 
|  95|0x00000000c5f00000, 0x00000000c5ffffe8, 0x00000000c6000000| 99%| O|  |TAMS 0x00000000c5f00000| PB 0x00000000c5f00000| Untracked 
|  96|0x00000000c6000000, 0x00000000c60fffe0, 0x00000000c6100000| 99%| O|  |TAMS 0x00000000c6000000| PB 0x00000000c6000000| Untracked 
|  97|0x00000000c6100000, 0x00000000c61fffe8, 0x00000000c6200000| 99%| O|  |TAMS 0x00000000c6100000| PB 0x00000000c6100000| Untracked 
|  98|0x00000000c6200000, 0x00000000c62ffff0, 0x00000000c6300000| 99%| O|  |TAMS 0x00000000c6200000| PB 0x00000000c6200000| Untracked 
|  99|0x00000000c6300000, 0x00000000c6400000, 0x00000000c6400000|100%| O|  |TAMS 0x00000000c6300000| PB 0x00000000c6300000| Untracked 
| 100|0x00000000c6400000, 0x00000000c6500000, 0x00000000c6500000|100%| O|  |TAMS 0x00000000c6400000| PB 0x00000000c6400000| Untracked 
| 101|0x00000000c6500000, 0x00000000c65fd160, 0x00000000c6600000| 98%| O|  |TAMS 0x00000000c6500000| PB 0x00000000c6500000| Untracked 
| 102|0x00000000c6600000, 0x00000000c66fffe0, 0x00000000c6700000| 99%| O|  |TAMS 0x00000000c6600000| PB 0x00000000c6600000| Untracked 
| 103|0x00000000c6700000, 0x00000000c67fffb0, 0x00000000c6800000| 99%| O|  |TAMS 0x00000000c6700000| PB 0x00000000c6700000| Untracked 
| 104|0x00000000c6800000, 0x00000000c6900000, 0x00000000c6900000|100%| O|  |TAMS 0x00000000c6800000| PB 0x00000000c6800000| Untracked 
| 105|0x00000000c6900000, 0x00000000c69fffe0, 0x00000000c6a00000| 99%| O|  |TAMS 0x00000000c6900000| PB 0x00000000c6900000| Untracked 
| 106|0x00000000c6a00000, 0x00000000c6b00000, 0x00000000c6b00000|100%| O|  |TAMS 0x00000000c6a00000| PB 0x00000000c6a00000| Untracked 
| 107|0x00000000c6b00000, 0x00000000c6c00000, 0x00000000c6c00000|100%| O|  |TAMS 0x00000000c6b00000| PB 0x00000000c6b00000| Untracked 
| 108|0x00000000c6c00000, 0x00000000c6d00000, 0x00000000c6d00000|100%| O|  |TAMS 0x00000000c6c00000| PB 0x00000000c6c00000| Untracked 
| 109|0x00000000c6d00000, 0x00000000c6e00000, 0x00000000c6e00000|100%| O|  |TAMS 0x00000000c6d00000| PB 0x00000000c6d00000| Untracked 
| 110|0x00000000c6e00000, 0x00000000c6f00000, 0x00000000c6f00000|100%| O|  |TAMS 0x00000000c6e00000| PB 0x00000000c6e00000| Untracked 
| 111|0x00000000c6f00000, 0x00000000c6ffffd8, 0x00000000c7000000| 99%| O|Cm|TAMS 0x00000000c6f00000| PB 0x00000000c6f00000| Complete 
| 112|0x00000000c7000000, 0x00000000c70fffb8, 0x00000000c7100000| 99%| O|  |TAMS 0x00000000c7000000| PB 0x00000000c7000000| Untracked 
| 113|0x00000000c7100000, 0x00000000c71ffff8, 0x00000000c7200000| 99%| O|  |TAMS 0x00000000c7100000| PB 0x00000000c7100000| Untracked 
| 114|0x00000000c7200000, 0x00000000c7300000, 0x00000000c7300000|100%| O|  |TAMS 0x00000000c7200000| PB 0x00000000c7200000| Untracked 
| 115|0x00000000c7300000, 0x00000000c7300000, 0x00000000c7400000|  0%| F|  |TAMS 0x00000000c7300000| PB 0x00000000c7300000| Untracked 
| 116|0x00000000c7400000, 0x00000000c74ff270, 0x00000000c7500000| 99%| O|Cm|TAMS 0x00000000c7400000| PB 0x00000000c7400000| Complete 
| 117|0x00000000c7500000, 0x00000000c75ffff0, 0x00000000c7600000| 99%| O|  |TAMS 0x00000000c7500000| PB 0x00000000c7500000| Untracked 
| 118|0x00000000c7600000, 0x00000000c76ffff8, 0x00000000c7700000| 99%| O|  |TAMS 0x00000000c7600000| PB 0x00000000c7600000| Untracked 
| 119|0x00000000c7700000, 0x00000000c77fffd8, 0x00000000c7800000| 99%| O|  |TAMS 0x00000000c7700000| PB 0x00000000c7700000| Untracked 
| 120|0x00000000c7800000, 0x00000000c78fffe0, 0x00000000c7900000| 99%| O|  |TAMS 0x00000000c7800000| PB 0x00000000c7800000| Untracked 
| 121|0x00000000c7900000, 0x00000000c7a00000, 0x00000000c7a00000|100%| O|  |TAMS 0x00000000c7900000| PB 0x00000000c7900000| Untracked 
| 122|0x00000000c7a00000, 0x00000000c7b00000, 0x00000000c7b00000|100%| O|  |TAMS 0x00000000c7a00000| PB 0x00000000c7a00000| Untracked 
| 123|0x00000000c7b00000, 0x00000000c7c00000, 0x00000000c7c00000|100%| O|  |TAMS 0x00000000c7b00000| PB 0x00000000c7b00000| Untracked 
| 124|0x00000000c7c00000, 0x00000000c7d00000, 0x00000000c7d00000|100%| O|  |TAMS 0x00000000c7c00000| PB 0x00000000c7c00000| Untracked 
| 125|0x00000000c7d00000, 0x00000000c7e00000, 0x00000000c7e00000|100%| O|  |TAMS 0x00000000c7d00000| PB 0x00000000c7d00000| Untracked 
| 126|0x00000000c7e00000, 0x00000000c7efffe0, 0x00000000c7f00000| 99%| O|  |TAMS 0x00000000c7e00000| PB 0x00000000c7e00000| Untracked 
| 127|0x00000000c7f00000, 0x00000000c7f00000, 0x00000000c8000000|  0%| F|  |TAMS 0x00000000c7f00000| PB 0x00000000c7f00000| Untracked 
| 128|0x00000000c8000000, 0x00000000c8100000, 0x00000000c8100000|100%| O|  |TAMS 0x00000000c8000000| PB 0x00000000c8000000| Untracked 
| 129|0x00000000c8100000, 0x00000000c8200000, 0x00000000c8200000|100%| O|  |TAMS 0x00000000c8100000| PB 0x00000000c8100000| Untracked 
| 130|0x00000000c8200000, 0x00000000c82ffe18, 0x00000000c8300000| 99%| O|  |TAMS 0x00000000c8200000| PB 0x00000000c8200000| Untracked 
| 131|0x00000000c8300000, 0x00000000c83ffff0, 0x00000000c8400000| 99%| O|  |TAMS 0x00000000c8300000| PB 0x00000000c8300000| Untracked 
| 132|0x00000000c8400000, 0x00000000c84ffff0, 0x00000000c8500000| 99%| O|  |TAMS 0x00000000c8400000| PB 0x00000000c8400000| Untracked 
| 133|0x00000000c8500000, 0x00000000c85ffff0, 0x00000000c8600000| 99%| O|  |TAMS 0x00000000c8500000| PB 0x00000000c8500000| Untracked 
| 134|0x00000000c8600000, 0x00000000c8700000, 0x00000000c8700000|100%| O|  |TAMS 0x00000000c8600000| PB 0x00000000c8600000| Untracked 
| 135|0x00000000c8700000, 0x00000000c87fee00, 0x00000000c8800000| 99%| O|  |TAMS 0x00000000c8700000| PB 0x00000000c8700000| Untracked 
| 136|0x00000000c8800000, 0x00000000c8900000, 0x00000000c8900000|100%| O|  |TAMS 0x00000000c8800000| PB 0x00000000c8800000| Untracked 
| 137|0x00000000c8900000, 0x00000000c8a00000, 0x00000000c8a00000|100%| O|  |TAMS 0x00000000c8900000| PB 0x00000000c8900000| Untracked 
| 138|0x00000000c8a00000, 0x00000000c8affff8, 0x00000000c8b00000| 99%| O|  |TAMS 0x00000000c8a00000| PB 0x00000000c8a00000| Untracked 
| 139|0x00000000c8b00000, 0x00000000c8c00000, 0x00000000c8c00000|100%| O|  |TAMS 0x00000000c8b00000| PB 0x00000000c8b00000| Untracked 
| 140|0x00000000c8c00000, 0x00000000c8d00000, 0x00000000c8d00000|100%| O|  |TAMS 0x00000000c8c00000| PB 0x00000000c8c00000| Untracked 
| 141|0x00000000c8d00000, 0x00000000c8dfffd8, 0x00000000c8e00000| 99%| O|Cm|TAMS 0x00000000c8d00000| PB 0x00000000c8d00000| Complete 
| 142|0x00000000c8e00000, 0x00000000c8effff0, 0x00000000c8f00000| 99%| O|  |TAMS 0x00000000c8e00000| PB 0x00000000c8e00000| Untracked 
| 143|0x00000000c8f00000, 0x00000000c8f00000, 0x00000000c9000000|  0%| F|  |TAMS 0x00000000c8f00000| PB 0x00000000c8f00000| Untracked 
| 144|0x00000000c9000000, 0x00000000c9000000, 0x00000000c9100000|  0%| F|  |TAMS 0x00000000c9000000| PB 0x00000000c9000000| Untracked 
| 145|0x00000000c9100000, 0x00000000c9200000, 0x00000000c9200000|100%| O|  |TAMS 0x00000000c9100000| PB 0x00000000c9100000| Untracked 
| 146|0x00000000c9200000, 0x00000000c92fffb8, 0x00000000c9300000| 99%| O|  |TAMS 0x00000000c9200000| PB 0x00000000c9200000| Untracked 
| 147|0x00000000c9300000, 0x00000000c9400000, 0x00000000c9400000|100%| O|  |TAMS 0x00000000c9300000| PB 0x00000000c9300000| Untracked 
| 148|0x00000000c9400000, 0x00000000c94fffe8, 0x00000000c9500000| 99%| O|  |TAMS 0x00000000c9400000| PB 0x00000000c9400000| Untracked 
| 149|0x00000000c9500000, 0x00000000c95fffd0, 0x00000000c9600000| 99%| O|Cm|TAMS 0x00000000c9500000| PB 0x00000000c9500000| Complete 
| 150|0x00000000c9600000, 0x00000000c9700000, 0x00000000c9700000|100%| O|  |TAMS 0x00000000c9600000| PB 0x00000000c9600000| Untracked 
| 151|0x00000000c9700000, 0x00000000c97ffff0, 0x00000000c9800000| 99%| O|  |TAMS 0x00000000c9700000| PB 0x00000000c9700000| Untracked 
| 152|0x00000000c9800000, 0x00000000c9900000, 0x00000000c9900000|100%| O|  |TAMS 0x00000000c9800000| PB 0x00000000c9800000| Untracked 
| 153|0x00000000c9900000, 0x00000000c99ffff8, 0x00000000c9a00000| 99%| O|Cm|TAMS 0x00000000c9900000| PB 0x00000000c9900000| Complete 
| 154|0x00000000c9a00000, 0x00000000c9afffe8, 0x00000000c9b00000| 99%| O|Cm|TAMS 0x00000000c9a00000| PB 0x00000000c9a00000| Complete 
| 155|0x00000000c9b00000, 0x00000000c9c00000, 0x00000000c9c00000|100%| O|  |TAMS 0x00000000c9b00000| PB 0x00000000c9b00000| Untracked 
| 156|0x00000000c9c00000, 0x00000000c9d00000, 0x00000000c9d00000|100%| O|  |TAMS 0x00000000c9c00000| PB 0x00000000c9c00000| Untracked 
| 157|0x00000000c9d00000, 0x00000000c9dfffe8, 0x00000000c9e00000| 99%| O|Cm|TAMS 0x00000000c9d00000| PB 0x00000000c9d00000| Complete 
| 158|0x00000000c9e00000, 0x00000000c9f00000, 0x00000000c9f00000|100%| O|  |TAMS 0x00000000c9e00000| PB 0x00000000c9e00000| Untracked 
| 159|0x00000000c9f00000, 0x00000000c9ffff78, 0x00000000ca000000| 99%| O|  |TAMS 0x00000000c9f00000| PB 0x00000000c9f00000| Untracked 
| 160|0x00000000ca000000, 0x00000000ca100000, 0x00000000ca100000|100%| O|  |TAMS 0x00000000ca000000| PB 0x00000000ca000000| Untracked 
| 161|0x00000000ca100000, 0x00000000ca200000, 0x00000000ca200000|100%| O|  |TAMS 0x00000000ca100000| PB 0x00000000ca100000| Untracked 
| 162|0x00000000ca200000, 0x00000000ca300000, 0x00000000ca300000|100%| O|  |TAMS 0x00000000ca200000| PB 0x00000000ca200000| Untracked 
| 163|0x00000000ca300000, 0x00000000ca3fddf0, 0x00000000ca400000| 99%| O|  |TAMS 0x00000000ca300000| PB 0x00000000ca300000| Untracked 
| 164|0x00000000ca400000, 0x00000000ca400000, 0x00000000ca500000|  0%| F|  |TAMS 0x00000000ca400000| PB 0x00000000ca400000| Untracked 
| 165|0x00000000ca500000, 0x00000000ca600000, 0x00000000ca600000|100%| O|  |TAMS 0x00000000ca500000| PB 0x00000000ca500000| Untracked 
| 166|0x00000000ca600000, 0x00000000ca600000, 0x00000000ca700000|  0%| F|  |TAMS 0x00000000ca600000| PB 0x00000000ca600000| Untracked 
| 167|0x00000000ca700000, 0x00000000ca800000, 0x00000000ca800000|100%| O|  |TAMS 0x00000000ca700000| PB 0x00000000ca700000| Untracked 
| 168|0x00000000ca800000, 0x00000000ca900000, 0x00000000ca900000|100%|HS|  |TAMS 0x00000000ca800000| PB 0x00000000ca800000| Complete 
| 169|0x00000000ca900000, 0x00000000caa00000, 0x00000000caa00000|100%|HC|  |TAMS 0x00000000ca900000| PB 0x00000000ca900000| Complete 
| 170|0x00000000caa00000, 0x00000000cab00000, 0x00000000cab00000|100%| O|  |TAMS 0x00000000caa00000| PB 0x00000000caa00000| Untracked 
| 171|0x00000000cab00000, 0x00000000cabffe88, 0x00000000cac00000| 99%| O|  |TAMS 0x00000000cab00000| PB 0x00000000cab00000| Untracked 
| 172|0x00000000cac00000, 0x00000000cad00000, 0x00000000cad00000|100%| O|  |TAMS 0x00000000cac00000| PB 0x00000000cac00000| Untracked 
| 173|0x00000000cad00000, 0x00000000cae00000, 0x00000000cae00000|100%| O|  |TAMS 0x00000000cad00000| PB 0x00000000cad00000| Untracked 
| 174|0x00000000cae00000, 0x00000000caf00000, 0x00000000caf00000|100%| O|  |TAMS 0x00000000cae00000| PB 0x00000000cae00000| Untracked 
| 175|0x00000000caf00000, 0x00000000cafffff0, 0x00000000cb000000| 99%| O|  |TAMS 0x00000000caf00000| PB 0x00000000caf00000| Untracked 
| 176|0x00000000cb000000, 0x00000000cb000000, 0x00000000cb100000|  0%| F|  |TAMS 0x00000000cb000000| PB 0x00000000cb000000| Untracked 
| 177|0x00000000cb100000, 0x00000000cb200000, 0x00000000cb200000|100%| O|  |TAMS 0x00000000cb100000| PB 0x00000000cb100000| Untracked 
| 178|0x00000000cb200000, 0x00000000cb200000, 0x00000000cb300000|  0%| F|  |TAMS 0x00000000cb200000| PB 0x00000000cb200000| Untracked 
| 179|0x00000000cb300000, 0x00000000cb3fffe8, 0x00000000cb400000| 99%| O|Cm|TAMS 0x00000000cb300000| PB 0x00000000cb300000| Complete 
| 180|0x00000000cb400000, 0x00000000cb4fffa0, 0x00000000cb500000| 99%| O|Cm|TAMS 0x00000000cb400000| PB 0x00000000cb400000| Complete 
| 181|0x00000000cb500000, 0x00000000cb5ffff8, 0x00000000cb600000| 99%| O|  |TAMS 0x00000000cb500000| PB 0x00000000cb500000| Untracked 
| 182|0x00000000cb600000, 0x00000000cb700000, 0x00000000cb700000|100%| O|  |TAMS 0x00000000cb600000| PB 0x00000000cb600000| Untracked 
| 183|0x00000000cb700000, 0x00000000cb7fff90, 0x00000000cb800000| 99%| O|  |TAMS 0x00000000cb700000| PB 0x00000000cb700000| Untracked 
| 184|0x00000000cb800000, 0x00000000cb900000, 0x00000000cb900000|100%|HS|  |TAMS 0x00000000cb800000| PB 0x00000000cb800000| Complete 
| 185|0x00000000cb900000, 0x00000000cba00000, 0x00000000cba00000|100%|HC|  |TAMS 0x00000000cb900000| PB 0x00000000cb900000| Complete 
| 186|0x00000000cba00000, 0x00000000cbb00000, 0x00000000cbb00000|100%|HC|  |TAMS 0x00000000cba00000| PB 0x00000000cba00000| Complete 
| 187|0x00000000cbb00000, 0x00000000cbc00000, 0x00000000cbc00000|100%|HC|  |TAMS 0x00000000cbb00000| PB 0x00000000cbb00000| Complete 
| 188|0x00000000cbc00000, 0x00000000cbd00000, 0x00000000cbd00000|100%| O|  |TAMS 0x00000000cbc00000| PB 0x00000000cbc00000| Untracked 
| 189|0x00000000cbd00000, 0x00000000cbdffff0, 0x00000000cbe00000| 99%| O|  |TAMS 0x00000000cbd00000| PB 0x00000000cbd00000| Untracked 
| 190|0x00000000cbe00000, 0x00000000cbf00000, 0x00000000cbf00000|100%| O|  |TAMS 0x00000000cbe00000| PB 0x00000000cbe00000| Untracked 
| 191|0x00000000cbf00000, 0x00000000cbffff08, 0x00000000cc000000| 99%| O|  |TAMS 0x00000000cbf00000| PB 0x00000000cbf00000| Untracked 
| 192|0x00000000cc000000, 0x00000000cc100000, 0x00000000cc100000|100%| O|  |TAMS 0x00000000cc000000| PB 0x00000000cc000000| Untracked 
| 193|0x00000000cc100000, 0x00000000cc200000, 0x00000000cc200000|100%| O|  |TAMS 0x00000000cc100000| PB 0x00000000cc100000| Untracked 
| 194|0x00000000cc200000, 0x00000000cc2fffe8, 0x00000000cc300000| 99%| O|  |TAMS 0x00000000cc200000| PB 0x00000000cc200000| Untracked 
| 195|0x00000000cc300000, 0x00000000cc3fffd0, 0x00000000cc400000| 99%| O|Cm|TAMS 0x00000000cc300000| PB 0x00000000cc300000| Complete 
| 196|0x00000000cc400000, 0x00000000cc4fffe8, 0x00000000cc500000| 99%| O|Cm|TAMS 0x00000000cc400000| PB 0x00000000cc400000| Complete 
| 197|0x00000000cc500000, 0x00000000cc600000, 0x00000000cc600000|100%| O|  |TAMS 0x00000000cc500000| PB 0x00000000cc500000| Untracked 
| 198|0x00000000cc600000, 0x00000000cc700000, 0x00000000cc700000|100%| O|  |TAMS 0x00000000cc600000| PB 0x00000000cc600000| Untracked 
| 199|0x00000000cc700000, 0x00000000cc800000, 0x00000000cc800000|100%| O|  |TAMS 0x00000000cc700000| PB 0x00000000cc700000| Untracked 
| 200|0x00000000cc800000, 0x00000000cc800000, 0x00000000cc900000|  0%| F|  |TAMS 0x00000000cc800000| PB 0x00000000cc800000| Untracked 
| 201|0x00000000cc900000, 0x00000000cc9fffe8, 0x00000000cca00000| 99%| O|  |TAMS 0x00000000cc900000| PB 0x00000000cc900000| Untracked 
| 202|0x00000000cca00000, 0x00000000ccafff80, 0x00000000ccb00000| 99%| O|  |TAMS 0x00000000cca00000| PB 0x00000000cca00000| Untracked 
| 203|0x00000000ccb00000, 0x00000000ccbfffe8, 0x00000000ccc00000| 99%| O|  |TAMS 0x00000000ccb00000| PB 0x00000000ccb00000| Untracked 
| 204|0x00000000ccc00000, 0x00000000ccd00000, 0x00000000ccd00000|100%| O|  |TAMS 0x00000000ccc00000| PB 0x00000000ccc00000| Untracked 
| 205|0x00000000ccd00000, 0x00000000cce00000, 0x00000000cce00000|100%| O|  |TAMS 0x00000000ccd00000| PB 0x00000000ccd00000| Untracked 
| 206|0x00000000cce00000, 0x00000000cceffff0, 0x00000000ccf00000| 99%| O|  |TAMS 0x00000000cce00000| PB 0x00000000cce00000| Untracked 
| 207|0x00000000ccf00000, 0x00000000cd000000, 0x00000000cd000000|100%| O|  |TAMS 0x00000000ccf00000| PB 0x00000000ccf00000| Untracked 
| 208|0x00000000cd000000, 0x00000000cd100000, 0x00000000cd100000|100%| O|  |TAMS 0x00000000cd000000| PB 0x00000000cd000000| Untracked 
| 209|0x00000000cd100000, 0x00000000cd1ffff8, 0x00000000cd200000| 99%| O|  |TAMS 0x00000000cd100000| PB 0x00000000cd100000| Untracked 
| 210|0x00000000cd200000, 0x00000000cd300000, 0x00000000cd300000|100%| O|Cm|TAMS 0x00000000cd200000| PB 0x00000000cd200000| Complete 
| 211|0x00000000cd300000, 0x00000000cd400000, 0x00000000cd400000|100%| O|  |TAMS 0x00000000cd300000| PB 0x00000000cd300000| Untracked 
| 212|0x00000000cd400000, 0x00000000cd500000, 0x00000000cd500000|100%| O|  |TAMS 0x00000000cd400000| PB 0x00000000cd400000| Untracked 
| 213|0x00000000cd500000, 0x00000000cd5fffe8, 0x00000000cd600000| 99%| O|  |TAMS 0x00000000cd500000| PB 0x00000000cd500000| Untracked 
| 214|0x00000000cd600000, 0x00000000cd700000, 0x00000000cd700000|100%| O|Cm|TAMS 0x00000000cd600000| PB 0x00000000cd600000| Complete 
| 215|0x00000000cd700000, 0x00000000cd800000, 0x00000000cd800000|100%| O|  |TAMS 0x00000000cd700000| PB 0x00000000cd700000| Untracked 
| 216|0x00000000cd800000, 0x00000000cd900000, 0x00000000cd900000|100%| O|  |TAMS 0x00000000cd800000| PB 0x00000000cd800000| Untracked 
| 217|0x00000000cd900000, 0x00000000cd9fffe8, 0x00000000cda00000| 99%| O|  |TAMS 0x00000000cd900000| PB 0x00000000cd900000| Untracked 
| 218|0x00000000cda00000, 0x00000000cdafffe0, 0x00000000cdb00000| 99%| O|  |TAMS 0x00000000cda00000| PB 0x00000000cda00000| Untracked 
| 219|0x00000000cdb00000, 0x00000000cdc00000, 0x00000000cdc00000|100%|HS|  |TAMS 0x00000000cdb00000| PB 0x00000000cdb00000| Complete 
| 220|0x00000000cdc00000, 0x00000000cdd00000, 0x00000000cdd00000|100%|HC|  |TAMS 0x00000000cdc00000| PB 0x00000000cdc00000| Complete 
| 221|0x00000000cdd00000, 0x00000000cde00000, 0x00000000cde00000|100%|HC|  |TAMS 0x00000000cdd00000| PB 0x00000000cdd00000| Complete 
| 222|0x00000000cde00000, 0x00000000cdf00000, 0x00000000cdf00000|100%|HS|  |TAMS 0x00000000cde00000| PB 0x00000000cde00000| Complete 
| 223|0x00000000cdf00000, 0x00000000ce000000, 0x00000000ce000000|100%|HC|  |TAMS 0x00000000cdf00000| PB 0x00000000cdf00000| Complete 
| 224|0x00000000ce000000, 0x00000000ce100000, 0x00000000ce100000|100%|HC|  |TAMS 0x00000000ce000000| PB 0x00000000ce000000| Complete 
| 225|0x00000000ce100000, 0x00000000ce200000, 0x00000000ce200000|100%| O|  |TAMS 0x00000000ce100000| PB 0x00000000ce100000| Untracked 
| 226|0x00000000ce200000, 0x00000000ce2fffe0, 0x00000000ce300000| 99%| O|  |TAMS 0x00000000ce200000| PB 0x00000000ce200000| Untracked 
| 227|0x00000000ce300000, 0x00000000ce3ffff0, 0x00000000ce400000| 99%| O|  |TAMS 0x00000000ce300000| PB 0x00000000ce300000| Untracked 
| 228|0x00000000ce400000, 0x00000000ce4ffff0, 0x00000000ce500000| 99%| O|  |TAMS 0x00000000ce400000| PB 0x00000000ce400000| Untracked 
| 229|0x00000000ce500000, 0x00000000ce5fffd0, 0x00000000ce600000| 99%| O|  |TAMS 0x00000000ce500000| PB 0x00000000ce500000| Untracked 
| 230|0x00000000ce600000, 0x00000000ce6ffff0, 0x00000000ce700000| 99%| O|Cm|TAMS 0x00000000ce600000| PB 0x00000000ce600000| Complete 
| 231|0x00000000ce700000, 0x00000000ce7ffff8, 0x00000000ce800000| 99%| O|  |TAMS 0x00000000ce700000| PB 0x00000000ce700000| Untracked 
| 232|0x00000000ce800000, 0x00000000ce900000, 0x00000000ce900000|100%| O|  |TAMS 0x00000000ce800000| PB 0x00000000ce800000| Untracked 
| 233|0x00000000ce900000, 0x00000000cea00000, 0x00000000cea00000|100%| O|  |TAMS 0x00000000ce900000| PB 0x00000000ce900000| Untracked 
| 234|0x00000000cea00000, 0x00000000ceb00000, 0x00000000ceb00000|100%| O|  |TAMS 0x00000000cea00000| PB 0x00000000cea00000| Untracked 
| 235|0x00000000ceb00000, 0x00000000cebffff8, 0x00000000cec00000| 99%| O|  |TAMS 0x00000000ceb00000| PB 0x00000000ceb00000| Untracked 
| 236|0x00000000cec00000, 0x00000000cecfffd0, 0x00000000ced00000| 99%| O|  |TAMS 0x00000000cec00000| PB 0x00000000cec00000| Untracked 
| 237|0x00000000ced00000, 0x00000000cedfffd0, 0x00000000cee00000| 99%| O|  |TAMS 0x00000000ced00000| PB 0x00000000ced00000| Untracked 
| 238|0x00000000cee00000, 0x00000000cef00000, 0x00000000cef00000|100%| O|Cm|TAMS 0x00000000cee00000| PB 0x00000000cee00000| Complete 
| 239|0x00000000cef00000, 0x00000000cf000000, 0x00000000cf000000|100%| O|  |TAMS 0x00000000cef00000| PB 0x00000000cef00000| Untracked 
| 240|0x00000000cf000000, 0x00000000cf0ffff8, 0x00000000cf100000| 99%| O|  |TAMS 0x00000000cf000000| PB 0x00000000cf000000| Untracked 
| 241|0x00000000cf100000, 0x00000000cf100000, 0x00000000cf200000|  0%| F|  |TAMS 0x00000000cf100000| PB 0x00000000cf100000| Untracked 
| 242|0x00000000cf200000, 0x00000000cf300000, 0x00000000cf300000|100%| O|  |TAMS 0x00000000cf200000| PB 0x00000000cf200000| Untracked 
| 243|0x00000000cf300000, 0x00000000cf400000, 0x00000000cf400000|100%| O|  |TAMS 0x00000000cf300000| PB 0x00000000cf300000| Untracked 
| 244|0x00000000cf400000, 0x00000000cf500000, 0x00000000cf500000|100%| O|  |TAMS 0x00000000cf400000| PB 0x00000000cf400000| Untracked 
| 245|0x00000000cf500000, 0x00000000cf600000, 0x00000000cf600000|100%| O|  |TAMS 0x00000000cf500000| PB 0x00000000cf500000| Untracked 
| 246|0x00000000cf600000, 0x00000000cf6ffff8, 0x00000000cf700000| 99%| O|  |TAMS 0x00000000cf600000| PB 0x00000000cf600000| Untracked 
| 247|0x00000000cf700000, 0x00000000cf7ffff8, 0x00000000cf800000| 99%| O|  |TAMS 0x00000000cf700000| PB 0x00000000cf700000| Untracked 
| 248|0x00000000cf800000, 0x00000000cf8fffe8, 0x00000000cf900000| 99%| O|  |TAMS 0x00000000cf800000| PB 0x00000000cf800000| Untracked 
| 249|0x00000000cf900000, 0x00000000cf9ffff8, 0x00000000cfa00000| 99%| O|  |TAMS 0x00000000cf900000| PB 0x00000000cf900000| Untracked 
| 250|0x00000000cfa00000, 0x00000000cfb00000, 0x00000000cfb00000|100%| O|  |TAMS 0x00000000cfa00000| PB 0x00000000cfa00000| Untracked 
| 251|0x00000000cfb00000, 0x00000000cfc00000, 0x00000000cfc00000|100%| O|Cm|TAMS 0x00000000cfb00000| PB 0x00000000cfb00000| Complete 
| 252|0x00000000cfc00000, 0x00000000cfd00000, 0x00000000cfd00000|100%| O|  |TAMS 0x00000000cfc00000| PB 0x00000000cfc00000| Untracked 
| 253|0x00000000cfd00000, 0x00000000cfd00000, 0x00000000cfe00000|  0%| F|  |TAMS 0x00000000cfd00000| PB 0x00000000cfd00000| Untracked 
| 254|0x00000000cfe00000, 0x00000000cff00000, 0x00000000cff00000|100%| O|  |TAMS 0x00000000cfe00000| PB 0x00000000cfe00000| Untracked 
| 255|0x00000000cff00000, 0x00000000d0000000, 0x00000000d0000000|100%| O|  |TAMS 0x00000000cff00000| PB 0x00000000cff00000| Untracked 
| 256|0x00000000d0000000, 0x00000000d0100000, 0x00000000d0100000|100%| O|  |TAMS 0x00000000d0000000| PB 0x00000000d0000000| Untracked 
| 257|0x00000000d0100000, 0x00000000d0200000, 0x00000000d0200000|100%| O|  |TAMS 0x00000000d0100000| PB 0x00000000d0100000| Untracked 
| 258|0x00000000d0200000, 0x00000000d0300000, 0x00000000d0300000|100%| O|  |TAMS 0x00000000d0200000| PB 0x00000000d0200000| Untracked 
| 259|0x00000000d0300000, 0x00000000d0400000, 0x00000000d0400000|100%| O|  |TAMS 0x00000000d0300000| PB 0x00000000d0300000| Untracked 
| 260|0x00000000d0400000, 0x00000000d0500000, 0x00000000d0500000|100%| O|  |TAMS 0x00000000d0400000| PB 0x00000000d0400000| Untracked 
| 261|0x00000000d0500000, 0x00000000d0600000, 0x00000000d0600000|100%| O|  |TAMS 0x00000000d0500000| PB 0x00000000d0500000| Untracked 
| 262|0x00000000d0600000, 0x00000000d0700000, 0x00000000d0700000|100%| O|  |TAMS 0x00000000d0600000| PB 0x00000000d0600000| Untracked 
| 263|0x00000000d0700000, 0x00000000d0800000, 0x00000000d0800000|100%| O|  |TAMS 0x00000000d0700000| PB 0x00000000d0700000| Untracked 
| 264|0x00000000d0800000, 0x00000000d0900000, 0x00000000d0900000|100%| O|  |TAMS 0x00000000d0800000| PB 0x00000000d0800000| Untracked 
| 265|0x00000000d0900000, 0x00000000d0a00000, 0x00000000d0a00000|100%| O|  |TAMS 0x00000000d0900000| PB 0x00000000d0900000| Untracked 
| 266|0x00000000d0a00000, 0x00000000d0b00000, 0x00000000d0b00000|100%| O|  |TAMS 0x00000000d0a00000| PB 0x00000000d0a00000| Untracked 
| 267|0x00000000d0b00000, 0x00000000d0c00000, 0x00000000d0c00000|100%| O|  |TAMS 0x00000000d0b00000| PB 0x00000000d0b00000| Untracked 
| 268|0x00000000d0c00000, 0x00000000d0d00000, 0x00000000d0d00000|100%| O|  |TAMS 0x00000000d0c00000| PB 0x00000000d0c00000| Untracked 
| 269|0x00000000d0d00000, 0x00000000d0e00000, 0x00000000d0e00000|100%| O|  |TAMS 0x00000000d0d00000| PB 0x00000000d0d00000| Untracked 
| 270|0x00000000d0e00000, 0x00000000d0f00000, 0x00000000d0f00000|100%| O|  |TAMS 0x00000000d0e00000| PB 0x00000000d0e00000| Untracked 
| 271|0x00000000d0f00000, 0x00000000d1000000, 0x00000000d1000000|100%| O|  |TAMS 0x00000000d0f00000| PB 0x00000000d0f00000| Untracked 
| 272|0x00000000d1000000, 0x00000000d1100000, 0x00000000d1100000|100%| O|  |TAMS 0x00000000d1000000| PB 0x00000000d1000000| Untracked 
| 273|0x00000000d1100000, 0x00000000d1200000, 0x00000000d1200000|100%| O|  |TAMS 0x00000000d1100000| PB 0x00000000d1100000| Untracked 
| 274|0x00000000d1200000, 0x00000000d1300000, 0x00000000d1300000|100%| O|  |TAMS 0x00000000d1200000| PB 0x00000000d1200000| Untracked 
| 275|0x00000000d1300000, 0x00000000d1400000, 0x00000000d1400000|100%| O|  |TAMS 0x00000000d1300000| PB 0x00000000d1300000| Untracked 
| 276|0x00000000d1400000, 0x00000000d14ffff8, 0x00000000d1500000| 99%| O|  |TAMS 0x00000000d1400000| PB 0x00000000d1400000| Untracked 
| 277|0x00000000d1500000, 0x00000000d1600000, 0x00000000d1600000|100%| O|  |TAMS 0x00000000d1500000| PB 0x00000000d1500000| Untracked 
| 278|0x00000000d1600000, 0x00000000d16ffff8, 0x00000000d1700000| 99%| O|  |TAMS 0x00000000d1600000| PB 0x00000000d1600000| Untracked 
| 279|0x00000000d1700000, 0x00000000d1800000, 0x00000000d1800000|100%| O|  |TAMS 0x00000000d1700000| PB 0x00000000d1700000| Untracked 
| 280|0x00000000d1800000, 0x00000000d18fffd0, 0x00000000d1900000| 99%| O|  |TAMS 0x00000000d1800000| PB 0x00000000d1800000| Untracked 
| 281|0x00000000d1900000, 0x00000000d19ffff8, 0x00000000d1a00000| 99%| O|  |TAMS 0x00000000d1900000| PB 0x00000000d1900000| Untracked 
| 282|0x00000000d1a00000, 0x00000000d1afffe0, 0x00000000d1b00000| 99%| O|  |TAMS 0x00000000d1a00000| PB 0x00000000d1a00000| Untracked 
| 283|0x00000000d1b00000, 0x00000000d1c00000, 0x00000000d1c00000|100%| O|Cm|TAMS 0x00000000d1b00000| PB 0x00000000d1b00000| Complete 
| 284|0x00000000d1c00000, 0x00000000d1cfffe8, 0x00000000d1d00000| 99%| O|  |TAMS 0x00000000d1c00000| PB 0x00000000d1c00000| Untracked 
| 285|0x00000000d1d00000, 0x00000000d1dffff8, 0x00000000d1e00000| 99%| O|  |TAMS 0x00000000d1d00000| PB 0x00000000d1d00000| Untracked 
| 286|0x00000000d1e00000, 0x00000000d1effff0, 0x00000000d1f00000| 99%| O|  |TAMS 0x00000000d1e00000| PB 0x00000000d1e00000| Untracked 
| 287|0x00000000d1f00000, 0x00000000d2000000, 0x00000000d2000000|100%| O|Cm|TAMS 0x00000000d1f00000| PB 0x00000000d1f00000| Complete 
| 288|0x00000000d2000000, 0x00000000d2100000, 0x00000000d2100000|100%| O|  |TAMS 0x00000000d2000000| PB 0x00000000d2000000| Untracked 
| 289|0x00000000d2100000, 0x00000000d2200000, 0x00000000d2200000|100%| O|  |TAMS 0x00000000d2100000| PB 0x00000000d2100000| Untracked 
| 290|0x00000000d2200000, 0x00000000d22ffff8, 0x00000000d2300000| 99%| O|  |TAMS 0x00000000d2200000| PB 0x00000000d2200000| Untracked 
| 291|0x00000000d2300000, 0x00000000d23ffff0, 0x00000000d2400000| 99%| O|  |TAMS 0x00000000d2300000| PB 0x00000000d2300000| Untracked 
| 292|0x00000000d2400000, 0x00000000d2500000, 0x00000000d2500000|100%| O|  |TAMS 0x00000000d2400000| PB 0x00000000d2400000| Untracked 
| 293|0x00000000d2500000, 0x00000000d2600000, 0x00000000d2600000|100%| O|  |TAMS 0x00000000d2500000| PB 0x00000000d2500000| Untracked 
| 294|0x00000000d2600000, 0x00000000d2600000, 0x00000000d2700000|  0%| F|  |TAMS 0x00000000d2600000| PB 0x00000000d2600000| Untracked 
| 295|0x00000000d2700000, 0x00000000d27ffff0, 0x00000000d2800000| 99%| O|  |TAMS 0x00000000d2700000| PB 0x00000000d2700000| Untracked 
| 296|0x00000000d2800000, 0x00000000d2800000, 0x00000000d2900000|  0%| F|  |TAMS 0x00000000d2800000| PB 0x00000000d2800000| Untracked 
| 297|0x00000000d2900000, 0x00000000d2a00000, 0x00000000d2a00000|100%| O|  |TAMS 0x00000000d2900000| PB 0x00000000d2900000| Untracked 
| 298|0x00000000d2a00000, 0x00000000d2afffe0, 0x00000000d2b00000| 99%| O|  |TAMS 0x00000000d2a00000| PB 0x00000000d2a00000| Untracked 
| 299|0x00000000d2b00000, 0x00000000d2bffff0, 0x00000000d2c00000| 99%| O|  |TAMS 0x00000000d2b00000| PB 0x00000000d2b00000| Untracked 
| 300|0x00000000d2c00000, 0x00000000d2cffff8, 0x00000000d2d00000| 99%| O|  |TAMS 0x00000000d2c00000| PB 0x00000000d2c00000| Untracked 
| 301|0x00000000d2d00000, 0x00000000d2dff2a8, 0x00000000d2e00000| 99%| O|  |TAMS 0x00000000d2d00000| PB 0x00000000d2d00000| Untracked 
| 302|0x00000000d2e00000, 0x00000000d2f00000, 0x00000000d2f00000|100%| O|  |TAMS 0x00000000d2e00000| PB 0x00000000d2e00000| Untracked 
| 303|0x00000000d2f00000, 0x00000000d2ffffd0, 0x00000000d3000000| 99%| O|  |TAMS 0x00000000d2f00000| PB 0x00000000d2f00000| Untracked 
| 304|0x00000000d3000000, 0x00000000d30ffff0, 0x00000000d3100000| 99%| O|  |TAMS 0x00000000d3000000| PB 0x00000000d3000000| Untracked 
| 305|0x00000000d3100000, 0x00000000d31fffd8, 0x00000000d3200000| 99%| O|  |TAMS 0x00000000d3100000| PB 0x00000000d3100000| Untracked 
| 306|0x00000000d3200000, 0x00000000d3300000, 0x00000000d3300000|100%| O|  |TAMS 0x00000000d3200000| PB 0x00000000d3200000| Untracked 
| 307|0x00000000d3300000, 0x00000000d33fef98, 0x00000000d3400000| 99%| O|  |TAMS 0x00000000d3300000| PB 0x00000000d3300000| Untracked 
| 308|0x00000000d3400000, 0x00000000d34fffe0, 0x00000000d3500000| 99%| O|  |TAMS 0x00000000d3400000| PB 0x00000000d3400000| Untracked 
| 309|0x00000000d3500000, 0x00000000d3600000, 0x00000000d3600000|100%| O|  |TAMS 0x00000000d3500000| PB 0x00000000d3500000| Untracked 
| 310|0x00000000d3600000, 0x00000000d36fffe8, 0x00000000d3700000| 99%| O|  |TAMS 0x00000000d3600000| PB 0x00000000d3600000| Untracked 
| 311|0x00000000d3700000, 0x00000000d3800000, 0x00000000d3800000|100%| O|  |TAMS 0x00000000d3700000| PB 0x00000000d3700000| Untracked 
| 312|0x00000000d3800000, 0x00000000d3900000, 0x00000000d3900000|100%| O|  |TAMS 0x00000000d3800000| PB 0x00000000d3800000| Untracked 
| 313|0x00000000d3900000, 0x00000000d3a00000, 0x00000000d3a00000|100%| O|  |TAMS 0x00000000d3900000| PB 0x00000000d3900000| Untracked 
| 314|0x00000000d3a00000, 0x00000000d3b00000, 0x00000000d3b00000|100%| O|  |TAMS 0x00000000d3a00000| PB 0x00000000d3a00000| Untracked 
| 315|0x00000000d3b00000, 0x00000000d3bfffe0, 0x00000000d3c00000| 99%| O|  |TAMS 0x00000000d3b00000| PB 0x00000000d3b00000| Untracked 
| 316|0x00000000d3c00000, 0x00000000d3d00000, 0x00000000d3d00000|100%| O|  |TAMS 0x00000000d3c00000| PB 0x00000000d3c00000| Untracked 
| 317|0x00000000d3d00000, 0x00000000d3e00000, 0x00000000d3e00000|100%| O|  |TAMS 0x00000000d3d00000| PB 0x00000000d3d00000| Untracked 
| 318|0x00000000d3e00000, 0x00000000d3effff8, 0x00000000d3f00000| 99%| O|  |TAMS 0x00000000d3e00000| PB 0x00000000d3e00000| Untracked 
| 319|0x00000000d3f00000, 0x00000000d4000000, 0x00000000d4000000|100%| O|  |TAMS 0x00000000d3f00000| PB 0x00000000d3f00000| Untracked 
| 320|0x00000000d4000000, 0x00000000d40ffff0, 0x00000000d4100000| 99%| O|  |TAMS 0x00000000d4000000| PB 0x00000000d4000000| Untracked 
| 321|0x00000000d4100000, 0x00000000d4200000, 0x00000000d4200000|100%| O|  |TAMS 0x00000000d4100000| PB 0x00000000d4100000| Untracked 
| 322|0x00000000d4200000, 0x00000000d42ffff8, 0x00000000d4300000| 99%| O|  |TAMS 0x00000000d4200000| PB 0x00000000d4200000| Untracked 
| 323|0x00000000d4300000, 0x00000000d43fffd8, 0x00000000d4400000| 99%| O|Cm|TAMS 0x00000000d4300000| PB 0x00000000d4300000| Complete 
| 324|0x00000000d4400000, 0x00000000d4500000, 0x00000000d4500000|100%| O|  |TAMS 0x00000000d4400000| PB 0x00000000d4400000| Untracked 
| 325|0x00000000d4500000, 0x00000000d45fffe8, 0x00000000d4600000| 99%| O|  |TAMS 0x00000000d4500000| PB 0x00000000d4500000| Untracked 
| 326|0x00000000d4600000, 0x00000000d4700000, 0x00000000d4700000|100%| O|  |TAMS 0x00000000d4600000| PB 0x00000000d4600000| Untracked 
| 327|0x00000000d4700000, 0x00000000d47fffe8, 0x00000000d4800000| 99%| O|  |TAMS 0x00000000d4700000| PB 0x00000000d4700000| Untracked 
| 328|0x00000000d4800000, 0x00000000d48ffff8, 0x00000000d4900000| 99%| O|  |TAMS 0x00000000d4800000| PB 0x00000000d4800000| Untracked 
| 329|0x00000000d4900000, 0x00000000d4a00000, 0x00000000d4a00000|100%| O|  |TAMS 0x00000000d4900000| PB 0x00000000d4900000| Untracked 
| 330|0x00000000d4a00000, 0x00000000d4afffd0, 0x00000000d4b00000| 99%| O|  |TAMS 0x00000000d4a00000| PB 0x00000000d4a00000| Untracked 
| 331|0x00000000d4b00000, 0x00000000d4c00000, 0x00000000d4c00000|100%| O|Cm|TAMS 0x00000000d4b00000| PB 0x00000000d4b00000| Complete 
| 332|0x00000000d4c00000, 0x00000000d4c00000, 0x00000000d4d00000|  0%| F|  |TAMS 0x00000000d4c00000| PB 0x00000000d4c00000| Untracked 
| 333|0x00000000d4d00000, 0x00000000d4dfffe8, 0x00000000d4e00000| 99%| O|  |TAMS 0x00000000d4d00000| PB 0x00000000d4d00000| Untracked 
| 334|0x00000000d4e00000, 0x00000000d4f00000, 0x00000000d4f00000|100%| O|  |TAMS 0x00000000d4e00000| PB 0x00000000d4e00000| Untracked 
| 335|0x00000000d4f00000, 0x00000000d4f00000, 0x00000000d5000000|  0%| F|  |TAMS 0x00000000d4f00000| PB 0x00000000d4f00000| Untracked 
| 336|0x00000000d5000000, 0x00000000d50fffb8, 0x00000000d5100000| 99%| O|  |TAMS 0x00000000d5000000| PB 0x00000000d5000000| Untracked 
| 337|0x00000000d5100000, 0x00000000d51fffc0, 0x00000000d5200000| 99%| O|  |TAMS 0x00000000d5100000| PB 0x00000000d5100000| Untracked 
| 338|0x00000000d5200000, 0x00000000d52ffff8, 0x00000000d5300000| 99%| O|  |TAMS 0x00000000d5200000| PB 0x00000000d5200000| Untracked 
| 339|0x00000000d5300000, 0x00000000d5400000, 0x00000000d5400000|100%| O|  |TAMS 0x00000000d5300000| PB 0x00000000d5300000| Untracked 
| 340|0x00000000d5400000, 0x00000000d54ffff0, 0x00000000d5500000| 99%| O|Cm|TAMS 0x00000000d5400000| PB 0x00000000d5400000| Complete 
| 341|0x00000000d5500000, 0x00000000d55fffb0, 0x00000000d5600000| 99%| O|  |TAMS 0x00000000d5500000| PB 0x00000000d5500000| Untracked 
| 342|0x00000000d5600000, 0x00000000d5700000, 0x00000000d5700000|100%| O|  |TAMS 0x00000000d5600000| PB 0x00000000d5600000| Untracked 
| 343|0x00000000d5700000, 0x00000000d57ffff0, 0x00000000d5800000| 99%| O|  |TAMS 0x00000000d5700000| PB 0x00000000d5700000| Untracked 
| 344|0x00000000d5800000, 0x00000000d58fffe8, 0x00000000d5900000| 99%| O|  |TAMS 0x00000000d5800000| PB 0x00000000d5800000| Untracked 
| 345|0x00000000d5900000, 0x00000000d5a00000, 0x00000000d5a00000|100%| O|  |TAMS 0x00000000d5900000| PB 0x00000000d5900000| Untracked 
| 346|0x00000000d5a00000, 0x00000000d5affff8, 0x00000000d5b00000| 99%| O|  |TAMS 0x00000000d5a00000| PB 0x00000000d5a00000| Untracked 
| 347|0x00000000d5b00000, 0x00000000d5bffff0, 0x00000000d5c00000| 99%| O|  |TAMS 0x00000000d5b00000| PB 0x00000000d5b00000| Untracked 
| 348|0x00000000d5c00000, 0x00000000d5cfffe8, 0x00000000d5d00000| 99%| O|  |TAMS 0x00000000d5c00000| PB 0x00000000d5c00000| Untracked 
| 349|0x00000000d5d00000, 0x00000000d5e00000, 0x00000000d5e00000|100%| O|  |TAMS 0x00000000d5d00000| PB 0x00000000d5d00000| Untracked 
| 350|0x00000000d5e00000, 0x00000000d5effff8, 0x00000000d5f00000| 99%| O|  |TAMS 0x00000000d5e00000| PB 0x00000000d5e00000| Untracked 
| 351|0x00000000d5f00000, 0x00000000d5ffffd8, 0x00000000d6000000| 99%| O|  |TAMS 0x00000000d5f00000| PB 0x00000000d5f00000| Untracked 
| 352|0x00000000d6000000, 0x00000000d60ebdf0, 0x00000000d6100000| 92%| O|Cm|TAMS 0x00000000d6000000| PB 0x00000000d6000000| Complete 
| 353|0x00000000d6100000, 0x00000000d61ffff8, 0x00000000d6200000| 99%| O|Cm|TAMS 0x00000000d6100000| PB 0x00000000d6100000| Complete 
| 354|0x00000000d6200000, 0x00000000d6200000, 0x00000000d6300000|  0%| F|  |TAMS 0x00000000d6200000| PB 0x00000000d6200000| Untracked 
| 355|0x00000000d6300000, 0x00000000d6300000, 0x00000000d6400000|  0%| F|  |TAMS 0x00000000d6300000| PB 0x00000000d6300000| Untracked 
| 356|0x00000000d6400000, 0x00000000d64ffff8, 0x00000000d6500000| 99%| O|  |TAMS 0x00000000d6400000| PB 0x00000000d6400000| Untracked 
| 357|0x00000000d6500000, 0x00000000d65ffff0, 0x00000000d6600000| 99%| O|  |TAMS 0x00000000d6500000| PB 0x00000000d6500000| Untracked 
| 358|0x00000000d6600000, 0x00000000d6600000, 0x00000000d6700000|  0%| F|  |TAMS 0x00000000d6600000| PB 0x00000000d6600000| Untracked 
| 359|0x00000000d6700000, 0x00000000d67ffff0, 0x00000000d6800000| 99%| O|  |TAMS 0x00000000d6700000| PB 0x00000000d6700000| Untracked 
| 360|0x00000000d6800000, 0x00000000d68fffe8, 0x00000000d6900000| 99%| O|  |TAMS 0x00000000d6800000| PB 0x00000000d6800000| Untracked 
| 361|0x00000000d6900000, 0x00000000d6900000, 0x00000000d6a00000|  0%| F|  |TAMS 0x00000000d6900000| PB 0x00000000d6900000| Untracked 
| 362|0x00000000d6a00000, 0x00000000d6b00000, 0x00000000d6b00000|100%| O|  |TAMS 0x00000000d6a00000| PB 0x00000000d6a00000| Untracked 
| 363|0x00000000d6b00000, 0x00000000d6c00000, 0x00000000d6c00000|100%| O|  |TAMS 0x00000000d6b00000| PB 0x00000000d6b00000| Untracked 
| 364|0x00000000d6c00000, 0x00000000d6c00000, 0x00000000d6d00000|  0%| F|  |TAMS 0x00000000d6c00000| PB 0x00000000d6c00000| Untracked 
| 365|0x00000000d6d00000, 0x00000000d6d00000, 0x00000000d6e00000|  0%| F|  |TAMS 0x00000000d6d00000| PB 0x00000000d6d00000| Untracked 
| 366|0x00000000d6e00000, 0x00000000d6e00000, 0x00000000d6f00000|  0%| F|  |TAMS 0x00000000d6e00000| PB 0x00000000d6e00000| Untracked 
| 367|0x00000000d6f00000, 0x00000000d6f00000, 0x00000000d7000000|  0%| F|  |TAMS 0x00000000d6f00000| PB 0x00000000d6f00000| Untracked 
| 368|0x00000000d7000000, 0x00000000d70ffff0, 0x00000000d7100000| 99%| O|Cm|TAMS 0x00000000d7000000| PB 0x00000000d7000000| Complete 
| 369|0x00000000d7100000, 0x00000000d7100000, 0x00000000d7200000|  0%| F|  |TAMS 0x00000000d7100000| PB 0x00000000d7100000| Untracked 
| 370|0x00000000d7200000, 0x00000000d7200000, 0x00000000d7300000|  0%| F|  |TAMS 0x00000000d7200000| PB 0x00000000d7200000| Untracked 
| 371|0x00000000d7300000, 0x00000000d73ffa70, 0x00000000d7400000| 99%| O|  |TAMS 0x00000000d7300000| PB 0x00000000d7300000| Untracked 
| 372|0x00000000d7400000, 0x00000000d7400000, 0x00000000d7500000|  0%| F|  |TAMS 0x00000000d7400000| PB 0x00000000d7400000| Untracked 
| 373|0x00000000d7500000, 0x00000000d75ebc00, 0x00000000d7600000| 92%| O|  |TAMS 0x00000000d7500000| PB 0x00000000d7500000| Untracked 
| 374|0x00000000d7600000, 0x00000000d7600000, 0x00000000d7700000|  0%| F|  |TAMS 0x00000000d7600000| PB 0x00000000d7600000| Untracked 
| 375|0x00000000d7700000, 0x00000000d7700000, 0x00000000d7800000|  0%| F|  |TAMS 0x00000000d7700000| PB 0x00000000d7700000| Untracked 
| 376|0x00000000d7800000, 0x00000000d78ff530, 0x00000000d7900000| 99%| O|Cm|TAMS 0x00000000d7800000| PB 0x00000000d7800000| Complete 
| 377|0x00000000d7900000, 0x00000000d7a00000, 0x00000000d7a00000|100%| O|Cm|TAMS 0x00000000d7900000| PB 0x00000000d7900000| Complete 
| 378|0x00000000d7a00000, 0x00000000d7a00000, 0x00000000d7b00000|  0%| F|  |TAMS 0x00000000d7a00000| PB 0x00000000d7a00000| Untracked 
| 379|0x00000000d7b00000, 0x00000000d7b00000, 0x00000000d7c00000|  0%| F|  |TAMS 0x00000000d7b00000| PB 0x00000000d7b00000| Untracked 
| 380|0x00000000d7c00000, 0x00000000d7c00000, 0x00000000d7d00000|  0%| F|  |TAMS 0x00000000d7c00000| PB 0x00000000d7c00000| Untracked 
| 381|0x00000000d7d00000, 0x00000000d7e00000, 0x00000000d7e00000|100%| O|  |TAMS 0x00000000d7d00000| PB 0x00000000d7d00000| Untracked 
| 382|0x00000000d7e00000, 0x00000000d7e00000, 0x00000000d7f00000|  0%| F|  |TAMS 0x00000000d7e00000| PB 0x00000000d7e00000| Untracked 
| 383|0x00000000d7f00000, 0x00000000d7fffff0, 0x00000000d8000000| 99%| O|  |TAMS 0x00000000d7f00000| PB 0x00000000d7f00000| Untracked 
| 384|0x00000000d8000000, 0x00000000d80ffff8, 0x00000000d8100000| 99%| O|Cm|TAMS 0x00000000d8000000| PB 0x00000000d8000000| Complete 
| 385|0x00000000d8100000, 0x00000000d8100000, 0x00000000d8200000|  0%| F|  |TAMS 0x00000000d8100000| PB 0x00000000d8100000| Untracked 
| 386|0x00000000d8200000, 0x00000000d8200000, 0x00000000d8300000|  0%| F|  |TAMS 0x00000000d8200000| PB 0x00000000d8200000| Untracked 
| 387|0x00000000d8300000, 0x00000000d8300000, 0x00000000d8400000|  0%| F|  |TAMS 0x00000000d8300000| PB 0x00000000d8300000| Untracked 
| 388|0x00000000d8400000, 0x00000000d8500000, 0x00000000d8500000|100%| O|Cm|TAMS 0x00000000d8400000| PB 0x00000000d8400000| Complete 
| 389|0x00000000d8500000, 0x00000000d85ffff8, 0x00000000d8600000| 99%| O|  |TAMS 0x00000000d8500000| PB 0x00000000d8500000| Untracked 
| 390|0x00000000d8600000, 0x00000000d86fffe8, 0x00000000d8700000| 99%| O|  |TAMS 0x00000000d8600000| PB 0x00000000d8600000| Untracked 
| 391|0x00000000d8700000, 0x00000000d8800000, 0x00000000d8800000|100%| O|  |TAMS 0x00000000d8700000| PB 0x00000000d8700000| Untracked 
| 392|0x00000000d8800000, 0x00000000d8900000, 0x00000000d8900000|100%| O|  |TAMS 0x00000000d8800000| PB 0x00000000d8800000| Untracked 
| 393|0x00000000d8900000, 0x00000000d8900000, 0x00000000d8a00000|  0%| F|  |TAMS 0x00000000d8900000| PB 0x00000000d8900000| Untracked 
| 394|0x00000000d8a00000, 0x00000000d8afffe8, 0x00000000d8b00000| 99%| O|  |TAMS 0x00000000d8a00000| PB 0x00000000d8a00000| Untracked 
| 395|0x00000000d8b00000, 0x00000000d8bffff0, 0x00000000d8c00000| 99%| O|  |TAMS 0x00000000d8b00000| PB 0x00000000d8b00000| Untracked 
| 396|0x00000000d8c00000, 0x00000000d8d00000, 0x00000000d8d00000|100%| O|  |TAMS 0x00000000d8c00000| PB 0x00000000d8c00000| Untracked 
| 397|0x00000000d8d00000, 0x00000000d8dfffe8, 0x00000000d8e00000| 99%| O|  |TAMS 0x00000000d8d00000| PB 0x00000000d8d00000| Untracked 
| 398|0x00000000d8e00000, 0x00000000d8e00000, 0x00000000d8f00000|  0%| F|  |TAMS 0x00000000d8e00000| PB 0x00000000d8e00000| Untracked 
| 399|0x00000000d8f00000, 0x00000000d8ffffc0, 0x00000000d9000000| 99%| O|  |TAMS 0x00000000d8f00000| PB 0x00000000d8f00000| Untracked 
| 400|0x00000000d9000000, 0x00000000d9000000, 0x00000000d9100000|  0%| F|  |TAMS 0x00000000d9000000| PB 0x00000000d9000000| Untracked 
| 401|0x00000000d9100000, 0x00000000d9100000, 0x00000000d9200000|  0%| F|  |TAMS 0x00000000d9100000| PB 0x00000000d9100000| Untracked 
| 402|0x00000000d9200000, 0x00000000d9200000, 0x00000000d9300000|  0%| F|  |TAMS 0x00000000d9200000| PB 0x00000000d9200000| Untracked 
| 403|0x00000000d9300000, 0x00000000d9400000, 0x00000000d9400000|100%| O|  |TAMS 0x00000000d9300000| PB 0x00000000d9300000| Untracked 
| 404|0x00000000d9400000, 0x00000000d9500000, 0x00000000d9500000|100%| O|  |TAMS 0x00000000d9400000| PB 0x00000000d9400000| Untracked 
| 405|0x00000000d9500000, 0x00000000d95fffe8, 0x00000000d9600000| 99%| O|Cm|TAMS 0x00000000d9500000| PB 0x00000000d9500000| Complete 
| 406|0x00000000d9600000, 0x00000000d9600000, 0x00000000d9700000|  0%| F|  |TAMS 0x00000000d9600000| PB 0x00000000d9600000| Untracked 
| 407|0x00000000d9700000, 0x00000000d97fffe0, 0x00000000d9800000| 99%| O|  |TAMS 0x00000000d9700000| PB 0x00000000d9700000| Untracked 
| 408|0x00000000d9800000, 0x00000000d9900000, 0x00000000d9900000|100%| O|  |TAMS 0x00000000d9800000| PB 0x00000000d9800000| Untracked 
| 409|0x00000000d9900000, 0x00000000d9900000, 0x00000000d9a00000|  0%| F|  |TAMS 0x00000000d9900000| PB 0x00000000d9900000| Untracked 
| 410|0x00000000d9a00000, 0x00000000d9a00000, 0x00000000d9b00000|  0%| F|  |TAMS 0x00000000d9a00000| PB 0x00000000d9a00000| Untracked 
| 411|0x00000000d9b00000, 0x00000000d9b00000, 0x00000000d9c00000|  0%| F|  |TAMS 0x00000000d9b00000| PB 0x00000000d9b00000| Untracked 
| 412|0x00000000d9c00000, 0x00000000d9cfdd78, 0x00000000d9d00000| 99%| O|  |TAMS 0x00000000d9c00000| PB 0x00000000d9c00000| Untracked 
| 413|0x00000000d9d00000, 0x00000000d9d00000, 0x00000000d9e00000|  0%| F|  |TAMS 0x00000000d9d00000| PB 0x00000000d9d00000| Untracked 
| 414|0x00000000d9e00000, 0x00000000d9e00000, 0x00000000d9f00000|  0%| F|  |TAMS 0x00000000d9e00000| PB 0x00000000d9e00000| Untracked 
| 415|0x00000000d9f00000, 0x00000000da000000, 0x00000000da000000|100%| O|  |TAMS 0x00000000d9f00000| PB 0x00000000d9f00000| Untracked 
| 416|0x00000000da000000, 0x00000000da0fffe8, 0x00000000da100000| 99%| O|Cm|TAMS 0x00000000da000000| PB 0x00000000da000000| Complete 
| 417|0x00000000da100000, 0x00000000da100000, 0x00000000da200000|  0%| F|  |TAMS 0x00000000da100000| PB 0x00000000da100000| Untracked 
| 418|0x00000000da200000, 0x00000000da300000, 0x00000000da300000|100%| O|  |TAMS 0x00000000da200000| PB 0x00000000da200000| Untracked 
| 419|0x00000000da300000, 0x00000000da400000, 0x00000000da400000|100%| O|Cm|TAMS 0x00000000da300000| PB 0x00000000da300000| Complete 
| 420|0x00000000da400000, 0x00000000da400000, 0x00000000da500000|  0%| F|  |TAMS 0x00000000da400000| PB 0x00000000da400000| Untracked 
| 421|0x00000000da500000, 0x00000000da5ffca8, 0x00000000da600000| 99%| O|  |TAMS 0x00000000da500000| PB 0x00000000da500000| Untracked 
| 422|0x00000000da600000, 0x00000000da700000, 0x00000000da700000|100%| O|Cm|TAMS 0x00000000da600000| PB 0x00000000da600000| Complete 
| 423|0x00000000da700000, 0x00000000da800000, 0x00000000da800000|100%| O|Cm|TAMS 0x00000000da700000| PB 0x00000000da700000| Complete 
| 424|0x00000000da800000, 0x00000000da800000, 0x00000000da900000|  0%| F|  |TAMS 0x00000000da800000| PB 0x00000000da800000| Untracked 
| 425|0x00000000da900000, 0x00000000daa00000, 0x00000000daa00000|100%| O|  |TAMS 0x00000000da900000| PB 0x00000000da900000| Untracked 
| 426|0x00000000daa00000, 0x00000000daa00000, 0x00000000dab00000|  0%| F|  |TAMS 0x00000000daa00000| PB 0x00000000daa00000| Untracked 
| 427|0x00000000dab00000, 0x00000000dab00000, 0x00000000dac00000|  0%| F|  |TAMS 0x00000000dab00000| PB 0x00000000dab00000| Untracked 
| 428|0x00000000dac00000, 0x00000000dad00000, 0x00000000dad00000|100%|HS|  |TAMS 0x00000000dac00000| PB 0x00000000dac00000| Complete 
| 429|0x00000000dad00000, 0x00000000dad00000, 0x00000000dae00000|  0%| F|  |TAMS 0x00000000dad00000| PB 0x00000000dad00000| Untracked 
| 430|0x00000000dae00000, 0x00000000dae00000, 0x00000000daf00000|  0%| F|  |TAMS 0x00000000dae00000| PB 0x00000000dae00000| Untracked 
| 431|0x00000000daf00000, 0x00000000db000000, 0x00000000db000000|100%| O|  |TAMS 0x00000000daf00000| PB 0x00000000daf00000| Untracked 
| 432|0x00000000db000000, 0x00000000db0ffff0, 0x00000000db100000| 99%| O|  |TAMS 0x00000000db000000| PB 0x00000000db000000| Untracked 
| 433|0x00000000db100000, 0x00000000db200000, 0x00000000db200000|100%| O|  |TAMS 0x00000000db100000| PB 0x00000000db100000| Untracked 
| 434|0x00000000db200000, 0x00000000db2fffb0, 0x00000000db300000| 99%| O|  |TAMS 0x00000000db200000| PB 0x00000000db200000| Untracked 
| 435|0x00000000db300000, 0x00000000db3ffe78, 0x00000000db400000| 99%| O|  |TAMS 0x00000000db300000| PB 0x00000000db300000| Untracked 
| 436|0x00000000db400000, 0x00000000db400000, 0x00000000db500000|  0%| F|  |TAMS 0x00000000db400000| PB 0x00000000db400000| Untracked 
| 437|0x00000000db500000, 0x00000000db600000, 0x00000000db600000|100%| O|Cm|TAMS 0x00000000db500000| PB 0x00000000db500000| Complete 
| 438|0x00000000db600000, 0x00000000db700000, 0x00000000db700000|100%| O|  |TAMS 0x00000000db600000| PB 0x00000000db600000| Untracked 
| 439|0x00000000db700000, 0x00000000db800000, 0x00000000db800000|100%| O|Cm|TAMS 0x00000000db700000| PB 0x00000000db700000| Complete 
| 440|0x00000000db800000, 0x00000000db800000, 0x00000000db900000|  0%| F|  |TAMS 0x00000000db800000| PB 0x00000000db800000| Untracked 
| 441|0x00000000db900000, 0x00000000db900000, 0x00000000dba00000|  0%| F|  |TAMS 0x00000000db900000| PB 0x00000000db900000| Untracked 
| 442|0x00000000dba00000, 0x00000000dbafffd0, 0x00000000dbb00000| 99%| O|Cm|TAMS 0x00000000dba00000| PB 0x00000000dba00000| Complete 
| 443|0x00000000dbb00000, 0x00000000dbb00000, 0x00000000dbc00000|  0%| F|  |TAMS 0x00000000dbb00000| PB 0x00000000dbb00000| Untracked 
| 444|0x00000000dbc00000, 0x00000000dbd00000, 0x00000000dbd00000|100%| O|  |TAMS 0x00000000dbc00000| PB 0x00000000dbc00000| Untracked 
| 445|0x00000000dbd00000, 0x00000000dbe00000, 0x00000000dbe00000|100%| O|  |TAMS 0x00000000dbd00000| PB 0x00000000dbd00000| Untracked 
| 446|0x00000000dbe00000, 0x00000000dbe00000, 0x00000000dbf00000|  0%| F|  |TAMS 0x00000000dbe00000| PB 0x00000000dbe00000| Untracked 
| 447|0x00000000dbf00000, 0x00000000dbfffff0, 0x00000000dc000000| 99%| O|Cm|TAMS 0x00000000dbf00000| PB 0x00000000dbf00000| Complete 
| 448|0x00000000dc000000, 0x00000000dc000000, 0x00000000dc100000|  0%| F|  |TAMS 0x00000000dc000000| PB 0x00000000dc000000| Untracked 
| 449|0x00000000dc100000, 0x00000000dc100000, 0x00000000dc200000|  0%| F|  |TAMS 0x00000000dc100000| PB 0x00000000dc100000| Untracked 
| 450|0x00000000dc200000, 0x00000000dc2ffff0, 0x00000000dc300000| 99%| O|Cm|TAMS 0x00000000dc200000| PB 0x00000000dc200000| Complete 
| 451|0x00000000dc300000, 0x00000000dc400000, 0x00000000dc400000|100%| O|  |TAMS 0x00000000dc300000| PB 0x00000000dc300000| Untracked 
| 452|0x00000000dc400000, 0x00000000dc500000, 0x00000000dc500000|100%| O|  |TAMS 0x00000000dc400000| PB 0x00000000dc400000| Untracked 
| 453|0x00000000dc500000, 0x00000000dc600000, 0x00000000dc600000|100%| O|  |TAMS 0x00000000dc500000| PB 0x00000000dc500000| Untracked 
| 454|0x00000000dc600000, 0x00000000dc700000, 0x00000000dc700000|100%| O|  |TAMS 0x00000000dc600000| PB 0x00000000dc600000| Untracked 
| 455|0x00000000dc700000, 0x00000000dc7ffff8, 0x00000000dc800000| 99%| O|Cm|TAMS 0x00000000dc700000| PB 0x00000000dc700000| Complete 
| 456|0x00000000dc800000, 0x00000000dc800000, 0x00000000dc900000|  0%| F|  |TAMS 0x00000000dc800000| PB 0x00000000dc800000| Untracked 
| 457|0x00000000dc900000, 0x00000000dca00000, 0x00000000dca00000|100%|HS|  |TAMS 0x00000000dc900000| PB 0x00000000dc900000| Complete 
| 458|0x00000000dca00000, 0x00000000dcb00000, 0x00000000dcb00000|100%|HC|  |TAMS 0x00000000dca00000| PB 0x00000000dca00000| Complete 
| 459|0x00000000dcb00000, 0x00000000dcc00000, 0x00000000dcc00000|100%|HC|  |TAMS 0x00000000dcb00000| PB 0x00000000dcb00000| Complete 
| 460|0x00000000dcc00000, 0x00000000dcd00000, 0x00000000dcd00000|100%|HC|  |TAMS 0x00000000dcc00000| PB 0x00000000dcc00000| Complete 
| 461|0x00000000dcd00000, 0x00000000dce00000, 0x00000000dce00000|100%|HC|  |TAMS 0x00000000dcd00000| PB 0x00000000dcd00000| Complete 
| 462|0x00000000dce00000, 0x00000000dcf00000, 0x00000000dcf00000|100%|HC|  |TAMS 0x00000000dce00000| PB 0x00000000dce00000| Complete 
| 463|0x00000000dcf00000, 0x00000000dd000000, 0x00000000dd000000|100%|HC|  |TAMS 0x00000000dcf00000| PB 0x00000000dcf00000| Complete 
| 464|0x00000000dd000000, 0x00000000dd100000, 0x00000000dd100000|100%| O|  |TAMS 0x00000000dd000000| PB 0x00000000dd000000| Untracked 
| 465|0x00000000dd100000, 0x00000000dd200000, 0x00000000dd200000|100%| O|  |TAMS 0x00000000dd100000| PB 0x00000000dd100000| Untracked 
| 466|0x00000000dd200000, 0x00000000dd300000, 0x00000000dd300000|100%| O|  |TAMS 0x00000000dd200000| PB 0x00000000dd200000| Untracked 
| 467|0x00000000dd300000, 0x00000000dd400000, 0x00000000dd400000|100%| O|  |TAMS 0x00000000dd300000| PB 0x00000000dd300000| Untracked 
| 468|0x00000000dd400000, 0x00000000dd500000, 0x00000000dd500000|100%| O|  |TAMS 0x00000000dd400000| PB 0x00000000dd400000| Untracked 
| 469|0x00000000dd500000, 0x00000000dd500000, 0x00000000dd600000|  0%| F|  |TAMS 0x00000000dd500000| PB 0x00000000dd500000| Untracked 
| 470|0x00000000dd600000, 0x00000000dd600000, 0x00000000dd700000|  0%| F|  |TAMS 0x00000000dd600000| PB 0x00000000dd600000| Untracked 
| 471|0x00000000dd700000, 0x00000000dd800000, 0x00000000dd800000|100%| O|  |TAMS 0x00000000dd700000| PB 0x00000000dd700000| Untracked 
| 472|0x00000000dd800000, 0x00000000dd800000, 0x00000000dd900000|  0%| F|  |TAMS 0x00000000dd800000| PB 0x00000000dd800000| Untracked 
| 473|0x00000000dd900000, 0x00000000dd900000, 0x00000000dda00000|  0%| F|  |TAMS 0x00000000dd900000| PB 0x00000000dd900000| Untracked 
| 474|0x00000000dda00000, 0x00000000dda00000, 0x00000000ddb00000|  0%| F|  |TAMS 0x00000000dda00000| PB 0x00000000dda00000| Untracked 
| 475|0x00000000ddb00000, 0x00000000ddb00000, 0x00000000ddc00000|  0%| F|  |TAMS 0x00000000ddb00000| PB 0x00000000ddb00000| Untracked 
| 476|0x00000000ddc00000, 0x00000000ddc00000, 0x00000000ddd00000|  0%| F|  |TAMS 0x00000000ddc00000| PB 0x00000000ddc00000| Untracked 
| 477|0x00000000ddd00000, 0x00000000ddd00000, 0x00000000dde00000|  0%| F|  |TAMS 0x00000000ddd00000| PB 0x00000000ddd00000| Untracked 
| 478|0x00000000dde00000, 0x00000000dde00000, 0x00000000ddf00000|  0%| F|  |TAMS 0x00000000dde00000| PB 0x00000000dde00000| Untracked 
| 479|0x00000000ddf00000, 0x00000000ddf00000, 0x00000000de000000|  0%| F|  |TAMS 0x00000000ddf00000| PB 0x00000000ddf00000| Untracked 
| 480|0x00000000de000000, 0x00000000de000000, 0x00000000de100000|  0%| F|  |TAMS 0x00000000de000000| PB 0x00000000de000000| Untracked 
| 481|0x00000000de100000, 0x00000000de200000, 0x00000000de200000|100%| O|  |TAMS 0x00000000de100000| PB 0x00000000de100000| Untracked 
| 482|0x00000000de200000, 0x00000000de200000, 0x00000000de300000|  0%| F|  |TAMS 0x00000000de200000| PB 0x00000000de200000| Untracked 
| 483|0x00000000de300000, 0x00000000de3ffff8, 0x00000000de400000| 99%| O|  |TAMS 0x00000000de300000| PB 0x00000000de300000| Untracked 
| 484|0x00000000de400000, 0x00000000de400000, 0x00000000de500000|  0%| F|  |TAMS 0x00000000de400000| PB 0x00000000de400000| Untracked 
| 485|0x00000000de500000, 0x00000000de500000, 0x00000000de600000|  0%| F|  |TAMS 0x00000000de500000| PB 0x00000000de500000| Untracked 
| 486|0x00000000de600000, 0x00000000de700000, 0x00000000de700000|100%| O|  |TAMS 0x00000000de600000| PB 0x00000000de600000| Untracked 
| 487|0x00000000de700000, 0x00000000de800000, 0x00000000de800000|100%| O|  |TAMS 0x00000000de700000| PB 0x00000000de700000| Untracked 
| 488|0x00000000de800000, 0x00000000de800000, 0x00000000de900000|  0%| F|  |TAMS 0x00000000de800000| PB 0x00000000de800000| Untracked 
| 489|0x00000000de900000, 0x00000000dea00000, 0x00000000dea00000|100%| O|  |TAMS 0x00000000de900000| PB 0x00000000de900000| Untracked 
| 490|0x00000000dea00000, 0x00000000deb00000, 0x00000000deb00000|100%| O|  |TAMS 0x00000000dea00000| PB 0x00000000dea00000| Untracked 
| 491|0x00000000deb00000, 0x00000000dec00000, 0x00000000dec00000|100%| O|  |TAMS 0x00000000deb00000| PB 0x00000000deb00000| Untracked 
| 492|0x00000000dec00000, 0x00000000ded00000, 0x00000000ded00000|100%| O|  |TAMS 0x00000000dec00000| PB 0x00000000dec00000| Untracked 
| 493|0x00000000ded00000, 0x00000000dee00000, 0x00000000dee00000|100%| O|  |TAMS 0x00000000ded00000| PB 0x00000000ded00000| Untracked 
| 494|0x00000000dee00000, 0x00000000def00000, 0x00000000def00000|100%| O|  |TAMS 0x00000000dee00000| PB 0x00000000dee00000| Untracked 
| 495|0x00000000def00000, 0x00000000df000000, 0x00000000df000000|100%| O|  |TAMS 0x00000000def00000| PB 0x00000000def00000| Untracked 
| 496|0x00000000df000000, 0x00000000df100000, 0x00000000df100000|100%| O|  |TAMS 0x00000000df000000| PB 0x00000000df000000| Untracked 
| 497|0x00000000df100000, 0x00000000df200000, 0x00000000df200000|100%| O|  |TAMS 0x00000000df100000| PB 0x00000000df100000| Untracked 
| 498|0x00000000df200000, 0x00000000df300000, 0x00000000df300000|100%| O|  |TAMS 0x00000000df200000| PB 0x00000000df200000| Untracked 
| 499|0x00000000df300000, 0x00000000df400000, 0x00000000df400000|100%| O|  |TAMS 0x00000000df300000| PB 0x00000000df300000| Untracked 
| 500|0x00000000df400000, 0x00000000df400000, 0x00000000df500000|  0%| F|  |TAMS 0x00000000df400000| PB 0x00000000df400000| Untracked 
| 501|0x00000000df500000, 0x00000000df600000, 0x00000000df600000|100%| O|  |TAMS 0x00000000df500000| PB 0x00000000df500000| Untracked 
| 502|0x00000000df600000, 0x00000000df700000, 0x00000000df700000|100%| O|  |TAMS 0x00000000df600000| PB 0x00000000df600000| Untracked 
| 503|0x00000000df700000, 0x00000000df800000, 0x00000000df800000|100%| O|  |TAMS 0x00000000df700000| PB 0x00000000df700000| Untracked 
| 504|0x00000000df800000, 0x00000000df900000, 0x00000000df900000|100%| O|  |TAMS 0x00000000df800000| PB 0x00000000df800000| Untracked 
| 505|0x00000000df900000, 0x00000000dfa00000, 0x00000000dfa00000|100%| O|  |TAMS 0x00000000df900000| PB 0x00000000df900000| Untracked 
| 506|0x00000000dfa00000, 0x00000000dfb00000, 0x00000000dfb00000|100%| O|  |TAMS 0x00000000dfa00000| PB 0x00000000dfa00000| Untracked 
| 507|0x00000000dfb00000, 0x00000000dfc00000, 0x00000000dfc00000|100%| O|  |TAMS 0x00000000dfb00000| PB 0x00000000dfb00000| Untracked 
| 508|0x00000000dfc00000, 0x00000000dfd00000, 0x00000000dfd00000|100%| O|  |TAMS 0x00000000dfc00000| PB 0x00000000dfc00000| Untracked 
| 509|0x00000000dfd00000, 0x00000000dfe00000, 0x00000000dfe00000|100%| O|  |TAMS 0x00000000dfd00000| PB 0x00000000dfd00000| Untracked 
| 510|0x00000000dfe00000, 0x00000000dfe00000, 0x00000000dff00000|  0%| F|  |TAMS 0x00000000dfe00000| PB 0x00000000dfe00000| Untracked 
| 511|0x00000000dff00000, 0x00000000e0000000, 0x00000000e0000000|100%| O|  |TAMS 0x00000000dff00000| PB 0x00000000dff00000| Untracked 
| 512|0x00000000e0000000, 0x00000000e0100000, 0x00000000e0100000|100%| O|  |TAMS 0x00000000e0000000| PB 0x00000000e0000000| Untracked 
| 513|0x00000000e0100000, 0x00000000e0200000, 0x00000000e0200000|100%| O|  |TAMS 0x00000000e0100000| PB 0x00000000e0100000| Untracked 
| 514|0x00000000e0200000, 0x00000000e0300000, 0x00000000e0300000|100%| O|  |TAMS 0x00000000e0200000| PB 0x00000000e0200000| Untracked 
| 515|0x00000000e0300000, 0x00000000e0400000, 0x00000000e0400000|100%| O|  |TAMS 0x00000000e0300000| PB 0x00000000e0300000| Untracked 
| 516|0x00000000e0400000, 0x00000000e0500000, 0x00000000e0500000|100%| O|  |TAMS 0x00000000e0400000| PB 0x00000000e0400000| Untracked 
| 517|0x00000000e0500000, 0x00000000e0600000, 0x00000000e0600000|100%| O|  |TAMS 0x00000000e0500000| PB 0x00000000e0500000| Untracked 
| 518|0x00000000e0600000, 0x00000000e0700000, 0x00000000e0700000|100%| O|  |TAMS 0x00000000e0600000| PB 0x00000000e0600000| Untracked 
| 519|0x00000000e0700000, 0x00000000e0700000, 0x00000000e0800000|  0%| F|  |TAMS 0x00000000e0700000| PB 0x00000000e0700000| Untracked 
| 520|0x00000000e0800000, 0x00000000e0800000, 0x00000000e0900000|  0%| F|  |TAMS 0x00000000e0800000| PB 0x00000000e0800000| Untracked 
| 521|0x00000000e0900000, 0x00000000e0900000, 0x00000000e0a00000|  0%| F|  |TAMS 0x00000000e0900000| PB 0x00000000e0900000| Untracked 
| 522|0x00000000e0a00000, 0x00000000e0a00000, 0x00000000e0b00000|  0%| F|  |TAMS 0x00000000e0a00000| PB 0x00000000e0a00000| Untracked 
| 523|0x00000000e0b00000, 0x00000000e0b00000, 0x00000000e0c00000|  0%| F|  |TAMS 0x00000000e0b00000| PB 0x00000000e0b00000| Untracked 
| 524|0x00000000e0c00000, 0x00000000e0c00000, 0x00000000e0d00000|  0%| F|  |TAMS 0x00000000e0c00000| PB 0x00000000e0c00000| Untracked 
| 525|0x00000000e0d00000, 0x00000000e0d00000, 0x00000000e0e00000|  0%| F|  |TAMS 0x00000000e0d00000| PB 0x00000000e0d00000| Untracked 
| 526|0x00000000e0e00000, 0x00000000e0e00000, 0x00000000e0f00000|  0%| F|  |TAMS 0x00000000e0e00000| PB 0x00000000e0e00000| Untracked 
| 527|0x00000000e0f00000, 0x00000000e0f00000, 0x00000000e1000000|  0%| F|  |TAMS 0x00000000e0f00000| PB 0x00000000e0f00000| Untracked 
| 528|0x00000000e1000000, 0x00000000e1000000, 0x00000000e1100000|  0%| F|  |TAMS 0x00000000e1000000| PB 0x00000000e1000000| Untracked 
| 529|0x00000000e1100000, 0x00000000e1100000, 0x00000000e1200000|  0%| F|  |TAMS 0x00000000e1100000| PB 0x00000000e1100000| Untracked 
| 530|0x00000000e1200000, 0x00000000e1200000, 0x00000000e1300000|  0%| F|  |TAMS 0x00000000e1200000| PB 0x00000000e1200000| Untracked 
| 531|0x00000000e1300000, 0x00000000e1400000, 0x00000000e1400000|100%| O|  |TAMS 0x00000000e1300000| PB 0x00000000e1300000| Untracked 
| 532|0x00000000e1400000, 0x00000000e1400000, 0x00000000e1500000|  0%| F|  |TAMS 0x00000000e1400000| PB 0x00000000e1400000| Untracked 
| 533|0x00000000e1500000, 0x00000000e1500000, 0x00000000e1600000|  0%| F|  |TAMS 0x00000000e1500000| PB 0x00000000e1500000| Untracked 
| 534|0x00000000e1600000, 0x00000000e1700000, 0x00000000e1700000|100%|HS|  |TAMS 0x00000000e1600000| PB 0x00000000e1600000| Complete 
| 535|0x00000000e1700000, 0x00000000e1700000, 0x00000000e1800000|  0%| F|  |TAMS 0x00000000e1700000| PB 0x00000000e1700000| Untracked 
| 536|0x00000000e1800000, 0x00000000e1800000, 0x00000000e1900000|  0%| F|  |TAMS 0x00000000e1800000| PB 0x00000000e1800000| Untracked 
| 537|0x00000000e1900000, 0x00000000e1900000, 0x00000000e1a00000|  0%| F|  |TAMS 0x00000000e1900000| PB 0x00000000e1900000| Untracked 
| 538|0x00000000e1a00000, 0x00000000e1b00000, 0x00000000e1b00000|100%| O|  |TAMS 0x00000000e1a00000| PB 0x00000000e1a00000| Untracked 
| 539|0x00000000e1b00000, 0x00000000e1b00000, 0x00000000e1c00000|  0%| F|  |TAMS 0x00000000e1b00000| PB 0x00000000e1b00000| Untracked 
| 540|0x00000000e1c00000, 0x00000000e1c00000, 0x00000000e1d00000|  0%| F|  |TAMS 0x00000000e1c00000| PB 0x00000000e1c00000| Untracked 
| 541|0x00000000e1d00000, 0x00000000e1d00000, 0x00000000e1e00000|  0%| F|  |TAMS 0x00000000e1d00000| PB 0x00000000e1d00000| Untracked 
| 542|0x00000000e1e00000, 0x00000000e1e00000, 0x00000000e1f00000|  0%| F|  |TAMS 0x00000000e1e00000| PB 0x00000000e1e00000| Untracked 
| 543|0x00000000e1f00000, 0x00000000e1f00000, 0x00000000e2000000|  0%| F|  |TAMS 0x00000000e1f00000| PB 0x00000000e1f00000| Untracked 
| 544|0x00000000e2000000, 0x00000000e2100000, 0x00000000e2100000|100%| O|  |TAMS 0x00000000e2000000| PB 0x00000000e2000000| Untracked 
| 545|0x00000000e2100000, 0x00000000e2100000, 0x00000000e2200000|  0%| F|  |TAMS 0x00000000e2100000| PB 0x00000000e2100000| Untracked 
| 546|0x00000000e2200000, 0x00000000e2200000, 0x00000000e2300000|  0%| F|  |TAMS 0x00000000e2200000| PB 0x00000000e2200000| Untracked 
| 547|0x00000000e2300000, 0x00000000e2300000, 0x00000000e2400000|  0%| F|  |TAMS 0x00000000e2300000| PB 0x00000000e2300000| Untracked 
| 548|0x00000000e2400000, 0x00000000e24ffff8, 0x00000000e2500000| 99%| O|  |TAMS 0x00000000e2400000| PB 0x00000000e2400000| Untracked 
| 549|0x00000000e2500000, 0x00000000e2500000, 0x00000000e2600000|  0%| F|  |TAMS 0x00000000e2500000| PB 0x00000000e2500000| Untracked 
| 550|0x00000000e2600000, 0x00000000e2700000, 0x00000000e2700000|100%| O|  |TAMS 0x00000000e2600000| PB 0x00000000e2600000| Untracked 
| 551|0x00000000e2700000, 0x00000000e2700000, 0x00000000e2800000|  0%| F|  |TAMS 0x00000000e2700000| PB 0x00000000e2700000| Untracked 
| 552|0x00000000e2800000, 0x00000000e2900000, 0x00000000e2900000|100%| O|  |TAMS 0x00000000e2800000| PB 0x00000000e2800000| Untracked 
| 553|0x00000000e2900000, 0x00000000e2900000, 0x00000000e2a00000|  0%| F|  |TAMS 0x00000000e2900000| PB 0x00000000e2900000| Untracked 
| 554|0x00000000e2a00000, 0x00000000e2a00000, 0x00000000e2b00000|  0%| F|  |TAMS 0x00000000e2a00000| PB 0x00000000e2a00000| Untracked 
| 555|0x00000000e2b00000, 0x00000000e2b00000, 0x00000000e2c00000|  0%| F|  |TAMS 0x00000000e2b00000| PB 0x00000000e2b00000| Untracked 
| 556|0x00000000e2c00000, 0x00000000e2c00000, 0x00000000e2d00000|  0%| F|  |TAMS 0x00000000e2c00000| PB 0x00000000e2c00000| Untracked 
| 557|0x00000000e2d00000, 0x00000000e2e00000, 0x00000000e2e00000|100%| O|  |TAMS 0x00000000e2d00000| PB 0x00000000e2d00000| Untracked 
| 558|0x00000000e2e00000, 0x00000000e2f00000, 0x00000000e2f00000|100%| O|  |TAMS 0x00000000e2e00000| PB 0x00000000e2e00000| Untracked 
| 559|0x00000000e2f00000, 0x00000000e2f00000, 0x00000000e3000000|  0%| F|  |TAMS 0x00000000e2f00000| PB 0x00000000e2f00000| Untracked 
| 560|0x00000000e3000000, 0x00000000e3100000, 0x00000000e3100000|100%| O|  |TAMS 0x00000000e3000000| PB 0x00000000e3000000| Untracked 
| 561|0x00000000e3100000, 0x00000000e3200000, 0x00000000e3200000|100%| O|  |TAMS 0x00000000e3100000| PB 0x00000000e3100000| Untracked 
| 562|0x00000000e3200000, 0x00000000e3300000, 0x00000000e3300000|100%| O|  |TAMS 0x00000000e3200000| PB 0x00000000e3200000| Untracked 
| 563|0x00000000e3300000, 0x00000000e3400000, 0x00000000e3400000|100%| O|  |TAMS 0x00000000e3300000| PB 0x00000000e3300000| Untracked 
| 564|0x00000000e3400000, 0x00000000e3500000, 0x00000000e3500000|100%| O|Cm|TAMS 0x00000000e3400000| PB 0x00000000e3400000| Complete 
| 565|0x00000000e3500000, 0x00000000e3600000, 0x00000000e3600000|100%| O|  |TAMS 0x00000000e3500000| PB 0x00000000e3500000| Untracked 
| 566|0x00000000e3600000, 0x00000000e3700000, 0x00000000e3700000|100%| O|  |TAMS 0x00000000e3600000| PB 0x00000000e3600000| Untracked 
| 567|0x00000000e3700000, 0x00000000e3800000, 0x00000000e3800000|100%| O|  |TAMS 0x00000000e3700000| PB 0x00000000e3700000| Untracked 
| 568|0x00000000e3800000, 0x00000000e3900000, 0x00000000e3900000|100%| O|  |TAMS 0x00000000e3800000| PB 0x00000000e3800000| Untracked 
| 569|0x00000000e3900000, 0x00000000e3900000, 0x00000000e3a00000|  0%| F|  |TAMS 0x00000000e3900000| PB 0x00000000e3900000| Untracked 
| 570|0x00000000e3a00000, 0x00000000e3a00000, 0x00000000e3b00000|  0%| F|  |TAMS 0x00000000e3a00000| PB 0x00000000e3a00000| Untracked 
| 571|0x00000000e3b00000, 0x00000000e3b00000, 0x00000000e3c00000|  0%| F|  |TAMS 0x00000000e3b00000| PB 0x00000000e3b00000| Untracked 
| 572|0x00000000e3c00000, 0x00000000e3d00000, 0x00000000e3d00000|100%| O|  |TAMS 0x00000000e3c00000| PB 0x00000000e3c00000| Untracked 
| 573|0x00000000e3d00000, 0x00000000e3d00000, 0x00000000e3e00000|  0%| F|  |TAMS 0x00000000e3d00000| PB 0x00000000e3d00000| Untracked 
| 574|0x00000000e3e00000, 0x00000000e3f00000, 0x00000000e3f00000|100%| O|  |TAMS 0x00000000e3e00000| PB 0x00000000e3e00000| Untracked 
| 575|0x00000000e3f00000, 0x00000000e3f00000, 0x00000000e4000000|  0%| F|  |TAMS 0x00000000e3f00000| PB 0x00000000e3f00000| Untracked 
| 576|0x00000000e4000000, 0x00000000e4000000, 0x00000000e4100000|  0%| F|  |TAMS 0x00000000e4000000| PB 0x00000000e4000000| Untracked 
| 577|0x00000000e4100000, 0x00000000e4100000, 0x00000000e4200000|  0%| F|  |TAMS 0x00000000e4100000| PB 0x00000000e4100000| Untracked 
| 578|0x00000000e4200000, 0x00000000e4300000, 0x00000000e4300000|100%| O|  |TAMS 0x00000000e4200000| PB 0x00000000e4200000| Untracked 
| 579|0x00000000e4300000, 0x00000000e4400000, 0x00000000e4400000|100%| O|  |TAMS 0x00000000e4300000| PB 0x00000000e4300000| Untracked 
| 580|0x00000000e4400000, 0x00000000e4500000, 0x00000000e4500000|100%| O|  |TAMS 0x00000000e4400000| PB 0x00000000e4400000| Untracked 
| 581|0x00000000e4500000, 0x00000000e4600000, 0x00000000e4600000|100%| O|  |TAMS 0x00000000e4500000| PB 0x00000000e4500000| Untracked 
| 582|0x00000000e4600000, 0x00000000e4700000, 0x00000000e4700000|100%| O|  |TAMS 0x00000000e4600000| PB 0x00000000e4600000| Untracked 
| 583|0x00000000e4700000, 0x00000000e4800000, 0x00000000e4800000|100%| O|  |TAMS 0x00000000e4700000| PB 0x00000000e4700000| Untracked 
| 584|0x00000000e4800000, 0x00000000e4900000, 0x00000000e4900000|100%| O|Cm|TAMS 0x00000000e4800000| PB 0x00000000e4800000| Complete 
| 585|0x00000000e4900000, 0x00000000e4a00000, 0x00000000e4a00000|100%| O|Cm|TAMS 0x00000000e4900000| PB 0x00000000e4900000| Complete 
| 586|0x00000000e4a00000, 0x00000000e4a00000, 0x00000000e4b00000|  0%| F|  |TAMS 0x00000000e4a00000| PB 0x00000000e4a00000| Untracked 
| 587|0x00000000e4b00000, 0x00000000e4b00000, 0x00000000e4c00000|  0%| F|  |TAMS 0x00000000e4b00000| PB 0x00000000e4b00000| Untracked 
| 588|0x00000000e4c00000, 0x00000000e4d00000, 0x00000000e4d00000|100%| O|  |TAMS 0x00000000e4c00000| PB 0x00000000e4c00000| Untracked 
| 589|0x00000000e4d00000, 0x00000000e4d00000, 0x00000000e4e00000|  0%| F|  |TAMS 0x00000000e4d00000| PB 0x00000000e4d00000| Untracked 
| 590|0x00000000e4e00000, 0x00000000e4e00000, 0x00000000e4f00000|  0%| F|  |TAMS 0x00000000e4e00000| PB 0x00000000e4e00000| Untracked 
| 591|0x00000000e4f00000, 0x00000000e4f00000, 0x00000000e5000000|  0%| F|  |TAMS 0x00000000e4f00000| PB 0x00000000e4f00000| Untracked 
| 592|0x00000000e5000000, 0x00000000e5100000, 0x00000000e5100000|100%| O|Cm|TAMS 0x00000000e5000000| PB 0x00000000e5000000| Complete 
| 593|0x00000000e5100000, 0x00000000e5100000, 0x00000000e5200000|  0%| F|  |TAMS 0x00000000e5100000| PB 0x00000000e5100000| Untracked 
| 594|0x00000000e5200000, 0x00000000e5300000, 0x00000000e5300000|100%| O|  |TAMS 0x00000000e5200000| PB 0x00000000e5200000| Untracked 
| 595|0x00000000e5300000, 0x00000000e5400000, 0x00000000e5400000|100%| O|  |TAMS 0x00000000e5300000| PB 0x00000000e5300000| Untracked 
| 596|0x00000000e5400000, 0x00000000e5500000, 0x00000000e5500000|100%| O|Cm|TAMS 0x00000000e5400000| PB 0x00000000e5400000| Complete 
| 597|0x00000000e5500000, 0x00000000e5500000, 0x00000000e5600000|  0%| F|  |TAMS 0x00000000e5500000| PB 0x00000000e5500000| Untracked 
| 598|0x00000000e5600000, 0x00000000e5600000, 0x00000000e5700000|  0%| F|  |TAMS 0x00000000e5600000| PB 0x00000000e5600000| Untracked 
| 599|0x00000000e5700000, 0x00000000e5800000, 0x00000000e5800000|100%| O|  |TAMS 0x00000000e5700000| PB 0x00000000e5700000| Untracked 
| 600|0x00000000e5800000, 0x00000000e5800000, 0x00000000e5900000|  0%| F|  |TAMS 0x00000000e5800000| PB 0x00000000e5800000| Untracked 
| 601|0x00000000e5900000, 0x00000000e5900000, 0x00000000e5a00000|  0%| F|  |TAMS 0x00000000e5900000| PB 0x00000000e5900000| Untracked 
| 602|0x00000000e5a00000, 0x00000000e5a00000, 0x00000000e5b00000|  0%| F|  |TAMS 0x00000000e5a00000| PB 0x00000000e5a00000| Untracked 
| 603|0x00000000e5b00000, 0x00000000e5b00000, 0x00000000e5c00000|  0%| F|  |TAMS 0x00000000e5b00000| PB 0x00000000e5b00000| Untracked 
| 604|0x00000000e5c00000, 0x00000000e5c00000, 0x00000000e5d00000|  0%| F|  |TAMS 0x00000000e5c00000| PB 0x00000000e5c00000| Untracked 
| 605|0x00000000e5d00000, 0x00000000e5d00000, 0x00000000e5e00000|  0%| F|  |TAMS 0x00000000e5d00000| PB 0x00000000e5d00000| Untracked 
| 606|0x00000000e5e00000, 0x00000000e5e00000, 0x00000000e5f00000|  0%| F|  |TAMS 0x00000000e5e00000| PB 0x00000000e5e00000| Untracked 
| 607|0x00000000e5f00000, 0x00000000e5f00000, 0x00000000e6000000|  0%| F|  |TAMS 0x00000000e5f00000| PB 0x00000000e5f00000| Untracked 
| 608|0x00000000e6000000, 0x00000000e6000000, 0x00000000e6100000|  0%| F|  |TAMS 0x00000000e6000000| PB 0x00000000e6000000| Untracked 
| 609|0x00000000e6100000, 0x00000000e6200000, 0x00000000e6200000|100%| O|  |TAMS 0x00000000e6100000| PB 0x00000000e6100000| Untracked 
| 610|0x00000000e6200000, 0x00000000e6200000, 0x00000000e6300000|  0%| F|  |TAMS 0x00000000e6200000| PB 0x00000000e6200000| Untracked 
| 611|0x00000000e6300000, 0x00000000e6300000, 0x00000000e6400000|  0%| F|  |TAMS 0x00000000e6300000| PB 0x00000000e6300000| Untracked 
| 612|0x00000000e6400000, 0x00000000e6500000, 0x00000000e6500000|100%| O|  |TAMS 0x00000000e6400000| PB 0x00000000e6400000| Untracked 
| 613|0x00000000e6500000, 0x00000000e6600000, 0x00000000e6600000|100%| O|  |TAMS 0x00000000e6500000| PB 0x00000000e6500000| Untracked 
| 614|0x00000000e6600000, 0x00000000e6700000, 0x00000000e6700000|100%| O|  |TAMS 0x00000000e6600000| PB 0x00000000e6600000| Untracked 
| 615|0x00000000e6700000, 0x00000000e6800000, 0x00000000e6800000|100%| O|  |TAMS 0x00000000e6700000| PB 0x00000000e6700000| Untracked 
| 616|0x00000000e6800000, 0x00000000e6900000, 0x00000000e6900000|100%| O|  |TAMS 0x00000000e6800000| PB 0x00000000e6800000| Untracked 
| 617|0x00000000e6900000, 0x00000000e6a00000, 0x00000000e6a00000|100%| O|  |TAMS 0x00000000e6900000| PB 0x00000000e6900000| Untracked 
| 618|0x00000000e6a00000, 0x00000000e6b00000, 0x00000000e6b00000|100%| O|  |TAMS 0x00000000e6a00000| PB 0x00000000e6a00000| Untracked 
| 619|0x00000000e6b00000, 0x00000000e6b00000, 0x00000000e6c00000|  0%| F|  |TAMS 0x00000000e6b00000| PB 0x00000000e6b00000| Untracked 
| 620|0x00000000e6c00000, 0x00000000e6d00000, 0x00000000e6d00000|100%| O|  |TAMS 0x00000000e6c00000| PB 0x00000000e6c00000| Untracked 
| 621|0x00000000e6d00000, 0x00000000e6e00000, 0x00000000e6e00000|100%| O|  |TAMS 0x00000000e6d00000| PB 0x00000000e6d00000| Untracked 
| 622|0x00000000e6e00000, 0x00000000e6f00000, 0x00000000e6f00000|100%| O|  |TAMS 0x00000000e6e00000| PB 0x00000000e6e00000| Untracked 
| 623|0x00000000e6f00000, 0x00000000e6f00000, 0x00000000e7000000|  0%| F|  |TAMS 0x00000000e6f00000| PB 0x00000000e6f00000| Untracked 
| 624|0x00000000e7000000, 0x00000000e7100000, 0x00000000e7100000|100%| O|  |TAMS 0x00000000e7000000| PB 0x00000000e7000000| Untracked 
| 625|0x00000000e7100000, 0x00000000e7100000, 0x00000000e7200000|  0%| F|  |TAMS 0x00000000e7100000| PB 0x00000000e7100000| Untracked 
| 626|0x00000000e7200000, 0x00000000e7200000, 0x00000000e7300000|  0%| F|  |TAMS 0x00000000e7200000| PB 0x00000000e7200000| Untracked 
| 627|0x00000000e7300000, 0x00000000e7400000, 0x00000000e7400000|100%| O|  |TAMS 0x00000000e7300000| PB 0x00000000e7300000| Untracked 
| 628|0x00000000e7400000, 0x00000000e7500000, 0x00000000e7500000|100%| O|  |TAMS 0x00000000e7400000| PB 0x00000000e7400000| Untracked 
| 629|0x00000000e7500000, 0x00000000e7600000, 0x00000000e7600000|100%| O|  |TAMS 0x00000000e7500000| PB 0x00000000e7500000| Untracked 
| 630|0x00000000e7600000, 0x00000000e7700000, 0x00000000e7700000|100%| O|Cm|TAMS 0x00000000e7600000| PB 0x00000000e7600000| Complete 
| 631|0x00000000e7700000, 0x00000000e7800000, 0x00000000e7800000|100%| O|  |TAMS 0x00000000e7700000| PB 0x00000000e7700000| Untracked 
| 632|0x00000000e7800000, 0x00000000e7900000, 0x00000000e7900000|100%| O|  |TAMS 0x00000000e7800000| PB 0x00000000e7800000| Untracked 
| 633|0x00000000e7900000, 0x00000000e7a00000, 0x00000000e7a00000|100%| O|  |TAMS 0x00000000e7900000| PB 0x00000000e7900000| Untracked 
| 634|0x00000000e7a00000, 0x00000000e7a00000, 0x00000000e7b00000|  0%| F|  |TAMS 0x00000000e7a00000| PB 0x00000000e7a00000| Untracked 
| 635|0x00000000e7b00000, 0x00000000e7c00000, 0x00000000e7c00000|100%| O|  |TAMS 0x00000000e7b00000| PB 0x00000000e7b00000| Untracked 
| 636|0x00000000e7c00000, 0x00000000e7d00000, 0x00000000e7d00000|100%| O|  |TAMS 0x00000000e7c00000| PB 0x00000000e7c00000| Untracked 
| 637|0x00000000e7d00000, 0x00000000e7e00000, 0x00000000e7e00000|100%| O|  |TAMS 0x00000000e7d00000| PB 0x00000000e7d00000| Untracked 
| 638|0x00000000e7e00000, 0x00000000e7e00000, 0x00000000e7f00000|  0%| F|  |TAMS 0x00000000e7e00000| PB 0x00000000e7e00000| Untracked 
| 639|0x00000000e7f00000, 0x00000000e8000000, 0x00000000e8000000|100%| O|  |TAMS 0x00000000e7f00000| PB 0x00000000e7f00000| Untracked 
| 640|0x00000000e8000000, 0x00000000e8100000, 0x00000000e8100000|100%| O|  |TAMS 0x00000000e8000000| PB 0x00000000e8000000| Untracked 
| 641|0x00000000e8100000, 0x00000000e8200000, 0x00000000e8200000|100%| O|  |TAMS 0x00000000e8100000| PB 0x00000000e8100000| Untracked 
| 642|0x00000000e8200000, 0x00000000e8300000, 0x00000000e8300000|100%| O|  |TAMS 0x00000000e8200000| PB 0x00000000e8200000| Untracked 
| 643|0x00000000e8300000, 0x00000000e8300000, 0x00000000e8400000|  0%| F|  |TAMS 0x00000000e8300000| PB 0x00000000e8300000| Untracked 
| 644|0x00000000e8400000, 0x00000000e8500000, 0x00000000e8500000|100%| O|  |TAMS 0x00000000e8400000| PB 0x00000000e8400000| Untracked 
| 645|0x00000000e8500000, 0x00000000e8600000, 0x00000000e8600000|100%| O|  |TAMS 0x00000000e8500000| PB 0x00000000e8500000| Untracked 
| 646|0x00000000e8600000, 0x00000000e8700000, 0x00000000e8700000|100%| O|  |TAMS 0x00000000e8600000| PB 0x00000000e8600000| Untracked 
| 647|0x00000000e8700000, 0x00000000e8800000, 0x00000000e8800000|100%| O|  |TAMS 0x00000000e8700000| PB 0x00000000e8700000| Untracked 
| 648|0x00000000e8800000, 0x00000000e8900000, 0x00000000e8900000|100%| O|  |TAMS 0x00000000e8800000| PB 0x00000000e8800000| Untracked 
| 649|0x00000000e8900000, 0x00000000e8a00000, 0x00000000e8a00000|100%| O|  |TAMS 0x00000000e8900000| PB 0x00000000e8900000| Untracked 
| 650|0x00000000e8a00000, 0x00000000e8b00000, 0x00000000e8b00000|100%| O|  |TAMS 0x00000000e8a00000| PB 0x00000000e8a00000| Untracked 
| 651|0x00000000e8b00000, 0x00000000e8c00000, 0x00000000e8c00000|100%| O|  |TAMS 0x00000000e8b00000| PB 0x00000000e8b00000| Untracked 
| 652|0x00000000e8c00000, 0x00000000e8d00000, 0x00000000e8d00000|100%| O|  |TAMS 0x00000000e8c00000| PB 0x00000000e8c00000| Untracked 
| 653|0x00000000e8d00000, 0x00000000e8e00000, 0x00000000e8e00000|100%| O|  |TAMS 0x00000000e8d00000| PB 0x00000000e8d00000| Untracked 
| 654|0x00000000e8e00000, 0x00000000e8f00000, 0x00000000e8f00000|100%| O|  |TAMS 0x00000000e8e00000| PB 0x00000000e8e00000| Untracked 
| 655|0x00000000e8f00000, 0x00000000e9000000, 0x00000000e9000000|100%| O|  |TAMS 0x00000000e8f00000| PB 0x00000000e8f00000| Untracked 
| 656|0x00000000e9000000, 0x00000000e9100000, 0x00000000e9100000|100%| O|  |TAMS 0x00000000e9000000| PB 0x00000000e9000000| Untracked 
| 657|0x00000000e9100000, 0x00000000e9200000, 0x00000000e9200000|100%| O|  |TAMS 0x00000000e9100000| PB 0x00000000e9100000| Untracked 
| 658|0x00000000e9200000, 0x00000000e9200000, 0x00000000e9300000|  0%| F|  |TAMS 0x00000000e9200000| PB 0x00000000e9200000| Untracked 
| 659|0x00000000e9300000, 0x00000000e9300000, 0x00000000e9400000|  0%| F|  |TAMS 0x00000000e9300000| PB 0x00000000e9300000| Untracked 
| 660|0x00000000e9400000, 0x00000000e9400000, 0x00000000e9500000|  0%| F|  |TAMS 0x00000000e9400000| PB 0x00000000e9400000| Untracked 
| 661|0x00000000e9500000, 0x00000000e9600000, 0x00000000e9600000|100%| O|  |TAMS 0x00000000e9500000| PB 0x00000000e9500000| Untracked 
| 662|0x00000000e9600000, 0x00000000e9700000, 0x00000000e9700000|100%| O|  |TAMS 0x00000000e9600000| PB 0x00000000e9600000| Untracked 
| 663|0x00000000e9700000, 0x00000000e9800000, 0x00000000e9800000|100%| O|  |TAMS 0x00000000e9700000| PB 0x00000000e9700000| Untracked 
| 664|0x00000000e9800000, 0x00000000e9900000, 0x00000000e9900000|100%| O|Cm|TAMS 0x00000000e9800000| PB 0x00000000e9800000| Complete 
| 665|0x00000000e9900000, 0x00000000e9a00000, 0x00000000e9a00000|100%| O|  |TAMS 0x00000000e9900000| PB 0x00000000e9900000| Untracked 
| 666|0x00000000e9a00000, 0x00000000e9b00000, 0x00000000e9b00000|100%| O|  |TAMS 0x00000000e9a00000| PB 0x00000000e9a00000| Untracked 
| 667|0x00000000e9b00000, 0x00000000e9c00000, 0x00000000e9c00000|100%| O|  |TAMS 0x00000000e9b00000| PB 0x00000000e9b00000| Untracked 
| 668|0x00000000e9c00000, 0x00000000e9d00000, 0x00000000e9d00000|100%| O|  |TAMS 0x00000000e9c00000| PB 0x00000000e9c00000| Untracked 
| 669|0x00000000e9d00000, 0x00000000e9e00000, 0x00000000e9e00000|100%| O|  |TAMS 0x00000000e9d00000| PB 0x00000000e9d00000| Untracked 
| 670|0x00000000e9e00000, 0x00000000e9f00000, 0x00000000e9f00000|100%| O|Cm|TAMS 0x00000000e9e00000| PB 0x00000000e9e00000| Complete 
| 671|0x00000000e9f00000, 0x00000000e9f00000, 0x00000000ea000000|  0%| F|  |TAMS 0x00000000e9f00000| PB 0x00000000e9f00000| Untracked 
| 672|0x00000000ea000000, 0x00000000ea000000, 0x00000000ea100000|  0%| F|  |TAMS 0x00000000ea000000| PB 0x00000000ea000000| Untracked 
| 673|0x00000000ea100000, 0x00000000ea200000, 0x00000000ea200000|100%|HS|  |TAMS 0x00000000ea100000| PB 0x00000000ea100000| Complete 
| 674|0x00000000ea200000, 0x00000000ea300000, 0x00000000ea300000|100%|HC|  |TAMS 0x00000000ea200000| PB 0x00000000ea200000| Complete 
| 675|0x00000000ea300000, 0x00000000ea400000, 0x00000000ea400000|100%| O|  |TAMS 0x00000000ea300000| PB 0x00000000ea300000| Untracked 
| 676|0x00000000ea400000, 0x00000000ea500000, 0x00000000ea500000|100%| O|  |TAMS 0x00000000ea400000| PB 0x00000000ea400000| Untracked 
| 677|0x00000000ea500000, 0x00000000ea600000, 0x00000000ea600000|100%| O|  |TAMS 0x00000000ea500000| PB 0x00000000ea500000| Untracked 
| 678|0x00000000ea600000, 0x00000000ea700000, 0x00000000ea700000|100%| O|  |TAMS 0x00000000ea600000| PB 0x00000000ea600000| Untracked 
| 679|0x00000000ea700000, 0x00000000ea800000, 0x00000000ea800000|100%| O|  |TAMS 0x00000000ea700000| PB 0x00000000ea700000| Untracked 
| 680|0x00000000ea800000, 0x00000000ea900000, 0x00000000ea900000|100%| O|  |TAMS 0x00000000ea800000| PB 0x00000000ea800000| Untracked 
| 681|0x00000000ea900000, 0x00000000eaa00000, 0x00000000eaa00000|100%| O|  |TAMS 0x00000000ea900000| PB 0x00000000ea900000| Untracked 
| 682|0x00000000eaa00000, 0x00000000eab00000, 0x00000000eab00000|100%| O|  |TAMS 0x00000000eaa00000| PB 0x00000000eaa00000| Untracked 
| 683|0x00000000eab00000, 0x00000000eac00000, 0x00000000eac00000|100%| O|Cm|TAMS 0x00000000eab00000| PB 0x00000000eab00000| Complete 
| 684|0x00000000eac00000, 0x00000000eac00000, 0x00000000ead00000|  0%| F|  |TAMS 0x00000000eac00000| PB 0x00000000eac00000| Untracked 
| 685|0x00000000ead00000, 0x00000000eae00000, 0x00000000eae00000|100%| O|  |TAMS 0x00000000ead00000| PB 0x00000000ead00000| Untracked 
| 686|0x00000000eae00000, 0x00000000eaf00000, 0x00000000eaf00000|100%| O|  |TAMS 0x00000000eae00000| PB 0x00000000eae00000| Untracked 
| 687|0x00000000eaf00000, 0x00000000eb000000, 0x00000000eb000000|100%| O|  |TAMS 0x00000000eaf00000| PB 0x00000000eaf00000| Untracked 
| 688|0x00000000eb000000, 0x00000000eb100000, 0x00000000eb100000|100%| O|  |TAMS 0x00000000eb000000| PB 0x00000000eb000000| Untracked 
| 689|0x00000000eb100000, 0x00000000eb200000, 0x00000000eb200000|100%| O|  |TAMS 0x00000000eb100000| PB 0x00000000eb100000| Untracked 
| 690|0x00000000eb200000, 0x00000000eb300000, 0x00000000eb300000|100%| O|  |TAMS 0x00000000eb200000| PB 0x00000000eb200000| Untracked 
| 691|0x00000000eb300000, 0x00000000eb400000, 0x00000000eb400000|100%| O|  |TAMS 0x00000000eb300000| PB 0x00000000eb300000| Untracked 
| 692|0x00000000eb400000, 0x00000000eb500000, 0x00000000eb500000|100%| O|  |TAMS 0x00000000eb400000| PB 0x00000000eb400000| Untracked 
| 693|0x00000000eb500000, 0x00000000eb600000, 0x00000000eb600000|100%| O|  |TAMS 0x00000000eb500000| PB 0x00000000eb500000| Untracked 
| 694|0x00000000eb600000, 0x00000000eb700000, 0x00000000eb700000|100%| O|  |TAMS 0x00000000eb600000| PB 0x00000000eb600000| Untracked 
| 695|0x00000000eb700000, 0x00000000eb800000, 0x00000000eb800000|100%| O|  |TAMS 0x00000000eb700000| PB 0x00000000eb700000| Untracked 
| 696|0x00000000eb800000, 0x00000000eb800000, 0x00000000eb900000|  0%| F|  |TAMS 0x00000000eb800000| PB 0x00000000eb800000| Untracked 
| 697|0x00000000eb900000, 0x00000000eba00000, 0x00000000eba00000|100%| O|Cm|TAMS 0x00000000eb900000| PB 0x00000000eb900000| Complete 
| 698|0x00000000eba00000, 0x00000000ebb00000, 0x00000000ebb00000|100%| O|  |TAMS 0x00000000eba00000| PB 0x00000000eba00000| Untracked 
| 699|0x00000000ebb00000, 0x00000000ebc00000, 0x00000000ebc00000|100%| O|  |TAMS 0x00000000ebb00000| PB 0x00000000ebb00000| Untracked 
| 700|0x00000000ebc00000, 0x00000000ebd00000, 0x00000000ebd00000|100%| O|  |TAMS 0x00000000ebc00000| PB 0x00000000ebc00000| Untracked 
| 701|0x00000000ebd00000, 0x00000000ebe00000, 0x00000000ebe00000|100%| O|Cm|TAMS 0x00000000ebd00000| PB 0x00000000ebd00000| Complete 
| 702|0x00000000ebe00000, 0x00000000ebe00000, 0x00000000ebf00000|  0%| F|  |TAMS 0x00000000ebe00000| PB 0x00000000ebe00000| Untracked 
| 703|0x00000000ebf00000, 0x00000000ec000000, 0x00000000ec000000|100%| O|  |TAMS 0x00000000ebf00000| PB 0x00000000ebf00000| Untracked 
| 704|0x00000000ec000000, 0x00000000ec100000, 0x00000000ec100000|100%| O|  |TAMS 0x00000000ec000000| PB 0x00000000ec000000| Untracked 
| 705|0x00000000ec100000, 0x00000000ec200000, 0x00000000ec200000|100%| O|  |TAMS 0x00000000ec100000| PB 0x00000000ec100000| Untracked 
| 706|0x00000000ec200000, 0x00000000ec300000, 0x00000000ec300000|100%| O|  |TAMS 0x00000000ec200000| PB 0x00000000ec200000| Untracked 
| 707|0x00000000ec300000, 0x00000000ec400000, 0x00000000ec400000|100%| O|Cm|TAMS 0x00000000ec300000| PB 0x00000000ec300000| Complete 
| 708|0x00000000ec400000, 0x00000000ec400000, 0x00000000ec500000|  0%| F|  |TAMS 0x00000000ec400000| PB 0x00000000ec400000| Untracked 
| 709|0x00000000ec500000, 0x00000000ec500000, 0x00000000ec600000|  0%| F|  |TAMS 0x00000000ec500000| PB 0x00000000ec500000| Untracked 
| 710|0x00000000ec600000, 0x00000000ec600000, 0x00000000ec700000|  0%| F|  |TAMS 0x00000000ec600000| PB 0x00000000ec600000| Untracked 
| 711|0x00000000ec700000, 0x00000000ec700000, 0x00000000ec800000|  0%| F|  |TAMS 0x00000000ec700000| PB 0x00000000ec700000| Untracked 
| 712|0x00000000ec800000, 0x00000000ec800000, 0x00000000ec900000|  0%| F|  |TAMS 0x00000000ec800000| PB 0x00000000ec800000| Untracked 
| 713|0x00000000ec900000, 0x00000000ec900000, 0x00000000eca00000|  0%| F|  |TAMS 0x00000000ec900000| PB 0x00000000ec900000| Untracked 
| 714|0x00000000eca00000, 0x00000000ecb00000, 0x00000000ecb00000|100%| O|  |TAMS 0x00000000eca00000| PB 0x00000000eca00000| Untracked 
| 715|0x00000000ecb00000, 0x00000000ecb00000, 0x00000000ecc00000|  0%| F|  |TAMS 0x00000000ecb00000| PB 0x00000000ecb00000| Untracked 
| 716|0x00000000ecc00000, 0x00000000ecd00000, 0x00000000ecd00000|100%| O|  |TAMS 0x00000000ecc00000| PB 0x00000000ecc00000| Untracked 
| 717|0x00000000ecd00000, 0x00000000ece00000, 0x00000000ece00000|100%| O|  |TAMS 0x00000000ecd00000| PB 0x00000000ecd00000| Untracked 
| 718|0x00000000ece00000, 0x00000000ecf00000, 0x00000000ecf00000|100%| O|  |TAMS 0x00000000ece00000| PB 0x00000000ece00000| Untracked 
| 719|0x00000000ecf00000, 0x00000000ecf00000, 0x00000000ed000000|  0%| F|  |TAMS 0x00000000ecf00000| PB 0x00000000ecf00000| Untracked 
| 720|0x00000000ed000000, 0x00000000ed000000, 0x00000000ed100000|  0%| F|  |TAMS 0x00000000ed000000| PB 0x00000000ed000000| Untracked 
| 721|0x00000000ed100000, 0x00000000ed100000, 0x00000000ed200000|  0%| F|  |TAMS 0x00000000ed100000| PB 0x00000000ed100000| Untracked 
| 722|0x00000000ed200000, 0x00000000ed200000, 0x00000000ed300000|  0%| F|  |TAMS 0x00000000ed200000| PB 0x00000000ed200000| Untracked 
| 723|0x00000000ed300000, 0x00000000ed300000, 0x00000000ed400000|  0%| F|  |TAMS 0x00000000ed300000| PB 0x00000000ed300000| Untracked 
| 724|0x00000000ed400000, 0x00000000ed400000, 0x00000000ed500000|  0%| F|  |TAMS 0x00000000ed400000| PB 0x00000000ed400000| Untracked 
| 725|0x00000000ed500000, 0x00000000ed500000, 0x00000000ed600000|  0%| F|  |TAMS 0x00000000ed500000| PB 0x00000000ed500000| Untracked 
| 726|0x00000000ed600000, 0x00000000ed600000, 0x00000000ed700000|  0%| F|  |TAMS 0x00000000ed600000| PB 0x00000000ed600000| Untracked 
| 727|0x00000000ed700000, 0x00000000ed700000, 0x00000000ed800000|  0%| F|  |TAMS 0x00000000ed700000| PB 0x00000000ed700000| Untracked 
| 728|0x00000000ed800000, 0x00000000ed800000, 0x00000000ed900000|  0%| F|  |TAMS 0x00000000ed800000| PB 0x00000000ed800000| Untracked 
| 729|0x00000000ed900000, 0x00000000eda00000, 0x00000000eda00000|100%| O|  |TAMS 0x00000000ed900000| PB 0x00000000ed900000| Untracked 
| 730|0x00000000eda00000, 0x00000000eda00000, 0x00000000edb00000|  0%| F|  |TAMS 0x00000000eda00000| PB 0x00000000eda00000| Untracked 
| 731|0x00000000edb00000, 0x00000000edb00000, 0x00000000edc00000|  0%| F|  |TAMS 0x00000000edb00000| PB 0x00000000edb00000| Untracked 
| 732|0x00000000edc00000, 0x00000000edc00000, 0x00000000edd00000|  0%| F|  |TAMS 0x00000000edc00000| PB 0x00000000edc00000| Untracked 
| 733|0x00000000edd00000, 0x00000000ede00000, 0x00000000ede00000|100%| O|  |TAMS 0x00000000edd00000| PB 0x00000000edd00000| Untracked 
| 734|0x00000000ede00000, 0x00000000ede00000, 0x00000000edf00000|  0%| F|  |TAMS 0x00000000ede00000| PB 0x00000000ede00000| Untracked 
| 735|0x00000000edf00000, 0x00000000ee000000, 0x00000000ee000000|100%| O|  |TAMS 0x00000000edf00000| PB 0x00000000edf00000| Untracked 
| 736|0x00000000ee000000, 0x00000000ee100000, 0x00000000ee100000|100%| O|  |TAMS 0x00000000ee000000| PB 0x00000000ee000000| Untracked 
| 737|0x00000000ee100000, 0x00000000ee100000, 0x00000000ee200000|  0%| F|  |TAMS 0x00000000ee100000| PB 0x00000000ee100000| Untracked 
| 738|0x00000000ee200000, 0x00000000ee200000, 0x00000000ee300000|  0%| F|  |TAMS 0x00000000ee200000| PB 0x00000000ee200000| Untracked 
| 739|0x00000000ee300000, 0x00000000ee300000, 0x00000000ee400000|  0%| F|  |TAMS 0x00000000ee300000| PB 0x00000000ee300000| Untracked 
| 740|0x00000000ee400000, 0x00000000ee400000, 0x00000000ee500000|  0%| F|  |TAMS 0x00000000ee400000| PB 0x00000000ee400000| Untracked 
| 741|0x00000000ee500000, 0x00000000ee500000, 0x00000000ee600000|  0%| F|  |TAMS 0x00000000ee500000| PB 0x00000000ee500000| Untracked 
| 742|0x00000000ee600000, 0x00000000ee600000, 0x00000000ee700000|  0%| F|  |TAMS 0x00000000ee600000| PB 0x00000000ee600000| Untracked 
| 743|0x00000000ee700000, 0x00000000ee700000, 0x00000000ee800000|  0%| F|  |TAMS 0x00000000ee700000| PB 0x00000000ee700000| Untracked 
| 744|0x00000000ee800000, 0x00000000ee800000, 0x00000000ee900000|  0%| F|  |TAMS 0x00000000ee800000| PB 0x00000000ee800000| Untracked 
| 745|0x00000000ee900000, 0x00000000ee900000, 0x00000000eea00000|  0%| F|  |TAMS 0x00000000ee900000| PB 0x00000000ee900000| Untracked 
| 746|0x00000000eea00000, 0x00000000eea00000, 0x00000000eeb00000|  0%| F|  |TAMS 0x00000000eea00000| PB 0x00000000eea00000| Untracked 
| 747|0x00000000eeb00000, 0x00000000eeb00000, 0x00000000eec00000|  0%| F|  |TAMS 0x00000000eeb00000| PB 0x00000000eeb00000| Untracked 
| 748|0x00000000eec00000, 0x00000000eec00000, 0x00000000eed00000|  0%| F|  |TAMS 0x00000000eec00000| PB 0x00000000eec00000| Untracked 
| 749|0x00000000eed00000, 0x00000000eed00000, 0x00000000eee00000|  0%| F|  |TAMS 0x00000000eed00000| PB 0x00000000eed00000| Untracked 
| 750|0x00000000eee00000, 0x00000000eee00000, 0x00000000eef00000|  0%| F|  |TAMS 0x00000000eee00000| PB 0x00000000eee00000| Untracked 
| 751|0x00000000eef00000, 0x00000000ef000000, 0x00000000ef000000|100%| O|  |TAMS 0x00000000eef00000| PB 0x00000000eef00000| Untracked 
| 752|0x00000000ef000000, 0x00000000ef100000, 0x00000000ef100000|100%| O|  |TAMS 0x00000000ef000000| PB 0x00000000ef000000| Untracked 
| 753|0x00000000ef100000, 0x00000000ef100000, 0x00000000ef200000|  0%| F|  |TAMS 0x00000000ef100000| PB 0x00000000ef100000| Untracked 
| 754|0x00000000ef200000, 0x00000000ef200000, 0x00000000ef300000|  0%| F|  |TAMS 0x00000000ef200000| PB 0x00000000ef200000| Untracked 
| 755|0x00000000ef300000, 0x00000000ef300000, 0x00000000ef400000|  0%| F|  |TAMS 0x00000000ef300000| PB 0x00000000ef300000| Untracked 
| 756|0x00000000ef400000, 0x00000000ef400000, 0x00000000ef500000|  0%| F|  |TAMS 0x00000000ef400000| PB 0x00000000ef400000| Untracked 
| 757|0x00000000ef500000, 0x00000000ef500000, 0x00000000ef600000|  0%| F|  |TAMS 0x00000000ef500000| PB 0x00000000ef500000| Untracked 
| 758|0x00000000ef600000, 0x00000000ef600000, 0x00000000ef700000|  0%| F|  |TAMS 0x00000000ef600000| PB 0x00000000ef600000| Untracked 
| 759|0x00000000ef700000, 0x00000000ef700000, 0x00000000ef800000|  0%| F|  |TAMS 0x00000000ef700000| PB 0x00000000ef700000| Untracked 
| 760|0x00000000ef800000, 0x00000000ef800000, 0x00000000ef900000|  0%| F|  |TAMS 0x00000000ef800000| PB 0x00000000ef800000| Untracked 
| 761|0x00000000ef900000, 0x00000000ef900000, 0x00000000efa00000|  0%| F|  |TAMS 0x00000000ef900000| PB 0x00000000ef900000| Untracked 
| 762|0x00000000efa00000, 0x00000000efa00000, 0x00000000efb00000|  0%| F|  |TAMS 0x00000000efa00000| PB 0x00000000efa00000| Untracked 
| 763|0x00000000efb00000, 0x00000000efb00000, 0x00000000efc00000|  0%| F|  |TAMS 0x00000000efb00000| PB 0x00000000efb00000| Untracked 
| 764|0x00000000efc00000, 0x00000000efc00000, 0x00000000efd00000|  0%| F|  |TAMS 0x00000000efc00000| PB 0x00000000efc00000| Untracked 
| 765|0x00000000efd00000, 0x00000000efd00000, 0x00000000efe00000|  0%| F|  |TAMS 0x00000000efd00000| PB 0x00000000efd00000| Untracked 
| 766|0x00000000efe00000, 0x00000000efe00000, 0x00000000eff00000|  0%| F|  |TAMS 0x00000000efe00000| PB 0x00000000efe00000| Untracked 
| 767|0x00000000eff00000, 0x00000000eff00000, 0x00000000f0000000|  0%| F|  |TAMS 0x00000000eff00000| PB 0x00000000eff00000| Untracked 
| 768|0x00000000f0000000, 0x00000000f0000000, 0x00000000f0100000|  0%| F|  |TAMS 0x00000000f0000000| PB 0x00000000f0000000| Untracked 
| 769|0x00000000f0100000, 0x00000000f0100000, 0x00000000f0200000|  0%| F|  |TAMS 0x00000000f0100000| PB 0x00000000f0100000| Untracked 
| 770|0x00000000f0200000, 0x00000000f0200000, 0x00000000f0300000|  0%| F|  |TAMS 0x00000000f0200000| PB 0x00000000f0200000| Untracked 
| 771|0x00000000f0300000, 0x00000000f0300000, 0x00000000f0400000|  0%| F|  |TAMS 0x00000000f0300000| PB 0x00000000f0300000| Untracked 
| 772|0x00000000f0400000, 0x00000000f0400000, 0x00000000f0500000|  0%| F|  |TAMS 0x00000000f0400000| PB 0x00000000f0400000| Untracked 
| 773|0x00000000f0500000, 0x00000000f0500000, 0x00000000f0600000|  0%| F|  |TAMS 0x00000000f0500000| PB 0x00000000f0500000| Untracked 
| 774|0x00000000f0600000, 0x00000000f0600000, 0x00000000f0700000|  0%| F|  |TAMS 0x00000000f0600000| PB 0x00000000f0600000| Untracked 
| 775|0x00000000f0700000, 0x00000000f0700000, 0x00000000f0800000|  0%| F|  |TAMS 0x00000000f0700000| PB 0x00000000f0700000| Untracked 
| 776|0x00000000f0800000, 0x00000000f0800000, 0x00000000f0900000|  0%| F|  |TAMS 0x00000000f0800000| PB 0x00000000f0800000| Untracked 
| 777|0x00000000f0900000, 0x00000000f0900000, 0x00000000f0a00000|  0%| F|  |TAMS 0x00000000f0900000| PB 0x00000000f0900000| Untracked 
| 778|0x00000000f0a00000, 0x00000000f0a00000, 0x00000000f0b00000|  0%| F|  |TAMS 0x00000000f0a00000| PB 0x00000000f0a00000| Untracked 
| 779|0x00000000f0b00000, 0x00000000f0b00000, 0x00000000f0c00000|  0%| F|  |TAMS 0x00000000f0b00000| PB 0x00000000f0b00000| Untracked 
| 780|0x00000000f0c00000, 0x00000000f0c00000, 0x00000000f0d00000|  0%| F|  |TAMS 0x00000000f0c00000| PB 0x00000000f0c00000| Untracked 
| 781|0x00000000f0d00000, 0x00000000f0d00000, 0x00000000f0e00000|  0%| F|  |TAMS 0x00000000f0d00000| PB 0x00000000f0d00000| Untracked 
| 782|0x00000000f0e00000, 0x00000000f0e00000, 0x00000000f0f00000|  0%| F|  |TAMS 0x00000000f0e00000| PB 0x00000000f0e00000| Untracked 
| 783|0x00000000f0f00000, 0x00000000f0f00000, 0x00000000f1000000|  0%| F|  |TAMS 0x00000000f0f00000| PB 0x00000000f0f00000| Untracked 
| 784|0x00000000f1000000, 0x00000000f1000000, 0x00000000f1100000|  0%| F|  |TAMS 0x00000000f1000000| PB 0x00000000f1000000| Untracked 
| 785|0x00000000f1100000, 0x00000000f1100000, 0x00000000f1200000|  0%| F|  |TAMS 0x00000000f1100000| PB 0x00000000f1100000| Untracked 
| 786|0x00000000f1200000, 0x00000000f1200000, 0x00000000f1300000|  0%| F|  |TAMS 0x00000000f1200000| PB 0x00000000f1200000| Untracked 
| 787|0x00000000f1300000, 0x00000000f1300000, 0x00000000f1400000|  0%| F|  |TAMS 0x00000000f1300000| PB 0x00000000f1300000| Untracked 
| 788|0x00000000f1400000, 0x00000000f1400000, 0x00000000f1500000|  0%| F|  |TAMS 0x00000000f1400000| PB 0x00000000f1400000| Untracked 
| 789|0x00000000f1500000, 0x00000000f1500000, 0x00000000f1600000|  0%| F|  |TAMS 0x00000000f1500000| PB 0x00000000f1500000| Untracked 
| 790|0x00000000f1600000, 0x00000000f1600000, 0x00000000f1700000|  0%| F|  |TAMS 0x00000000f1600000| PB 0x00000000f1600000| Untracked 
| 791|0x00000000f1700000, 0x00000000f1700000, 0x00000000f1800000|  0%| F|  |TAMS 0x00000000f1700000| PB 0x00000000f1700000| Untracked 
| 792|0x00000000f1800000, 0x00000000f1800000, 0x00000000f1900000|  0%| F|  |TAMS 0x00000000f1800000| PB 0x00000000f1800000| Untracked 
| 793|0x00000000f1900000, 0x00000000f1900000, 0x00000000f1a00000|  0%| F|  |TAMS 0x00000000f1900000| PB 0x00000000f1900000| Untracked 
| 794|0x00000000f1a00000, 0x00000000f1a00000, 0x00000000f1b00000|  0%| F|  |TAMS 0x00000000f1a00000| PB 0x00000000f1a00000| Untracked 
| 795|0x00000000f1b00000, 0x00000000f1b00000, 0x00000000f1c00000|  0%| F|  |TAMS 0x00000000f1b00000| PB 0x00000000f1b00000| Untracked 
| 796|0x00000000f1c00000, 0x00000000f1c00000, 0x00000000f1d00000|  0%| F|  |TAMS 0x00000000f1c00000| PB 0x00000000f1c00000| Untracked 
| 797|0x00000000f1d00000, 0x00000000f1d00000, 0x00000000f1e00000|  0%| F|  |TAMS 0x00000000f1d00000| PB 0x00000000f1d00000| Untracked 
| 798|0x00000000f1e00000, 0x00000000f1e00000, 0x00000000f1f00000|  0%| F|  |TAMS 0x00000000f1e00000| PB 0x00000000f1e00000| Untracked 
| 799|0x00000000f1f00000, 0x00000000f1f00000, 0x00000000f2000000|  0%| F|  |TAMS 0x00000000f1f00000| PB 0x00000000f1f00000| Untracked 
| 800|0x00000000f2000000, 0x00000000f2000000, 0x00000000f2100000|  0%| F|  |TAMS 0x00000000f2000000| PB 0x00000000f2000000| Untracked 
| 801|0x00000000f2100000, 0x00000000f2100000, 0x00000000f2200000|  0%| F|  |TAMS 0x00000000f2100000| PB 0x00000000f2100000| Untracked 
| 802|0x00000000f2200000, 0x00000000f2200000, 0x00000000f2300000|  0%| F|  |TAMS 0x00000000f2200000| PB 0x00000000f2200000| Untracked 
| 803|0x00000000f2300000, 0x00000000f2300000, 0x00000000f2400000|  0%| F|  |TAMS 0x00000000f2300000| PB 0x00000000f2300000| Untracked 
| 804|0x00000000f2400000, 0x00000000f2400000, 0x00000000f2500000|  0%| F|  |TAMS 0x00000000f2400000| PB 0x00000000f2400000| Untracked 
| 805|0x00000000f2500000, 0x00000000f2500000, 0x00000000f2600000|  0%| F|  |TAMS 0x00000000f2500000| PB 0x00000000f2500000| Untracked 
| 806|0x00000000f2600000, 0x00000000f2600000, 0x00000000f2700000|  0%| F|  |TAMS 0x00000000f2600000| PB 0x00000000f2600000| Untracked 
| 807|0x00000000f2700000, 0x00000000f2700000, 0x00000000f2800000|  0%| F|  |TAMS 0x00000000f2700000| PB 0x00000000f2700000| Untracked 
| 808|0x00000000f2800000, 0x00000000f2800000, 0x00000000f2900000|  0%| F|  |TAMS 0x00000000f2800000| PB 0x00000000f2800000| Untracked 
| 809|0x00000000f2900000, 0x00000000f2900000, 0x00000000f2a00000|  0%| F|  |TAMS 0x00000000f2900000| PB 0x00000000f2900000| Untracked 
| 810|0x00000000f2a00000, 0x00000000f2a00000, 0x00000000f2b00000|  0%| F|  |TAMS 0x00000000f2a00000| PB 0x00000000f2a00000| Untracked 
| 811|0x00000000f2b00000, 0x00000000f2b00000, 0x00000000f2c00000|  0%| F|  |TAMS 0x00000000f2b00000| PB 0x00000000f2b00000| Untracked 
| 812|0x00000000f2c00000, 0x00000000f2c00000, 0x00000000f2d00000|  0%| F|  |TAMS 0x00000000f2c00000| PB 0x00000000f2c00000| Untracked 
| 813|0x00000000f2d00000, 0x00000000f2d00000, 0x00000000f2e00000|  0%| F|  |TAMS 0x00000000f2d00000| PB 0x00000000f2d00000| Untracked 
| 814|0x00000000f2e00000, 0x00000000f2e00000, 0x00000000f2f00000|  0%| F|  |TAMS 0x00000000f2e00000| PB 0x00000000f2e00000| Untracked 
| 815|0x00000000f2f00000, 0x00000000f2f00000, 0x00000000f3000000|  0%| F|  |TAMS 0x00000000f2f00000| PB 0x00000000f2f00000| Untracked 
| 816|0x00000000f3000000, 0x00000000f3000000, 0x00000000f3100000|  0%| F|  |TAMS 0x00000000f3000000| PB 0x00000000f3000000| Untracked 
| 817|0x00000000f3100000, 0x00000000f3100000, 0x00000000f3200000|  0%| F|  |TAMS 0x00000000f3100000| PB 0x00000000f3100000| Untracked 
| 818|0x00000000f3200000, 0x00000000f3200000, 0x00000000f3300000|  0%| F|  |TAMS 0x00000000f3200000| PB 0x00000000f3200000| Untracked 
| 819|0x00000000f3300000, 0x00000000f3300000, 0x00000000f3400000|  0%| F|  |TAMS 0x00000000f3300000| PB 0x00000000f3300000| Untracked 
| 820|0x00000000f3400000, 0x00000000f3400000, 0x00000000f3500000|  0%| F|  |TAMS 0x00000000f3400000| PB 0x00000000f3400000| Untracked 
| 821|0x00000000f3500000, 0x00000000f3500000, 0x00000000f3600000|  0%| F|  |TAMS 0x00000000f3500000| PB 0x00000000f3500000| Untracked 
| 822|0x00000000f3600000, 0x00000000f3600000, 0x00000000f3700000|  0%| F|  |TAMS 0x00000000f3600000| PB 0x00000000f3600000| Untracked 
| 823|0x00000000f3700000, 0x00000000f3700000, 0x00000000f3800000|  0%| F|  |TAMS 0x00000000f3700000| PB 0x00000000f3700000| Untracked 
| 824|0x00000000f3800000, 0x00000000f3800000, 0x00000000f3900000|  0%| F|  |TAMS 0x00000000f3800000| PB 0x00000000f3800000| Untracked 
| 825|0x00000000f3900000, 0x00000000f3900000, 0x00000000f3a00000|  0%| F|  |TAMS 0x00000000f3900000| PB 0x00000000f3900000| Untracked 
| 826|0x00000000f3a00000, 0x00000000f3a00000, 0x00000000f3b00000|  0%| F|  |TAMS 0x00000000f3a00000| PB 0x00000000f3a00000| Untracked 
| 827|0x00000000f3b00000, 0x00000000f3b00000, 0x00000000f3c00000|  0%| F|  |TAMS 0x00000000f3b00000| PB 0x00000000f3b00000| Untracked 
| 828|0x00000000f3c00000, 0x00000000f3c00000, 0x00000000f3d00000|  0%| F|  |TAMS 0x00000000f3c00000| PB 0x00000000f3c00000| Untracked 
| 829|0x00000000f3d00000, 0x00000000f3d00000, 0x00000000f3e00000|  0%| F|  |TAMS 0x00000000f3d00000| PB 0x00000000f3d00000| Untracked 
| 830|0x00000000f3e00000, 0x00000000f3e00000, 0x00000000f3f00000|  0%| F|  |TAMS 0x00000000f3e00000| PB 0x00000000f3e00000| Untracked 
| 831|0x00000000f3f00000, 0x00000000f3f00000, 0x00000000f4000000|  0%| F|  |TAMS 0x00000000f3f00000| PB 0x00000000f3f00000| Untracked 
| 832|0x00000000f4000000, 0x00000000f4000000, 0x00000000f4100000|  0%| F|  |TAMS 0x00000000f4000000| PB 0x00000000f4000000| Untracked 
| 833|0x00000000f4100000, 0x00000000f4100000, 0x00000000f4200000|  0%| F|  |TAMS 0x00000000f4100000| PB 0x00000000f4100000| Untracked 
| 834|0x00000000f4200000, 0x00000000f4200000, 0x00000000f4300000|  0%| F|  |TAMS 0x00000000f4200000| PB 0x00000000f4200000| Untracked 
| 835|0x00000000f4300000, 0x00000000f4300000, 0x00000000f4400000|  0%| F|  |TAMS 0x00000000f4300000| PB 0x00000000f4300000| Untracked 
| 836|0x00000000f4400000, 0x00000000f4400000, 0x00000000f4500000|  0%| F|  |TAMS 0x00000000f4400000| PB 0x00000000f4400000| Untracked 
| 837|0x00000000f4500000, 0x00000000f4500000, 0x00000000f4600000|  0%| F|  |TAMS 0x00000000f4500000| PB 0x00000000f4500000| Untracked 
| 838|0x00000000f4600000, 0x00000000f4600000, 0x00000000f4700000|  0%| F|  |TAMS 0x00000000f4600000| PB 0x00000000f4600000| Untracked 
| 839|0x00000000f4700000, 0x00000000f4700000, 0x00000000f4800000|  0%| F|  |TAMS 0x00000000f4700000| PB 0x00000000f4700000| Untracked 
| 840|0x00000000f4800000, 0x00000000f4800000, 0x00000000f4900000|  0%| F|  |TAMS 0x00000000f4800000| PB 0x00000000f4800000| Untracked 
| 841|0x00000000f4900000, 0x00000000f4900000, 0x00000000f4a00000|  0%| F|  |TAMS 0x00000000f4900000| PB 0x00000000f4900000| Untracked 
| 842|0x00000000f4a00000, 0x00000000f4a00000, 0x00000000f4b00000|  0%| F|  |TAMS 0x00000000f4a00000| PB 0x00000000f4a00000| Untracked 
| 843|0x00000000f4b00000, 0x00000000f4b00000, 0x00000000f4c00000|  0%| F|  |TAMS 0x00000000f4b00000| PB 0x00000000f4b00000| Untracked 
| 844|0x00000000f4c00000, 0x00000000f4c00000, 0x00000000f4d00000|  0%| F|  |TAMS 0x00000000f4c00000| PB 0x00000000f4c00000| Untracked 
| 845|0x00000000f4d00000, 0x00000000f4d00000, 0x00000000f4e00000|  0%| F|  |TAMS 0x00000000f4d00000| PB 0x00000000f4d00000| Untracked 
| 846|0x00000000f4e00000, 0x00000000f4e00000, 0x00000000f4f00000|  0%| F|  |TAMS 0x00000000f4e00000| PB 0x00000000f4e00000| Untracked 
| 847|0x00000000f4f00000, 0x00000000f4f00000, 0x00000000f5000000|  0%| F|  |TAMS 0x00000000f4f00000| PB 0x00000000f4f00000| Untracked 
| 848|0x00000000f5000000, 0x00000000f5000000, 0x00000000f5100000|  0%| F|  |TAMS 0x00000000f5000000| PB 0x00000000f5000000| Untracked 
| 849|0x00000000f5100000, 0x00000000f5100000, 0x00000000f5200000|  0%| F|  |TAMS 0x00000000f5100000| PB 0x00000000f5100000| Untracked 
| 850|0x00000000f5200000, 0x00000000f5200000, 0x00000000f5300000|  0%| F|  |TAMS 0x00000000f5200000| PB 0x00000000f5200000| Untracked 
| 851|0x00000000f5300000, 0x00000000f5300000, 0x00000000f5400000|  0%| F|  |TAMS 0x00000000f5300000| PB 0x00000000f5300000| Untracked 
| 852|0x00000000f5400000, 0x00000000f5400000, 0x00000000f5500000|  0%| F|  |TAMS 0x00000000f5400000| PB 0x00000000f5400000| Untracked 
| 853|0x00000000f5500000, 0x00000000f5500000, 0x00000000f5600000|  0%| F|  |TAMS 0x00000000f5500000| PB 0x00000000f5500000| Untracked 
| 854|0x00000000f5600000, 0x00000000f5600000, 0x00000000f5700000|  0%| F|  |TAMS 0x00000000f5600000| PB 0x00000000f5600000| Untracked 
| 855|0x00000000f5700000, 0x00000000f5700000, 0x00000000f5800000|  0%| F|  |TAMS 0x00000000f5700000| PB 0x00000000f5700000| Untracked 
| 856|0x00000000f5800000, 0x00000000f5800000, 0x00000000f5900000|  0%| F|  |TAMS 0x00000000f5800000| PB 0x00000000f5800000| Untracked 
| 857|0x00000000f5900000, 0x00000000f5900000, 0x00000000f5a00000|  0%| F|  |TAMS 0x00000000f5900000| PB 0x00000000f5900000| Untracked 
| 858|0x00000000f5a00000, 0x00000000f5a00000, 0x00000000f5b00000|  0%| F|  |TAMS 0x00000000f5a00000| PB 0x00000000f5a00000| Untracked 
| 859|0x00000000f5b00000, 0x00000000f5b00000, 0x00000000f5c00000|  0%| F|  |TAMS 0x00000000f5b00000| PB 0x00000000f5b00000| Untracked 
| 860|0x00000000f5c00000, 0x00000000f5c00000, 0x00000000f5d00000|  0%| F|  |TAMS 0x00000000f5c00000| PB 0x00000000f5c00000| Untracked 
| 861|0x00000000f5d00000, 0x00000000f5d00000, 0x00000000f5e00000|  0%| F|  |TAMS 0x00000000f5d00000| PB 0x00000000f5d00000| Untracked 
| 862|0x00000000f5e00000, 0x00000000f5e00000, 0x00000000f5f00000|  0%| F|  |TAMS 0x00000000f5e00000| PB 0x00000000f5e00000| Untracked 
| 863|0x00000000f5f00000, 0x00000000f5f00000, 0x00000000f6000000|  0%| F|  |TAMS 0x00000000f5f00000| PB 0x00000000f5f00000| Untracked 
| 864|0x00000000f6000000, 0x00000000f6000000, 0x00000000f6100000|  0%| F|  |TAMS 0x00000000f6000000| PB 0x00000000f6000000| Untracked 
| 865|0x00000000f6100000, 0x00000000f6100000, 0x00000000f6200000|  0%| F|  |TAMS 0x00000000f6100000| PB 0x00000000f6100000| Untracked 
| 866|0x00000000f6200000, 0x00000000f6200000, 0x00000000f6300000|  0%| F|  |TAMS 0x00000000f6200000| PB 0x00000000f6200000| Untracked 
| 867|0x00000000f6300000, 0x00000000f6300000, 0x00000000f6400000|  0%| F|  |TAMS 0x00000000f6300000| PB 0x00000000f6300000| Untracked 
| 868|0x00000000f6400000, 0x00000000f6400000, 0x00000000f6500000|  0%| F|  |TAMS 0x00000000f6400000| PB 0x00000000f6400000| Untracked 
| 869|0x00000000f6500000, 0x00000000f6500000, 0x00000000f6600000|  0%| F|  |TAMS 0x00000000f6500000| PB 0x00000000f6500000| Untracked 
| 870|0x00000000f6600000, 0x00000000f6600000, 0x00000000f6700000|  0%| F|  |TAMS 0x00000000f6600000| PB 0x00000000f6600000| Untracked 
| 871|0x00000000f6700000, 0x00000000f6700000, 0x00000000f6800000|  0%| F|  |TAMS 0x00000000f6700000| PB 0x00000000f6700000| Untracked 
| 872|0x00000000f6800000, 0x00000000f6800000, 0x00000000f6900000|  0%| F|  |TAMS 0x00000000f6800000| PB 0x00000000f6800000| Untracked 
| 873|0x00000000f6900000, 0x00000000f6900000, 0x00000000f6a00000|  0%| F|  |TAMS 0x00000000f6900000| PB 0x00000000f6900000| Untracked 
| 874|0x00000000f6a00000, 0x00000000f6a00000, 0x00000000f6b00000|  0%| F|  |TAMS 0x00000000f6a00000| PB 0x00000000f6a00000| Untracked 
| 875|0x00000000f6b00000, 0x00000000f6b00000, 0x00000000f6c00000|  0%| F|  |TAMS 0x00000000f6b00000| PB 0x00000000f6b00000| Untracked 
| 876|0x00000000f6c00000, 0x00000000f6c00000, 0x00000000f6d00000|  0%| F|  |TAMS 0x00000000f6c00000| PB 0x00000000f6c00000| Untracked 
| 877|0x00000000f6d00000, 0x00000000f6d00000, 0x00000000f6e00000|  0%| F|  |TAMS 0x00000000f6d00000| PB 0x00000000f6d00000| Untracked 
| 878|0x00000000f6e00000, 0x00000000f6e00000, 0x00000000f6f00000|  0%| F|  |TAMS 0x00000000f6e00000| PB 0x00000000f6e00000| Untracked 
| 879|0x00000000f6f00000, 0x00000000f6f00000, 0x00000000f7000000|  0%| F|  |TAMS 0x00000000f6f00000| PB 0x00000000f6f00000| Untracked 
| 880|0x00000000f7000000, 0x00000000f7000000, 0x00000000f7100000|  0%| F|  |TAMS 0x00000000f7000000| PB 0x00000000f7000000| Untracked 
| 881|0x00000000f7100000, 0x00000000f7100000, 0x00000000f7200000|  0%| F|  |TAMS 0x00000000f7100000| PB 0x00000000f7100000| Untracked 
| 882|0x00000000f7200000, 0x00000000f7200000, 0x00000000f7300000|  0%| F|  |TAMS 0x00000000f7200000| PB 0x00000000f7200000| Untracked 
| 883|0x00000000f7300000, 0x00000000f7300000, 0x00000000f7400000|  0%| F|  |TAMS 0x00000000f7300000| PB 0x00000000f7300000| Untracked 
| 884|0x00000000f7400000, 0x00000000f7400000, 0x00000000f7500000|  0%| F|  |TAMS 0x00000000f7400000| PB 0x00000000f7400000| Untracked 
| 885|0x00000000f7500000, 0x00000000f7500000, 0x00000000f7600000|  0%| F|  |TAMS 0x00000000f7500000| PB 0x00000000f7500000| Untracked 
| 886|0x00000000f7600000, 0x00000000f7600000, 0x00000000f7700000|  0%| F|  |TAMS 0x00000000f7600000| PB 0x00000000f7600000| Untracked 
| 887|0x00000000f7700000, 0x00000000f7700000, 0x00000000f7800000|  0%| F|  |TAMS 0x00000000f7700000| PB 0x00000000f7700000| Untracked 
| 888|0x00000000f7800000, 0x00000000f7800000, 0x00000000f7900000|  0%| F|  |TAMS 0x00000000f7800000| PB 0x00000000f7800000| Untracked 
| 889|0x00000000f7900000, 0x00000000f7900000, 0x00000000f7a00000|  0%| F|  |TAMS 0x00000000f7900000| PB 0x00000000f7900000| Untracked 
| 890|0x00000000f7a00000, 0x00000000f7a00000, 0x00000000f7b00000|  0%| F|  |TAMS 0x00000000f7a00000| PB 0x00000000f7a00000| Untracked 
| 891|0x00000000f7b00000, 0x00000000f7b00000, 0x00000000f7c00000|  0%| F|  |TAMS 0x00000000f7b00000| PB 0x00000000f7b00000| Untracked 
| 892|0x00000000f7c00000, 0x00000000f7c00000, 0x00000000f7d00000|  0%| F|  |TAMS 0x00000000f7c00000| PB 0x00000000f7c00000| Untracked 
| 893|0x00000000f7d00000, 0x00000000f7d00000, 0x00000000f7e00000|  0%| F|  |TAMS 0x00000000f7d00000| PB 0x00000000f7d00000| Untracked 
| 894|0x00000000f7e00000, 0x00000000f7e00000, 0x00000000f7f00000|  0%| F|  |TAMS 0x00000000f7e00000| PB 0x00000000f7e00000| Untracked 
| 895|0x00000000f7f00000, 0x00000000f7f00000, 0x00000000f8000000|  0%| F|  |TAMS 0x00000000f7f00000| PB 0x00000000f7f00000| Untracked 
| 896|0x00000000f8000000, 0x00000000f8000000, 0x00000000f8100000|  0%| F|  |TAMS 0x00000000f8000000| PB 0x00000000f8000000| Untracked 
| 897|0x00000000f8100000, 0x00000000f8100000, 0x00000000f8200000|  0%| F|  |TAMS 0x00000000f8100000| PB 0x00000000f8100000| Untracked 
| 898|0x00000000f8200000, 0x00000000f8200000, 0x00000000f8300000|  0%| F|  |TAMS 0x00000000f8200000| PB 0x00000000f8200000| Untracked 
| 899|0x00000000f8300000, 0x00000000f8300000, 0x00000000f8400000|  0%| F|  |TAMS 0x00000000f8300000| PB 0x00000000f8300000| Untracked 
| 900|0x00000000f8400000, 0x00000000f8400000, 0x00000000f8500000|  0%| F|  |TAMS 0x00000000f8400000| PB 0x00000000f8400000| Untracked 
| 901|0x00000000f8500000, 0x00000000f8500000, 0x00000000f8600000|  0%| F|  |TAMS 0x00000000f8500000| PB 0x00000000f8500000| Untracked 
| 902|0x00000000f8600000, 0x00000000f8600000, 0x00000000f8700000|  0%| F|  |TAMS 0x00000000f8600000| PB 0x00000000f8600000| Untracked 
| 903|0x00000000f8700000, 0x00000000f8700000, 0x00000000f8800000|  0%| F|  |TAMS 0x00000000f8700000| PB 0x00000000f8700000| Untracked 
| 904|0x00000000f8800000, 0x00000000f8800000, 0x00000000f8900000|  0%| F|  |TAMS 0x00000000f8800000| PB 0x00000000f8800000| Untracked 
| 905|0x00000000f8900000, 0x00000000f8900000, 0x00000000f8a00000|  0%| F|  |TAMS 0x00000000f8900000| PB 0x00000000f8900000| Untracked 
| 906|0x00000000f8a00000, 0x00000000f8a00000, 0x00000000f8b00000|  0%| F|  |TAMS 0x00000000f8a00000| PB 0x00000000f8a00000| Untracked 
| 907|0x00000000f8b00000, 0x00000000f8b00000, 0x00000000f8c00000|  0%| F|  |TAMS 0x00000000f8b00000| PB 0x00000000f8b00000| Untracked 
| 908|0x00000000f8c00000, 0x00000000f8c00000, 0x00000000f8d00000|  0%| F|  |TAMS 0x00000000f8c00000| PB 0x00000000f8c00000| Untracked 
| 909|0x00000000f8d00000, 0x00000000f8d00000, 0x00000000f8e00000|  0%| F|  |TAMS 0x00000000f8d00000| PB 0x00000000f8d00000| Untracked 
| 910|0x00000000f8e00000, 0x00000000f8e00000, 0x00000000f8f00000|  0%| F|  |TAMS 0x00000000f8e00000| PB 0x00000000f8e00000| Untracked 
| 911|0x00000000f8f00000, 0x00000000f8f00000, 0x00000000f9000000|  0%| F|  |TAMS 0x00000000f8f00000| PB 0x00000000f8f00000| Untracked 
| 912|0x00000000f9000000, 0x00000000f9000000, 0x00000000f9100000|  0%| F|  |TAMS 0x00000000f9000000| PB 0x00000000f9000000| Untracked 
| 913|0x00000000f9100000, 0x00000000f9100000, 0x00000000f9200000|  0%| F|  |TAMS 0x00000000f9100000| PB 0x00000000f9100000| Untracked 
| 914|0x00000000f9200000, 0x00000000f9200000, 0x00000000f9300000|  0%| F|  |TAMS 0x00000000f9200000| PB 0x00000000f9200000| Untracked 
| 915|0x00000000f9300000, 0x00000000f9300000, 0x00000000f9400000|  0%| F|  |TAMS 0x00000000f9300000| PB 0x00000000f9300000| Untracked 
| 916|0x00000000f9400000, 0x00000000f9400000, 0x00000000f9500000|  0%| F|  |TAMS 0x00000000f9400000| PB 0x00000000f9400000| Untracked 
| 917|0x00000000f9500000, 0x00000000f9500000, 0x00000000f9600000|  0%| F|  |TAMS 0x00000000f9500000| PB 0x00000000f9500000| Untracked 
| 918|0x00000000f9600000, 0x00000000f9600000, 0x00000000f9700000|  0%| F|  |TAMS 0x00000000f9600000| PB 0x00000000f9600000| Untracked 
| 919|0x00000000f9700000, 0x00000000f9700000, 0x00000000f9800000|  0%| F|  |TAMS 0x00000000f9700000| PB 0x00000000f9700000| Untracked 
| 920|0x00000000f9800000, 0x00000000f9800000, 0x00000000f9900000|  0%| F|  |TAMS 0x00000000f9800000| PB 0x00000000f9800000| Untracked 
| 921|0x00000000f9900000, 0x00000000f9900000, 0x00000000f9a00000|  0%| F|  |TAMS 0x00000000f9900000| PB 0x00000000f9900000| Untracked 
| 922|0x00000000f9a00000, 0x00000000f9a00000, 0x00000000f9b00000|  0%| F|  |TAMS 0x00000000f9a00000| PB 0x00000000f9a00000| Untracked 
| 923|0x00000000f9b00000, 0x00000000f9b00000, 0x00000000f9c00000|  0%| F|  |TAMS 0x00000000f9b00000| PB 0x00000000f9b00000| Untracked 
| 924|0x00000000f9c00000, 0x00000000f9c00000, 0x00000000f9d00000|  0%| F|  |TAMS 0x00000000f9c00000| PB 0x00000000f9c00000| Untracked 
| 925|0x00000000f9d00000, 0x00000000f9d00000, 0x00000000f9e00000|  0%| F|  |TAMS 0x00000000f9d00000| PB 0x00000000f9d00000| Untracked 
| 926|0x00000000f9e00000, 0x00000000f9e00000, 0x00000000f9f00000|  0%| F|  |TAMS 0x00000000f9e00000| PB 0x00000000f9e00000| Untracked 
| 927|0x00000000f9f00000, 0x00000000f9f00000, 0x00000000fa000000|  0%| F|  |TAMS 0x00000000f9f00000| PB 0x00000000f9f00000| Untracked 
| 928|0x00000000fa000000, 0x00000000fa000000, 0x00000000fa100000|  0%| F|  |TAMS 0x00000000fa000000| PB 0x00000000fa000000| Untracked 
| 929|0x00000000fa100000, 0x00000000fa100000, 0x00000000fa200000|  0%| F|  |TAMS 0x00000000fa100000| PB 0x00000000fa100000| Untracked 
| 930|0x00000000fa200000, 0x00000000fa200000, 0x00000000fa300000|  0%| F|  |TAMS 0x00000000fa200000| PB 0x00000000fa200000| Untracked 
| 931|0x00000000fa300000, 0x00000000fa300000, 0x00000000fa400000|  0%| F|  |TAMS 0x00000000fa300000| PB 0x00000000fa300000| Untracked 
| 932|0x00000000fa400000, 0x00000000fa400000, 0x00000000fa500000|  0%| F|  |TAMS 0x00000000fa400000| PB 0x00000000fa400000| Untracked 
| 933|0x00000000fa500000, 0x00000000fa500000, 0x00000000fa600000|  0%| F|  |TAMS 0x00000000fa500000| PB 0x00000000fa500000| Untracked 
| 934|0x00000000fa600000, 0x00000000fa600000, 0x00000000fa700000|  0%| F|  |TAMS 0x00000000fa600000| PB 0x00000000fa600000| Untracked 
| 935|0x00000000fa700000, 0x00000000fa700000, 0x00000000fa800000|  0%| F|  |TAMS 0x00000000fa700000| PB 0x00000000fa700000| Untracked 
| 936|0x00000000fa800000, 0x00000000fa800000, 0x00000000fa900000|  0%| F|  |TAMS 0x00000000fa800000| PB 0x00000000fa800000| Untracked 
| 937|0x00000000fa900000, 0x00000000fa900000, 0x00000000faa00000|  0%| F|  |TAMS 0x00000000fa900000| PB 0x00000000fa900000| Untracked 
| 938|0x00000000faa00000, 0x00000000faa00000, 0x00000000fab00000|  0%| F|  |TAMS 0x00000000faa00000| PB 0x00000000faa00000| Untracked 
| 939|0x00000000fab00000, 0x00000000fab00000, 0x00000000fac00000|  0%| F|  |TAMS 0x00000000fab00000| PB 0x00000000fab00000| Untracked 
| 940|0x00000000fac00000, 0x00000000fac00000, 0x00000000fad00000|  0%| F|  |TAMS 0x00000000fac00000| PB 0x00000000fac00000| Untracked 
| 941|0x00000000fad00000, 0x00000000fad00000, 0x00000000fae00000|  0%| F|  |TAMS 0x00000000fad00000| PB 0x00000000fad00000| Untracked 
| 942|0x00000000fae00000, 0x00000000fae00000, 0x00000000faf00000|  0%| F|  |TAMS 0x00000000fae00000| PB 0x00000000fae00000| Untracked 
| 943|0x00000000faf00000, 0x00000000faf00000, 0x00000000fb000000|  0%| F|  |TAMS 0x00000000faf00000| PB 0x00000000faf00000| Untracked 
| 944|0x00000000fb000000, 0x00000000fb000000, 0x00000000fb100000|  0%| F|  |TAMS 0x00000000fb000000| PB 0x00000000fb000000| Untracked 
| 945|0x00000000fb100000, 0x00000000fb100000, 0x00000000fb200000|  0%| F|  |TAMS 0x00000000fb100000| PB 0x00000000fb100000| Untracked 
| 946|0x00000000fb200000, 0x00000000fb200000, 0x00000000fb300000|  0%| F|  |TAMS 0x00000000fb200000| PB 0x00000000fb200000| Untracked 
| 947|0x00000000fb300000, 0x00000000fb300000, 0x00000000fb400000|  0%| F|  |TAMS 0x00000000fb300000| PB 0x00000000fb300000| Untracked 
| 948|0x00000000fb400000, 0x00000000fb400000, 0x00000000fb500000|  0%| F|  |TAMS 0x00000000fb400000| PB 0x00000000fb400000| Untracked 
| 949|0x00000000fb500000, 0x00000000fb500000, 0x00000000fb600000|  0%| F|  |TAMS 0x00000000fb500000| PB 0x00000000fb500000| Untracked 
| 950|0x00000000fb600000, 0x00000000fb600000, 0x00000000fb700000|  0%| F|  |TAMS 0x00000000fb600000| PB 0x00000000fb600000| Untracked 
| 951|0x00000000fb700000, 0x00000000fb700000, 0x00000000fb800000|  0%| F|  |TAMS 0x00000000fb700000| PB 0x00000000fb700000| Untracked 
| 952|0x00000000fb800000, 0x00000000fb800000, 0x00000000fb900000|  0%| F|  |TAMS 0x00000000fb800000| PB 0x00000000fb800000| Untracked 
| 953|0x00000000fb900000, 0x00000000fb900000, 0x00000000fba00000|  0%| F|  |TAMS 0x00000000fb900000| PB 0x00000000fb900000| Untracked 
| 954|0x00000000fba00000, 0x00000000fba00000, 0x00000000fbb00000|  0%| F|  |TAMS 0x00000000fba00000| PB 0x00000000fba00000| Untracked 
| 955|0x00000000fbb00000, 0x00000000fbb00000, 0x00000000fbc00000|  0%| F|  |TAMS 0x00000000fbb00000| PB 0x00000000fbb00000| Untracked 
| 956|0x00000000fbc00000, 0x00000000fbc00000, 0x00000000fbd00000|  0%| F|  |TAMS 0x00000000fbc00000| PB 0x00000000fbc00000| Untracked 
| 957|0x00000000fbd00000, 0x00000000fbe00000, 0x00000000fbe00000|100%| O|  |TAMS 0x00000000fbd00000| PB 0x00000000fbd00000| Untracked 
| 958|0x00000000fbe00000, 0x00000000fbf00000, 0x00000000fbf00000|100%| O|  |TAMS 0x00000000fbe00000| PB 0x00000000fbe00000| Untracked 
| 959|0x00000000fbf00000, 0x00000000fc000000, 0x00000000fc000000|100%| O|  |TAMS 0x00000000fbf00000| PB 0x00000000fbf00000| Untracked 
| 960|0x00000000fc000000, 0x00000000fc100000, 0x00000000fc100000|100%| O|  |TAMS 0x00000000fc000000| PB 0x00000000fc000000| Untracked 
| 961|0x00000000fc100000, 0x00000000fc200000, 0x00000000fc200000|100%| O|  |TAMS 0x00000000fc100000| PB 0x00000000fc100000| Untracked 
| 962|0x00000000fc200000, 0x00000000fc200000, 0x00000000fc300000|  0%| F|  |TAMS 0x00000000fc200000| PB 0x00000000fc200000| Untracked 
| 963|0x00000000fc300000, 0x00000000fc300000, 0x00000000fc400000|  0%| F|  |TAMS 0x00000000fc300000| PB 0x00000000fc300000| Untracked 
| 964|0x00000000fc400000, 0x00000000fc400000, 0x00000000fc500000|  0%| F|  |TAMS 0x00000000fc400000| PB 0x00000000fc400000| Untracked 
| 965|0x00000000fc500000, 0x00000000fc500000, 0x00000000fc600000|  0%| F|  |TAMS 0x00000000fc500000| PB 0x00000000fc500000| Untracked 
| 966|0x00000000fc600000, 0x00000000fc600000, 0x00000000fc700000|  0%| F|  |TAMS 0x00000000fc600000| PB 0x00000000fc600000| Untracked 
| 967|0x00000000fc700000, 0x00000000fc700000, 0x00000000fc800000|  0%| F|  |TAMS 0x00000000fc700000| PB 0x00000000fc700000| Untracked 
| 968|0x00000000fc800000, 0x00000000fc800000, 0x00000000fc900000|  0%| F|  |TAMS 0x00000000fc800000| PB 0x00000000fc800000| Untracked 
| 969|0x00000000fc900000, 0x00000000fc900000, 0x00000000fca00000|  0%| F|  |TAMS 0x00000000fc900000| PB 0x00000000fc900000| Untracked 
| 970|0x00000000fca00000, 0x00000000fca00000, 0x00000000fcb00000|  0%| F|  |TAMS 0x00000000fca00000| PB 0x00000000fca00000| Untracked 
| 971|0x00000000fcb00000, 0x00000000fcb00000, 0x00000000fcc00000|  0%| F|  |TAMS 0x00000000fcb00000| PB 0x00000000fcb00000| Untracked 
| 972|0x00000000fcc00000, 0x00000000fcc00000, 0x00000000fcd00000|  0%| F|  |TAMS 0x00000000fcc00000| PB 0x00000000fcc00000| Untracked 
| 973|0x00000000fcd00000, 0x00000000fcd00000, 0x00000000fce00000|  0%| F|  |TAMS 0x00000000fcd00000| PB 0x00000000fcd00000| Untracked 
| 974|0x00000000fce00000, 0x00000000fce00000, 0x00000000fcf00000|  0%| F|  |TAMS 0x00000000fce00000| PB 0x00000000fce00000| Untracked 
| 975|0x00000000fcf00000, 0x00000000fcf00000, 0x00000000fd000000|  0%| F|  |TAMS 0x00000000fcf00000| PB 0x00000000fcf00000| Untracked 
| 976|0x00000000fd000000, 0x00000000fd000000, 0x00000000fd100000|  0%| F|  |TAMS 0x00000000fd000000| PB 0x00000000fd000000| Untracked 
| 977|0x00000000fd100000, 0x00000000fd100000, 0x00000000fd200000|  0%| F|  |TAMS 0x00000000fd100000| PB 0x00000000fd100000| Untracked 
| 978|0x00000000fd200000, 0x00000000fd200000, 0x00000000fd300000|  0%| F|  |TAMS 0x00000000fd200000| PB 0x00000000fd200000| Untracked 
| 979|0x00000000fd300000, 0x00000000fd366530, 0x00000000fd400000| 39%| S|CS|TAMS 0x00000000fd300000| PB 0x00000000fd300000| Complete 
| 980|0x00000000fd400000, 0x00000000fd500000, 0x00000000fd500000|100%| S|CS|TAMS 0x00000000fd400000| PB 0x00000000fd400000| Complete 
| 981|0x00000000fd500000, 0x00000000fd600000, 0x00000000fd600000|100%| S|CS|TAMS 0x00000000fd500000| PB 0x00000000fd500000| Complete 
| 982|0x00000000fd600000, 0x00000000fd700000, 0x00000000fd700000|100%| S|CS|TAMS 0x00000000fd600000| PB 0x00000000fd600000| Complete 
| 983|0x00000000fd700000, 0x00000000fd700000, 0x00000000fd800000|  0%| F|  |TAMS 0x00000000fd700000| PB 0x00000000fd700000| Untracked 
| 984|0x00000000fd800000, 0x00000000fd800000, 0x00000000fd900000|  0%| F|  |TAMS 0x00000000fd800000| PB 0x00000000fd800000| Untracked 
| 985|0x00000000fd900000, 0x00000000fd900000, 0x00000000fda00000|  0%| F|  |TAMS 0x00000000fd900000| PB 0x00000000fd900000| Untracked 
| 986|0x00000000fda00000, 0x00000000fda00000, 0x00000000fdb00000|  0%| F|  |TAMS 0x00000000fda00000| PB 0x00000000fda00000| Untracked 
| 987|0x00000000fdb00000, 0x00000000fdb00000, 0x00000000fdc00000|  0%| F|  |TAMS 0x00000000fdb00000| PB 0x00000000fdb00000| Untracked 
| 988|0x00000000fdc00000, 0x00000000fdc00000, 0x00000000fdd00000|  0%| F|  |TAMS 0x00000000fdc00000| PB 0x00000000fdc00000| Untracked 
| 989|0x00000000fdd00000, 0x00000000fdd00000, 0x00000000fde00000|  0%| F|  |TAMS 0x00000000fdd00000| PB 0x00000000fdd00000| Untracked 
| 990|0x00000000fde00000, 0x00000000fde00000, 0x00000000fdf00000|  0%| F|  |TAMS 0x00000000fde00000| PB 0x00000000fde00000| Untracked 
| 991|0x00000000fdf00000, 0x00000000fdf00000, 0x00000000fe000000|  0%| F|  |TAMS 0x00000000fdf00000| PB 0x00000000fdf00000| Untracked 
| 992|0x00000000fe000000, 0x00000000fe000000, 0x00000000fe100000|  0%| F|  |TAMS 0x00000000fe000000| PB 0x00000000fe000000| Untracked 
| 993|0x00000000fe100000, 0x00000000fe100000, 0x00000000fe200000|  0%| F|  |TAMS 0x00000000fe100000| PB 0x00000000fe100000| Untracked 
| 994|0x00000000fe200000, 0x00000000fe200000, 0x00000000fe300000|  0%| F|  |TAMS 0x00000000fe200000| PB 0x00000000fe200000| Untracked 
| 995|0x00000000fe300000, 0x00000000fe300000, 0x00000000fe400000|  0%| F|  |TAMS 0x00000000fe300000| PB 0x00000000fe300000| Untracked 
| 996|0x00000000fe400000, 0x00000000fe400000, 0x00000000fe500000|  0%| F|  |TAMS 0x00000000fe400000| PB 0x00000000fe400000| Untracked 
| 997|0x00000000fe500000, 0x00000000fe500000, 0x00000000fe600000|  0%| F|  |TAMS 0x00000000fe500000| PB 0x00000000fe500000| Untracked 
| 998|0x00000000fe600000, 0x00000000fe600000, 0x00000000fe700000|  0%| F|  |TAMS 0x00000000fe600000| PB 0x00000000fe600000| Untracked 
| 999|0x00000000fe700000, 0x00000000fe700000, 0x00000000fe800000|  0%| F|  |TAMS 0x00000000fe700000| PB 0x00000000fe700000| Untracked 
|1000|0x00000000fe800000, 0x00000000fe800000, 0x00000000fe900000|  0%| F|  |TAMS 0x00000000fe800000| PB 0x00000000fe800000| Untracked 
|1001|0x00000000fe900000, 0x00000000fe900000, 0x00000000fea00000|  0%| F|  |TAMS 0x00000000fe900000| PB 0x00000000fe900000| Untracked 
|1002|0x00000000fea00000, 0x00000000fea84a10, 0x00000000feb00000| 51%| E|  |TAMS 0x00000000fea00000| PB 0x00000000fea00000| Complete 
|1003|0x00000000feb00000, 0x00000000fec00000, 0x00000000fec00000|100%| E|CS|TAMS 0x00000000feb00000| PB 0x00000000feb00000| Complete 
|1004|0x00000000fec00000, 0x00000000fed00000, 0x00000000fed00000|100%| E|CS|TAMS 0x00000000fec00000| PB 0x00000000fec00000| Complete 
|1005|0x00000000fed00000, 0x00000000fee00000, 0x00000000fee00000|100%| E|CS|TAMS 0x00000000fed00000| PB 0x00000000fed00000| Complete 
|1006|0x00000000fee00000, 0x00000000fef00000, 0x00000000fef00000|100%| E|CS|TAMS 0x00000000fee00000| PB 0x00000000fee00000| Complete 
|1007|0x00000000fef00000, 0x00000000ff000000, 0x00000000ff000000|100%| E|CS|TAMS 0x00000000fef00000| PB 0x00000000fef00000| Complete 
|1008|0x00000000ff000000, 0x00000000ff100000, 0x00000000ff100000|100%| E|CS|TAMS 0x00000000ff000000| PB 0x00000000ff000000| Complete 
|1009|0x00000000ff100000, 0x00000000ff200000, 0x00000000ff200000|100%| E|CS|TAMS 0x00000000ff100000| PB 0x00000000ff100000| Complete 
|1010|0x00000000ff200000, 0x00000000ff300000, 0x00000000ff300000|100%| E|CS|TAMS 0x00000000ff200000| PB 0x00000000ff200000| Complete 
|1011|0x00000000ff300000, 0x00000000ff400000, 0x00000000ff400000|100%| E|CS|TAMS 0x00000000ff300000| PB 0x00000000ff300000| Complete 
|1012|0x00000000ff400000, 0x00000000ff500000, 0x00000000ff500000|100%| E|CS|TAMS 0x00000000ff400000| PB 0x00000000ff400000| Complete 
|1013|0x00000000ff500000, 0x00000000ff600000, 0x00000000ff600000|100%| E|CS|TAMS 0x00000000ff500000| PB 0x00000000ff500000| Complete 
|1014|0x00000000ff600000, 0x00000000ff700000, 0x00000000ff700000|100%| E|CS|TAMS 0x00000000ff600000| PB 0x00000000ff600000| Complete 
|1015|0x00000000ff700000, 0x00000000ff800000, 0x00000000ff800000|100%| E|CS|TAMS 0x00000000ff700000| PB 0x00000000ff700000| Complete 
|1016|0x00000000ff800000, 0x00000000ff900000, 0x00000000ff900000|100%| E|CS|TAMS 0x00000000ff800000| PB 0x00000000ff800000| Complete 
|1017|0x00000000ff900000, 0x00000000ffa00000, 0x00000000ffa00000|100%| E|CS|TAMS 0x00000000ff900000| PB 0x00000000ff900000| Complete 
|1018|0x00000000ffa00000, 0x00000000ffb00000, 0x00000000ffb00000|100%| E|CS|TAMS 0x00000000ffa00000| PB 0x00000000ffa00000| Complete 
|1019|0x00000000ffb00000, 0x00000000ffc00000, 0x00000000ffc00000|100%| E|CS|TAMS 0x00000000ffb00000| PB 0x00000000ffb00000| Complete 
|1020|0x00000000ffc00000, 0x00000000ffd00000, 0x00000000ffd00000|100%| E|CS|TAMS 0x00000000ffc00000| PB 0x00000000ffc00000| Complete 
|1021|0x00000000ffd00000, 0x00000000ffe00000, 0x00000000ffe00000|100%| E|CS|TAMS 0x00000000ffd00000| PB 0x00000000ffd00000| Complete 
|1022|0x00000000ffe00000, 0x00000000fff00000, 0x00000000fff00000|100%| E|CS|TAMS 0x00000000ffe00000| PB 0x00000000ffe00000| Complete 
|1023|0x00000000fff00000, 0x0000000100000000, 0x0000000100000000|100%| E|CS|TAMS 0x00000000fff00000| PB 0x00000000fff00000| Complete 

Card table byte_map: [0x000001e46ee60000,0x000001e46f060000] _byte_map_base: 0x000001e46e860000

Marking Bits: (CMBitMap*) 0x000001e45c8048a0
 Bits: [0x000001e46f060000, 0x000001e470060000)

Polling page: 0x000001e45bf90000

Metaspace:

Usage:
  Non-class:    267.81 MB used.
      Class:     39.27 MB used.
       Both:    307.08 MB used.

Virtual space:
  Non-class space:      320.00 MB reserved,     268.75 MB ( 84%) committed,  5 nodes.
      Class space:        1.00 GB reserved,      40.12 MB (  4%) committed,  1 nodes.
             Both:        1.31 GB reserved,     308.88 MB ( 23%) committed. 

Chunk freelists:
   Non-Class:  2.61 MB
       Class:  7.89 MB
        Both:  10.50 MB

MaxMetaspaceSize: unlimited
CompressedClassSpaceSize: 1.00 GB
Initial GC threshold: 21.00 MB
Current GC threshold: 513.75 MB
CDS: off
 - commit_granule_bytes: 65536.
 - commit_granule_words: 8192.
 - virtual_space_node_default_size: 8388608.
 - enlarge_chunks_in_place: 1.
 - use_allocation_guard: 0.


Internal statistics:

num_allocs_failed_limit: 6.
num_arena_births: 6990.
num_arena_deaths: 3740.
num_vsnodes_births: 6.
num_vsnodes_deaths: 0.
num_space_committed: 4979.
num_space_uncommitted: 7.
num_chunks_returned_to_freelist: 4546.
num_chunks_taken_from_freelist: 23120.
num_chunk_merges: 1429.
num_chunk_splits: 13966.
num_chunks_enlarged: 9001.
num_inconsistent_stats: 0.

CodeHeap 'non-profiled nmethods': size=120000Kb used=38226Kb max_used=45144Kb free=81773Kb
 bounds [0x000001e467400000, 0x000001e46a020000, 0x000001e46e930000]
CodeHeap 'profiled nmethods': size=120000Kb used=72617Kb max_used=88680Kb free=47382Kb
 bounds [0x000001e45f930000, 0x000001e464fe0000, 0x000001e466e60000]
CodeHeap 'non-nmethods': size=5760Kb used=3248Kb max_used=3357Kb free=2511Kb
 bounds [0x000001e466e60000, 0x000001e4671c0000, 0x000001e467400000]
CodeCache: size=245760Kb, used=114091Kb, max_used=137181Kb, free=131666Kb
 total_blobs=26213, nmethods=24749, adapters=1359, full_count=0
Compilation: enabled, stopped_count=0, restarted_count=0

Compilation events (20 events):
Event: 1389.642 Thread 0x000001e47703e8c0 nmethod 96736 0x000001e467d95210 code [0x000001e467d953c0, 0x000001e467d958b0]
Event: 1389.652 Thread 0x000001e47703e8c0 96737       4       com.intellij.psi.impl.compiled.ClsFileImpl::getStub (20 bytes)
Event: 1389.658 Thread 0x000001e47703e8c0 nmethod 96737 0x000001e4681cbf90 code [0x000001e4681cc140, 0x000001e4681cc240]
Event: 1389.692 Thread 0x000001e47703e8c0 96738       4       org.jetbrains.kotlin.fir.deserialization.FirMemberDeserializer::addValueParametersTo$default (29 bytes)
Event: 1389.696 Thread 0x000001e47703e8c0 nmethod 96738 0x000001e468236010 code [0x000001e4682361a0, 0x000001e4682362c0]
Event: 1389.696 Thread 0x000001e47703e8c0 96739       4       org.jetbrains.kotlin.fir.declarations.impl.FirDeclarationStatusImpl::setTailRec (9 bytes)
Event: 1389.699 Thread 0x000001e47703e8c0 nmethod 96739 0x000001e46795da90 code [0x000001e46795dc20, 0x000001e46795dcd0]
Event: 1389.705 Thread 0x000001e47703e8c0 96740       4       org.jetbrains.kotlin.cli.jvm.compiler.KotlinCliJavaFileManagerImpl::findVirtualFileForTopLevelClass (297 bytes)
Event: 1389.711 Thread 0x000001e477043b10 96742   !   3       java.util.AbstractList$RandomAccessSpliterator::get (17 bytes)
Event: 1389.712 Thread 0x000001e477043b10 nmethod 96742 0x000001e46026ea10 code [0x000001e46026ebe0, 0x000001e46026ee80]
Event: 1389.712 Thread 0x000001e477043b10 96743       3       com.intellij.codeInsight.BaseExternalAnnotationsManager$$Lambda/0x0000000101fcf700::test (8 bytes)
Event: 1389.712 Thread 0x000001e477043b10 nmethod 96743 0x000001e4606aa190 code [0x000001e4606aa340, 0x000001e4606aa5f8]
Event: 1389.713 Thread 0x000001e477043b10 96744       3       com.intellij.codeInsight.BaseExternalAnnotationsManager::lambda$findExternalAnnotations$5 (6 bytes)
Event: 1389.713 Thread 0x000001e477043b10 nmethod 96744 0x000001e460758b90 code [0x000001e460758d40, 0x000001e460758e88]
Event: 1389.778 Thread 0x000001e477043b10 96745       3       org.jetbrains.kotlin.fir.expressions.impl.FirCallableReferenceAccessImpl::replaceConeTypeOrNull (6 bytes)
Event: 1389.778 Thread 0x000001e477043b10 nmethod 96745 0x000001e4607d6b10 code [0x000001e4607d6cc0, 0x000001e4607d6e30]
Event: 1389.852 Thread 0x000001e477043b10 96746       1       org.jetbrains.kotlin.fir.resolve.calls.FirCallResolver$ResolutionResult::getInfo (5 bytes)
Event: 1389.852 Thread 0x000001e477043b10 nmethod 96746 0x000001e467965c90 code [0x000001e467965e20, 0x000001e467965ee8]
Event: 1389.902 Thread 0x000001e477043b10 96747       3       org.jetbrains.kotlin.analysis.low.level.api.fir.symbolProviders.LLKotlinSourceSymbolProvider$$Lambda/0x0000000101e35e38::invoke (16 bytes)
Event: 1389.903 Thread 0x000001e477043b10 nmethod 96747 0x000001e460277890 code [0x000001e460277a60, 0x000001e460277d78]

GC Heap History (20 events):
Event: 1304.548 GC heap before
{Heap before GC invocations=539 (full 3):
 garbage-first heap   total 1048576K, used 740423K [0x00000000c0000000, 0x0000000100000000)
  region size 1024K, 51 young (52224K), 27 survivors (27648K)
 Metaspace       used 313635K, committed 315456K, reserved 1376256K
  class space    used 40153K, committed 41024K, reserved 1048576K
}
Event: 1304.611 GC heap after
{Heap after GC invocations=540 (full 3):
 garbage-first heap   total 1048576K, used 710615K [0x00000000c0000000, 0x0000000100000000)
  region size 1024K, 5 young (5120K), 5 survivors (5120K)
 Metaspace       used 313635K, committed 315456K, reserved 1376256K
  class space    used 40153K, committed 41024K, reserved 1048576K
}
Event: 1321.942 GC heap before
{Heap before GC invocations=540 (full 3):
 garbage-first heap   total 1048576K, used 902103K [0x00000000c0000000, 0x0000000100000000)
  region size 1024K, 192 young (196608K), 5 survivors (5120K)
 Metaspace       used 313796K, committed 315584K, reserved 1376256K
  class space    used 40161K, committed 41024K, reserved 1048576K
}
Event: 1322.053 GC heap after
{Heap after GC invocations=541 (full 3):
 garbage-first heap   total 1048576K, used 730583K [0x00000000c0000000, 0x0000000100000000)
  region size 1024K, 24 young (24576K), 24 survivors (24576K)
 Metaspace       used 313796K, committed 315584K, reserved 1376256K
  class space    used 40161K, committed 41024K, reserved 1048576K
}
Event: 1326.935 GC heap before
{Heap before GC invocations=541 (full 3):
 garbage-first heap   total 1048576K, used 758231K [0x00000000c0000000, 0x0000000100000000)
  region size 1024K, 51 young (52224K), 24 survivors (24576K)
 Metaspace       used 313840K, committed 315648K, reserved 1376256K
  class space    used 40165K, committed 41024K, reserved 1048576K
}
Event: 1327.215 GC heap after
{Heap after GC invocations=542 (full 3):
 garbage-first heap   total 1048576K, used 736566K [0x00000000c0000000, 0x0000000100000000)
  region size 1024K, 5 young (5120K), 5 survivors (5120K)
 Metaspace       used 313840K, committed 315648K, reserved 1376256K
  class space    used 40165K, committed 41024K, reserved 1048576K
}
Event: 1347.366 GC heap before
{Heap before GC invocations=543 (full 3):
 garbage-first heap   total 1048576K, used 787767K [0x00000000c0000000, 0x0000000100000000)
  region size 1024K, 117 young (119808K), 5 survivors (5120K)
 Metaspace       used 313941K, committed 315712K, reserved 1376256K
  class space    used 40168K, committed 41024K, reserved 1048576K
}
Event: 1347.406 GC heap after
{Heap after GC invocations=544 (full 3):
 garbage-first heap   total 1048576K, used 683267K [0x00000000c0000000, 0x0000000100000000)
  region size 1024K, 15 young (15360K), 15 survivors (15360K)
 Metaspace       used 313941K, committed 315712K, reserved 1376256K
  class space    used 40168K, committed 41024K, reserved 1048576K
}
Event: 1366.291 GC heap before
{Heap before GC invocations=544 (full 3):
 garbage-first heap   total 1048576K, used 836867K [0x00000000c0000000, 0x0000000100000000)
  region size 1024K, 165 young (168960K), 15 survivors (15360K)
 Metaspace       used 314111K, committed 315968K, reserved 1376256K
  class space    used 40177K, committed 41088K, reserved 1048576K
}
Event: 1366.636 GC heap after
{Heap after GC invocations=545 (full 3):
 garbage-first heap   total 1048576K, used 668041K [0x00000000c0000000, 0x0000000100000000)
  region size 1024K, 13 young (13312K), 13 survivors (13312K)
 Metaspace       used 314111K, committed 315968K, reserved 1376256K
  class space    used 40177K, committed 41088K, reserved 1048576K
}
Event: 1369.374 GC heap before
{Heap before GC invocations=545 (full 3):
 garbage-first heap   total 1048576K, used 706953K [0x00000000c0000000, 0x0000000100000000)
  region size 1024K, 51 young (52224K), 13 survivors (13312K)
 Metaspace       used 314127K, committed 315968K, reserved 1376256K
  class space    used 40177K, committed 41088K, reserved 1048576K
}
Event: 1369.464 GC heap after
{Heap after GC invocations=546 (full 3):
 garbage-first heap   total 1048576K, used 647313K [0x00000000c0000000, 0x0000000100000000)
  region size 1024K, 5 young (5120K), 5 survivors (5120K)
 Metaspace       used 314127K, committed 315968K, reserved 1376256K
  class space    used 40177K, committed 41088K, reserved 1048576K
}
Event: 1372.722 GC heap before
{Heap before GC invocations=546 (full 3):
 garbage-first heap   total 1048576K, used 710801K [0x00000000c0000000, 0x0000000100000000)
  region size 1024K, 67 young (68608K), 5 survivors (5120K)
 Metaspace       used 314252K, committed 316096K, reserved 1376256K
  class space    used 40213K, committed 41088K, reserved 1048576K
}
Event: 1372.819 GC heap after
{Heap after GC invocations=547 (full 3):
 garbage-first heap   total 1048576K, used 630103K [0x00000000c0000000, 0x0000000100000000)
  region size 1024K, 9 young (9216K), 9 survivors (9216K)
 Metaspace       used 314252K, committed 316096K, reserved 1376256K
  class space    used 40213K, committed 41088K, reserved 1048576K
}
Event: 1375.832 GC heap before
{Heap before GC invocations=547 (full 3):
 garbage-first heap   total 1048576K, used 680279K [0x00000000c0000000, 0x0000000100000000)
  region size 1024K, 58 young (59392K), 9 survivors (9216K)
 Metaspace       used 314276K, committed 316096K, reserved 1376256K
  class space    used 40213K, committed 41088K, reserved 1048576K
}
Event: 1375.932 GC heap after
{Heap after GC invocations=548 (full 3):
 garbage-first heap   total 1048576K, used 613408K [0x00000000c0000000, 0x0000000100000000)
  region size 1024K, 5 young (5120K), 5 survivors (5120K)
 Metaspace       used 314276K, committed 316096K, reserved 1376256K
  class space    used 40213K, committed 41088K, reserved 1048576K
}
Event: 1383.105 GC heap before
{Heap before GC invocations=548 (full 3):
 garbage-first heap   total 1048576K, used 695328K [0x00000000c0000000, 0x0000000100000000)
  region size 1024K, 85 young (87040K), 5 survivors (5120K)
 Metaspace       used 314405K, committed 316224K, reserved 1376256K
  class space    used 40213K, committed 41088K, reserved 1048576K
}
Event: 1383.541 GC heap after
{Heap after GC invocations=549 (full 3):
 garbage-first heap   total 1048576K, used 601406K [0x00000000c0000000, 0x0000000100000000)
  region size 1024K, 10 young (10240K), 10 survivors (10240K)
 Metaspace       used 314405K, committed 316224K, reserved 1376256K
  class space    used 40213K, committed 41088K, reserved 1048576K
}
Event: 1388.436 GC heap before
{Heap before GC invocations=549 (full 3):
 garbage-first heap   total 1048576K, used 643390K [0x00000000c0000000, 0x0000000100000000)
  region size 1024K, 51 young (52224K), 10 survivors (10240K)
 Metaspace       used 314418K, committed 316224K, reserved 1376256K
  class space    used 40213K, committed 41088K, reserved 1048576K
}
Event: 1388.543 GC heap after
{Heap after GC invocations=550 (full 3):
 garbage-first heap   total 1048576K, used 588948K [0x00000000c0000000, 0x0000000100000000)
  region size 1024K, 4 young (4096K), 4 survivors (4096K)
 Metaspace       used 314418K, committed 316224K, reserved 1376256K
  class space    used 40213K, committed 41088K, reserved 1048576K
}

Dll operation events (3 events):
Event: 0.213 Loaded shared library C:\Program Files\Android\Android Studio\jbr\bin\java.dll
Event: 0.423 Loaded shared library C:\Program Files\Android\Android Studio\jbr\bin\zip.dll
Event: 5.534 Loaded shared library C:\Program Files\Android\Android Studio\jbr\bin\verify.dll

Deoptimization events (20 events):
Event: 1389.487 Thread 0x000001e47e56d390 Uncommon trap: trap_request=0xffffff66 fr.pc=0x000001e468c88674 relative=0x0000000000000b94
Event: 1389.487 Thread 0x000001e47e56d390 Uncommon trap: reason=speculate_class_check action=maybe_recompile pc=0x000001e468c88674 method=org.jetbrains.kotlin.fir.scopes.FirScopeKt.getSingleClassifier(Lorg/jetbrains/kotlin/fir/scopes/FirScope;Lorg/jetbrains/kotlin/name/Name;)Lorg/jetbrains/kotlin
Event: 1389.487 Thread 0x000001e47e56d390 DEOPT PACKING pc=0x000001e468c88674 sp=0x00000090b0efa1a0
Event: 1389.487 Thread 0x000001e47e56d390 DEOPT UNPACKING pc=0x000001e466eb43a2 sp=0x00000090b0efa088 mode 2
Event: 1389.515 Thread 0x000001e47e56d390 Uncommon trap: trap_request=0xffffffbe fr.pc=0x000001e467ce35b4 relative=0x0000000000003bd4
Event: 1389.515 Thread 0x000001e47e56d390 Uncommon trap: reason=profile_predicate action=maybe_recompile pc=0x000001e467ce35b4 method=org.jetbrains.kotlin.fir.java.enhancement.FirSignatureEnhancement.enhance(Lorg/jetbrains/kotlin/fir/declarations/FirCallableDeclaration;Ljava/util/List;Lorg/jetbra
Event: 1389.515 Thread 0x000001e47e56d390 DEOPT PACKING pc=0x000001e467ce35b4 sp=0x00000090b0ef67d0
Event: 1389.515 Thread 0x000001e47e56d390 DEOPT UNPACKING pc=0x000001e466eb43a2 sp=0x00000090b0ef6740 mode 2
Event: 1389.522 Thread 0x000001e47e56d390 Uncommon trap: trap_request=0xffffffbe fr.pc=0x000001e467ce35b4 relative=0x0000000000003bd4
Event: 1389.522 Thread 0x000001e47e56d390 Uncommon trap: reason=profile_predicate action=maybe_recompile pc=0x000001e467ce35b4 method=org.jetbrains.kotlin.fir.java.enhancement.FirSignatureEnhancement.enhance(Lorg/jetbrains/kotlin/fir/declarations/FirCallableDeclaration;Ljava/util/List;Lorg/jetbra
Event: 1389.522 Thread 0x000001e47e56d390 DEOPT PACKING pc=0x000001e467ce35b4 sp=0x00000090b0ef68c0
Event: 1389.522 Thread 0x000001e47e56d390 DEOPT UNPACKING pc=0x000001e466eb43a2 sp=0x00000090b0ef6830 mode 2
Event: 1389.523 Thread 0x000001e47e56d390 Uncommon trap: trap_request=0xffffffbe fr.pc=0x000001e467ce35b4 relative=0x0000000000003bd4
Event: 1389.523 Thread 0x000001e47e56d390 Uncommon trap: reason=profile_predicate action=maybe_recompile pc=0x000001e467ce35b4 method=org.jetbrains.kotlin.fir.java.enhancement.FirSignatureEnhancement.enhance(Lorg/jetbrains/kotlin/fir/declarations/FirCallableDeclaration;Ljava/util/List;Lorg/jetbra
Event: 1389.523 Thread 0x000001e47e56d390 DEOPT PACKING pc=0x000001e467ce35b4 sp=0x00000090b0ef6f10
Event: 1389.523 Thread 0x000001e47e56d390 DEOPT UNPACKING pc=0x000001e466eb43a2 sp=0x00000090b0ef6e80 mode 2
Event: 1389.938 Thread 0x000001e47e56d390 Uncommon trap: trap_request=0xffffffde fr.pc=0x000001e4679c5374 relative=0x0000000000000194
Event: 1389.938 Thread 0x000001e47e56d390 Uncommon trap: reason=class_check action=maybe_recompile pc=0x000001e4679c5374 method=org.jetbrains.kotlin.fir.resolve.calls.ResolutionDiagnosticKt.getAllSuccessful(Ljava/util/Collection;)Z @ 7 c2
Event: 1389.938 Thread 0x000001e47e56d390 DEOPT PACKING pc=0x000001e4679c5374 sp=0x00000090b0ef0c70
Event: 1389.938 Thread 0x000001e47e56d390 DEOPT UNPACKING pc=0x000001e466eb43a2 sp=0x00000090b0ef0be0 mode 2

Classes loaded (20 events):
Event: 1049.211 Loading class java/util/concurrent/ConcurrentHashMap$TableStack
Event: 1049.225 Loading class java/util/concurrent/ConcurrentHashMap$TableStack done
Event: 1052.989 Loading class java/util/IdentityHashMap$KeySpliterator
Event: 1052.997 Loading class java/util/IdentityHashMap$KeySpliterator done
Event: 1214.199 Loading class java/nio/ShortBuffer
Event: 1214.239 Loading class java/nio/ShortBuffer done
Event: 1215.748 Loading class java/nio/ByteBufferAsShortBufferL
Event: 1215.787 Loading class java/nio/ByteBufferAsShortBufferL done
Event: 1216.670 Loading class java/util/zip/Adler32
Event: 1216.673 Loading class java/util/zip/Adler32 done
Event: 1216.951 Loading class java/util/zip/Deflater
Event: 1216.953 Loading class java/util/zip/Deflater done
Event: 1216.956 Loading class java/util/zip/Deflater$DeflaterZStreamRef
Event: 1216.956 Loading class java/util/zip/Deflater$DeflaterZStreamRef done
Event: 1216.958 Loading class java/util/zip/ZipOutputStream$XEntry
Event: 1216.959 Loading class java/util/zip/ZipOutputStream$XEntry done
Event: 1218.670 Loading class java/nio/HeapByteBufferR
Event: 1218.672 Loading class java/nio/HeapByteBufferR done
Event: 1250.083 Loading class java/util/function/LongBinaryOperator
Event: 1250.087 Loading class java/util/function/LongBinaryOperator done

Classes unloaded (20 events):
Event: 1191.828 Thread 0x000001e472aa53f0 Unloading class 0x0000000102604400 'java/lang/invoke/LambdaForm$MH+0x0000000102604400'
Event: 1191.828 Thread 0x000001e472aa53f0 Unloading class 0x0000000102604000 'java/lang/invoke/LambdaForm$MH+0x0000000102604000'
Event: 1191.828 Thread 0x000001e472aa53f0 Unloading class 0x00000001024d8c00 'java/lang/invoke/LambdaForm$MH+0x00000001024d8c00'
Event: 1191.828 Thread 0x000001e472aa53f0 Unloading class 0x00000001024d8400 'java/lang/invoke/LambdaForm$MH+0x00000001024d8400'
Event: 1191.828 Thread 0x000001e472aa53f0 Unloading class 0x00000001024d8000 'java/lang/invoke/LambdaForm$MH+0x00000001024d8000'
Event: 1191.828 Thread 0x000001e472aa53f0 Unloading class 0x000000010187a000 'java/lang/invoke/LambdaForm$MH+0x000000010187a000'
Event: 1191.828 Thread 0x000001e472aa53f0 Unloading class 0x00000001007ebc00 'java/lang/invoke/LambdaForm$MH+0x00000001007ebc00'
Event: 1191.828 Thread 0x000001e472aa53f0 Unloading class 0x00000001007ea400 'java/lang/invoke/LambdaForm$MH+0x00000001007ea400'
Event: 1191.828 Thread 0x000001e472aa53f0 Unloading class 0x000000010193c000 'java/lang/invoke/LambdaForm$MH+0x000000010193c000'
Event: 1191.828 Thread 0x000001e472aa53f0 Unloading class 0x0000000101ae4000 'java/lang/invoke/LambdaForm$MH+0x0000000101ae4000'
Event: 1207.825 Thread 0x000001e472aa53f0 Unloading class 0x0000000102795400 'java/lang/invoke/LambdaForm$MH+0x0000000102795400'
Event: 1207.825 Thread 0x000001e472aa53f0 Unloading class 0x000000010278e400 'java/lang/invoke/LambdaForm$MH+0x000000010278e400'
Event: 1207.825 Thread 0x000001e472aa53f0 Unloading class 0x000000010278e000 'java/lang/invoke/LambdaForm$MH+0x000000010278e000'
Event: 1207.825 Thread 0x000001e472aa53f0 Unloading class 0x000000010278dc00 'java/lang/invoke/LambdaForm$MH+0x000000010278dc00'
Event: 1207.825 Thread 0x000001e472aa53f0 Unloading class 0x000000010278d400 'java/lang/invoke/LambdaForm$MH+0x000000010278d400'
Event: 1207.825 Thread 0x000001e472aa53f0 Unloading class 0x000000010278d000 'java/lang/invoke/LambdaForm$MH+0x000000010278d000'
Event: 1207.825 Thread 0x000001e472aa53f0 Unloading class 0x0000000102778800 'java/lang/invoke/LambdaForm$MH+0x0000000102778800'
Event: 1207.825 Thread 0x000001e472aa53f0 Unloading class 0x0000000102778400 'java/lang/invoke/LambdaForm$MH+0x0000000102778400'
Event: 1207.825 Thread 0x000001e472aa53f0 Unloading class 0x0000000102778000 'java/lang/invoke/LambdaForm$MH+0x0000000102778000'
Event: 1207.825 Thread 0x000001e472aa53f0 Unloading class 0x000000010273d000 'java/lang/invoke/LambdaForm$MH+0x000000010273d000'

Classes redefined (0 events):
No events

Internal exceptions (20 events):
Event: 1357.786 Thread 0x000001e478073dd0 Exception <a 'sun/nio/fs/WindowsException'{0x00000000fad02380}> (0x00000000fad02380) 
thrown [s\src\hotspot\share\prims\jni.cpp, line 537]
Event: 1357.793 Thread 0x000001e478073dd0 Exception <a 'sun/nio/fs/WindowsException'{0x00000000fad0af28}> (0x00000000fad0af28) 
thrown [s\src\hotspot\share\prims\jni.cpp, line 537]
Event: 1367.465 Thread 0x000001e478073dd0 Exception <a 'sun/nio/fs/WindowsException'{0x00000000ff182f48}> (0x00000000ff182f48) 
thrown [s\src\hotspot\share\prims\jni.cpp, line 537]
Event: 1367.471 Thread 0x000001e478073dd0 Exception <a 'sun/nio/fs/WindowsException'{0x00000000ff00f020}> (0x00000000ff00f020) 
thrown [s\src\hotspot\share\prims\jni.cpp, line 537]
Event: 1367.473 Thread 0x000001e478073dd0 Exception <a 'sun/nio/fs/WindowsException'{0x00000000ff010e78}> (0x00000000ff010e78) 
thrown [s\src\hotspot\share\prims\jni.cpp, line 537]
Event: 1367.479 Thread 0x000001e478073dd0 Exception <a 'sun/nio/fs/WindowsException'{0x00000000ff0191f8}> (0x00000000ff0191f8) 
thrown [s\src\hotspot\share\prims\jni.cpp, line 537]
Event: 1371.578 Thread 0x000001e47e56d390 Implicit null exception at 0x000001e469bf547f to 0x000001e469bf79c0
Event: 1374.766 Thread 0x000001e47e56d390 Implicit null exception at 0x000001e468e1ec0c to 0x000001e468e22de4
Event: 1377.569 Thread 0x000001e478073dd0 Exception <a 'sun/nio/fs/WindowsException'{0x00000000fe6828d8}> (0x00000000fe6828d8) 
thrown [s\src\hotspot\share\prims\jni.cpp, line 537]
Event: 1377.585 Thread 0x000001e478073dd0 Exception <a 'sun/nio/fs/WindowsException'{0x00000000fe695790}> (0x00000000fe695790) 
thrown [s\src\hotspot\share\prims\jni.cpp, line 537]
Event: 1377.592 Thread 0x000001e478073dd0 Exception <a 'sun/nio/fs/WindowsException'{0x00000000fe697758}> (0x00000000fe697758) 
thrown [s\src\hotspot\share\prims\jni.cpp, line 537]
Event: 1377.604 Thread 0x000001e478073dd0 Exception <a 'sun/nio/fs/WindowsException'{0x00000000fe6a09d8}> (0x00000000fe6a09d8) 
thrown [s\src\hotspot\share\prims\jni.cpp, line 537]
Event: 1387.469 Thread 0x000001e478073dd0 Exception <a 'sun/nio/fs/WindowsException'{0x00000000fe1033f8}> (0x00000000fe1033f8) 
thrown [s\src\hotspot\share\prims\jni.cpp, line 537]
Event: 1387.486 Thread 0x000001e478073dd0 Exception <a 'sun/nio/fs/WindowsException'{0x00000000fe115938}> (0x00000000fe115938) 
thrown [s\src\hotspot\share\prims\jni.cpp, line 537]
Event: 1387.490 Thread 0x000001e478073dd0 Exception <a 'sun/nio/fs/WindowsException'{0x00000000fe117a10}> (0x00000000fe117a10) 
thrown [s\src\hotspot\share\prims\jni.cpp, line 537]
Event: 1387.494 Thread 0x000001e478073dd0 Exception <a 'sun/nio/fs/WindowsException'{0x00000000fe19d720}> (0x00000000fe19d720) 
thrown [s\src\hotspot\share\prims\jni.cpp, line 537]
Event: 1387.494 Thread 0x000001e478073dd0 Exception <a 'sun/nio/fs/WindowsException'{0x00000000fe19f7d8}> (0x00000000fe19f7d8) 
thrown [s\src\hotspot\share\prims\jni.cpp, line 537]
Event: 1387.495 Thread 0x000001e478073dd0 Exception <a 'sun/nio/fs/WindowsException'{0x00000000fe1a5138}> (0x00000000fe1a5138) 
thrown [s\src\hotspot\share\prims\jni.cpp, line 537]
Event: 1387.495 Thread 0x000001e478073dd0 Exception <a 'sun/nio/fs/WindowsException'{0x00000000fe1a71f0}> (0x00000000fe1a71f0) 
thrown [s\src\hotspot\share\prims\jni.cpp, line 537]
Event: 1387.500 Thread 0x000001e478073dd0 Exception <a 'sun/nio/fs/WindowsException'{0x00000000fe1afb40}> (0x00000000fe1afb40) 
thrown [s\src\hotspot\share\prims\jni.cpp, line 537]

ZGC Phase Switch (0 events):
No events

VM Operations (20 events):
Event: 1382.977 Executing VM operation: Cleanup
Event: 1383.008 Executing VM operation: Cleanup done
Event: 1383.104 Executing VM operation: G1CollectForAllocation (G1 Evacuation Pause)
Event: 1383.541 Executing VM operation: G1CollectForAllocation (G1 Evacuation Pause) done
Event: 1383.542 Executing VM operation: HandshakeAllThreads (HandshakeForDeflation)
Event: 1383.564 Executing VM operation: HandshakeAllThreads (HandshakeForDeflation) done
Event: 1383.564 Executing VM operation: RendezvousGCThreads
Event: 1383.565 Executing VM operation: RendezvousGCThreads done
Event: 1384.567 Executing VM operation: Cleanup
Event: 1384.569 Executing VM operation: Cleanup done
Event: 1385.569 Executing VM operation: Cleanup
Event: 1385.623 Executing VM operation: Cleanup done
Event: 1386.624 Executing VM operation: Cleanup
Event: 1386.667 Executing VM operation: Cleanup done
Event: 1387.668 Executing VM operation: Cleanup
Event: 1387.690 Executing VM operation: Cleanup done
Event: 1388.436 Executing VM operation: G1CollectForAllocation (G1 Evacuation Pause)
Event: 1388.543 Executing VM operation: G1CollectForAllocation (G1 Evacuation Pause) done
Event: 1389.376 Executing VM operation: HandshakeAllThreads (Deoptimize)
Event: 1389.377 Executing VM operation: HandshakeAllThreads (Deoptimize) done

Memory protections (0 events):
No events

Nmethod flushes (20 events):
Event: 1336.190 Thread 0x000001e472aa53f0 flushing  nmethod 0x000001e463dcaf10
Event: 1336.190 Thread 0x000001e472aa53f0 flushing  nmethod 0x000001e463dcb810
Event: 1336.190 Thread 0x000001e472aa53f0 flushing  nmethod 0x000001e463dcbb90
Event: 1336.190 Thread 0x000001e472aa53f0 flushing  nmethod 0x000001e463dcc110
Event: 1336.190 Thread 0x000001e472aa53f0 flushing  nmethod 0x000001e463e38390
Event: 1336.190 Thread 0x000001e472aa53f0 flushing  nmethod 0x000001e463e38a10
Event: 1336.190 Thread 0x000001e472aa53f0 flushing  nmethod 0x000001e463e66190
Event: 1336.190 Thread 0x000001e472aa53f0 flushing  nmethod 0x000001e463e66510
Event: 1336.190 Thread 0x000001e472aa53f0 flushing  nmethod 0x000001e463ee5f10
Event: 1336.190 Thread 0x000001e472aa53f0 flushing osr nmethod 0x000001e463ef4810
Event: 1336.190 Thread 0x000001e472aa53f0 flushing osr nmethod 0x000001e463f12d90
Event: 1336.190 Thread 0x000001e472aa53f0 flushing osr nmethod 0x000001e463f26410
Event: 1336.191 Thread 0x000001e472aa53f0 flushing osr nmethod 0x000001e463f5b690
Event: 1336.191 Thread 0x000001e472aa53f0 flushing  nmethod 0x000001e464290f10
Event: 1336.191 Thread 0x000001e472aa53f0 flushing  nmethod 0x000001e464312790
Event: 1336.191 Thread 0x000001e472aa53f0 flushing  nmethod 0x000001e464312c10
Event: 1336.191 Thread 0x000001e472aa53f0 flushing  nmethod 0x000001e464316d90
Event: 1336.192 Thread 0x000001e472aa53f0 flushing  nmethod 0x000001e46437ff90
Event: 1336.192 Thread 0x000001e472aa53f0 flushing  nmethod 0x000001e464382e10
Event: 1336.193 Thread 0x000001e472aa53f0 flushing  nmethod 0x000001e464387190

Events (20 events):
Event: 1218.459 Thread 0x000001e47dd49fc0 Thread added: 0x000001e416526680
Event: 1226.046 Thread 0x000001e4782bc580 Thread added: 0x000001e416d7cd40
Event: 1230.020 Thread 0x000001e40b4a2cf0 Thread exited: 0x000001e40b4a2cf0
Event: 1235.166 Thread 0x000001e40e8c5b10 Thread exited: 0x000001e40e8c5b10
Event: 1266.763 Thread 0x000001e477043b10 Thread added: 0x000001e40ef26580
Event: 1271.004 Thread 0x000001e40ef26580 Thread exited: 0x000001e40ef26580
Event: 1276.969 Thread 0x000001e47f638450 Thread exited: 0x000001e47f638450
Event: 1284.480 Thread 0x000001e47f633c20 Thread exited: 0x000001e47f633c20
Event: 1291.989 Thread 0x000001e47f6370a0 Thread exited: 0x000001e47f6370a0
Event: 1299.571 Thread 0x000001e47f639800 Thread exited: 0x000001e47f639800
Event: 1307.074 Thread 0x000001e47f63abb0 Thread exited: 0x000001e47f63abb0
Event: 1314.577 Thread 0x000001e47f63b240 Thread exited: 0x000001e47f63b240
Event: 1322.086 Thread 0x000001e47f63a520 Thread exited: 0x000001e47f63a520
Event: 1329.812 Thread 0x000001e47f639170 Thread exited: 0x000001e47f639170
Event: 1340.907 Thread 0x000001e416d7cd40 Thread exited: 0x000001e416d7cd40
Event: 1340.962 Thread 0x000001e477043b10 Thread added: 0x000001e40c2f9ed0
Event: 1341.314 Thread 0x000001e40c2f9ed0 Thread exited: 0x000001e40c2f9ed0
Event: 1342.041 Thread 0x000001e477043b10 Thread added: 0x000001e40c2f9ed0
Event: 1343.466 Thread 0x000001e40c2f9ed0 Thread exited: 0x000001e40c2f9ed0
Event: 1353.375 Thread 0x000001e47f6314c0 Thread added: 0x000001e41651fd80


Dynamic libraries:
0x00007ff691fa0000 - 0x00007ff691faa000 	C:\Program Files\Android\Android Studio\jbr\bin\java.exe
0x00007ffba7f40000 - 0x00007ffba81a7000 	C:\WINDOWS\SYSTEM32\ntdll.dll
0x00007ffba6070000 - 0x00007ffba613b000 	C:\WINDOWS\System32\KERNEL32.DLL
0x00007ffba5490000 - 0x00007ffba5892000 	C:\WINDOWS\System32\KERNELBASE.dll
0x00007ffba5140000 - 0x00007ffba528c000 	C:\WINDOWS\System32\ucrtbase.dll
0x00007ffb71ff0000 - 0x00007ffb72008000 	C:\Program Files\Android\Android Studio\jbr\bin\jli.dll
0x00007ffba5e00000 - 0x00007ffba5fcf000 	C:\WINDOWS\System32\USER32.dll
0x00007ffba59e0000 - 0x00007ffba5a07000 	C:\WINDOWS\System32\win32u.dll
0x00007ffba5d80000 - 0x00007ffba5dab000 	C:\WINDOWS\System32\GDI32.dll
0x00007ffba52a0000 - 0x00007ffba53c9000 	C:\WINDOWS\System32\gdi32full.dll
0x00007ffba5930000 - 0x00007ffba59d3000 	C:\WINDOWS\System32\msvcp_win.dll
0x00007ffb8ec40000 - 0x00007ffb8eed0000 	C:\WINDOWS\WinSxS\amd64_microsoft.windows.common-controls_6595b64144ccf1df_6.0.26100.9278_none_3e0d1ba8e3303201\COMCTL32.dll
0x00007ffba6840000 - 0x00007ffba68e9000 	C:\WINDOWS\System32\msvcrt.dll
0x00007ffb6e420000 - 0x00007ffb6e43b000 	C:\Program Files\Android\Android Studio\jbr\bin\VCRUNTIME140.dll
0x00007ffba5dc0000 - 0x00007ffba5df1000 	C:\WINDOWS\System32\IMM32.DLL
0x00007ffba0d80000 - 0x00007ffba0d8c000 	C:\Program Files\Android\Android Studio\jbr\bin\vcruntime140_1.dll
0x00007ffb4ab80000 - 0x00007ffb4ac0d000 	C:\Program Files\Android\Android Studio\jbr\bin\msvcp140.dll
0x00007ffb06370000 - 0x00007ffb07006000 	C:\Program Files\Android\Android Studio\jbr\bin\server\jvm.dll
0x00007ffba66f0000 - 0x00007ffba67ac000 	C:\WINDOWS\System32\ADVAPI32.dll
0x00007ffba7e30000 - 0x00007ffba7ed9000 	C:\WINDOWS\System32\sechost.dll
0x00007ffba5c60000 - 0x00007ffba5d78000 	C:\WINDOWS\System32\RPCRT4.dll
0x00007ffba7090000 - 0x00007ffba7110000 	C:\WINDOWS\System32\WS2_32.dll
0x00007ffba4f90000 - 0x00007ffba4fee000 	C:\WINDOWS\SYSTEM32\POWRPROF.dll
0x00007ffb983b0000 - 0x00007ffb983e6000 	C:\WINDOWS\SYSTEM32\WINMM.dll
0x00007ffb93ff0000 - 0x00007ffb93ffb000 	C:\WINDOWS\SYSTEM32\VERSION.dll
0x00007ffba4f70000 - 0x00007ffba4f85000 	C:\WINDOWS\SYSTEM32\UMPDC.dll
0x00007ffba3dd0000 - 0x00007ffba3deb000 	C:\WINDOWS\SYSTEM32\kernel.appcore.dll
0x00007ffb9c430000 - 0x00007ffb9c43a000 	C:\Program Files\Android\Android Studio\jbr\bin\jimage.dll
0x00007ffba2480000 - 0x00007ffba26cc000 	C:\WINDOWS\SYSTEM32\DBGHELP.DLL
0x00007ffba7950000 - 0x00007ffba7cd5000 	C:\WINDOWS\System32\combase.dll
0x00007ffba62c0000 - 0x00007ffba6399000 	C:\WINDOWS\System32\OLEAUT32.dll
0x00007ffb8c4f0000 - 0x00007ffb8c52b000 	C:\WINDOWS\SYSTEM32\dbgcore.DLL
0x00007ffba5a10000 - 0x00007ffba5abc000 	C:\WINDOWS\System32\bcryptPrimitives.dll
0x00007ffb98380000 - 0x00007ffb9838e000 	C:\Program Files\Android\Android Studio\jbr\bin\instrument.dll
0x00007ffb4d860000 - 0x00007ffb4d880000 	C:\Program Files\Android\Android Studio\jbr\bin\java.dll
0x00007ffb4d630000 - 0x00007ffb4d648000 	C:\Program Files\Android\Android Studio\jbr\bin\zip.dll
0x00007ffba68f0000 - 0x00007ffba7088000 	C:\WINDOWS\System32\SHELL32.dll
0x00007ffba2b60000 - 0x00007ffba340e000 	C:\WINDOWS\SYSTEM32\windows.storage.dll
0x00007ffba7d30000 - 0x00007ffba7e2b000 	C:\WINDOWS\System32\SHCORE.dll
0x00007ffba67d0000 - 0x00007ffba6836000 	C:\WINDOWS\System32\shlwapi.dll
0x00007ffba5060000 - 0x00007ffba5089000 	C:\WINDOWS\SYSTEM32\profapi.dll
0x00007ffb9c400000 - 0x00007ffb9c410000 	C:\Program Files\Android\Android Studio\jbr\bin\net.dll
0x00007ffb9d7d0000 - 0x00007ffb9d8fa000 	C:\WINDOWS\SYSTEM32\WINHTTP.dll
0x00007ffba4370000 - 0x00007ffba43dc000 	C:\WINDOWS\system32\mswsock.dll
0x00007ffb4cbb0000 - 0x00007ffb4cbc6000 	C:\Program Files\Android\Android Studio\jbr\bin\nio.dll
0x00007ffb4a730000 - 0x00007ffb4a740000 	C:\Program Files\Android\Android Studio\jbr\bin\verify.dll
0x00007ffb4bb90000 - 0x00007ffb4bbb7000 	C:\Users\LENOVO\.gradle\native\1def1411415f61bf3af743bc5b6707747c0891f09f0c88961ee8f79bc544acac\windows-amd64\native-platform.dll
0x00007ffb4a110000 - 0x00007ffb4a188000 	C:\Users\LENOVO\.gradle\native\0.2.7\x86_64-windows-gnu\gradle-fileevents.dll
0x00007ffb4dd30000 - 0x00007ffb4dd39000 	C:\Program Files\Android\Android Studio\jbr\bin\management.dll
0x00007ffb4d850000 - 0x00007ffb4d85b000 	C:\Program Files\Android\Android Studio\jbr\bin\management_ext.dll
0x00007ffba5db0000 - 0x00007ffba5db8000 	C:\WINDOWS\System32\PSAPI.DLL
0x00007ffba3780000 - 0x00007ffba37b3000 	C:\WINDOWS\SYSTEM32\IPHLPAPI.DLL
0x00007ffba7120000 - 0x00007ffba712a000 	C:\WINDOWS\System32\NSI.dll
0x00007ffb64510000 - 0x00007ffb64519000 	C:\Program Files\Android\Android Studio\jbr\bin\extnet.dll
0x00007ffba4790000 - 0x00007ffba47ab000 	C:\WINDOWS\SYSTEM32\CRYPTSP.dll
0x00007ffba3d30000 - 0x00007ffba3d69000 	C:\WINDOWS\system32\rsaenh.dll
0x00007ffba4420000 - 0x00007ffba4454000 	C:\WINDOWS\SYSTEM32\USERENV.dll
0x00007ffba5030000 - 0x00007ffba505a000 	C:\WINDOWS\SYSTEM32\bcrypt.dll
0x00007ffba45d0000 - 0x00007ffba45dc000 	C:\WINDOWS\SYSTEM32\CRYPTBASE.dll
0x00007ffb7b120000 - 0x00007ffb7b128000 	C:\WINDOWS\system32\wshunix.dll
0x00007ffba3f00000 - 0x00007ffba3f36000 	C:\WINDOWS\SYSTEM32\ntmarta.dll
0x00007ffb814d0000 - 0x00007ffb814e8000 	C:\WINDOWS\system32\napinsp.dll
0x00007ffba3810000 - 0x00007ffba3968000 	C:\WINDOWS\SYSTEM32\DNSAPI.dll
0x00007ffba4190000 - 0x00007ffba419d000 	C:\WINDOWS\SYSTEM32\DSPARSE.dll
0x00007ffb814b0000 - 0x00007ffb814c3000 	C:\WINDOWS\System32\winrnr.dll
0x00007ffb81480000 - 0x00007ffb814a7000 	C:\WINDOWS\system32\nlansp_c.dll
0x00007ffb98390000 - 0x00007ffb983a6000 	C:\WINDOWS\system32\wshbth.dll
0x00007ffb9e120000 - 0x00007ffb9e12b000 	C:\Windows\System32\rasadhlp.dll
0x00007ffb9e8c0000 - 0x00007ffb9e946000 	C:\WINDOWS\System32\fwpuclnt.dll
0x00007ffb87660000 - 0x00007ffb87667000 	C:\Program Files\Android\Android Studio\jbr\bin\rmi.dll
0x00007ffb45500000 - 0x00007ffb45698000 	C:\Program Files\Android\Android Studio\jbr\bin\awt.dll
0x00007ffba12b0000 - 0x00007ffba12df000 	C:\WINDOWS\SYSTEM32\dwmapi.dll
0x00007ffb7fa90000 - 0x00007ffb7fb05000 	C:\WINDOWS\SYSTEM32\OLEACC.dll
0x00007ffb4a5a0000 - 0x00007ffb4a5e4000 	C:\Program Files\Android\Android Studio\jbr\bin\nvdaControllerClient64.dll
0x00007ffba0f40000 - 0x00007ffba0fdf000 	C:\WINDOWS\SYSTEM32\apphelp.dll
0x00007ffba1180000 - 0x00007ffba1228000 	C:\WINDOWS\system32\uxtheme.dll
0x00007ffba77f0000 - 0x00007ffba794b000 	C:\WINDOWS\System32\MSCTF.dll
0x00007ffba6550000 - 0x00007ffba66ea000 	C:\WINDOWS\System32\ole32.dll

JVMTI agents:
C:\Users\LENOVO\.gradle\wrapper\dists\gradle-8.14-bin\38aieal9i53h9rfe7vjup95b9\gradle-8.14\lib\agents\gradle-instrumentation-agent-8.14.jar path:C:\Program Files\Android\Android Studio\jbr\bin\instrument.dll, loaded, initialized, instrumentlib options:none

dbghelp: loaded successfully - version: 4.0.5 - missing functions: none
symbol engine: initialized successfully - sym options: 0x614 - pdb path: .;C:\Program Files\Android\Android Studio\jbr\bin;C:\WINDOWS\SYSTEM32;C:\WINDOWS\WinSxS\amd64_microsoft.windows.common-controls_6595b64144ccf1df_6.0.26100.9278_none_3e0d1ba8e3303201;C:\Program Files\Android\Android Studio\jbr\bin\server;C:\Users\LENOVO\.gradle\native\1def1411415f61bf3af743bc5b6707747c0891f09f0c88961ee8f79bc544acac\windows-amd64;C:\Users\LENOVO\.gradle\native\0.2.7\x86_64-windows-gnu

VM Arguments:
jvm_args: --add-opens=java.base/java.lang=ALL-UNNAMED --add-opens=java.base/java.lang.invoke=ALL-UNNAMED --add-opens=java.base/java.util=ALL-UNNAMED --add-opens=java.prefs/java.util.prefs=ALL-UNNAMED --add-exports=jdk.compiler/com.sun.tools.javac.api=ALL-UNNAMED --add-exports=jdk.compiler/com.sun.tools.javac.util=ALL-UNNAMED --add-opens=java.base/java.util=ALL-UNNAMED --add-opens=java.prefs/java.util.prefs=ALL-UNNAMED --add-opens=java.base/java.nio.charset=ALL-UNNAMED --add-opens=java.base/java.net=ALL-UNNAMED --add-opens=java.base/java.util.concurrent.atomic=ALL-UNNAMED --add-opens=java.xml/javax.xml.namespace=ALL-UNNAMED -Xmx1024m -Dfile.encoding=UTF-8 -Duser.country=US -Duser.language=en -Duser.variant -javaagent:C:\Users\LENOVO\.gradle\wrapper\dists\gradle-8.14-bin\38aieal9i53h9rfe7vjup95b9\gradle-8.14\lib\agents\gradle-instrumentation-agent-8.14.jar 
java_command: org.gradle.launcher.daemon.bootstrap.GradleDaemon 8.14
java_class_path (initial): C:\Users\LENOVO\.gradle\wrapper\dists\gradle-8.14-bin\38aieal9i53h9rfe7vjup95b9\gradle-8.14\lib\gradle-daemon-main-8.14.jar
Launcher Type: SUN_STANDARD

[Global flags]
     intx CICompilerCount                          = 4                                         {product} {ergonomic}
     uint ConcGCThreads                            = 2                                         {product} {ergonomic}
     uint G1ConcRefinementThreads                  = 8                                         {product} {ergonomic}
   size_t G1HeapRegionSize                         = 1048576                                   {product} {ergonomic}
    uintx GCDrainStackTargetSize                   = 64                                        {product} {ergonomic}
   size_t InitialHeapSize                          = 98566144                                  {product} {ergonomic}
   size_t MarkStackSize                            = 4194304                                   {product} {ergonomic}
   size_t MaxHeapSize                              = 1073741824                                {product} {command line}
   size_t MaxNewSize                               = 643825664                                 {product} {ergonomic}
   size_t MinHeapDeltaBytes                        = 1048576                                   {product} {ergonomic}
   size_t MinHeapSize                              = 8388608                                   {product} {ergonomic}
    uintx NonNMethodCodeHeapSize                   = 5839372                                {pd product} {ergonomic}
    uintx NonProfiledCodeHeapSize                  = 122909434                              {pd product} {ergonomic}
    uintx ProfiledCodeHeapSize                     = 122909434                              {pd product} {ergonomic}
    uintx ReservedCodeCacheSize                    = 251658240                              {pd product} {ergonomic}
     bool SegmentedCodeCache                       = true                                      {product} {ergonomic}
   size_t SoftMaxHeapSize                          = 1073741824                             {manageable} {ergonomic}
     bool UseCompressedOops                        = true                           {product lp64_product} {ergonomic}
     bool UseG1GC                                  = true                                      {product} {ergonomic}
     bool UseLargePagesIndividualAllocation        = false                                  {pd product} {ergonomic}

Logging:
Log output configuration:
 #0: stdout all=warning uptime,level,tags foldmultilines=false
 #1: stderr all=off uptime,level,tags foldmultilines=false

Release file:
JAVA_VERSION="21.0.9" 
MODULES="java.base java.compiler java.datatransfer java.xml java.prefs java.desktop java.instrument java.logging java.management java.security.sasl java.naming java.rmi java.management.rmi java.net.http java.scripting java.security.jgss java.transaction.xa java.sql java.sql.rowset java.xml.crypto java.se java.smartcardio jdk.accessibility jdk.internal.jvmstat jdk.attach jdk.charsets jdk.internal.opt jdk.zipfs jdk.compiler jdk.crypto.ec jdk.crypto.cryptoki jdk.dynalink jdk.hotspot.agent jdk.httpserver jdk.internal.ed jdk.internal.le jdk.internal.vm.ci jdk.jartool jdk.javadoc jdk.jcmd jdk.jdeps jdk.jdwp.agent jdk.jdi jdk.jfr jdk.jlink jdk.jsobject jdk.localedata jdk.management jdk.management.agent jdk.management.jfr jdk.naming.dns jdk.naming.rmi jdk.net jdk.sctp jdk.security.auth jdk.security.jgss jdk.unsupported jdk.unsupported.desktop jdk.xml.dom" 
IMPLEMENTOR="JetBrains s.r.o." 
JAVA_RUNTIME_VERSION="21.0.9+-14787801-b1163.94" 
LIBC="default" 
OS_ARCH="x86_64" 
OS_NAME="Windows" 
SOURCE=".:git:0c757ddc9f2f" 

Environment Variables:
JAVA_HOME=C:\Program Files\Android\Android Studio\jbr
PATH=C:\WINDOWS\system32;C:\WINDOWS;C:\WINDOWS\System32\Wbem;C:\WINDOWS\System32\WindowsPowerShell\v1.0\;C:\WINDOWS\System32\OpenSSH\;C:\Program Files\Docker\Docker\resources\bin;C:\Program Files\nodejs\;C:\Program Files\Git\cmd;C:\Users\LENOVO\AppData\Local\Programs\Python\Python312\Scripts\;C:\Users\LENOVO\AppData\Local\Programs\Python\Python312\;C:\Users\LENOVO\AppData\Local\Programs\Python\Launcher\;C:\Users\LENOVO\AppData\Local\Programs\Python\Python314\Scripts\;C:\Users\LENOVO\AppData\Local\Programs\Python\Python314\;C:\Users\LENOVO\AppData\Local\Microsoft\WindowsApps;C:\Users\LENOVO\AppData\Local\Programs\Antigravity\bin;C:\Users\LENOVO\AppData\Roaming\npm;C:\ScrcpyLauncher by praveen;C:\Users\LENOVO\AppData\Local\PowerToys\DSCModules\;C:\Users\LENOVO\AppData\Local\Programs\Antigravity IDE\bin
USERNAME=LENOVO
OS=Windows_NT
PROCESSOR_IDENTIFIER=AMD64 Family 23 Model 160 Stepping 0, AuthenticAMD
TMP=C:\Users\LENOVO\AppData\Local\Temp
TEMP=C:\Users\LENOVO\AppData\Local\Temp




Periodic native trim disabled

JNI global refs:
JNI global refs: 40, weak refs: 3

JNI global refs memory usage: 835, weak refs: 897

Process memory usage:
Resident Set Size: 429292K (7% of 6108668K total physical memory with 33060K free physical memory)

OOME stack traces (most recent first):
Classloader memory used:
Loader java.net.URLClassLoader                                                         : 101M
Loader org.gradle.internal.classloader.VisitableURLClassLoader$InstrumentingVisitableURLClassLoader: 94750K
Loader org.gradle.internal.classloader.VisitableURLClassLoader                         : 50011K
Loader bootstrap                                                                       : 33887K
Loader org.gradle.initialization.MixInLegacyTypesClassLoader                           : 17481K
Loader jdk.internal.loader.ClassLoaders$AppClassLoader                                 : 10844K
Loader jdk.internal.reflect.DelegatingClassLoader                                      : 1401K
Loader com.intellij.util.lang.UrlClassLoader                                           : 820K
Loader jdk.internal.loader.ClassLoaders$PlatformClassLoader                            : 745K
Loader org.gradle.groovy.scripts.internal.DefaultScriptCompilationHandler$ScriptClassLoader: 197K
Loader org.gradle.internal.classloader.VisitableURLClassLoader                         : 182K
Loader sun.reflect.misc.MethodUtil                                                     : 2984B

Classes loaded by more than one classloader:
Class Program                                                                         : loaded 4 times (x 72B)
Class org.objectweb.asm.Context                                                       : loaded 3 times (x 72B)
Class com.google.common.collect.MapMakerInternalMap$1                                 : loaded 3 times (x 83B)
Class com.google.common.base.PairwiseEquivalence                                      : loaded 3 times (x 83B)
Class com.google.common.base.Equivalence$Identity                                     : loaded 3 times (x 82B)
Class com.google.common.collect.RegularImmutableMap$KeySet                            : loaded 3 times (x 152B)
Class com.google.common.collect.Iterators$MergingIterator                             : loaded 3 times (x 81B)
Class com.google.common.io.ByteSource                                                 : loaded 3 times (x 84B)
Class com.google.common.collect.ImmutableList$SubList                                 : loaded 3 times (x 209B)
Class com.google.common.collect.ImmutableSet$SetBuilderImpl                           : loaded 3 times (x 76B)
Class com.google.common.collect.ImmutableList                                         : loaded 3 times (x 206B)
Class org.objectweb.asm.ClassReader                                                   : loaded 3 times (x 94B)
Class com.google.common.collect.ImmutableSet$EmptySetBuilderImpl                      : loaded 3 times (x 76B)
Class com.google.common.io.ByteSource$SlicedByteSource                                : loaded 3 times (x 85B)
Class Build_gradle                                                                    : loaded 3 times (x 130B)
Class com.google.common.io.ByteStreams$1                                              : loaded 3 times (x 85B)
Class com.google.common.base.CharMatcher$InRange                                      : loaded 3 times (x 111B)
Class com.google.common.collect.ImmutableSet$Builder                                  : loaded 3 times (x 85B)
Class com.google.common.collect.SortedSetMultimap                                     : loaded 3 times (x 70B)
Class [Lcom.google.common.collect.MapMakerInternalMap$Segment;                        : loaded 3 times (x 69B)
Class com.google.common.collect.SetMultimap                                           : loaded 3 times (x 70B)
Class com.google.common.collect.Maps$BiMapConverter                                   : loaded 3 times (x 90B)
Class com.google.common.collect.ImmutableMapEntrySet$RegularEntrySet                  : loaded 3 times (x 152B)
Class com.google.common.collect.CollectCollectors                                     : loaded 3 times (x 71B)
Class com.google.common.collect.Multimaps                                             : loaded 3 times (x 71B)
Class com.google.common.collect.RangeSet                                              : loaded 3 times (x 70B)
Class androidx.navigation.lint.BaseTypeSafeDestinationMissingAnnotationDetectorKt     : loaded 3 times (x 71B)
Class com.google.common.base.CharMatcher$NamedFastMatcher                             : loaded 3 times (x 112B)
Class com.google.common.base.CharMatcher$1                                            : loaded 3 times (x 113B)
Class [Lcom.google.common.base.AbstractIterator$State;                                : loaded 3 times (x 69B)
Class com.google.common.base.CharMatcher$IsEither                                     : loaded 3 times (x 111B)
Class org.objectweb.asm.MethodVisitor                                                 : loaded 3 times (x 105B)
Class com.google.common.collect.RangeGwtSerializationDependencies                     : loaded 3 times (x 71B)
Class com.google.common.collect.AbstractMapBasedMultimap$WrappedCollection            : loaded 3 times (x 124B)
Class com.google.common.collect.MapMakerInternalMap$InternalEntryHelper               : loaded 3 times (x 70B)
Class com.google.common.collect.ImmutableList$1                                       : loaded 3 times (x 97B)
Class com.google.common.base.Joiner$2                                                 : loaded 3 times (x 79B)
Class com.google.common.collect.Maps$IteratorBasedAbstractMap                         : loaded 3 times (x 125B)
Class com.google.common.collect.Table                                                 : loaded 3 times (x 70B)
Class com.google.common.io.ByteSource$AsCharSource                                    : loaded 3 times (x 86B)
Class com.google.common.base.CharMatcher                                              : loaded 3 times (x 111B)
Class org.objectweb.asm.Label                                                         : loaded 3 times (x 73B)
Class com.google.common.base.Joiner$1                                                 : loaded 3 times (x 80B)
Class com.google.common.collect.PeekingIterator                                       : loaded 3 times (x 70B)
Class com.google.common.collect.ImmutableEnumSet                                      : loaded 3 times (x 146B)
Class com.google.common.base.Preconditions                                            : loaded 3 times (x 71B)
Class com.google.common.collect.Hashing                                               : loaded 3 times (x 71B)
Class com.google.common.base.Equivalence$Equals                                       : loaded 3 times (x 82B)
Class androidx.navigation.lint.BaseTypeSafeDestinationMissingAnnotationDetector       : loaded 3 times (x 173B)
Class com.google.common.io.ByteArrayDataOutput                                        : loaded 3 times (x 70B)
Class com.google.common.collect.RegularImmutableMap                                   : loaded 3 times (x 121B)
Class com.google.common.collect.ImmutableMap$MapViewOfValuesAsSingletonSets           : loaded 3 times (x 126B)
Class com.google.common.base.PatternCompiler                                          : loaded 3 times (x 70B)
Class com.google.common.hash.PrimitiveSink                                            : loaded 3 times (x 70B)
Class com.google.common.base.CharMatcher$Is                                           : loaded 3 times (x 111B)
Class com.google.common.base.CharMatcher$Negated                                      : loaded 3 times (x 113B)
Class com.google.common.collect.RegularImmutableBiMap                                 : loaded 3 times (x 149B)
Class com.google.common.collect.AbstractMapBasedMultimap$RandomAccessWrappedList      : loaded 3 times (x 205B)
Class com.google.common.collect.RegularImmutableMap$BucketOverflowException           : loaded 3 times (x 82B)
Class com.google.common.collect.UnmodifiableListIterator                              : loaded 3 times (x 95B)
Class org.objectweb.asm.ClassVisitor                                                  : loaded 3 times (x 88B)
Class org.objectweb.asm.MethodWriter                                                  : loaded 3 times (x 106B)
Class com.google.common.io.ByteStreams$LimitedInputStream                             : loaded 3 times (x 92B)
Class com.google.common.collect.ImmutableSet$RegularSetBuilderImpl                    : loaded 3 times (x 77B)
Class com.google.common.collect.ImmutableRangeSet$ComplementRanges                    : loaded 3 times (x 207B)
Class com.google.common.collect.ImmutableMapKeySet                                    : loaded 3 times (x 152B)
Class Build_gradle$1$1                                                                : loaded 3 times (x 79B)
Class com.google.common.io.Files                                                      : loaded 3 times (x 71B)
Class com.google.common.collect.SortedMapDifference                                   : loaded 3 times (x 70B)
Class [Lcom.google.common.collect.MapMakerInternalMap$Strength;                       : loaded 3 times (x 69B)
Class com.google.common.base.Platform$JdkPatternCompiler                              : loaded 3 times (x 75B)
Class com.google.common.collect.CollectPreconditions                                  : loaded 3 times (x 71B)
Class com.google.common.collect.MapMakerInternalMap$Strength                          : loaded 3 times (x 80B)
Class com.google.common.collect.ImmutableEntry                                        : loaded 3 times (x 82B)
Class [Lcom.google.common.collect.AbstractMapEntry;                                   : loaded 3 times (x 69B)
Class com.google.common.collect.ArrayListMultimap                                     : loaded 3 times (x 172B)
Class com.google.common.base.CharMatcher$NegatedFastMatcher                           : loaded 3 times (x 113B)
Class com.google.common.collect.AbstractRangeSet                                      : loaded 3 times (x 114B)
Class com.google.common.collect.MapMakerInternalMap$WeakValueReference                : loaded 3 times (x 70B)
Class com.google.common.collect.ImmutableMap                                          : loaded 3 times (x 120B)
Class com.google.common.base.Predicate                                                : loaded 3 times (x 70B)
Class com.google.common.collect.Sets                                                  : loaded 3 times (x 71B)
Class com.google.common.base.CharMatcher$FastMatcher                                  : loaded 3 times (x 111B)
Class com.google.common.collect.MapMakerInternalMap                                   : loaded 3 times (x 161B)
Class com.google.common.io.ByteSource$ConcatenatedByteSource                          : loaded 3 times (x 85B)
Class com.google.common.base.Strings                                                  : loaded 3 times (x 71B)
Class org.objectweb.asm.Attribute                                                     : loaded 3 times (x 77B)
Class [Lorg.objectweb.asm.Label;                                                      : loaded 3 times (x 69B)
Class com.google.common.base.Supplier                                                 : loaded 3 times (x 70B)
Class com.google.common.base.CharMatcher$Or                                           : loaded 3 times (x 112B)
Class com.google.common.io.Closer$Suppressor                                          : loaded 3 times (x 70B)
Class com.google.common.io.LineProcessor                                              : loaded 3 times (x 70B)
Class com.google.common.base.CharMatcher$None                                         : loaded 3 times (x 112B)
Class com.google.common.io.ByteSource$EmptyByteSource                                 : loaded 3 times (x 85B)
Class com.google.common.collect.ImmutableSet                                          : loaded 3 times (x 145B)
Class com.google.common.base.CharMatcher$BitSetMatcher                                : loaded 3 times (x 112B)
Class com.google.common.io.Closer                                                     : loaded 3 times (x 78B)
Class com.google.common.collect.RegularImmutableMap$Values                            : loaded 3 times (x 207B)
Class com.google.common.base.AbstractIterator                                         : loaded 3 times (x 80B)
Class [Lcom.google.common.collect.ImmutableMapEntry;                                  : loaded 3 times (x 69B)
Class com.google.common.math.IntMath$1                                                : loaded 3 times (x 71B)
Class com.google.common.io.Files$FileByteSink                                         : loaded 3 times (x 77B)
Class com.google.common.graph.SuccessorsFunction                                      : loaded 3 times (x 70B)
Class org.objectweb.asm.Type                                                          : loaded 3 times (x 72B)
Class com.google.common.collect.Sets$SetView                                          : loaded 3 times (x 138B)
Class com.google.common.collect.ListMultimap                                          : loaded 3 times (x 70B)
Class com.google.common.collect.ImmutableRangeSet                                     : loaded 3 times (x 115B)
Class com.google.common.collect.ImmutableRangeSet$Builder                             : loaded 3 times (x 77B)
Class [Lcom.google.common.collect.Iterators$EmptyModifiableIterator;                  : loaded 3 times (x 69B)
Class com.google.common.collect.ImmutableEnumMap                                      : loaded 3 times (x 126B)
Class com.google.common.collect.Maps$8                                                : loaded 3 times (x 82B)
Class com.google.common.collect.AbstractMapBasedMultimap$WrappedList                  : loaded 3 times (x 205B)
Class com.google.common.collect.Iterators$EmptyModifiableIterator                     : loaded 3 times (x 86B)
Class androidx.navigation.lint.BaseWrongStartDestinationTypeDetector                  : loaded 3 times (x 172B)
Class Build_gradle$1                                                                  : loaded 3 times (x 75B)
Class com.google.common.base.Platform                                                 : loaded 3 times (x 71B)
Class org.objectweb.asm.AnnotationVisitor                                             : loaded 3 times (x 78B)
Class [Lcom.google.common.collect.ImmutableEntry;                                     : loaded 3 times (x 69B)
Class com.google.common.collect.MapMaker                                              : loaded 3 times (x 72B)
Class com.google.common.collect.Maps                                                  : loaded 3 times (x 71B)
Class com.google.common.io.CharSource                                                 : loaded 3 times (x 85B)
Class com.google.common.collect.RegularImmutableList                                  : loaded 3 times (x 213B)
Class com.google.common.collect.IndexedImmutableSet$1                                 : loaded 3 times (x 213B)
Class com.google.common.base.Function                                                 : loaded 3 times (x 70B)
Class com.google.common.base.Splitter                                                 : loaded 3 times (x 72B)
Class com.google.common.collect.Sets$1                                                : loaded 3 times (x 139B)
Class com.google.common.collect.ImmutableMapEntry$NonTerminalImmutableMapEntry        : loaded 3 times (x 85B)
Class com.google.common.base.Equivalence                                              : loaded 3 times (x 82B)
Class com.google.common.collect.ImmutableMapEntry                                     : loaded 3 times (x 85B)
Class com.google.common.collect.MapMakerInternalMap$InternalEntry                     : loaded 3 times (x 70B)
Class com.google.common.math.IntMath                                                  : loaded 3 times (x 71B)
Class com.google.common.collect.MapMakerInternalMap$Strength$1                        : loaded 3 times (x 80B)
Class com.google.common.collect.RegularImmutableSortedSet                             : loaded 3 times (x 300B)
Class com.google.common.base.CommonPattern                                            : loaded 3 times (x 74B)
Class com.google.common.base.CharMatcher$IsNot                                        : loaded 3 times (x 111B)
Class com.google.common.collect.ImmutableSortedSet                                    : loaded 3 times (x 300B)
Class com.google.common.collect.Maps$EntryTransformer                                 : loaded 3 times (x 70B)
Class com.google.common.collect.RegularImmutableSet                                   : loaded 3 times (x 149B)
Class com.google.common.collect.ImmutableAsList                                       : loaded 3 times (x 209B)
Class com.google.common.base.FunctionalEquivalence                                    : loaded 3 times (x 83B)
Class com.google.common.collect.Sets$2                                                : loaded 3 times (x 139B)
Class com.google.common.collect.AbstractMapBasedMultimap                              : loaded 3 times (x 139B)
Class com.google.common.collect.Iterators$9                                           : loaded 3 times (x 81B)
Class com.google.common.collect.Lists                                                 : loaded 3 times (x 71B)
Class com.google.common.base.Converter                                                : loaded 3 times (x 90B)
Class com.google.common.collect.ImmutableSet$CachingAsList                            : loaded 3 times (x 148B)
Class com.google.common.collect.ImmutableCollection                                   : loaded 3 times (x 125B)
Class com.google.common.collect.MapMakerInternalMap$Strength$2                        : loaded 3 times (x 80B)
Class com.google.common.base.CharMatcher$AnyOf                                        : loaded 3 times (x 112B)
Class com.google.common.base.CharMatcher$ForPredicate                                 : loaded 3 times (x 112B)
Class com.google.common.base.Splitter$SplittingIterator                               : loaded 3 times (x 84B)
Class com.google.common.collect.ImmutableSet$JdkBackedSetBuilderImpl                  : loaded 3 times (x 76B)
Class com.google.common.base.AbstractIterator$State                                   : loaded 3 times (x 79B)
Class com.google.common.collect.Sets$3                                                : loaded 3 times (x 139B)
Class com.google.common.collect.Iterators$5                                           : loaded 3 times (x 82B)
Class com.google.common.collect.ImmutableBiMap                                        : loaded 3 times (x 143B)
Class com.google.common.collect.SortedIterable                                        : loaded 3 times (x 70B)
Class com.google.common.io.ByteArrayDataInput                                         : loaded 3 times (x 70B)
Class com.google.common.collect.MapMakerInternalMap$StrongValueEntry                  : loaded 3 times (x 70B)
Class com.google.common.collect.AbstractListMultimap                                  : loaded 3 times (x 172B)
Class com.google.common.collect.Iterators$4                                           : loaded 3 times (x 82B)
Class com.google.common.collect.ImmutableMap$IteratorBasedImmutableMap                : loaded 3 times (x 126B)
Class com.google.common.collect.Sets$4                                                : loaded 3 times (x 139B)
Class com.google.common.collect.SingletonImmutableSet                                 : loaded 3 times (x 146B)
Class com.google.common.collect.Iterators$1                                           : loaded 3 times (x 81B)
Class com.google.common.base.JdkPattern                                               : loaded 3 times (x 75B)
Class com.google.common.io.Files$FileByteSource                                       : loaded 3 times (x 85B)
Class com.google.common.collect.ImmutableList$ReverseImmutableList                    : loaded 3 times (x 209B)
Class com.google.common.base.Splitter$Strategy                                        : loaded 3 times (x 70B)
Class com.google.common.io.ByteSink                                                   : loaded 3 times (x 76B)
Class com.google.common.collect.SingletonImmutableList                                : loaded 3 times (x 207B)
Class com.google.common.collect.MapMakerInternalMap$Segment                           : loaded 3 times (x 142B)
Class com.google.common.collect.NullnessCasts                                         : loaded 3 times (x 71B)
Class com.google.common.base.ExtraObjectsMethodsForWeb                                : loaded 3 times (x 71B)
Class com.google.common.collect.Multimap                                              : loaded 3 times (x 70B)
Class com.google.common.primitives.IntsMethodsForWeb                                  : loaded 3 times (x 71B)
Class com.google.common.collect.AbstractMapBasedMultimap$WrappedCollection$WrappedIterator: loaded 3 times (x 84B)
Class com.google.common.base.NullnessCasts                                            : loaded 3 times (x 71B)
Class com.google.common.collect.ImmutableMap$Builder                                  : loaded 3 times (x 82B)
Class com.google.common.io.ByteStreams                                                : loaded 3 times (x 71B)
Class com.google.common.collect.TransformedIterator                                   : loaded 3 times (x 80B)
Class com.google.common.collect.ImmutableMapEntrySet                                  : loaded 3 times (x 152B)
Class com.google.common.math.MathPreconditions                                        : loaded 3 times (x 71B)
Class com.google.common.collect.AbstractIndexedListIterator                           : loaded 3 times (x 96B)
Class com.google.common.collect.ObjectArrays                                          : loaded 3 times (x 71B)
Class com.google.common.collect.ArrayListMultimapGwtSerializationDependencies         : loaded 3 times (x 172B)
Class com.google.common.collect.Multiset                                              : loaded 3 times (x 70B)
Class com.google.common.primitives.Ints                                               : loaded 3 times (x 71B)
Class com.google.common.collect.AbstractIterator                                      : loaded 3 times (x 82B)
Class androidx.navigation.lint.BaseWrongStartDestinationTypeDetectorKt                : loaded 3 times (x 71B)
Class com.google.common.base.Splitter$1                                               : loaded 3 times (x 77B)
Class com.google.common.collect.BiMap                                                 : loaded 3 times (x 70B)
Class com.google.common.collect.MapDifference                                         : loaded 3 times (x 70B)
Class com.google.common.collect.ImmutableMap$1                                        : loaded 3 times (x 81B)
Class com.google.common.collect.IndexedImmutableSet                                   : loaded 3 times (x 152B)
Class org.objectweb.asm.FieldVisitor                                                  : loaded 3 times (x 77B)
Class com.google.common.collect.AbstractMapBasedMultimap$Itr                          : loaded 3 times (x 83B)
Class com.google.common.base.Objects                                                  : loaded 3 times (x 71B)
Class com.google.common.base.CharMatcher$And                                          : loaded 3 times (x 112B)
Class com.google.common.collect.Lists$StringAsImmutableList                           : loaded 3 times (x 207B)
Class com.google.common.collect.Range                                                 : loaded 3 times (x 87B)
Class com.google.common.collect.Iterators                                             : loaded 3 times (x 71B)
Class com.google.common.collect.RegularImmutableAsList                                : loaded 3 times (x 217B)
Class com.google.common.collect.ImmutableRangeSet$1                                   : loaded 3 times (x 210B)
Class com.google.common.collect.ImmutableList$Builder                                 : loaded 3 times (x 77B)
Class com.google.common.collect.AbstractMultimap                                      : loaded 3 times (x 123B)
Class com.google.common.collect.AbstractSetMultimap                                   : loaded 3 times (x 174B)
Class com.google.common.io.ByteSource$ByteArrayByteSource                             : loaded 3 times (x 85B)
Class com.google.common.collect.AbstractMapEntry                                      : loaded 3 times (x 81B)
Class com.google.common.collect.Iterators$ArrayItr                                    : loaded 3 times (x 97B)
Class com.google.common.collect.Iterators$SingletonIterator                           : loaded 3 times (x 81B)
Class com.google.common.collect.SingletonImmutableBiMap                               : loaded 3 times (x 143B)
Class com.google.common.collect.ImmutableRangeSet$AsSet                               : loaded 3 times (x 300B)
Class com.google.common.collect.ImmutableCollection$Builder                           : loaded 3 times (x 76B)
Class com.google.common.collect.UnmodifiableIterator                                  : loaded 3 times (x 80B)
Class [Lorg.objectweb.asm.Attribute;                                                  : loaded 3 times (x 69B)
Class [Lorg.objectweb.asm.Type;                                                       : loaded 3 times (x 69B)
Class com.google.common.collect.Platform                                              : loaded 3 times (x 71B)
Class com.google.common.base.MoreObjects                                              : loaded 3 times (x 71B)
Class com.google.common.base.Joiner                                                   : loaded 3 times (x 79B)
Class kotlin.jvm.internal.FunctionReference                                           : loaded 2 times (x 122B)
Class kotlin.jvm.internal.FunctionBase                                                : loaded 2 times (x 70B)
Class kotlin.enums.EnumEntriesList                                                    : loaded 2 times (x 223B)
Class com.google.common.collect.ImmutableListMultimap                                 : loaded 2 times (x 176B)
Class org.apache.commons.io.output.UnsynchronizedByteArrayOutputStream                : loaded 2 times (x 102B)
Class com.google.common.cache.CacheLoader$FunctionToCacheLoader                       : loaded 2 times (x 75B)
Class kotlin.collections.builders.AbstractMapBuilderEntrySet                          : loaded 2 times (x 144B)
Class com.google.common.collect.ImmutableMapEntry$NonTerminalImmutableBiMapEntry      : loaded 2 times (x 85B)
Class com.android.tools.lint.model.DefaultLintModelArtifact                           : loaded 2 times (x 84B)
Class it.unimi.dsi.fastutil.objects.ReferenceCollection                               : loaded 2 times (x 70B)
Class kotlin.io.path.PathsKt                                                          : loaded 2 times (x 71B)
Class kotlin.collections.builders.ListBuilder$Companion                               : loaded 2 times (x 71B)
Class kotlin.collections.builders.ListBuilder                                         : loaded 2 times (x 207B)
Class kotlin.reflect.jvm.internal.impl.name.FqNamesUtilKt                             : loaded 2 times (x 71B)
Class kotlin.reflect.jvm.internal.impl.name.StandardClassIdsKt                        : loaded 2 times (x 71B)
Class kotlin.collections.CollectionsKt__IteratorsJVMKt                                : loaded 2 times (x 71B)
Class kotlin.comparisons.ComparisonsKt___ComparisonsJvmKt                             : loaded 2 times (x 71B)
Class com.google.common.collect.EmptyImmutableListMultimap                            : loaded 2 times (x 176B)
Class com.google.common.collect.BaseImmutableMultimap                                 : loaded 2 times (x 123B)
Class org.apache.commons.io.output.ByteArrayOutputStream                              : loaded 2 times (x 102B)
Class [Lkotlin.coroutines.intrinsics.CoroutineSingletons;                             : loaded 2 times (x 69B)
Class kotlin.reflect.jvm.internal.impl.name.StandardClassIds                          : loaded 2 times (x 71B)
Class kotlin.io.path.PathsKt__PathUtilsKt                                             : loaded 2 times (x 71B)
Class kotlin.reflect.KProperty0                                                       : loaded 2 times (x 70B)
Class kotlin.Result                                                                   : loaded 2 times (x 72B)
Class it.unimi.dsi.fastutil.ints.IntCollection                                        : loaded 2 times (x 70B)
Class com.google.common.base.Splitter$5                                               : loaded 2 times (x 80B)
Class it.unimi.dsi.fastutil.longs.LongSet                                             : loaded 2 times (x 70B)
Class org.gradle.internal.service.ServiceLocator                                      : loaded 2 times (x 70B)
Class com.android.utils.PositionXmlParser                                             : loaded 2 times (x 71B)
Class [Lkotlin.annotation.AnnotationTarget;                                           : loaded 2 times (x 69B)
Class com.google.common.collect.HashBiMap$BiEntry                                     : loaded 2 times (x 83B)
Class com.google.common.collect.Tables$AbstractCell                                   : loaded 2 times (x 81B)
Class kotlin.reflect.jvm.internal.KProperty2Impl$$Lambda$0                            : loaded 2 times (x 76B)
Class kotlin.reflect.KClass                                                           : loaded 2 times (x 70B)
Class kotlin.reflect.KProperty1                                                       : loaded 2 times (x 70B)
Class kotlin.Pair                                                                     : loaded 2 times (x 72B)
Class com.android.tools.lint.model.LintModelModuleType                                : loaded 2 times (x 79B)
Class kotlin.sequences.TransformingSequence$iterator$1                                : loaded 2 times (x 79B)
Class [Lkotlin.Function;                                                              : loaded 2 times (x 69B)
Class org.apache.commons.io.FileExistsException                                       : loaded 2 times (x 82B)
Class com.google.common.base.Ascii                                                    : loaded 2 times (x 71B)
Class com.google.common.cache.LocalCache$1                                            : loaded 2 times (x 89B)
Class org.gradle.internal.classloader.InstrumentingClassLoader                        : loaded 2 times (x 70B)
Class org.gradle.internal.classpath.TransformedClassPath                              : loaded 2 times (x 96B)
Class com.google.common.cache.CacheBuilder$NullListener                               : loaded 2 times (x 82B)
Class com.android.ide.common.rendering.api.StyleItemResourceValue                     : loaded 2 times (x 70B)
Class org.objectweb.asm.FieldWriter                                                   : loaded 2 times (x 78B)
Class kotlin.sequences.GeneratorSequence$iterator$1                                   : loaded 2 times (x 79B)
Class kotlin.reflect.jvm.internal.KProperty2Impl$$Lambda$1                            : loaded 2 times (x 76B)
Class kotlin.reflect.KProperty2                                                       : loaded 2 times (x 70B)
Class kotlin.io.CloseableKt                                                           : loaded 2 times (x 71B)
Class com.android.tools.lint.model.LintModelDependency                                : loaded 2 times (x 70B)
Class kotlin.collections.CollectionsKt__MutableCollectionsKt                          : loaded 2 times (x 71B)
Class com.google.common.reflect.TypeToken$SimpleTypeToken                             : loaded 2 times (x 73B)
Class com.google.common.io.CharSource$StringCharSource                                : loaded 2 times (x 86B)
Class org.apache.commons.io.function.IOSupplier                                       : loaded 2 times (x 70B)
Class com.google.common.collect.MapMakerInternalMap$AbstractStrongKeyEntry            : loaded 2 times (x 80B)
Class com.google.common.collect.Sets$ImprovedAbstractSet                              : loaded 2 times (x 135B)
Class com.google.common.cache.LocalCache$2                                            : loaded 2 times (x 142B)
Class com.google.common.collect.Tables$1                                              : loaded 2 times (x 84B)
Class com.android.resources.Navigation                                                : loaded 2 times (x 86B)
Class com.android.ide.common.rendering.api.PluralsResourceValue                       : loaded 2 times (x 70B)
Class com.android.ide.common.resources.DataItem                                       : loaded 2 times (x 90B)
Class [Lcom.android.resources.Density;                                                : loaded 2 times (x 69B)
Class it.unimi.dsi.fastutil.objects.Object2IntFunction                                : loaded 2 times (x 70B)
Class com.google.common.collect.MapMaker$Dummy                                        : loaded 2 times (x 79B)
Class [Lcom.android.resources.ResourceType$Kind;                                      : loaded 2 times (x 69B)
Class it.unimi.dsi.fastutil.ints.IntSpliterator                                       : loaded 2 times (x 70B)
Class kotlin.reflect.jvm.internal.impl.utils.CollectionsKt                            : loaded 2 times (x 71B)
Class kotlin.reflect.jvm.internal.CacheByClass                                        : loaded 2 times (x 73B)
Class kotlin.coroutines.CoroutineContext$Element                                      : loaded 2 times (x 70B)
Class com.google.common.reflect.Invokable                                             : loaded 2 times (x 103B)
Class kotlin.io.FilesKt__FilePathComponentsKt                                         : loaded 2 times (x 71B)
Class kotlin.reflect.KCallable                                                        : loaded 2 times (x 70B)
Class com.android.utils.Pair                                                          : loaded 2 times (x 72B)
Class [Lcom.android.resources.ScreenRatio;                                            : loaded 2 times (x 69B)
Class kotlin.collections.AbstractIterator                                             : loaded 2 times (x 83B)
Class kotlin.text.Regex$Companion                                                     : loaded 2 times (x 71B)
Class org.jetbrains.kotlin.cli.common.messages.MessageCollector$Companion             : loaded 2 times (x 71B)
Class kotlin.io.LinesSequence$iterator$1                                              : loaded 2 times (x 79B)
Class com.android.tools.lint.model.LintModelSeverity                                  : loaded 2 times (x 79B)
Class kotlin.text.CharsKt                                                             : loaded 2 times (x 71B)
Class com.android.io.CancellableFileIo                                                : loaded 2 times (x 71B)
Class com.google.common.base.Optional                                                 : loaded 2 times (x 80B)
Class com.google.common.util.concurrent.AbstractFuture$Trusted                        : loaded 2 times (x 70B)
Class com.android.resources.Density                                                   : loaded 2 times (x 92B)
Class kotlin.reflect.jvm.internal.KMutableProperty1Impl                               : loaded 2 times (x 135B)
Class kotlin.reflect.jvm.internal.impl.builtins.functions.FunctionTypeKind$SuspendFunction: loaded 2 times (x 72B)
Class kotlin.jvm.internal.PropertyReference2Impl                                      : loaded 2 times (x 127B)
Class kotlin.coroutines.ContinuationInterceptor$Key                                   : loaded 2 times (x 71B)
Class kotlin.text.DelimitedRangesSequence$iterator$1                                  : loaded 2 times (x 79B)
Class it.unimi.dsi.fastutil.Function                                                  : loaded 2 times (x 70B)
Class com.android.tools.lint.model.DefaultLintModelLibraryResolver                    : loaded 2 times (x 76B)
Class kotlin._Assertions                                                              : loaded 2 times (x 71B)
Class com.google.common.io.ByteSink$AsCharSink                                        : loaded 2 times (x 80B)
Class com.google.common.util.concurrent.UncheckedExecutionException                   : loaded 2 times (x 82B)
Class kotlin.collections.builders.MapBuilder$EntriesItr                               : loaded 2 times (x 81B)
Class kotlin.jvm.internal.Ref$IntRef                                                  : loaded 2 times (x 71B)
Class com.android.tools.lint.model.LintModelModuleLoader                              : loaded 2 times (x 70B)
Class org.gradle.internal.InternalTransformer                                         : loaded 2 times (x 70B)
Class com.google.common.collect.ImmutableBiMap$Builder                                : loaded 2 times (x 82B)
Class kotlin.DeprecationLevel                                                         : loaded 2 times (x 79B)
Class com.android.resources.ScreenRound                                               : loaded 2 times (x 86B)
Class kotlin.time.DurationUnitKt__DurationUnitJvmKt                                   : loaded 2 times (x 71B)
Class kotlin.jvm.JvmStatic                                                            : loaded 2 times (x 70B)
Class it.unimi.dsi.fastutil.ints.IntArraySet                                          : loaded 2 times (x 235B)
Class kotlin.reflect.jvm.internal.ReflectionFactoryImpl                               : loaded 2 times (x 91B)
Class it.unimi.dsi.fastutil.ints.Int2ObjectFunction                                   : loaded 2 times (x 70B)
Class com.android.ide.common.gradle.Separator                                         : loaded 2 times (x 79B)
Class com.android.tools.lint.model.LintModelSourceProvider                            : loaded 2 times (x 70B)
Class kotlin.collections.MapsKt__MapsJVMKt                                            : loaded 2 times (x 71B)
Class kotlin.collections.EmptyList                                                    : loaded 2 times (x 174B)
Class [Lcom.android.prefs.VariableValue;                                              : loaded 2 times (x 69B)
Class kotlin.collections.ArraysKt___ArraysKt$asSequence$$inlined$Sequence$1           : loaded 2 times (x 75B)
Class com.android.tools.lint.model.PathVariables$Companion                            : loaded 2 times (x 71B)
Class kotlin.reflect.jvm.internal.impl.builtins.functions.FunctionTypeKind            : loaded 2 times (x 72B)
Class com.google.common.collect.AbstractMapBasedMultimap$KeySet$1                     : loaded 2 times (x 82B)
Class org.objectweb.asm.ClassWriter                                                   : loaded 2 times (x 106B)
Class com.google.common.cache.CacheLoader$UnsupportedLoadingOperationException        : loaded 2 times (x 82B)
Class org.gradle.internal.classloader.ClasspathUtil$1                                 : loaded 2 times (x 76B)
Class com.google.common.collect.MapMakerInternalMap$WeakKeyStrongValueEntry$Helper    : loaded 2 times (x 79B)
Class com.android.ide.common.resources.configuration.CountryCodeQualifier             : loaded 2 times (x 88B)
Class com.google.common.cache.LocalCache$Strength$3                                   : loaded 2 times (x 81B)
Class com.google.common.collect.Interner                                              : loaded 2 times (x 70B)
Class com.google.common.collect.Interners$InternerImpl                                : loaded 2 times (x 75B)
Class kotlin.reflect.jvm.internal.impl.builtins.StandardNames$FqNames                 : loaded 2 times (x 71B)
Class it.unimi.dsi.fastutil.objects.ObjectOpenHashSet                                 : loaded 2 times (x 187B)
Class kotlin.coroutines.ContinuationKt                                                : loaded 2 times (x 71B)
Class kotlin.collections.builders.ListBuilderKt                                       : loaded 2 times (x 71B)
Class com.android.tools.lint.model.LintModelDependencyGraph                           : loaded 2 times (x 70B)
Class kotlin.text.StringsKt__RegexExtensionsJVMKt                                     : loaded 2 times (x 71B)
Class com.google.common.collect.FluentIterable$1                                      : loaded 2 times (x 81B)
Class org.gradle.api.internal.classpath.DefaultModuleRegistry$DefaultModule           : loaded 2 times (x 86B)
Class kotlin.collections.ArraysKt___ArraysJvmKt                                       : loaded 2 times (x 71B)
Class kotlin.collections.CollectionsKt__CollectionsKt                                 : loaded 2 times (x 71B)
Class com.google.common.collect.MapMakerInternalMap$WeakKeyStrongValueEntry           : loaded 2 times (x 90B)
Class kotlin.reflect.jvm.internal.ClassValueCache                                     : loaded 2 times (x 74B)
Class kotlin.ResultKt                                                                 : loaded 2 times (x 71B)
Class com.android.tools.lint.model.LintModelSerialization$TargetFile                  : loaded 2 times (x 79B)
Class com.android.tools.lint.model.DefaultLintModelDependencies                       : loaded 2 times (x 78B)
Class com.android.ide.common.repository.AgpVersion                                    : loaded 2 times (x 75B)
Class com.google.common.base.Absent                                                   : loaded 2 times (x 80B)
Class com.google.common.collect.FluentIterable$2                                      : loaded 2 times (x 81B)
Class [Lcom.android.tools.lint.model.LintModelNamespacingMode;                        : loaded 2 times (x 69B)
Class com.android.tools.lint.model.LintModelModuleLibrary                             : loaded 2 times (x 70B)
Class kotlin.collections.IndexingIterable                                             : loaded 2 times (x 79B)
Class kotlin.reflect.KTypeParameter                                                   : loaded 2 times (x 70B)
Class com.android.utils.SdkUtils                                                      : loaded 2 times (x 71B)
Class it.unimi.dsi.fastutil.ints.IntIterator                                          : loaded 2 times (x 70B)
Class kotlin.reflect.jvm.internal.KProperty2Impl                                      : loaded 2 times (x 128B)
Class kotlin.Result$Failure                                                           : loaded 2 times (x 72B)
Class org.objectweb.asm.Handle                                                        : loaded 2 times (x 72B)
Class kotlin.collections.ArraysKt__ArraysKt                                           : loaded 2 times (x 71B)
Class com.google.common.collect.FluentIterable$3                                      : loaded 2 times (x 81B)
Class com.android.resources.KeyboardState                                             : loaded 2 times (x 86B)
Class com.android.ide.common.rendering.api.AttrResourceValueImpl                      : loaded 2 times (x 122B)
Class com.android.utils.PositionXmlParser$AbstractParserPool                          : loaded 2 times (x 70B)
Class [Lcom.android.resources.TouchScreen;                                            : loaded 2 times (x 69B)
Class it.unimi.dsi.fastutil.ints.IntArrays$ForkJoinQuickSort2                         : loaded 2 times (x 96B)
Class it.unimi.dsi.fastutil.objects.ObjectBidirectionalIterator                       : loaded 2 times (x 70B)
Class kotlin.reflect.jvm.internal.impl.builtins.jvm.JavaToKotlinClassMap              : loaded 2 times (x 71B)
Class kotlin.reflect.jvm.internal.KotlinReflectionInternalError                       : loaded 2 times (x 82B)
Class it.unimi.dsi.fastutil.ints.Int2ObjectMap$FastEntrySet                           : loaded 2 times (x 70B)
Class com.android.tools.lint.model.DefaultLintModelVariant$artifact$2                 : loaded 2 times (x 79B)
Class kotlin.collections.SetsKt__SetsJVMKt                                            : loaded 2 times (x 71B)
Class com.android.tools.lint.model.LintModelMavenName$Companion                       : loaded 2 times (x 71B)
Class kotlin.Function                                                                 : loaded 2 times (x 70B)
Class org.apache.commons.io.output.NullOutputStream                                   : loaded 2 times (x 85B)
Class org.gradle.api.internal.classpath.Module                                        : loaded 2 times (x 70B)
Class com.google.common.collect.AbstractMultimap$Values                               : loaded 2 times (x 118B)
Class [Lcom.android.resources.GrammaticalGender;                                      : loaded 2 times (x 69B)
Class com.android.ide.common.resources.configuration.VersionQualifier$Companion       : loaded 2 times (x 71B)
Class kotlin.sequences.DropSequence$iterator$1                                        : loaded 2 times (x 79B)
Class kotlin.KotlinVersion                                                            : loaded 2 times (x 74B)
Class com.android.utils.PositionXmlParser$ReleasableParserContainer                   : loaded 2 times (x 76B)
Class it.unimi.dsi.fastutil.ints.IntOpenHashSet                                       : loaded 2 times (x 239B)
Class kotlin.reflect.jvm.internal.KClassImpl$Data$$Lambda$0                           : loaded 2 times (x 76B)
Class kotlin.reflect.jvm.internal.KClassifierImpl                                     : loaded 2 times (x 70B)
Class kotlin.reflect.KMutableProperty                                                 : loaded 2 times (x 70B)
Class kotlin.internal.ProgressionUtilKt                                               : loaded 2 times (x 71B)
Class kotlin.collections.CharIterator                                                 : loaded 2 times (x 82B)
Class com.google.common.cache.Weigher                                                 : loaded 2 times (x 70B)
Class org.gradle.api.internal.classpath.UnknownModuleException                        : loaded 2 times (x 82B)
Class kotlin.sequences.DistinctIterator                                               : loaded 2 times (x 83B)
Class com.android.ide.common.resources.configuration.TouchScreenQualifier             : loaded 2 times (x 90B)
Class kotlin.reflect.jvm.internal.KClassImpl$Data$$Lambda$1                           : loaded 2 times (x 76B)
Class kotlin.jvm.internal.PropertyReference                                           : loaded 2 times (x 115B)
Class com.android.prefs.VariableValue                                                 : loaded 2 times (x 82B)
Class com.android.prefs.AbstractAndroidLocations$Companion                            : loaded 2 times (x 71B)
Class org.apache.commons.io.Charsets                                                  : loaded 2 times (x 71B)
Class com.google.common.base.Stopwatch                                                : loaded 2 times (x 72B)
Class com.google.common.cache.LocalCache$Strength                                     : loaded 2 times (x 81B)
Class com.google.common.cache.Cache                                                   : loaded 2 times (x 70B)
Class com.android.ide.common.rendering.api.ResourceNamespace$ResAutoNamespace         : loaded 2 times (x 80B)
Class kotlin.collections.IndexingIterator                                             : loaded 2 times (x 79B)
Class com.google.common.cache.LocalCache$Strength$2                                   : loaded 2 times (x 81B)
Class kotlin.reflect.jvm.internal.KPackageImpl$$Lambda$0                              : loaded 2 times (x 76B)
Class com.google.common.io.Files$2                                                    : loaded 2 times (x 76B)
Class kotlin.reflect.jvm.internal.KClassImpl$Data$$Lambda$2                           : loaded 2 times (x 76B)
Class com.android.tools.lint.model.LintModelAndroidArtifact                           : loaded 2 times (x 70B)
Class [Lcom.android.tools.lint.model.LintModelSerialization$TargetFile;               : loaded 2 times (x 69B)
Class com.google.common.util.concurrent.SettableFuture                                : loaded 2 times (x 114B)
Class com.google.common.collect.AbstractMultimap$Entries                              : loaded 2 times (x 120B)
Class com.google.common.io.AppendableWriter                                           : loaded 2 times (x 100B)
Class org.apache.commons.io.filefilter.IOFileFilter                                   : loaded 2 times (x 70B)
Class com.google.common.util.concurrent.AbstractFuture$Cancellation                   : loaded 2 times (x 72B)
Class androidx.compose.lint.Name                                                      : loaded 2 times (x 72B)
Class com.google.common.collect.LinkedHashMultimap                                    : loaded 2 times (x 175B)
Class org.apache.commons.io.output.QueueOutputStream                                  : loaded 2 times (x 87B)
Class [Lkotlin.reflect.jvm.internal.impl.builtins.PrimitiveType;                      : loaded 2 times (x 69B)
Class kotlin.reflect.jvm.internal.impl.builtins.StandardNames                         : loaded 2 times (x 71B)
Class kotlin.reflect.jvm.internal.KClassImpl$Data$$Lambda$3                           : loaded 2 times (x 76B)
Class kotlin.reflect.jvm.internal.ReflectProperties$LazySoftVal                       : loaded 2 times (x 78B)
Class [Lkotlin.reflect.KAnnotatedElement;                                             : loaded 2 times (x 69B)
Class com.google.common.base.Present                                                  : loaded 2 times (x 81B)
Class com.google.common.collect.AbstractMapBasedMultimap$AsMap$AsMapIterator          : loaded 2 times (x 83B)
Class com.google.common.cache.RemovalListener                                         : loaded 2 times (x 70B)
Class ijJvmDebugger1_38mkwnzutsk9yqchhvz9ywkb$_run_closure1                           : loaded 2 times (x 139B)
Class org.gradle.api.internal.DefaultClassPathRegistry                                : loaded 2 times (x 76B)
Class kotlin.annotation.AnnotationTarget                                              : loaded 2 times (x 79B)
Class kotlin.jvm.JvmClassMappingKt                                                    : loaded 2 times (x 71B)
Class kotlin.reflect.jvm.internal.KClassImpl$Data$$Lambda$4                           : loaded 2 times (x 76B)
Class kotlin.reflect.jvm.internal.KPropertyImpl                                       : loaded 2 times (x 115B)
Class kotlin.jvm.internal.Reflection                                                  : loaded 2 times (x 71B)
Class kotlin.reflect.KProperty                                                        : loaded 2 times (x 70B)
Class org.jetbrains.kotlin.cli.common.messages.MessageCollector                       : loaded 2 times (x 70B)
Class kotlin.coroutines.jvm.internal.ContinuationImpl                                 : loaded 2 times (x 87B)
Class kotlin.coroutines.jvm.internal.SuspendLambda                                    : loaded 2 times (x 91B)
Class kotlin.ranges.ClosedRange                                                       : loaded 2 times (x 70B)
Class com.android.sdklib.AndroidApiLevel                                              : loaded 2 times (x 74B)
Class com.android.tools.lint.model.LintModelLintOptions                               : loaded 2 times (x 70B)
Class com.android.prefs.PathLocator$singlePathOf$values$1                             : loaded 2 times (x 79B)
Class com.android.tools.lint.model.PathVariables$Companion$PATH_COMPARATOR$1          : loaded 2 times (x 78B)
Class com.google.common.reflect.Invokable$ConstructorInvokable                        : loaded 2 times (x 107B)
Class com.google.common.collect.ImmutableMultimap$Keys                                : loaded 2 times (x 166B)
Class org.apache.commons.io.file.DeleteOption                                         : loaded 2 times (x 70B)
Class org.gradle.api.internal.ClassPathRegistry                                       : loaded 2 times (x 70B)
Class org.gradle.internal.classpath.DefaultClassPath$ImmutableUniqueList              : loaded 2 times (x 199B)
Class com.google.common.collect.Table$Cell                                            : loaded 2 times (x 70B)
Class it.unimi.dsi.fastutil.objects.ObjectSpliterator                                 : loaded 2 times (x 70B)
Class kotlin.jvm.functions.Function22                                                 : loaded 2 times (x 70B)
Class com.android.ide.common.resources.configuration.NetworkCodeQualifier             : loaded 2 times (x 88B)
Class kotlin.collections.MapWithDefault                                               : loaded 2 times (x 70B)
Class kotlin.collections.IntIterator                                                  : loaded 2 times (x 82B)
Class kotlin.reflect.jvm.internal.impl.resolve.jvm.JvmPrimitiveType                   : loaded 2 times (x 79B)
Class kotlin.reflect.jvm.internal.KClassImpl$Data$$Lambda$5                           : loaded 2 times (x 76B)
Class kotlin.reflect.jvm.internal.ComputableClassValue                                : loaded 2 times (x 80B)
Class it.unimi.dsi.fastutil.ints.Int2ObjectOpenHashMap                                : loaded 2 times (x 222B)
Class kotlin.jvm.internal.TypeIntrinsics                                              : loaded 2 times (x 71B)
Class com.android.prefs.PathLocator$singlePathOf$values$2                             : loaded 2 times (x 78B)
Class com.android.tools.lint.model.PathVariables$Companion$PATH_COMPARATOR$2          : loaded 2 times (x 78B)
Class kotlin.text.StringsKt__StringsJVMKt                                             : loaded 2 times (x 71B)
Class com.google.common.reflect.TypeToken                                             : loaded 2 times (x 73B)
Class org.apache.commons.io.IOUtils                                                   : loaded 2 times (x 71B)
Class com.android.resources.UiMode                                                    : loaded 2 times (x 87B)
Class kotlin.time.DurationUnit                                                        : loaded 2 times (x 79B)
Class [Lcom.android.resources.ResourceType;                                           : loaded 2 times (x 69B)
Class it.unimi.dsi.fastutil.longs.LongCollection                                      : loaded 2 times (x 70B)
Class kotlin.annotation.AnnotationRetention                                           : loaded 2 times (x 79B)
Class kotlin.reflect.jvm.internal.KClassImpl$Data$$Lambda$6                           : loaded 2 times (x 76B)
Class kotlin.collections.SetsKt                                                       : loaded 2 times (x 71B)
Class com.android.tools.lint.model.PathVariables$Companion$PATH_COMPARATOR$3          : loaded 2 times (x 78B)
Class kotlin.text.StringsKt__IndentKt                                                 : loaded 2 times (x 71B)
Class [Lcom.android.resources.WideGamutColor;                                         : loaded 2 times (x 69B)
Class com.google.common.cache.CacheBuilder                                            : loaded 2 times (x 72B)
Class org.gradle.internal.classpath.ClassPath                                         : loaded 2 times (x 70B)
Class org.gradle.api.UncheckedIOException                                             : loaded 2 times (x 82B)
Class kotlin.sequences.TakeWhileSequence$iterator$1                                   : loaded 2 times (x 79B)
Class kotlin.sequences.DropSequence                                                   : loaded 2 times (x 79B)
Class it.unimi.dsi.fastutil.objects.Object2IntMap$FastEntrySet                        : loaded 2 times (x 70B)
Class kotlin.collections.builders.MapBuilderEntries                                   : loaded 2 times (x 145B)
Class kotlin.collections.ArrayDeque                                                   : loaded 2 times (x 207B)
Class kotlin.reflect.jvm.internal.KPackageImpl                                        : loaded 2 times (x 85B)
Class ijJvmDebugger1_38mkwnzutsk9yqchhvz9ywkb                                         : loaded 2 times (x 179B)
Class kotlin.reflect.jvm.internal.KClassImpl$Data$$Lambda$7                           : loaded 2 times (x 76B)
Class [Lkotlin.reflect.jvm.internal.impl.name.FqName;                                 : loaded 2 times (x 69B)
Class kotlin.reflect.KFunction                                                        : loaded 2 times (x 70B)
Class com.android.tools.lint.model.PathVariables$Companion$PATH_COMPARATOR$4          : loaded 2 times (x 78B)
Class ijKotlinCoroutineJvmDebugInit1_a7st5spn14idh9pi9uyiatum9$_run_closure1$_closure2: loaded 2 times (x 139B)
Class com.google.common.collect.Interners$InternerBuilder                             : loaded 2 times (x 76B)
Class com.android.ide.common.rendering.api.ResourceNamespace$Resolver                 : loaded 2 times (x 70B)
Class com.android.ide.common.resources.configuration.VersionQualifier                 : loaded 2 times (x 89B)
Class kotlin.time.DurationUnitKt__DurationUnitKt                                      : loaded 2 times (x 71B)
Class kotlin.reflect.jvm.internal.KClassImpl$Data$$Lambda$8                           : loaded 2 times (x 76B)
Class [Lkotlin.reflect.KDeclarationContainer;                                         : loaded 2 times (x 69B)
Class it.unimi.dsi.fastutil.objects.ObjectIterable                                    : loaded 2 times (x 70B)
Class com.android.tools.lint.model.DefaultLintModelAndroidLibrary                     : loaded 2 times (x 111B)
Class kotlin.collections.MapsKt__MapsKt                                               : loaded 2 times (x 71B)
Class com.android.sdklib.AndroidApiLevel$Companion                                    : loaded 2 times (x 71B)
Class com.android.prefs.AndroidLocationsProvider                                      : loaded 2 times (x 70B)
Class kotlin.jvm.internal.Lambda                                                      : loaded 2 times (x 75B)
Class com.google.common.io.CharStreams$NullWriter                                     : loaded 2 times (x 99B)
Class com.google.common.io.CharSource$CharSequenceCharSource                          : loaded 2 times (x 86B)
Class com.google.errorprone.annotations.DoNotMock                                     : loaded 2 times (x 70B)
Class org.objectweb.asm.SymbolTable$Entry                                             : loaded 2 times (x 74B)
Class kotlin.jvm.internal.markers.KMutableMap$Entry                                   : loaded 2 times (x 70B)
Class com.google.common.cache.LocalCache$Strength$1                                   : loaded 2 times (x 81B)
Class com.android.ide.common.resources.configuration.UiModeQualifier                  : loaded 2 times (x 90B)
Class it.unimi.dsi.fastutil.objects.Object2IntOpenHashMap                             : loaded 2 times (x 247B)
Class kotlin.reflect.jvm.internal.KClassImpl$Data$$Lambda$9                           : loaded 2 times (x 76B)
Class org.objectweb.asm.Edge                                                          : loaded 2 times (x 72B)
Class com.google.common.base.Suppliers$SupplierOfInstance                             : loaded 2 times (x 79B)
Class kotlin.properties.Delegates                                                     : loaded 2 times (x 71B)
Class kotlin.Metadata                                                                 : loaded 2 times (x 70B)
Class kotlin.collections.AbstractMutableSet                                           : loaded 2 times (x 142B)
Class org.objectweb.asm.ModuleVisitor                                                 : loaded 2 times (x 81B)
Class kotlin.text.MatchResult$Destructured                                            : loaded 2 times (x 72B)
Class kotlin.reflect.jvm.internal.impl.name.ClassId                                   : loaded 2 times (x 72B)
Class kotlin.UninitializedPropertyAccessException                                     : loaded 2 times (x 82B)
Class com.google.common.reflect.TypeToken$1                                           : loaded 2 times (x 110B)
Class com.google.common.cache.LocalCache$ComputingValueReference                      : loaded 2 times (x 96B)
Class com.android.ide.common.resources.configuration.Configurable                     : loaded 2 times (x 70B)
Class kotlin.reflect.KProperty$Getter                                                 : loaded 2 times (x 70B)
Class com.google.common.reflect.TypeToken$2                                           : loaded 2 times (x 110B)
Class com.google.common.collect.AbstractMapBasedMultimap$AsMap$AsMapEntries           : loaded 2 times (x 138B)
Class com.google.common.cache.LocalCache$Segment                                      : loaded 2 times (x 154B)
Class kotlin.jvm.functions.Function21                                                 : loaded 2 times (x 70B)
Class [Lcom.android.ide.common.resources.DataFile$FileType;                           : loaded 2 times (x 69B)
Class com.android.ide.common.resources.ResourceFile                                   : loaded 2 times (x 87B)
Class it.unimi.dsi.fastutil.longs.LongIterable                                        : loaded 2 times (x 70B)
Class com.android.ide.common.resources.configuration.WideGamutColorQualifier          : loaded 2 times (x 91B)
Class com.android.ide.common.resources.configuration.HighDynamicRangeQualifier        : loaded 2 times (x 91B)
Class kotlin.time.DurationJvmKt                                                       : loaded 2 times (x 71B)
Class org.gradle.internal.service.UnknownServiceException                             : loaded 2 times (x 83B)
Class com.google.common.cache.LocalCache$LocalLoadingCache                            : loaded 2 times (x 134B)
Class kotlin.reflect.jvm.internal.ReflectProperties                                   : loaded 2 times (x 71B)
Class kotlin.SafePublicationLazyImpl                                                  : loaded 2 times (x 76B)
Class it.unimi.dsi.fastutil.objects.ObjectIterator                                    : loaded 2 times (x 70B)
Class org.jetbrains.kotlin.cli.jvm.compiler.KotlinCoreEnvironment                     : loaded 2 times (x 72B)
Class com.android.tools.lint.model.LintModelSeverity$Companion                        : loaded 2 times (x 71B)
Class [Lorg.objectweb.asm.SymbolTable$Entry;                                          : loaded 2 times (x 69B)
Class com.google.common.cache.CacheLoader                                             : loaded 2 times (x 74B)
Class org.gradle.internal.installation.GradleInstallation$1                           : loaded 2 times (x 75B)
Class org.gradle.api.internal.classpath.ModuleRegistry                                : loaded 2 times (x 70B)
Class [Lorg.objectweb.asm.AnnotationVisitor;                                          : loaded 2 times (x 69B)
Class com.android.resources.ResourceType$Kind                                         : loaded 2 times (x 79B)
Class kotlin.collections.CollectionsKt___CollectionsKt$asSequence$$inlined$Sequence$1 : loaded 2 times (x 75B)
Class com.android.ide.common.repository.AgpVersion$PreviewKind$Companion              : loaded 2 times (x 71B)
Class com.android.ProgressManagerAdapter                                              : loaded 2 times (x 73B)
Class org.jetbrains.kotlin.cli.common.CompilerSystemProperties                        : loaded 2 times (x 80B)
Class org.apache.commons.io.output.NullWriter                                         : loaded 2 times (x 99B)
Class com.google.common.util.concurrent.internal.InternalFutureFailureAccess          : loaded 2 times (x 72B)
Class com.google.common.collect.HashBiMap$Inverse                                     : loaded 2 times (x 142B)
Class kotlin.time.Duration$Companion                                                  : loaded 2 times (x 71B)
Class kotlin.reflect.jvm.internal.KDeclarationContainerImpl                           : loaded 2 times (x 84B)
Class kotlin.coroutines.intrinsics.IntrinsicsKt__IntrinsicsKt                         : loaded 2 times (x 71B)
Class kotlin.text.RegexKt                                                             : loaded 2 times (x 71B)
Class kotlin.reflect.jvm.internal.KProperty1Impl$$Lambda$1                            : loaded 2 times (x 76B)
Class com.google.common.collect.ImmutableMultimap$Values                              : loaded 2 times (x 126B)
Class com.google.common.cache.LocalCache$LocalManualCache$1                           : loaded 2 times (x 75B)
Class com.google.common.collect.Multimaps$CustomListMultimap                          : loaded 2 times (x 174B)
Class com.android.resources.HighDynamicRange                                          : loaded 2 times (x 86B)
Class com.android.ide.common.resources.configuration.NavigationStateQualifier         : loaded 2 times (x 90B)
Class com.android.utils.PositionXmlParser$SaxParserPool                               : loaded 2 times (x 79B)
Class kotlin.io.FilesKt__UtilsKt                                                      : loaded 2 times (x 71B)
Class kotlin.collections.CollectionsKt__CollectionsJVMKt                              : loaded 2 times (x 71B)
Class [Lcom.android.prefs.Global;                                                     : loaded 2 times (x 69B)
Class kotlin.jvm.functions.Function20                                                 : loaded 2 times (x 70B)
Class com.android.ide.common.resources.configuration.SmallestScreenWidthQualifier     : loaded 2 times (x 88B)
Class com.google.common.collect.Multimaps$CustomSetMultimap                           : loaded 2 times (x 178B)
Class org.gradle.api.internal.classpath.DefaultModuleRegistry                         : loaded 2 times (x 86B)
Class com.google.common.collect.LinkedHashMultimap$ValueSetLink                       : loaded 2 times (x 70B)
Class [Lcom.android.resources.Keyboard;                                               : loaded 2 times (x 69B)
Class com.android.resources.ScreenRatio                                               : loaded 2 times (x 86B)
Class [Lcom.android.ide.common.resources.configuration.ResourceQualifier;             : loaded 2 times (x 69B)
Class kotlin.collections.IndexedValue                                                 : loaded 2 times (x 72B)
Class kotlin.collections.builders.MapBuilder$Itr                                      : loaded 2 times (x 72B)
Class kotlin.KotlinVersionCurrentValue                                                : loaded 2 times (x 71B)
Class kotlin.reflect.jvm.internal.impl.name.SpecialNames                              : loaded 2 times (x 71B)
Class kotlin.reflect.jvm.internal.impl.builtins.functions.FunctionTypeKind$KFunction  : loaded 2 times (x 72B)
Class org.gradle.api.internal.ClassPathProvider                                       : loaded 2 times (x 70B)
Class kotlin.collections.CollectionsKt__IteratorsKt                                   : loaded 2 times (x 71B)
Class kotlin.sequences.SequencesKt                                                    : loaded 2 times (x 71B)
Class [Lorg.gradle.api.internal.ClassPathProvider;                                    : loaded 2 times (x 69B)
Class com.google.common.collect.Maps$ViewCachingAbstractMap                           : loaded 2 times (x 125B)
Class com.google.common.util.concurrent.ListenableFuture                              : loaded 2 times (x 70B)
Class com.google.common.cache.ReferenceEntry                                          : loaded 2 times (x 70B)
Class org.apache.commons.io.FilenameUtils                                             : loaded 2 times (x 71B)
Class com.google.common.io.CharSource$ConcatenatedCharSource                          : loaded 2 times (x 86B)
Class kotlin.text.StringsKt__StringNumberConversionsJVMKt                             : loaded 2 times (x 71B)
Class [Lcom.android.resources.ResourceFolderType;                                     : loaded 2 times (x 69B)
Class kotlin.jvm.internal.markers.KMutableSet                                         : loaded 2 times (x 70B)
Class kotlin.sequences.Sequence                                                       : loaded 2 times (x 70B)
Class com.android.tools.lint.model.LintModelSerialization                             : loaded 2 times (x 75B)
Class kotlin.text.StringsKt                                                           : loaded 2 times (x 71B)
Class com.google.common.util.concurrent.AbstractFuture                                : loaded 2 times (x 106B)
Class kotlin.coroutines.jvm.internal.RestrictedContinuationImpl                       : loaded 2 times (x 87B)
Class kotlin.coroutines.CoroutineContext$Key                                          : loaded 2 times (x 70B)
Class kotlin.LazyKt__LazyJVMKt                                                        : loaded 2 times (x 71B)
Class com.google.common.collect.ImmutableMultiset                                     : loaded 2 times (x 163B)
Class kotlin.text.MatchResult                                                         : loaded 2 times (x 70B)
Class org.objectweb.asm.RecordComponentVisitor                                        : loaded 2 times (x 77B)
Class com.google.common.cache.CacheLoader$SupplierToCacheLoader                       : loaded 2 times (x 75B)
Class com.android.ide.common.rendering.api.StyleableResourceValue                     : loaded 2 times (x 70B)
Class kotlin.jvm.internal.markers.KMutableList                                        : loaded 2 times (x 70B)
Class org.jetbrains.kotlin.cli.common.CompilerSystemProperties$value$1                : loaded 2 times (x 125B)
Class [Lkotlin.Pair;                                                                  : loaded 2 times (x 69B)
Class kotlin.io.FilesKt__FileReadWriteKt                                              : loaded 2 times (x 71B)
Class kotlin.text.MatchNamedGroupCollection                                           : loaded 2 times (x 70B)
Class kotlin.text.StringsKt__StringNumberConversionsKt                                : loaded 2 times (x 71B)
Class it.unimi.dsi.fastutil.ints.IntIterable                                          : loaded 2 times (x 70B)
Class org.gradle.internal.service.ServiceLookupException                              : loaded 2 times (x 82B)
Class com.google.common.collect.StandardTable                                         : loaded 2 times (x 124B)
Class com.google.common.base.CharMatcher$JavaLetter                                   : loaded 2 times (x 111B)
Class [Lcom.android.resources.ResourceEnum;                                           : loaded 2 times (x 69B)
Class it.unimi.dsi.fastutil.ints.IntSet                                               : loaded 2 times (x 70B)
Class kotlin.jvm.internal.MutablePropertyReference1Impl                               : loaded 2 times (x 137B)
Class org.jetbrains.kotlin.cli.common.CompilerSystemProperties$value$2                : loaded 2 times (x 125B)
Class [Lkotlin.sequences.Sequence;                                                    : loaded 2 times (x 69B)
Class com.android.tools.lint.model.LintModelBuildFeatures                             : loaded 2 times (x 70B)
Class com.google.common.collect.Lists$ReverseList                                     : loaded 2 times (x 200B)
Class [Lcom.google.common.cache.LocalCache$EntryFactory;                              : loaded 2 times (x 69B)
Class org.gradle.internal.classloader.ClassLoaderFactory                              : loaded 2 times (x 70B)
Class androidx.compose.lint.NamesKt                                                   : loaded 2 times (x 71B)
Class kotlin.reflect.jvm.internal.impl.builtins.PrimitiveType                         : loaded 2 times (x 79B)
Class kotlin.reflect.jvm.internal.KProperty1Impl$$Lambda$0                            : loaded 2 times (x 76B)
Class kotlin.reflect.jvm.internal.impl.builtins.jvm.JavaToKotlinClassMap$PlatformMutabilityMapping: loaded 2 times (x 72B)
Class org.apache.commons.io.CloseableURLConnection                                    : loaded 2 times (x 116B)
Class com.google.common.cache.LocalCache$LocalManualCache                             : loaded 2 times (x 99B)
Class org.gradle.internal.service.CachingServiceLocator                               : loaded 2 times (x 82B)
Class com.google.common.collect.LinkedHashMultimap$ValueEntry                         : loaded 2 times (x 89B)
Class com.android.ide.common.resources.configuration.ScreenDimensionQualifier         : loaded 2 times (x 89B)
Class kotlin.sequences.SequenceScope                                                  : loaded 2 times (x 73B)
Class it.unimi.dsi.fastutil.ints.IntListIterator                                      : loaded 2 times (x 70B)
Class kotlin.io.path.PathsKt__PathRecursiveFunctionsKt                                : loaded 2 times (x 71B)
Class it.unimi.dsi.fastutil.objects.AbstractObjectCollection                          : loaded 2 times (x 143B)
Class kotlin.collections.AbstractList$IteratorImpl                                    : loaded 2 times (x 82B)
Class com.android.ide.common.resources.configuration.EnumBasedResourceQualifier       : loaded 2 times (x 89B)
Class kotlin.collections.AbstractList$SubList                                         : loaded 2 times (x 198B)
Class kotlin.jvm.internal.CallableReference                                           : loaded 2 times (x 106B)
Class com.google.common.collect.AbstractMapBasedMultimap$KeySet                       : loaded 2 times (x 137B)
Class [Lcom.google.common.collect.HashBiMap$BiEntry;                                  : loaded 2 times (x 69B)
Class kotlin.collections.builders.MapBuilder$EntryRef                                 : loaded 2 times (x 81B)
Class com.google.common.collect.LinkedHashMultimapGwtSerializationDependencies        : loaded 2 times (x 174B)
Class kotlin.properties.ReadOnlyProperty                                              : loaded 2 times (x 70B)
Class kotlin.reflect.jvm.internal.impl.descriptors.runtime.structure.ReflectClassUtilKt: loaded 2 times (x 71B)
Class kotlin.jvm.internal.markers.KMutableMap                                         : loaded 2 times (x 70B)
Class kotlin.ranges.IntRange                                                          : loaded 2 times (x 93B)
Class org.gradle.api.internal.DefaultClassPathProvider                                : loaded 2 times (x 76B)
Class com.google.common.collect.ImmutableSet$SerializedForm                           : loaded 2 times (x 73B)
Class com.android.prefs.LocationValue                                                 : loaded 2 times (x 70B)
Class kotlin.jvm.internal.ArrayIteratorKt                                             : loaded 2 times (x 71B)
Class kotlin.enums.EnumEntries                                                        : loaded 2 times (x 70B)
Class com.google.common.collect.ImmutableMultimap                                     : loaded 2 times (x 147B)
Class com.android.ide.common.gradle.Numeric                                           : loaded 2 times (x 77B)
Class com.android.ide.common.rendering.api.ArrayResourceValueImpl                     : loaded 2 times (x 123B)
Class [Lkotlin.reflect.KCallable;                                                     : loaded 2 times (x 69B)
Class kotlin.jvm.internal.markers.KMutableListIterator                                : loaded 2 times (x 70B)
Class [Lorg.jetbrains.kotlin.cli.common.CompilerSystemProperties;                     : loaded 2 times (x 69B)
Class com.google.gson.JsonParseException                                              : loaded 2 times (x 82B)
Class com.android.tools.lint.model.DefaultLintModelJavaLibrary                        : loaded 2 times (x 103B)
Class com.android.prefs.PathLocator                                                   : loaded 2 times (x 73B)
Class org.apache.commons.io.output.AbstractByteArrayOutputStream                      : loaded 2 times (x 102B)
Class com.google.common.cache.CacheBuilder$OneWeigher                                 : loaded 2 times (x 82B)
Class [Lcom.android.resources.ScreenSize;                                             : loaded 2 times (x 69B)
Class com.android.ide.common.resources.configuration.ScreenRoundQualifier             : loaded 2 times (x 91B)
Class com.android.ide.common.resources.configuration.KeyboardStateQualifier           : loaded 2 times (x 90B)
Class com.android.builder.model.MavenCoordinates                                      : loaded 2 times (x 70B)
Class com.android.Version                                                             : loaded 2 times (x 71B)
Class kotlin.reflect.jvm.internal.KDeclarationContainerImpl$Companion                 : loaded 2 times (x 71B)
Class com.android.sdklib.AndroidVersion                                               : loaded 2 times (x 75B)
Class com.android.tools.lint.model.LintModelLibraryResolver                           : loaded 2 times (x 70B)
Class kotlin.text.MatchResult$DefaultImpls                                            : loaded 2 times (x 71B)
Class com.android.tools.lint.model.LintModelSerialization$LintModelSerializationAdapter: loaded 2 times (x 70B)
Class org.gradle.internal.classloader.ClasspathUtil                                   : loaded 2 times (x 71B)
Class [Lcom.android.resources.Navigation;                                             : loaded 2 times (x 69B)
Class com.android.utils.PositionXmlParser$SaxParserFactoryFunction                    : loaded 2 times (x 70B)
Class kotlin.jvm.internal.PropertyReference0                                          : loaded 2 times (x 127B)
Class it.unimi.dsi.fastutil.Hash                                                      : loaded 2 times (x 70B)
Class kotlin.sequences.EmptySequence                                                  : loaded 2 times (x 78B)
Class com.google.common.util.concurrent.Uninterruptibles                              : loaded 2 times (x 71B)
Class kotlin.reflect.KProperty$Accessor                                               : loaded 2 times (x 70B)
Class kotlin.sequences.DistinctSequence                                               : loaded 2 times (x 75B)
Class com.google.common.collect.HashBasedTable$Factory                                : loaded 2 times (x 79B)
Class kotlin.reflect.jvm.internal.impl.builtins.functions.FunctionTypeKind$KSuspendFunction: loaded 2 times (x 72B)
Class kotlin.reflect.jvm.internal.KClassImpl$$Lambda$0                                : loaded 2 times (x 76B)
Class kotlin.jvm.internal.DefaultConstructorMarker                                    : loaded 2 times (x 71B)
Class kotlin.reflect.full.IllegalCallableAccessException                              : loaded 2 times (x 82B)
Class kotlin.jvm.internal.PropertyReference1                                          : loaded 2 times (x 127B)
Class it.unimi.dsi.fastutil.ints.IntList                                              : loaded 2 times (x 70B)
Class com.android.tools.lint.model.LintModelNamespacingMode                           : loaded 2 times (x 79B)
Class com.android.utils.StdLogger                                                     : loaded 2 times (x 86B)
Class kotlin.reflect.jvm.internal.KCallableImpl                                       : loaded 2 times (x 105B)
Class com.google.common.collect.AbstractMapBasedMultimap$WrappedSet                   : loaded 2 times (x 142B)
Class com.google.common.util.concurrent.LazyLogger                                    : loaded 2 times (x 72B)
Class org.gradle.api.specs.Spec                                                       : loaded 2 times (x 70B)
Class com.android.ide.common.rendering.api.StyleResourceValueImpl                     : loaded 2 times (x 119B)
Class com.android.ide.common.resources.configuration.GrammaticalGenderQualifier       : loaded 2 times (x 91B)
Class kotlin.reflect.jvm.internal.impl.builtins.functions.FunctionTypeKind$Function   : loaded 2 times (x 72B)
Class kotlin.jvm.internal.AdaptedFunctionReference                                    : loaded 2 times (x 77B)
Class kotlin.reflect.jvm.internal.CachesKt$$Lambda$0                                  : loaded 2 times (x 75B)
Class kotlin.jvm.internal.MutablePropertyReference                                    : loaded 2 times (x 119B)
Class kotlin.jvm.internal.PropertyReference2                                          : loaded 2 times (x 127B)
Class kotlin.UnsafeLazyImpl                                                           : loaded 2 times (x 76B)
Class kotlin.LazyKt__LazyJVMKt$WhenMappings                                           : loaded 2 times (x 71B)
Class com.android.tools.lint.model.LintModelExternalLibrary                           : loaded 2 times (x 70B)
Class org.apache.commons.io.file.PathFilter                                           : loaded 2 times (x 70B)
Class com.android.resources.Keyboard                                                  : loaded 2 times (x 86B)
Class com.android.ide.common.resources.configuration.ScreenWidthQualifier             : loaded 2 times (x 88B)
Class [Lkotlin.reflect.jvm.internal.impl.builtins.jvm.JavaToKotlinClassMap$PlatformMutabilityMapping;: loaded 2 times (x 69B)
Class kotlin.reflect.jvm.internal.CachesKt$$Lambda$1                                  : loaded 2 times (x 75B)
Class kotlin.reflect.full.IllegalPropertyDelegateAccessException                      : loaded 2 times (x 82B)
Class kotlin.LazyThreadSafetyMode                                                     : loaded 2 times (x 79B)
Class it.unimi.dsi.fastutil.HashCommon                                                : loaded 2 times (x 71B)
Class com.android.tools.lint.model.LintModelVariant                                   : loaded 2 times (x 70B)
Class kotlin.jvm.internal.ArrayIterator                                               : loaded 2 times (x 79B)
Class com.google.common.cache.LocalCache$LoadingValueReference                        : loaded 2 times (x 96B)
Class com.android.ide.common.resources.configuration.NavigationMethodQualifier        : loaded 2 times (x 90B)
Class com.android.resources.WideGamutColor                                            : loaded 2 times (x 86B)
Class com.android.ide.common.resources.configuration.ScreenSizeQualifier              : loaded 2 times (x 92B)
Class kotlin.jvm.internal.SpreadBuilder                                               : loaded 2 times (x 76B)
Class com.android.utils.PositionXmlParser$DomBuilder                                  : loaded 2 times (x 148B)
Class kotlin.reflect.jvm.internal.CachesKt$$Lambda$2                                  : loaded 2 times (x 75B)
Class kotlin.collections.EmptyIterator                                                : loaded 2 times (x 89B)
Class kotlin.SynchronizedLazyImpl                                                     : loaded 2 times (x 76B)
Class [Lcom.android.tools.lint.model.LintModelArtifactType;                           : loaded 2 times (x 69B)
Class com.android.tools.lint.model.LintModelMavenName                                 : loaded 2 times (x 70B)
Class kotlin.text.StringsKt__RegexExtensionsKt                                        : loaded 2 times (x 71B)
Class com.android.ide.common.rendering.api.PluralsResourceValueImpl                   : loaded 2 times (x 117B)
Class com.google.common.reflect.Invokable$MethodInvokable                             : loaded 2 times (x 107B)
Class com.google.common.collect.Multimaps$Entries                                     : loaded 2 times (x 118B)
Class com.google.common.io.LineReader$1                                               : loaded 2 times (x 75B)
Class com.google.common.collect.MapMakerInternalMap$StrongKeyDummyValueEntry          : loaded 2 times (x 82B)
Class com.google.common.collect.AbstractMapBasedMultimap$AsMap                        : loaded 2 times (x 128B)
Class com.android.ide.common.rendering.api.TextResourceValue                          : loaded 2 times (x 70B)
Class org.apache.commons.io.output.StringBuilderWriter                                : loaded 2 times (x 100B)
Class kotlin.reflect.jvm.internal.KMutableProperty1Impl$$Lambda$0                     : loaded 2 times (x 76B)
Class kotlin.coroutines.jvm.internal.RestrictedSuspendLambda                          : loaded 2 times (x 91B)
Class kotlin.reflect.jvm.internal.CachesKt$$Lambda$3                                  : loaded 2 times (x 75B)
Class com.android.tools.lint.model.LintModelLibrary                                   : loaded 2 times (x 70B)
Class kotlin.sequences.SequencesKt__SequencesJVMKt                                    : loaded 2 times (x 71B)
Class [Lorg.apache.commons.io.StandardLineSeparator;                                  : loaded 2 times (x 69B)
Class kotlin.collections.AbstractList                                                 : loaded 2 times (x 197B)
Class kotlin.collections.AbstractCollection                                           : loaded 2 times (x 117B)
Class [Lorg.objectweb.asm.AnnotationWriter;                                           : loaded 2 times (x 69B)
Class kotlin.collections.ArraysKt___ArraysKt$asIterable$$inlined$Iterable$1           : loaded 2 times (x 79B)
Class kotlin.text.StringsKt__AppendableKt                                             : loaded 2 times (x 71B)
Class [Lcom.android.resources.KeyboardState;                                          : loaded 2 times (x 69B)
Class kotlin.coroutines.ContinuationInterceptor                                       : loaded 2 times (x 70B)
Class kotlin.Triple                                                                   : loaded 2 times (x 72B)
Class kotlin.sequences.SequencesKt__SequenceBuilderKt$sequence$$inlined$Sequence$1    : loaded 2 times (x 75B)
Class kotlin.reflect.jvm.internal.CachesKt$$Lambda$4                                  : loaded 2 times (x 75B)
Class kotlin.collections.ArrayAsCollection                                            : loaded 2 times (x 105B)
Class kotlin.LazyKt__LazyKt                                                           : loaded 2 times (x 71B)
Class kotlin.text.Regex                                                               : loaded 2 times (x 72B)
Class com.android.utils.EnvironmentProvider                                           : loaded 2 times (x 70B)
Class kotlin.text.StringsKt__StringBuilderJVMKt                                       : loaded 2 times (x 71B)
Class org.gradle.api.internal.classpath.EffectiveClassPath                            : loaded 2 times (x 90B)
Class com.google.common.collect.Lists$ReverseList$1                                   : loaded 2 times (x 99B)
Class com.google.common.cache.LocalCache$StrongValueReference                         : loaded 2 times (x 90B)
Class com.google.common.collect.RegularImmutableBiMap$Inverse                         : loaded 2 times (x 143B)
Class kotlin.sequences.SequencesKt___SequencesKt$flatMap$2                            : loaded 2 times (x 125B)
Class it.unimi.dsi.fastutil.ints.AbstractIntSet                                       : loaded 2 times (x 233B)
Class [Lcom.android.ide.common.repository.AgpVersion$PreviewKind;                     : loaded 2 times (x 69B)
Class kotlin.jvm.internal.ReflectionFactory                                           : loaded 2 times (x 91B)
Class kotlin.jvm.internal.Ref$ObjectRef                                               : loaded 2 times (x 72B)
Class kotlin.UNINITIALIZED_VALUE                                                      : loaded 2 times (x 71B)
Class org.gradle.internal.classloader.VisitableURLClassLoader$InstrumentingVisitableURLClassLoader: loaded 2 times (x 123B)
Class com.android.ide.common.rendering.api.TextResourceValueImpl                      : loaded 2 times (x 109B)
Class com.google.common.collect.MapMakerInternalMap$AbstractWeakKeyEntry              : loaded 2 times (x 87B)
Class it.unimi.dsi.fastutil.ints.Int2ObjectMap                                        : loaded 2 times (x 70B)
Class [Lkotlin.reflect.jvm.internal.impl.resolve.jvm.JvmPrimitiveType;                : loaded 2 times (x 69B)
Class kotlin.jvm.internal.ClassBasedDeclarationContainer                              : loaded 2 times (x 70B)
Class kotlin.coroutines.CoroutineContext$Element$DefaultImpls                         : loaded 2 times (x 71B)
Class kotlin.coroutines.Continuation                                                  : loaded 2 times (x 70B)
Class kotlin.reflect.jvm.internal.KProperty1Impl                                      : loaded 2 times (x 128B)
Class kotlin.ranges.RangesKt__RangesKt                                                : loaded 2 times (x 71B)
Class com.android.tools.lint.model.LintModelArtifactType                              : loaded 2 times (x 79B)
Class kotlin.collections.SetsKt___SetsKt                                              : loaded 2 times (x 71B)
Class kotlin.sequences.SequencesKt__SequencesKt                                       : loaded 2 times (x 71B)
Class kotlin.comparisons.ComparisonsKt__ComparisonsKt                                 : loaded 2 times (x 71B)
Class org.apache.commons.io.FileUtils                                                 : loaded 2 times (x 71B)
Class com.google.common.collect.MapMakerInternalMap$StrongKeyDummyValueEntry$Helper   : loaded 2 times (x 79B)
Class org.objectweb.asm.ByteVector                                                    : loaded 2 times (x 79B)
Class [Lcom.google.common.cache.CacheBuilder$NullListener;                            : loaded 2 times (x 69B)
Class org.gradle.internal.classloader.VisitableURLClassLoader$Spec                    : loaded 2 times (x 74B)
Class org.gradle.internal.classpath.DefaultClassPath                                  : loaded 2 times (x 90B)
Class it.unimi.dsi.fastutil.ints.IntArrays                                            : loaded 2 times (x 71B)
Class kotlin.Result$Companion                                                         : loaded 2 times (x 71B)
Class kotlin.coroutines.jvm.internal.BaseContinuationImpl                             : loaded 2 times (x 87B)
Class it.unimi.dsi.fastutil.Hash$Strategy                                             : loaded 2 times (x 70B)
Class kotlin.text.MatchGroup                                                          : loaded 2 times (x 72B)
Class kotlin.sequences.FilteringSequence                                              : loaded 2 times (x 75B)
Class com.android.tools.lint.model.LintModelDependencies                              : loaded 2 times (x 70B)
Class kotlin.text.CharsKt__CharJVMKt                                                  : loaded 2 times (x 71B)
Class kotlin.comparisons.ComparisonsKt                                                : loaded 2 times (x 71B)
Class kotlin.comparisons.ComparisonsKt___ComparisonsKt                                : loaded 2 times (x 71B)
Class com.android.ide.common.rendering.api.ResourceNamespace$AaptNamespace            : loaded 2 times (x 80B)
Class org.objectweb.asm.Symbol                                                        : loaded 2 times (x 73B)
Class com.android.utils.PositionXmlParser$ParserFactoryFunction                       : loaded 2 times (x 70B)
Class com.android.ide.common.resources.configuration.ScreenHeightQualifier            : loaded 2 times (x 88B)
Class kotlin.reflect.KType                                                            : loaded 2 times (x 70B)
Class org.gradle.internal.classloader.ClassLoaderVisitor                              : loaded 2 times (x 76B)
Class org.apache.commons.io.file.PathUtils                                            : loaded 2 times (x 71B)
Class [Lcom.google.common.collect.AbstractIterator$State;                             : loaded 2 times (x 69B)
Class com.google.common.io.Java8Compatibility                                         : loaded 2 times (x 71B)
Class org.gradle.internal.classloader.ClassLoaderSpec                                 : loaded 2 times (x 71B)
Class kotlin.collections.AbstractList$Companion                                       : loaded 2 times (x 71B)
Class com.google.common.collect.AbstractMapBasedMultimap$1                            : loaded 2 times (x 84B)
Class com.google.common.collect.CollectCollectors$EnumSetAccumulator                  : loaded 2 times (x 72B)
Class com.android.ide.common.rendering.api.ResourceNamespace                          : loaded 2 times (x 80B)
Class it.unimi.dsi.fastutil.ints.IntArrays$ForkJoinQuickSortComp                      : loaded 2 times (x 96B)
Class kotlin.reflect.jvm.internal.ReflectProperties$Val$1                             : loaded 2 times (x 71B)
Class kotlin.text.DelimitedRangesSequence                                             : loaded 2 times (x 75B)
Class com.android.tools.lint.model.LintModelSerialization$LintModelSerializationFileAdapter: loaded 2 times (x 87B)
Class kotlin.collections.CollectionsKt___CollectionsJvmKt                             : loaded 2 times (x 71B)
Class com.android.prefs.VariableType                                                  : loaded 2 times (x 79B)
Class kotlin.jvm.internal.FunctionReferenceImpl                                       : loaded 2 times (x 122B)
Class org.objectweb.asm.AnnotationWriter                                              : loaded 2 times (x 79B)
Class com.google.common.cache.CacheStats                                              : loaded 2 times (x 71B)
Class it.unimi.dsi.fastutil.objects.AbstractObject2IntMap                             : loaded 2 times (x 239B)
Class com.google.common.collect.MapMakerInternalMap$WeakKeyStrongValueEntry$LinkedWeakKeyStrongValueEntry: loaded 2 times (x 90B)
Class kotlin.time.DurationKt                                                          : loaded 2 times (x 71B)
Class kotlin.jdk7.AutoCloseableKt                                                     : loaded 2 times (x 71B)
Class com.android.resources.ResourceType                                              : loaded 2 times (x 79B)
Class com.android.utils.EnvironmentProvider$DirectEnvironmentProvider                 : loaded 2 times (x 80B)
Class kotlin.jvm.internal.markers.KMutableIterable                                    : loaded 2 times (x 70B)
Class kotlin.TuplesKt                                                                 : loaded 2 times (x 71B)
Class kotlin.Unit                                                                     : loaded 2 times (x 71B)
Class kotlin.sequences.SequencesKt___SequencesKt                                      : loaded 2 times (x 71B)
Class kotlin.sequences.SequencesKt___SequencesJvmKt                                   : loaded 2 times (x 71B)
Class com.android.tools.lint.model.PathVariables                                      : loaded 2 times (x 72B)
Class kotlin.text.MatcherMatchResult$groupValues$1                                    : loaded 2 times (x 198B)
Class com.google.common.collect.AbstractMapBasedMultimap$2                            : loaded 2 times (x 85B)
Class com.google.common.collect.ImmutableMultisetGwtSerializationDependencies         : loaded 2 times (x 125B)
Class com.google.common.collect.Interners                                             : loaded 2 times (x 71B)
Class org.objectweb.asm.RecordComponentWriter                                         : loaded 2 times (x 78B)
Class com.google.common.util.concurrent.AbstractFuture$Listener                       : loaded 2 times (x 72B)
Class com.google.common.collect.StandardTable$CellIterator                            : loaded 2 times (x 83B)
Class org.jetbrains.kotlin.cli.jvm.compiler.KotlinCoreEnvironment$Companion           : loaded 2 times (x 71B)
Class kotlin.reflect.jvm.internal.KPropertyImpl$$Lambda$1                             : loaded 2 times (x 76B)
Class kotlin.KotlinVersion$Companion                                                  : loaded 2 times (x 71B)
Class com.android.ide.common.gradle.Version$Companion$ParseState                      : loaded 2 times (x 70B)
Class kotlin.ranges.RangesKt                                                          : loaded 2 times (x 71B)
Class org.gradle.internal.classloader.VisitableURLClassLoader                         : loaded 2 times (x 117B)
Class [Lkotlin.DeprecationLevel;                                                      : loaded 2 times (x 69B)
Class [Lcom.android.resources.ScreenRound;                                            : loaded 2 times (x 69B)
Class it.unimi.dsi.fastutil.objects.Object2IntMap                                     : loaded 2 times (x 70B)
Class kotlin.sequences.GeneratorSequence                                              : loaded 2 times (x 75B)
Class kotlin.reflect.jvm.internal.KClassImpl                                          : loaded 2 times (x 115B)
Class kotlin.collections.ArraysUtilJVM                                                : loaded 2 times (x 71B)
Class kotlin.jvm.functions.Function0                                                  : loaded 2 times (x 70B)
Class com.android.ide.common.repository.AgpVersion$Companion                          : loaded 2 times (x 71B)
Class kotlin.sequences.FlatteningSequence$iterator$1                                  : loaded 2 times (x 79B)
Class com.android.prefs.AbstractAndroidLocations                                      : loaded 2 times (x 82B)
Class com.google.common.io.CharSource$AsByteSource                                    : loaded 2 times (x 85B)
Class com.google.common.collect.ImmutableList$SerializedForm                          : loaded 2 times (x 73B)
Class org.gradle.internal.Cast                                                        : loaded 2 times (x 71B)
Class org.gradle.api.Action                                                           : loaded 2 times (x 70B)
Class kotlin.jvm.internal.FloatCompanionObject                                        : loaded 2 times (x 71B)
Class com.google.common.collect.HashBiMap                                             : loaded 2 times (x 143B)
Class kotlin.properties.ReadWriteProperty                                             : loaded 2 times (x 70B)
Class org.gradle.internal.classloader.DefaultClassLoaderFactory                       : loaded 2 times (x 82B)
Class com.android.ide.common.resources.configuration.ResourceQualifier                : loaded 2 times (x 88B)
Class it.unimi.dsi.fastutil.ints.IntArrays$ArrayHashStrategy                          : loaded 2 times (x 75B)
Class kotlin.collections.AbstractMutableList                                          : loaded 2 times (x 206B)
Class kotlin.reflect.jvm.internal.impl.name.ClassId$Companion                         : loaded 2 times (x 71B)
Class kotlin.reflect.jvm.internal.impl.load.java.JvmAnnotationNames                   : loaded 2 times (x 71B)
Class org.jetbrains.kotlin.cli.common.messages.GradleStyleMessageRenderer             : loaded 2 times (x 78B)
Class com.android.ide.common.gradle.Version$Companion                                 : loaded 2 times (x 71B)
Class com.android.tools.lint.model.DefaultLintModelMavenName                          : loaded 2 times (x 85B)
Class kotlin.jvm.functions.Function1                                                  : loaded 2 times (x 70B)
Class com.google.common.base.Suppliers                                                : loaded 2 times (x 71B)
Class [Lcom.google.common.cache.CacheBuilder$OneWeigher;                              : loaded 2 times (x 69B)
Class org.objectweb.asm.Handler                                                       : loaded 2 times (x 72B)
Class com.google.common.base.Ticker                                                   : loaded 2 times (x 72B)
Class kotlin.jvm.internal.markers.KMutableIterator                                    : loaded 2 times (x 70B)
Class com.android.SdkConstants                                                        : loaded 2 times (x 71B)
Class kotlin.reflect.jvm.internal.KClassImpl$Data$$Lambda$10                          : loaded 2 times (x 76B)
Class kotlin.reflect.jvm.internal.KDeclarationContainerImpl$Data$$Lambda$0            : loaded 2 times (x 76B)
Class org.objectweb.asm.MethodTooLargeException                                       : loaded 2 times (x 83B)
Class com.google.common.collect.MapMakerInternalMap$StrongKeyDummyValueEntry$LinkedStrongKeyDummyValueEntry: loaded 2 times (x 82B)
Class kotlin.jvm.functions.Function2                                                  : loaded 2 times (x 70B)
Class kotlin.KotlinNothingValueException                                              : loaded 2 times (x 82B)
Class [Lcom.google.common.cache.LocalCache$Segment;                                   : loaded 2 times (x 69B)
Class [Lcom.google.common.cache.LocalCache$Strength;                                  : loaded 2 times (x 69B)
Class com.google.common.cache.CacheBuilder$1                                          : loaded 2 times (x 85B)
Class org.gradle.internal.classpath.DefaultClassPath$ImmutableUniqueList$Builder      : loaded 2 times (x 75B)
Class com.google.common.collect.RowSortedTable                                        : loaded 2 times (x 70B)
Class com.android.resources.GrammaticalGender                                         : loaded 2 times (x 86B)
Class com.android.ide.common.resources.configuration.DensityQualifier                 : loaded 2 times (x 89B)
Class com.android.tools.lint.model.LintModelModule                                    : loaded 2 times (x 70B)
Class com.google.gson.JsonSyntaxException                                             : loaded 2 times (x 82B)
Class org.jetbrains.kotlin.utils.exceptions.KotlinExceptionWithAttachments            : loaded 2 times (x 70B)
Class kotlin.reflect.jvm.internal.KClassImpl$Data$$Lambda$11                          : loaded 2 times (x 76B)
Class kotlin.reflect.jvm.internal.KDeclarationContainerImpl$Data                      : loaded 2 times (x 72B)
Class kotlin.jvm.functions.Function3                                                  : loaded 2 times (x 70B)
Class kotlin.collections.MapsKt___MapsJvmKt                                           : loaded 2 times (x 71B)
Class [Lcom.android.prefs.LocationValue;                                              : loaded 2 times (x 69B)
Class kotlin.io.LinesSequence                                                         : loaded 2 times (x 75B)
Class com.google.common.cache.LocalCache                                              : loaded 2 times (x 187B)
Class com.google.common.cache.CacheBuilder$2                                          : loaded 2 times (x 79B)
Class [Lkotlin.reflect.KClass;                                                        : loaded 2 times (x 69B)
Class it.unimi.dsi.fastutil.objects.AbstractObject2IntFunction                        : loaded 2 times (x 119B)
Class kotlin.reflect.jvm.internal.impl.name.FqName                                    : loaded 2 times (x 72B)
Class kotlin.reflect.jvm.internal.KPropertyImpl$$Lambda$0                             : loaded 2 times (x 76B)
Class kotlin.annotation.Target                                                        : loaded 2 times (x 70B)
Class kotlin.reflect.jvm.internal.impl.builtins.PrimitiveType$Companion               : loaded 2 times (x 71B)
Class kotlin.jvm.functions.Function4                                                  : loaded 2 times (x 70B)
Class kotlin.reflect.jvm.internal.KClassImpl$Data$$Lambda$12                          : loaded 2 times (x 76B)
Class kotlin.reflect.jvm.internal.KClassImpl$Data                                     : loaded 2 times (x 72B)
Class kotlin.collections.EmptySet                                                     : loaded 2 times (x 122B)
Class kotlin.collections.CollectionsKt___CollectionsKt                                : loaded 2 times (x 71B)
Class com.google.common.cache.CacheBuilder$3                                          : loaded 2 times (x 72B)
Class org.gradle.api.GradleException                                                  : loaded 2 times (x 82B)
Class com.google.common.collect.HashBasedTable                                        : loaded 2 times (x 124B)
Class [Lcom.android.resources.LayoutDirection;                                        : loaded 2 times (x 69B)
Class com.android.ide.common.resources.ResourceMergerItem$1                           : loaded 2 times (x 123B)
Class com.android.ide.common.resources.configuration.FolderConfiguration              : loaded 2 times (x 75B)
Class kotlin.annotation.Retention                                                     : loaded 2 times (x 70B)
Class kotlin.jvm.functions.Function5                                                  : loaded 2 times (x 70B)
Class kotlin.reflect.jvm.internal.KClassImpl$Data$$Lambda$13                          : loaded 2 times (x 76B)
Class com.android.ide.common.resources.configuration.LayoutDirectionQualifier         : loaded 2 times (x 91B)
Class com.android.ide.common.gradle.Version                                           : loaded 2 times (x 75B)
Class kotlin.reflect.KDeclarationContainer                                            : loaded 2 times (x 70B)
Class kotlin.text.StringsKt___StringsJvmKt                                            : loaded 2 times (x 71B)
Class com.google.common.base.Suppliers$MemoizingSupplier                              : loaded 2 times (x 79B)
Class com.google.common.io.CharSource$EmptyCharSource                                 : loaded 2 times (x 86B)
Class org.apache.commons.io.StandardLineSeparator                                     : loaded 2 times (x 79B)
Class com.google.common.collect.ForwardingMap                                         : loaded 2 times (x 132B)
Class com.google.common.collect.AbstractTable$CellSet                                 : loaded 2 times (x 136B)
Class com.android.ide.common.resources.ResourceMergerItem$2                           : loaded 2 times (x 117B)
Class com.android.ide.common.resources.ResourceItem                                   : loaded 2 times (x 70B)
Class com.android.resources.FolderTypeRelationship                                    : loaded 2 times (x 71B)
Class [Lorg.objectweb.asm.Symbol;                                                     : loaded 2 times (x 69B)
Class kotlin.jvm.functions.Function6                                                  : loaded 2 times (x 70B)
Class kotlin.reflect.jvm.internal.KClassImpl$Data$$Lambda$14                          : loaded 2 times (x 76B)
Class kotlin.reflect.jvm.internal.KTypeParameterOwnerImpl                             : loaded 2 times (x 70B)
Class kotlin.io.FilesKt                                                               : loaded 2 times (x 71B)
Class kotlin.collections.MapsKt___MapsKt                                              : loaded 2 times (x 71B)
Class kotlin.collections.ArraysKt___ArraysKt                                          : loaded 2 times (x 71B)
Class com.google.common.collect.TransformedListIterator                               : loaded 2 times (x 93B)
Class [Lcom.google.common.io.FileWriteMode;                                           : loaded 2 times (x 69B)
Class com.android.resources.NightMode                                                 : loaded 2 times (x 86B)
Class [Lcom.android.resources.UiMode;                                                 : loaded 2 times (x 69B)
Class [Lkotlin.time.DurationUnit;                                                     : loaded 2 times (x 69B)
Class org.apache.commons.io.function.IOFunction                                       : loaded 2 times (x 70B)
Class kotlin.jvm.functions.Function7                                                  : loaded 2 times (x 70B)
Class kotlin.reflect.jvm.internal.KClassImpl$Data$$Lambda$15                          : loaded 2 times (x 76B)
Class kotlin.reflect.jvm.internal.impl.name.Name                                      : loaded 2 times (x 75B)
Class kotlin.reflect.jvm.internal.KPropertyImpl$Companion                             : loaded 2 times (x 71B)
Class it.unimi.dsi.fastutil.objects.ObjectSet                                         : loaded 2 times (x 70B)
Class com.android.tools.lint.model.DefaultLintModelSourceProvider                     : loaded 2 times (x 83B)
Class kotlin.collections.MapsKt__MapWithDefaultKt                                     : loaded 2 times (x 71B)
Class [Lcom.android.prefs.VariableType;                                               : loaded 2 times (x 69B)
Class com.google.common.reflect.TypeCapture                                           : loaded 2 times (x 71B)
Class com.google.common.collect.Iterables$4                                           : loaded 2 times (x 81B)
Class com.google.common.collect.MapMakerInternalMap$StrongKeyDummyValueSegment        : loaded 2 times (x 142B)
Class com.google.common.cache.LocalCache$EntryFactory                                 : loaded 2 times (x 83B)
Class [Lkotlin.annotation.AnnotationRetention;                                        : loaded 2 times (x 69B)
Class it.unimi.dsi.fastutil.ints.IntArrays$ForkJoinQuickSortIndirect                  : loaded 2 times (x 96B)
Class kotlin.jvm.functions.Function8                                                  : loaded 2 times (x 70B)
Class kotlin.reflect.jvm.internal.KClassImpl$Data$$Lambda$16                          : loaded 2 times (x 76B)
Class kotlin.reflect.jvm.internal.impl.name.FqNameUnsafe                              : loaded 2 times (x 72B)
Class kotlin.collections.builders.MapBuilder$Companion                                : loaded 2 times (x 71B)
Class [Lcom.android.ide.common.gradle.Separator;                                      : loaded 2 times (x 69B)
Class com.android.prefs.QueryResult                                                   : loaded 2 times (x 82B)
Class kotlin.collections.CollectionsKt__MutableCollectionsJVMKt                       : loaded 2 times (x 71B)
Class com.google.common.base.CharMatcher$Whitespace                                   : loaded 2 times (x 112B)
Class com.google.common.base.Splitter$1$1                                             : loaded 2 times (x 86B)
Class kotlin.text.StringsKt___StringsKt                                               : loaded 2 times (x 71B)
Class kotlin.enums.EnumEntriesKt                                                      : loaded 2 times (x 71B)
Class com.google.common.reflect.TypeParameter                                         : loaded 2 times (x 72B)
Class [Lcom.google.common.collect.MapMaker$Dummy;                                     : loaded 2 times (x 69B)
Class com.google.common.cache.LocalCache$AbstractReferenceEntry                       : loaded 2 times (x 107B)
Class org.gradle.internal.IoActions                                                   : loaded 2 times (x 71B)
Class com.android.utils.ILogger                                                       : loaded 2 times (x 70B)
Class kotlin.annotation.MustBeDocumented                                              : loaded 2 times (x 70B)
Class com.android.utils.NullLogger                                                    : loaded 2 times (x 85B)
Class com.android.ide.common.resources.configuration.LocaleQualifier                  : loaded 2 times (x 89B)
Class org.jetbrains.kotlin.utils.KotlinExceptionWithAttachments                       : loaded 2 times (x 94B)
Class kotlin.io.path.PathsKt__PathReadWriteKt                                         : loaded 2 times (x 71B)
Class [Lkotlin.reflect.jvm.internal.impl.name.ClassId;                                : loaded 2 times (x 69B)
Class kotlin.jvm.functions.Function10                                                 : loaded 2 times (x 70B)
Class kotlin.jvm.functions.Function9                                                  : loaded 2 times (x 70B)
Class kotlin.reflect.jvm.internal.KClassImpl$Data$$Lambda$17                          : loaded 2 times (x 76B)
Class kotlin.reflect.jvm.internal.KCallableImpl$$Lambda$0                             : loaded 2 times (x 76B)
Class [Lkotlin.reflect.KClassifier;                                                   : loaded 2 times (x 69B)
Class kotlin.reflect.jvm.internal.EmptyContainerForLocal                              : loaded 2 times (x 84B)
Class [Lkotlin.LazyThreadSafetyMode;                                                  : loaded 2 times (x 69B)
Class it.unimi.dsi.fastutil.objects.AbstractObjectSet                                 : loaded 2 times (x 179B)
Class kotlin.sequences.TransformingSequence                                           : loaded 2 times (x 75B)
Class org.objectweb.asm.SymbolTable                                                   : loaded 2 times (x 72B)
Class com.google.common.cache.CacheLoader$InvalidCacheLoadException                   : loaded 2 times (x 82B)
Class org.gradle.internal.classloader.SystemClassLoaderSpec                           : loaded 2 times (x 71B)
Class [Lcom.android.resources.HighDynamicRange;                                       : loaded 2 times (x 69B)
Class com.android.ide.common.rendering.api.StyleableResourceValueImpl                 : loaded 2 times (x 111B)
Class com.google.common.collect.Queues                                                : loaded 2 times (x 71B)
Class kotlin.jvm.internal.PropertyReference0Impl                                      : loaded 2 times (x 127B)
Class kotlin.jvm.functions.Function11                                                 : loaded 2 times (x 70B)
Class kotlin.reflect.jvm.internal.KCallableImpl$$Lambda$1                             : loaded 2 times (x 76B)
Class kotlin.jvm.internal.markers.KMutableCollection                                  : loaded 2 times (x 70B)
Class kotlin.coroutines.intrinsics.IntrinsicsKt                                       : loaded 2 times (x 71B)
Class kotlin.ranges.IntRange$Companion                                                : loaded 2 times (x 71B)
Class kotlin.collections.EmptyMap                                                     : loaded 2 times (x 108B)
Class kotlin.text.MatcherMatchResult$groups$1                                         : loaded 2 times (x 151B)
Class kotlin.reflect.KAnnotatedElement                                                : loaded 2 times (x 70B)
Class kotlin.jvm.internal.Intrinsics                                                  : loaded 2 times (x 71B)
Class com.google.common.collect.FluentIterable                                        : loaded 2 times (x 81B)
Class com.google.common.cache.LocalCache$StrongEntry                                  : loaded 2 times (x 108B)
Class com.google.common.util.concurrent.AbstractFuture$TrustedFuture                  : loaded 2 times (x 114B)
Class com.google.common.cache.LoadingCache                                            : loaded 2 times (x 70B)
Class ijKotlinCoroutineJvmDebugInit1_a7st5spn14idh9pi9uyiatum9                        : loaded 2 times (x 179B)
Class it.unimi.dsi.fastutil.objects.ReferenceSet                                      : loaded 2 times (x 70B)
Class kotlin.sequences.TakeWhileSequence                                              : loaded 2 times (x 75B)
Class kotlin.collections.builders.ListBuilder$Itr                                     : loaded 2 times (x 94B)
Class com.android.utils.FileUtils                                                     : loaded 2 times (x 71B)
Class it.unimi.dsi.fastutil.BidirectionalIterator                                     : loaded 2 times (x 70B)
Class kotlin.jvm.functions.Function12                                                 : loaded 2 times (x 70B)
Class kotlin.reflect.jvm.internal.KCallableImpl$$Lambda$2                             : loaded 2 times (x 76B)
Class kotlin.coroutines.intrinsics.CoroutineSingletons                                : loaded 2 times (x 79B)
Class it.unimi.dsi.fastutil.objects.ObjectCollection                                  : loaded 2 times (x 70B)
Class kotlin.collections.MapsKt                                                       : loaded 2 times (x 71B)
Class com.android.tools.lint.model.DefaultLintModelModule                             : loaded 2 times (x 94B)
Class kotlin.collections.CollectionsKt__IterablesKt                                   : loaded 2 times (x 71B)
Class com.google.common.base.Suppliers$NonSerializableMemoizingSupplier               : loaded 2 times (x 79B)
Class [Lcom.google.common.cache.Weigher;                                              : loaded 2 times (x 69B)
Class com.google.common.collect.Tables$ImmutableCell                                  : loaded 2 times (x 82B)
Class com.android.ide.common.resources.configuration.ScreenRatioQualifier             : loaded 2 times (x 91B)
Class kotlin.sequences.SequenceBuilderIterator                                        : loaded 2 times (x 85B)
Class kotlin.jvm.functions.Function13                                                 : loaded 2 times (x 70B)
Class kotlin.reflect.jvm.internal.KCallableImpl$$Lambda$3                             : loaded 2 times (x 76B)
Class org.jetbrains.kotlin.cli.common.CompilerSystemProperties$Companion              : loaded 2 times (x 71B)
Class com.android.ide.common.gradle.Version$Companion$ParseState$EMPTY                : loaded 2 times (x 74B)
Class kotlin.ranges.OpenEndRange                                                      : loaded 2 times (x 70B)
Class kotlin.text.Charsets                                                            : loaded 2 times (x 71B)
Class kotlin.KotlinNullPointerException                                               : loaded 2 times (x 83B)
Class Build_gradle$1$1$1                                                              : loaded 2 times (x 78B)
Class com.google.common.collect.ImmutableMultimap$1                                   : loaded 2 times (x 82B)
Class com.android.tools.lint.model.DefaultLintModelAndroidArtifact                    : loaded 2 times (x 93B)
Class kotlin.jvm.functions.Function14                                                 : loaded 2 times (x 70B)
Class kotlin.reflect.jvm.internal.KCallableImpl$$Lambda$4                             : loaded 2 times (x 76B)
Class kotlin.ranges.RangesKt___RangesKt                                               : loaded 2 times (x 71B)
Class com.android.ide.common.repository.AgpVersion$Companion$WhenMappings             : loaded 2 times (x 71B)
Class kotlin.ranges.IntProgression$Companion                                          : loaded 2 times (x 71B)
Class kotlin.collections.builders.MapBuilder                                          : loaded 2 times (x 112B)
Class com.google.common.collect.ImmutableMultimap$2                                   : loaded 2 times (x 81B)
Class com.google.common.collect.AbstractIterator$State                                : loaded 2 times (x 79B)
Class com.google.common.cache.LocalCache$ValueReference                               : loaded 2 times (x 70B)
Class kotlin.jvm.internal.MutablePropertyReference2                                   : loaded 2 times (x 137B)
Class kotlin.reflect.jvm.internal.ReflectProperties$Val                               : loaded 2 times (x 74B)
Class org.gradle.api.internal.classpath.ManifestUtil                                  : loaded 2 times (x 71B)
Class kotlin.collections.ArrayDeque$Companion                                         : loaded 2 times (x 71B)
Class it.unimi.dsi.fastutil.ints.IntArrays$Segment                                    : loaded 2 times (x 71B)
Class it.unimi.dsi.fastutil.ints.IntBidirectionalIterator                             : loaded 2 times (x 70B)
Class kotlin.jvm.functions.Function15                                                 : loaded 2 times (x 70B)
Class kotlin.reflect.jvm.internal.KCallableImpl$$Lambda$5                             : loaded 2 times (x 76B)
Class kotlin.coroutines.jvm.internal.Boxing                                           : loaded 2 times (x 71B)
Class it.unimi.dsi.fastutil.ints.AbstractInt2ObjectMap                                : loaded 2 times (x 215B)
Class ijKotlinCoroutineJvmDebugInit1_a7st5spn14idh9pi9uyiatum9$_run_closure1          : loaded 2 times (x 139B)
Class com.android.tools.lint.model.LintModelAndroidLibrary                            : loaded 2 times (x 70B)
Class kotlin.text.CharsKt__CharKt                                                     : loaded 2 times (x 71B)
Class kotlin.collections.ArraysKt                                                     : loaded 2 times (x 71B)
Class com.google.common.util.concurrent.ExecutionError                                : loaded 2 times (x 82B)
Class com.google.common.util.concurrent.AbstractFuture$Failure                        : loaded 2 times (x 72B)
Class com.android.utils.StdLogger$Level                                               : loaded 2 times (x 79B)
Class [Lcom.android.resources.NightMode;                                              : loaded 2 times (x 69B)
Class com.android.ide.common.resources.DataFile                                       : loaded 2 times (x 83B)
Class com.android.ide.common.rendering.api.ResourceValueImpl                          : loaded 2 times (x 98B)
Class com.android.tools.lint.model.DefaultLintModelVariant$mainArtifact$2             : loaded 2 times (x 79B)
Class com.android.sdklib.IAndroidTarget                                               : loaded 2 times (x 70B)
Class kotlin.reflect.jvm.internal.KProperty0Impl                                      : loaded 2 times (x 128B)
Class kotlin.jvm.functions.Function16                                                 : loaded 2 times (x 70B)
Class kotlin.reflect.jvm.internal.CacheByClassKt                                      : loaded 2 times (x 71B)
Class kotlin.coroutines.EmptyCoroutineContext                                         : loaded 2 times (x 77B)
Class kotlin.LazyKt                                                                   : loaded 2 times (x 71B)
Class kotlin.collections.SetsKt__SetsKt                                               : loaded 2 times (x 71B)
Class kotlin.jvm.internal.MutablePropertyReference1                                   : loaded 2 times (x 137B)
Class [Lorg.apache.commons.io.file.DeleteOption;                                      : loaded 2 times (x 69B)
Class com.google.common.io.CharSink                                                   : loaded 2 times (x 79B)
Class com.google.common.collect.ImmutableSetMultimap                                  : loaded 2 times (x 180B)
Class org.objectweb.asm.CurrentFrame                                                  : loaded 2 times (x 73B)
Class org.objectweb.asm.ClassTooLargeException                                        : loaded 2 times (x 83B)
Class kotlin.SafePublicationLazyImpl$Companion                                        : loaded 2 times (x 71B)
Class kotlin.jvm.internal.PropertyReference1Impl                                      : loaded 2 times (x 127B)
Class kotlin.reflect.jvm.internal.KProperty0Impl$$Lambda$1                            : loaded 2 times (x 76B)
Class com.android.ide.common.blame.SourcePosition                                     : loaded 2 times (x 71B)
Class kotlin.InitializedLazyImpl                                                      : loaded 2 times (x 76B)
Class com.android.ide.common.resources.configuration.ScreenOrientationQualifier       : loaded 2 times (x 90B)
Class org.gradle.internal.classloader.ClassLoaderHierarchy                            : loaded 2 times (x 70B)
Class com.android.resources.ResourceFolderType                                        : loaded 2 times (x 79B)
Class com.google.common.io.FileWriteMode                                              : loaded 2 times (x 79B)
Class org.jetbrains.kotlin.cli.common.messages.MessageCollector$Companion$NONE$1      : loaded 2 times (x 76B)
Class kotlin.jvm.functions.Function17                                                 : loaded 2 times (x 70B)
Class com.android.ide.common.gradle.Version$Companion$ParseState$NUMERIC              : loaded 2 times (x 74B)
Class com.android.ide.common.repository.AgpVersion$PreviewKind                        : loaded 2 times (x 79B)
Class [Lcom.android.tools.lint.model.LintModelModuleType;                             : loaded 2 times (x 69B)
Class com.android.tools.lint.model.LintModelSerialization$LintModelSerializationFileAdapter$WhenMappings: loaded 2 times (x 71B)
Class kotlin.collections.ArraysKt__ArraysJVMKt                                        : loaded 2 times (x 71B)
Class kotlin.sequences.SequencesKt__SequenceBuilderKt                                 : loaded 2 times (x 71B)
Class kotlin.collections.CollectionsKt__ReversedViewsKt                               : loaded 2 times (x 71B)
Class org.objectweb.asm.Frame                                                         : loaded 2 times (x 73B)
Class com.google.common.cache.LocalCache$EntryFactory$1                               : loaded 2 times (x 83B)
Class [Lcom.google.common.cache.RemovalListener;                                      : loaded 2 times (x 69B)
Class kotlin.sequences.FilteringSequence$iterator$1                                   : loaded 2 times (x 79B)
Class com.google.common.collect.RegularImmutableBiMap$Inverse$InverseEntrySet         : loaded 2 times (x 152B)
Class [Lcom.android.resources.NavigationState;                                        : loaded 2 times (x 69B)
Class kotlin.io.FilesKt__FileTreeWalkKt                                               : loaded 2 times (x 71B)
Class kotlin.jvm.functions.Function18                                                 : loaded 2 times (x 70B)
Class kotlin.reflect.jvm.internal.CachesKt                                            : loaded 2 times (x 71B)
Class kotlin.jvm.internal.CallableReference$NoReceiver                                : loaded 2 times (x 71B)
Class kotlin.text.StringsKt__StringBuilderKt                                          : loaded 2 times (x 71B)
Class com.google.common.cache.LocalCache$EntryFactory$2                               : loaded 2 times (x 83B)
Class org.gradle.api.internal.classpath.GlobalCacheRootsProvider                      : loaded 2 times (x 70B)
Class kotlin.jvm.internal.CollectionToArray                                           : loaded 2 times (x 71B)
Class com.android.ide.common.rendering.api.AttrResourceValue                          : loaded 2 times (x 70B)
Class kotlin.jvm.internal.MutablePropertyReference0                                   : loaded 2 times (x 137B)
Class kotlin.reflect.jvm.internal.impl.builtins.CompanionObjectMapping                : loaded 2 times (x 71B)
Class kotlin.reflect.KMutableProperty$Setter                                          : loaded 2 times (x 70B)
Class it.unimi.dsi.fastutil.ints.IntArrays$ForkJoinQuickSort                          : loaded 2 times (x 96B)
Class kotlin.jvm.functions.Function19                                                 : loaded 2 times (x 70B)
Class kotlin.reflect.jvm.internal.impl.resolve.jvm.JvmClassName                       : loaded 2 times (x 75B)
Class kotlin.Lazy                                                                     : loaded 2 times (x 70B)
Class com.android.prefs.Global                                                        : loaded 2 times (x 80B)
Class kotlin.NoWhenBranchMatchedException                                             : loaded 2 times (x 82B)
Class it.unimi.dsi.fastutil.Stack                                                     : loaded 2 times (x 70B)
Class org.objectweb.asm.ModuleWriter                                                  : loaded 2 times (x 82B)
Class com.google.common.cache.LocalCache$EntryFactory$3                               : loaded 2 times (x 83B)
Class com.google.common.base.Ticker$1                                                 : loaded 2 times (x 72B)
Class kotlin.reflect.jvm.internal.KProperty0Impl$$Lambda$0                            : loaded 2 times (x 76B)
Class com.android.resources.TouchScreen                                               : loaded 2 times (x 86B)
Class com.android.ide.common.rendering.api.ResourceValue                              : loaded 2 times (x 70B)
Class org.gradle.internal.classloader.FilteringClassLoader                            : loaded 2 times (x 105B)
Class org.jetbrains.kotlin.cli.common.messages.MessageRenderer                        : loaded 2 times (x 70B)
Class [Lkotlin.jvm.functions.Function1;                                               : loaded 2 times (x 69B)
Class com.google.common.io.LineReader                                                 : loaded 2 times (x 72B)
Class com.google.common.cache.LocalCache$EntryFactory$4                               : loaded 2 times (x 83B)
Class kotlin.NotImplementedError                                                      : loaded 2 times (x 82B)
Class com.android.resources.ScreenOrientation                                         : loaded 2 times (x 86B)
Class com.android.ide.common.rendering.api.ArrayResourceValue                         : loaded 2 times (x 70B)
Class com.android.ide.common.resources.configuration.NightModeQualifier               : loaded 2 times (x 90B)
Class kotlin.sequences.ConstrainedOnceSequence                                        : loaded 2 times (x 75B)
Class it.unimi.dsi.fastutil.ints.AbstractInt2ObjectFunction                           : loaded 2 times (x 121B)
Class com.google.common.cache.LocalCache$EntryFactory$5                               : loaded 2 times (x 83B)
Class com.google.common.collect.Tables                                                : loaded 2 times (x 71B)
Class com.android.resources.LayoutDirection                                           : loaded 2 times (x 86B)
Class com.google.common.collect.MapMakerInternalMap$WeakKeyStrongValueSegment         : loaded 2 times (x 142B)
Class kotlin.time.Duration                                                            : loaded 2 times (x 74B)
Class [Lkotlin.reflect.KProperty;                                                     : loaded 2 times (x 69B)
Class kotlin.jvm.internal.markers.KMappedMarker                                       : loaded 2 times (x 70B)
Class kotlin.text.StringsKt__StringsKt                                                : loaded 2 times (x 71B)
Class org.apache.commons.io.output.AppendableWriter                                   : loaded 2 times (x 100B)
Class com.google.common.cache.LocalCache$EntryFactory$6                               : loaded 2 times (x 83B)
Class org.gradle.internal.installation.CurrentGradleInstallationLocator               : loaded 2 times (x 71B)
Class com.android.prefs.AndroidPathLocator                                            : loaded 2 times (x 73B)
Class kotlin.sequences.FlatteningSequence                                             : loaded 2 times (x 75B)
Class [Lcom.android.resources.ScreenOrientation;                                      : loaded 2 times (x 69B)
Class com.android.utils.PositionXmlParser$Position                                    : loaded 2 times (x 78B)
Class kotlin.text.MatcherMatchResult                                                  : loaded 2 times (x 80B)
Class com.android.tools.lint.model.DefaultLintModelDependencyGraph                    : loaded 2 times (x 78B)
Class com.android.tools.lint.model.DefaultLintModelLintOptions                        : loaded 2 times (x 103B)
Class kotlin.text.MatchGroupCollection                                                : loaded 2 times (x 70B)
Class com.google.common.collect.ImmutableMultimap$Builder                             : loaded 2 times (x 86B)
Class org.apache.commons.io.output.ThresholdingOutputStream                           : loaded 2 times (x 95B)
Class com.google.common.collect.Maps$KeySet                                           : loaded 2 times (x 137B)
Class com.google.common.cache.LocalCache$EntryFactory$7                               : loaded 2 times (x 83B)
Class org.gradle.internal.service.DefaultServiceLocator                               : loaded 2 times (x 83B)
Class com.android.resources.ScreenSize                                                : loaded 2 times (x 86B)
Class org.jetbrains.kotlin.util.capitalizeDecapitalize.CapitalizeDecapitalizeKt       : loaded 2 times (x 71B)
Class kotlin.reflect.KMutableProperty0                                                : loaded 2 times (x 70B)
Class kotlin.reflect.KClassifier                                                      : loaded 2 times (x 70B)
Class kotlin.coroutines.jvm.internal.SuspendFunction                                  : loaded 2 times (x 70B)
Class com.android.tools.lint.model.LintModelJavaLibrary                               : loaded 2 times (x 70B)
Class com.google.common.collect.ImmutableMultimap$EntryCollection                     : loaded 2 times (x 128B)
Class com.google.common.collect.Maps$EntrySet                                         : loaded 2 times (x 136B)
Class com.google.common.cache.LocalCache$EntryFactory$8                               : loaded 2 times (x 83B)
Class org.gradle.internal.installation.CurrentGradleInstallation                      : loaded 2 times (x 73B)
Class androidx.compose.lint.PackageName                                               : loaded 2 times (x 72B)
Class kotlin.jvm.internal.StringCompanionObject                                       : loaded 2 times (x 71B)
Class com.android.ide.common.resources.ResourceMergerItem                             : loaded 2 times (x 136B)
Class kotlin.jvm.internal.Ref$BooleanRef                                              : loaded 2 times (x 71B)
Class com.android.utils.PositionXmlParser$ParserPool                                  : loaded 2 times (x 79B)
Class kotlin.sequences.DropTakeSequence                                               : loaded 2 times (x 70B)
Class kotlin.reflect.KMutableProperty1                                                : loaded 2 times (x 70B)
Class kotlin.coroutines.intrinsics.IntrinsicsKt__IntrinsicsJvmKt                      : loaded 2 times (x 71B)
Class kotlin.coroutines.jvm.internal.CoroutineStackFrame                              : loaded 2 times (x 70B)
Class com.android.tools.lint.model.DefaultLintModelVariant                            : loaded 2 times (x 101B)
Class com.android.tools.lint.model.LintModelArtifact                                  : loaded 2 times (x 70B)
Class com.google.common.cache.CacheLoader$1                                           : loaded 2 times (x 75B)
Class com.google.common.collect.ForwardingObject                                      : loaded 2 times (x 72B)
Class ijJvmDebugger1_38mkwnzutsk9yqchhvz9ywkb$_run_closure1$_closure2                 : loaded 2 times (x 140B)
Class org.gradle.util.internal.GUtil                                                  : loaded 2 times (x 71B)
Class com.android.resources.ResourceEnum                                              : loaded 2 times (x 70B)
Class com.android.ide.common.resources.configuration.TextInputMethodQualifier         : loaded 2 times (x 90B)
Class it.unimi.dsi.fastutil.ints.AbstractIntCollection                                : loaded 2 times (x 185B)
Class kotlin.io.TextStreamsKt                                                         : loaded 2 times (x 71B)
Class kotlin.reflect.KMutableProperty2                                                : loaded 2 times (x 70B)
Class [Lcom.android.tools.lint.model.LintModelSeverity;                               : loaded 2 times (x 69B)
Class kotlin.collections.CollectionsKt                                                : loaded 2 times (x 71B)
Class com.android.prefs.PathLocator$WhenMappings                                      : loaded 2 times (x 71B)
Class com.google.common.cache.AbstractCache$StatsCounter                              : loaded 2 times (x 70B)
Class com.google.common.collect.AbstractTable                                         : loaded 2 times (x 120B)
Class kotlin.coroutines.jvm.internal.CompletedContinuation                            : loaded 2 times (x 75B)
Class com.android.ide.common.rendering.api.ResourceNamespace$ToolsNamespace           : loaded 2 times (x 80B)
Class kotlin.time.DurationUnitKt                                                      : loaded 2 times (x 71B)
Class com.android.ide.common.resources.DataFile$FileType                              : loaded 2 times (x 79B)
Class kotlin.ranges.IntProgressionIterator                                            : loaded 2 times (x 82B)
Class kotlin.reflect.jvm.internal.RuntimeTypeMapper                                   : loaded 2 times (x 71B)
Class kotlin.coroutines.jvm.internal.DebugProbesKt                                    : loaded 2 times (x 71B)
Class kotlin.coroutines.CoroutineContext                                              : loaded 2 times (x 70B)
Class com.google.common.io.CharStreams                                                : loaded 2 times (x 71B)
Class com.android.tools.lint.model.DefaultLintModelDependency                         : loaded 2 times (x 86B)
Class com.android.tools.lint.model.DefaultLintModelLibrary                            : loaded 2 times (x 86B)
Class com.android.tools.lint.model.DefaultLintModelBuildFeatures                      : loaded 2 times (x 77B)
Class com.google.common.io.LineBuffer                                                 : loaded 2 times (x 75B)
Class org.gradle.internal.installation.GradleInstallation                             : loaded 2 times (x 75B)
Class kotlin.reflect.jvm.internal.impl.builtins.PrimitiveType$$Lambda$0               : loaded 2 times (x 76B)
Class [Lcom.android.utils.StdLogger$Level;                                            : loaded 2 times (x 69B)
Class com.android.prefs.AndroidLocationsException                                     : loaded 2 times (x 82B)
Class com.android.resources.NavigationState                                           : loaded 2 times (x 86B)
Class com.google.common.collect.Iterables                                             : loaded 2 times (x 71B)
Class com.android.ide.common.rendering.api.StyleResourceValue                         : loaded 2 times (x 70B)
Class com.android.utils.XmlUtils                                                      : loaded 2 times (x 71B)
Class kotlin.reflect.jvm.internal.impl.builtins.PrimitiveType$$Lambda$1               : loaded 2 times (x 76B)
Class com.android.ide.common.gradle.Part                                              : loaded 2 times (x 77B)
Class kotlin.ranges.IntProgression                                                    : loaded 2 times (x 81B)
Class kotlin.jvm.KotlinReflectionNotSupportedError                                    : loaded 2 times (x 82B)
Class com.google.common.collect.Lists$RandomAccessReverseList                         : loaded 2 times (x 200B)

---------------  S Y S T E M  ---------------

OS:
 Windows 11 , 64 bit Build 26100 (10.0.26100.9444)
OS uptime: 3 days 16:56 hours
Hyper-V role detected

CPU: total 8 (initial active 8) (8 cores per cpu, 2 threads per core) family 23 model 160 stepping 0 microcode 0x8a0000a, cx8, cmov, fxsr, ht, mmx, 3dnowpref, sse, sse2, sse3, ssse3, sse4a, sse4.1, sse4.2, popcnt, lzcnt, tsc, tscinvbit, avx, avx2, aes, clmul, bmi1, bmi2, adx, sha, fma, vzeroupper, clflush, clflushopt, hv, rdtscp, rdpid, f16c
Processor Information for the first 8 processors :
  Max Mhz: 2401, Current Mhz: 2401, Mhz Limit: 2401

Memory: 4k page, system-wide physical 5965M (12M free)
TotalPageFile size 24397M (AvailPageFile size 375M)
current process WorkingSet (physical memory assigned to process): 339M, peak: 1674M
current process commit charge ("private bytes"): 1863M, peak: 1896M

vm_info: OpenJDK 64-Bit Server VM (21.0.9+-14787801-b1163.94) for windows-amd64 JRE (21.0.9+-14787801-b1163.94), built on 2026-01-27T21:15:44Z by "builder" with MS VC++ 16.10 / 16.11 (VS2019)

END.
