#
# There is insufficient memory for the Java Runtime Environment to continue.
# Native memory allocation (mmap) failed to map 65536 bytes. Error detail: Failed to commit metaspace.
# Possible reasons:
#   The system is out of physical RAM or swap space
#   This process is running with CompressedOops enabled, and the Java Heap may be blocking the growth of the native heap
# Possible solutions:
#   Reduce memory load on the system
#   Increase physical memory or swap space
#   Check if swap backing store is full
#   Decrease Java heap size (-Xmx/-Xms)
#   Decrease number of Java threads
#   Decrease Java thread stack sizes (-Xss)
#   Set larger code cache with -XX:ReservedCodeCacheSize=
#   JVM is running with Unscaled Compressed Oops mode in which the Java heap is
#     placed in the first 4GB address space. The Java Heap base address is the
#     maximum limit for the native heap growth. Please use -XX:HeapBaseMinAddress
#     to set the Java Heap base and to place the Java Heap above 4GB virtual address.
# This output file may be truncated or incomplete.
#
#  Out of Memory Error (virtualSpaceNode.cpp:113), pid=5348, tid=28824
#
# JRE version: OpenJDK Runtime Environment Temurin-21.0.12.1+1 (21.0.12.1+1) (build 21.0.12.1+1-LTS)
# Java VM: OpenJDK 64-Bit Server VM Temurin-21.0.12.1+1 (21.0.12.1+1-LTS, mixed mode, sharing, tiered, compressed oops, compressed class ptrs, g1 gc, windows-amd64)
# No core dump will be written. Minidumps are not enabled by default on client versions of Windows
#

---------------  S U M M A R Y ------------

Command Line: --add-opens=java.base/java.lang=ALL-UNNAMED --add-opens=java.base/java.lang.invoke=ALL-UNNAMED --add-opens=java.base/java.util=ALL-UNNAMED --add-opens=java.prefs/java.util.prefs=ALL-UNNAMED --add-exports=jdk.compiler/com.sun.tools.javac.api=ALL-UNNAMED --add-exports=jdk.compiler/com.sun.tools.javac.util=ALL-UNNAMED --add-opens=java.base/java.util=ALL-UNNAMED --add-opens=java.prefs/java.util.prefs=ALL-UNNAMED --add-opens=java.base/java.nio.charset=ALL-UNNAMED --add-opens=java.base/java.net=ALL-UNNAMED --add-opens=java.base/java.util.concurrent.atomic=ALL-UNNAMED --add-opens=java.xml/javax.xml.namespace=ALL-UNNAMED -Xmx1024m -Dfile.encoding=UTF-8 -Duser.country=US -Duser.language=en -Duser.variant -javaagent:C:\Users\LENOVO\.gradle\wrapper\dists\gradle-8.14-bin\38aieal9i53h9rfe7vjup95b9\gradle-8.14\lib\agents\gradle-instrumentation-agent-8.14.jar org.gradle.launcher.daemon.bootstrap.GradleDaemon 8.14

Host: AMD Ryzen 3 7320U with Radeon Graphics         , 8 cores, 5G,  Windows 11 , 64 bit Build 26100 (10.0.26100.9444)
Time: Sun Sep 27 22:01:09 2026 Nepal Standard Time elapsed time: 254.257989 seconds (0d 0h 4m 14s)

---------------  T H R E A D  ---------------

Current thread (0x000001bbfb5d52a0):  JavaThread "Daemon worker"        [_thread_in_vm, id=28824, stack(0x000000b36bb00000,0x000000b36bc00000) (1024K)]

Stack: [0x000000b36bb00000,0x000000b36bc00000]
Native frames: (J=compiled Java code, j=interpreted, Vv=VM code, C=native code)
V  [jvm.dll+0x6d83e9]
V  [jvm.dll+0x8b5736]
V  [jvm.dll+0x8b7cee]
V  [jvm.dll+0x8b83d3]
V  [jvm.dll+0x284596]
V  [jvm.dll+0x8b147e]
V  [jvm.dll+0x679ad4]
V  [jvm.dll+0x1e849b]
V  [jvm.dll+0x1e825e]
V  [jvm.dll+0x67c3d2]
V  [jvm.dll+0x67c202]
V  [jvm.dll+0x67a4ae]
V  [jvm.dll+0x26f864]
V  [jvm.dll+0x21a11f]
V  [jvm.dll+0x20f80e]
V  [jvm.dll+0x5b6a7f]
V  [jvm.dll+0x82f606]
V  [jvm.dll+0x4792f8]
V  [jvm.dll+0x47f128]
C  [java.dll+0x17ec]

Java frames: (J=compiled Java code, j=interpreted, Vv=VM code)
J 809  java.lang.ClassLoader.defineClass1(Ljava/lang/ClassLoader;Ljava/lang/String;[BIILjava/security/ProtectionDomain;Ljava/lang/String;)Ljava/lang/Class; java.base@21.0.12.1 (0 bytes) @ 0x000001bbeb6c8e11 [0x000001bbeb6c8d40+0x00000000000000d1]
J 9991 c2 java.lang.ClassLoader.defineClass(Ljava/lang/String;[BIILjava/security/ProtectionDomain;)Ljava/lang/Class; java.base@21.0.12.1 (43 bytes) @ 0x000001bbebb2e92c [0x000001bbebb2e020+0x000000000000090c]
J 10264 c2 java.security.SecureClassLoader.defineClass(Ljava/lang/String;[BIILjava/security/CodeSource;)Ljava/lang/Class; java.base@21.0.12.1 (16 bytes) @ 0x000001bbeb7e309c [0x000001bbeb7e2f60+0x000000000000013c]
J 4226 c1 java.net.URLClassLoader.defineClass(Ljava/lang/String;Ljdk/internal/loader/Resource;)Ljava/lang/Class; java.base@21.0.12.1 (224 bytes) @ 0x000001bbe43d1724 [0x000001bbe43d0440+0x00000000000012e4]
J 9351 c1 java.net.URLClassLoader$1.run()Ljava/lang/Class; java.base@21.0.12.1 (81 bytes) @ 0x000001bbe45d5e0c [0x000001bbe45d51e0+0x0000000000000c2c]
J 9353 c1 java.net.URLClassLoader$1.run()Ljava/lang/Object; java.base@21.0.12.1 (5 bytes) @ 0x000001bbe3f3c03c [0x000001bbe3f3bfc0+0x000000000000007c]
J 4637 c2 java.net.URLClassLoader.findClass(Ljava/lang/String;)Ljava/lang/Class; java.base@21.0.12.1 (47 bytes) @ 0x000001bbeb6d2e1c [0x000001bbeb6d2d60+0x00000000000000bc]
J 8817 c1 org.gradle.internal.classloader.VisitableURLClassLoader$InstrumentingVisitableURLClassLoader.findClass(Ljava/lang/String;)Ljava/lang/Class; (36 bytes) @ 0x000001bbe3dbbffc [0x000001bbe3dbbf20+0x00000000000000dc]
J 5068 c2 java.lang.ClassLoader.loadClass(Ljava/lang/String;Z)Ljava/lang/Class; java.base@21.0.12.1 (121 bytes) @ 0x000001bbeb92308c [0x000001bbeb922760+0x000000000000092c]
J 3613 c2 java.lang.ClassLoader.loadClass(Ljava/lang/String;)Ljava/lang/Class; java.base@21.0.12.1 (7 bytes) @ 0x000001bbeb86eb6c [0x000001bbeb86eb20+0x000000000000004c]
v  ~StubRoutines::call_stub 0x000001bbeb0d100d
J 809  java.lang.ClassLoader.defineClass1(Ljava/lang/ClassLoader;Ljava/lang/String;[BIILjava/security/ProtectionDomain;Ljava/lang/String;)Ljava/lang/Class; java.base@21.0.12.1 (0 bytes) @ 0x000001bbeb6c8e11 [0x000001bbeb6c8d40+0x00000000000000d1]
J 9991 c2 java.lang.ClassLoader.defineClass(Ljava/lang/String;[BIILjava/security/ProtectionDomain;)Ljava/lang/Class; java.base@21.0.12.1 (43 bytes) @ 0x000001bbebb2e92c [0x000001bbebb2e020+0x000000000000090c]
J 10264 c2 java.security.SecureClassLoader.defineClass(Ljava/lang/String;[BIILjava/security/CodeSource;)Ljava/lang/Class; java.base@21.0.12.1 (16 bytes) @ 0x000001bbeb7e309c [0x000001bbeb7e2f60+0x000000000000013c]
J 4226 c1 java.net.URLClassLoader.defineClass(Ljava/lang/String;Ljdk/internal/loader/Resource;)Ljava/lang/Class; java.base@21.0.12.1 (224 bytes) @ 0x000001bbe43d1724 [0x000001bbe43d0440+0x00000000000012e4]
J 9351 c1 java.net.URLClassLoader$1.run()Ljava/lang/Class; java.base@21.0.12.1 (81 bytes) @ 0x000001bbe45d5e0c [0x000001bbe45d51e0+0x0000000000000c2c]
J 9353 c1 java.net.URLClassLoader$1.run()Ljava/lang/Object; java.base@21.0.12.1 (5 bytes) @ 0x000001bbe3f3c03c [0x000001bbe3f3bfc0+0x000000000000007c]
J 4637 c2 java.net.URLClassLoader.findClass(Ljava/lang/String;)Ljava/lang/Class; java.base@21.0.12.1 (47 bytes) @ 0x000001bbeb6d2e1c [0x000001bbeb6d2d60+0x00000000000000bc]
J 8817 c1 org.gradle.internal.classloader.VisitableURLClassLoader$InstrumentingVisitableURLClassLoader.findClass(Ljava/lang/String;)Ljava/lang/Class; (36 bytes) @ 0x000001bbe3dbbffc [0x000001bbe3dbbf20+0x00000000000000dc]
J 5068 c2 java.lang.ClassLoader.loadClass(Ljava/lang/String;Z)Ljava/lang/Class; java.base@21.0.12.1 (121 bytes) @ 0x000001bbeb92308c [0x000001bbeb922760+0x000000000000092c]
J 3613 c2 java.lang.ClassLoader.loadClass(Ljava/lang/String;)Ljava/lang/Class; java.base@21.0.12.1 (7 bytes) @ 0x000001bbeb86eb6c [0x000001bbeb86eb20+0x000000000000004c]
v  ~StubRoutines::call_stub 0x000001bbeb0d100d
J 809  java.lang.ClassLoader.defineClass1(Ljava/lang/ClassLoader;Ljava/lang/String;[BIILjava/security/ProtectionDomain;Ljava/lang/String;)Ljava/lang/Class; java.base@21.0.12.1 (0 bytes) @ 0x000001bbeb6c8e11 [0x000001bbeb6c8d40+0x00000000000000d1]
J 9991 c2 java.lang.ClassLoader.defineClass(Ljava/lang/String;[BIILjava/security/ProtectionDomain;)Ljava/lang/Class; java.base@21.0.12.1 (43 bytes) @ 0x000001bbebb2e92c [0x000001bbebb2e020+0x000000000000090c]
J 10264 c2 java.security.SecureClassLoader.defineClass(Ljava/lang/String;[BIILjava/security/CodeSource;)Ljava/lang/Class; java.base@21.0.12.1 (16 bytes) @ 0x000001bbeb7e309c [0x000001bbeb7e2f60+0x000000000000013c]
J 4226 c1 java.net.URLClassLoader.defineClass(Ljava/lang/String;Ljdk/internal/loader/Resource;)Ljava/lang/Class; java.base@21.0.12.1 (224 bytes) @ 0x000001bbe43d1724 [0x000001bbe43d0440+0x00000000000012e4]
J 9351 c1 java.net.URLClassLoader$1.run()Ljava/lang/Class; java.base@21.0.12.1 (81 bytes) @ 0x000001bbe45d5e0c [0x000001bbe45d51e0+0x0000000000000c2c]
J 9353 c1 java.net.URLClassLoader$1.run()Ljava/lang/Object; java.base@21.0.12.1 (5 bytes) @ 0x000001bbe3f3c03c [0x000001bbe3f3bfc0+0x000000000000007c]
J 4637 c2 java.net.URLClassLoader.findClass(Ljava/lang/String;)Ljava/lang/Class; java.base@21.0.12.1 (47 bytes) @ 0x000001bbeb6d2e1c [0x000001bbeb6d2d60+0x00000000000000bc]
J 8817 c1 org.gradle.internal.classloader.VisitableURLClassLoader$InstrumentingVisitableURLClassLoader.findClass(Ljava/lang/String;)Ljava/lang/Class; (36 bytes) @ 0x000001bbe3dbbffc [0x000001bbe3dbbf20+0x00000000000000dc]
J 5068 c2 java.lang.ClassLoader.loadClass(Ljava/lang/String;Z)Ljava/lang/Class; java.base@21.0.12.1 (121 bytes) @ 0x000001bbeb92308c [0x000001bbeb922760+0x000000000000092c]
J 3613 c2 java.lang.ClassLoader.loadClass(Ljava/lang/String;)Ljava/lang/Class; java.base@21.0.12.1 (7 bytes) @ 0x000001bbeb86eb6c [0x000001bbeb86eb20+0x000000000000004c]
v  ~StubRoutines::call_stub 0x000001bbeb0d100d
J 809  java.lang.ClassLoader.defineClass1(Ljava/lang/ClassLoader;Ljava/lang/String;[BIILjava/security/ProtectionDomain;Ljava/lang/String;)Ljava/lang/Class; java.base@21.0.12.1 (0 bytes) @ 0x000001bbeb6c8e11 [0x000001bbeb6c8d40+0x00000000000000d1]
J 9991 c2 java.lang.ClassLoader.defineClass(Ljava/lang/String;[BIILjava/security/ProtectionDomain;)Ljava/lang/Class; java.base@21.0.12.1 (43 bytes) @ 0x000001bbebb2e92c [0x000001bbebb2e020+0x000000000000090c]
J 10264 c2 java.security.SecureClassLoader.defineClass(Ljava/lang/String;[BIILjava/security/CodeSource;)Ljava/lang/Class; java.base@21.0.12.1 (16 bytes) @ 0x000001bbeb7e309c [0x000001bbeb7e2f60+0x000000000000013c]
J 4226 c1 java.net.URLClassLoader.defineClass(Ljava/lang/String;Ljdk/internal/loader/Resource;)Ljava/lang/Class; java.base@21.0.12.1 (224 bytes) @ 0x000001bbe43d1724 [0x000001bbe43d0440+0x00000000000012e4]
J 9351 c1 java.net.URLClassLoader$1.run()Ljava/lang/Class; java.base@21.0.12.1 (81 bytes) @ 0x000001bbe45d5e0c [0x000001bbe45d51e0+0x0000000000000c2c]
J 9353 c1 java.net.URLClassLoader$1.run()Ljava/lang/Object; java.base@21.0.12.1 (5 bytes) @ 0x000001bbe3f3c03c [0x000001bbe3f3bfc0+0x000000000000007c]
J 4637 c2 java.net.URLClassLoader.findClass(Ljava/lang/String;)Ljava/lang/Class; java.base@21.0.12.1 (47 bytes) @ 0x000001bbeb6d2e1c [0x000001bbeb6d2d60+0x00000000000000bc]
J 8817 c1 org.gradle.internal.classloader.VisitableURLClassLoader$InstrumentingVisitableURLClassLoader.findClass(Ljava/lang/String;)Ljava/lang/Class; (36 bytes) @ 0x000001bbe3dbbffc [0x000001bbe3dbbf20+0x00000000000000dc]
J 5068 c2 java.lang.ClassLoader.loadClass(Ljava/lang/String;Z)Ljava/lang/Class; java.base@21.0.12.1 (121 bytes) @ 0x000001bbeb92308c [0x000001bbeb922760+0x000000000000092c]
J 3613 c2 java.lang.ClassLoader.loadClass(Ljava/lang/String;)Ljava/lang/Class; java.base@21.0.12.1 (7 bytes) @ 0x000001bbeb86eb6c [0x000001bbeb86eb20+0x000000000000004c]
v  ~StubRoutines::call_stub 0x000001bbeb0d100d
J 2678  java.lang.Class.getDeclaredMethods0(Z)[Ljava/lang/reflect/Method; java.base@21.0.12.1 (0 bytes) @ 0x000001bbeb7b2593 [0x000001bbeb7b2540+0x0000000000000053]
J 11420 c2 org.gradle.internal.reflect.ClassInspector.inspectClass(Ljava/lang/Class;Lorg/gradle/internal/reflect/MutableClassDetails;)V (179 bytes) @ 0x000001bbebbe4c2c [0x000001bbebbe4b60+0x00000000000000cc]
J 10058 c1 org.gradle.internal.reflect.ClassInspector.visitGraph(Ljava/lang/Class;Lorg/gradle/internal/reflect/MutableClassDetails;)V (98 bytes) @ 0x000001bbe4afb8d4 [0x000001bbe4afab60+0x0000000000000d74]
J 9529 c2 org.gradle.internal.instantiation.generator.AbstractClassGenerator.inspectType(Ljava/lang/Class;Ljava/util/List;Ljava/util/List;Lorg/gradle/internal/instantiation/generator/AbstractClassGenerator$UnclaimedPropertyHandler;)V (602 bytes) @ 0x000001bbebae883c [0x000001bbebae8360+0x00000000000004dc]
J 8962 c1 org.gradle.internal.instantiation.generator.AbstractClassGenerator.generateUnderLock(Ljava/lang/Class;)Lorg/gradle/internal/instantiation/generator/AbstractClassGenerator$GeneratedClassImpl; (720 bytes) @ 0x000001bbe4965774 [0x000001bbe4961760+0x0000000000004014]
J 10026 c1 org.gradle.internal.instantiation.generator.AbstractClassGenerator$$Lambda+0x000001bb811cd500.apply(Ljava/lang/Object;)Ljava/lang/Object; (12 bytes) @ 0x000001bbe4af05ac [0x000001bbe4af0440+0x000000000000016c]
J 9553 c1 org.gradle.cache.internal.DefaultCrossBuildInMemoryCacheFactory$AbstractCrossBuildInMemoryCache.produce(Ljava/util/function/Function;Ljava/lang/Object;)Ljava/lang/Object; (75 bytes) @ 0x000001bbe4a0bfe4 [0x000001bbe4a0bec0+0x0000000000000124]
J 9550 c1 org.gradle.cache.internal.DefaultCrossBuildInMemoryCacheFactory$AbstractCrossBuildInMemoryCache$$Lambda+0x000001bb811cca70.get()Ljava/lang/Object; (16 bytes) @ 0x000001bbe4a0ad84 [0x000001bbe4a0ac60+0x0000000000000124]
J 11764 c2 org.gradle.cache.internal.DefaultCrossBuildInMemoryCacheFactory$AbstractCrossBuildInMemoryCache.get(Ljava/lang/Object;Ljava/util/function/Function;)Ljava/lang/Object; (24 bytes) @ 0x000001bbebc163f8 [0x000001bbebc16260+0x0000000000000198]
J 11867 c1 org.gradle.internal.instantiation.generator.Jsr330ConstructorSelector$$Lambda+0x000001bb811cc600.get()Ljava/lang/Object; (12 bytes) @ 0x000001bbe470b71c [0x000001bbe470b000+0x000000000000071c]
J 7661 c1 org.gradle.cache.Cache$$Lambda+0x000001bb8114f690.apply(Ljava/lang/Object;)Ljava/lang/Object; (9 bytes) @ 0x000001bbe48af684 [0x000001bbe48af540+0x0000000000000144]
J 9553 c1 org.gradle.cache.internal.DefaultCrossBuildInMemoryCacheFactory$AbstractCrossBuildInMemoryCache.produce(Ljava/util/function/Function;Ljava/lang/Object;)Ljava/lang/Object; (75 bytes) @ 0x000001bbe4a0bfe4 [0x000001bbe4a0bec0+0x0000000000000124]
J 9550 c1 org.gradle.cache.internal.DefaultCrossBuildInMemoryCacheFactory$AbstractCrossBuildInMemoryCache$$Lambda+0x000001bb811cca70.get()Ljava/lang/Object; (16 bytes) @ 0x000001bbe4a0ad84 [0x000001bbe4a0ac60+0x0000000000000124]
J 11764 c2 org.gradle.cache.internal.DefaultCrossBuildInMemoryCacheFactory$AbstractCrossBuildInMemoryCache.get(Ljava/lang/Object;Ljava/util/function/Function;)Ljava/lang/Object; (24 bytes) @ 0x000001bbebc163f8 [0x000001bbebc16260+0x0000000000000198]
J 7561 c1 org.gradle.cache.Cache.get(Ljava/lang/Object;Ljava/util/function/Supplier;)Ljava/lang/Object; (14 bytes) @ 0x000001bbe487694c [0x000001bbe4876420+0x000000000000052c]
J 8865 c1 org.gradle.internal.instantiation.generator.Jsr330ConstructorSelector.forType(Ljava/lang/Class;)Lorg/gradle/internal/instantiation/generator/ClassGenerator$GeneratedConstructor; (32 bytes) @ 0x000001bbe4647b34 [0x000001bbe4647660+0x00000000000004d4]
J 8872 c1 org.gradle.internal.instantiation.generator.Jsr330ConstructorSelector.forParams(Ljava/lang/Class;[Ljava/lang/Object;)Lorg/gradle/internal/instantiation/generator/ClassGenerator$GeneratedConstructor; (6 bytes) @ 0x000001bbe44fbdd4 [0x000001bbe44fbd40+0x0000000000000094]
J 8442 c1 org.gradle.internal.instantiation.generator.DependencyInjectingInstantiator.doCreate(Ljava/lang/Class;Lorg/gradle/api/Describable;[Ljava/lang/Object;)Ljava/lang/Object; (64 bytes) @ 0x000001bbe4291e4c [0x000001bbe4291d20+0x000000000000012c]
J 8444 c1 org.gradle.internal.instantiation.generator.DependencyInjectingInstantiator.newInstance(Ljava/lang/Class;[Ljava/lang/Object;)Ljava/lang/Object; (8 bytes) @ 0x000001bbe3ec76cc [0x000001bbe3ec7640+0x000000000000008c]
J 10771 c1 org.gradle.api.internal.model.DefaultObjectFactory.newInstance(Ljava/lang/Class;[Ljava/lang/Object;)Ljava/lang/Object; (12 bytes) @ 0x000001bbe4c375cc [0x000001bbe4c374c0+0x000000000000010c]
j  org.jetbrains.kotlin.gradle.plugin.mpp.KotlinJvmAndroidCompilationKt.KotlinJvmAndroidCompilation(Lorg/gradle/api/model/ObjectFactory;Lorg/jetbrains/kotlin/gradle/plugin/mpp/compilationImpl/KotlinCompilationImpl;Lcom/android/build/gradle/api/BaseVariant;Lorg/gradle/api/tasks/TaskProvider;)Lorg/jetbrains/kotlin/gradle/plugin/mpp/KotlinJvmAndroidCompilation;+65
j  org.jetbrains.kotlin.gradle.plugin.mpp.KotlinJvmAndroidCompilationFactory.create(Ljava/lang/String;)Lorg/jetbrains/kotlin/gradle/plugin/mpp/KotlinJvmAndroidCompilation;+55
j  org.jetbrains.kotlin.gradle.plugin.AndroidProjectHandler$configureTarget$3.invoke(Lcom/android/build/gradle/api/BaseVariant;)V+26
j  org.jetbrains.kotlin.gradle.plugin.AndroidProjectHandler$configureTarget$3.invoke(Ljava/lang/Object;)Ljava/lang/Object;+5
j  org.jetbrains.kotlin.gradle.utils.ForEachAndroidVariantKt$sam$org_gradle_api_Action$0.execute(Ljava/lang/Object;)V+5
J 10307 c1 org.gradle.internal.code.DefaultUserCodeApplicationContext$CurrentApplication$1.execute(Ljava/lang/Object;)V (79 bytes) @ 0x000001bbe4b50c7c [0x000001bbe4b508c0+0x00000000000003bc]
J 10306 c1 org.gradle.api.internal.DefaultCollectionCallbackActionDecorator$BuildOperationEmittingAction$1.run(Lorg/gradle/internal/operations/BuildOperationContext;)V (26 bytes) @ 0x000001bbe4b50394 [0x000001bbe4b50260+0x0000000000000134]
J 10163 c1 org.gradle.internal.operations.DefaultBuildOperationRunner$1.execute(Lorg/gradle/internal/operations/BuildOperation;Lorg/gradle/internal/operations/BuildOperationContext;)V (10 bytes) @ 0x000001bbe40374c4 [0x000001bbe4037260+0x0000000000000264]
J 11809 c2 org.gradle.internal.operations.DefaultBuildOperationRunner.execute(Lorg/gradle/internal/operations/BuildOperationDescriptor$Builder;Lorg/gradle/internal/operations/BuildOperationState;Lorg/gradle/internal/operations/DefaultBuildOperationRunner$BuildOperationExecution;)Ljava/lang/Object; (147 bytes) @ 0x000001bbebc20be4 [0x000001bbebc1f140+0x0000000000001aa4]
J 6889 c1 org.gradle.internal.operations.DefaultBuildOperationRunner.execute(Lorg/gradle/internal/operations/BuildOperation;Lorg/gradle/internal/operations/BuildOperationWorker;Lorg/gradle/internal/operations/BuildOperationState;)V (23 bytes) @ 0x000001bbe472a794 [0x000001bbe472a4e0+0x00000000000002b4]
J 10195 c1 org.gradle.api.internal.DefaultCollectionCallbackActionDecorator$BuildOperationEmittingAction.execute(Ljava/lang/Object;)V (26 bytes) @ 0x000001bbe40c943c [0x000001bbe40c8e40+0x00000000000005fc]
J 10808 c1 org.gradle.internal.ImmutableActionSet$SetWithFewActions.execute(Ljava/lang/Object;)V (38 bytes) @ 0x000001bbe4c608fc [0x000001bbe4c607c0+0x000000000000013c]
J 10834 c1 org.gradle.api.internal.DefaultDomainObjectCollection.doAdd(Ljava/lang/Object;Lorg/gradle/api/Action;)Z (29 bytes) @ 0x000001bbe4c6e2fc [0x000001bbe4c6df80+0x000000000000037c]
j  org.gradle.api.internal.DefaultDomainObjectCollection.add(Ljava/lang/Object;)Z+18
j  com.android.build.gradle.TestedExtension.addTestVariant(Lcom/android/build/gradle/api/TestVariant;)V+30
j  com.android.build.gradle.internal.ApiObjectFactory.create(Lcom/android/build/gradle/internal/component/VariantCreationConfig;)Lcom/android/build/gradle/internal/api/BaseVariantImpl;+170
j  com.android.build.gradle.internal.plugins.BasePlugin.createAndroidTasks(Lorg/gradle/api/Project;)V+1755
j  com.android.build.gradle.internal.plugins.BasePlugin$createTasks$2$1.call()V+8
j  com.android.build.gradle.internal.profile.NoOpAnalyticsConfiguratorService.recordBlock(Lcom/google/wireless/android/sdk/stats/GradleBuildProfileSpan$ExecutionType;Ljava/lang/String;Ljava/lang/String;Lcom/android/builder/profile/Recorder$VoidBlock;)V+21
j  com.android.build.gradle.internal.plugins.BasePlugin$createTasks$2.accept(Lorg/gradle/api/Project;)V+63
j  com.android.build.gradle.internal.plugins.BasePlugin$createTasks$2.accept(Ljava/lang/Object;)V+5
j  com.android.build.gradle.internal.crash.CrashReporting$afterEvaluate$1.execute(Lorg/gradle/api/Project;)V+12
j  com.android.build.gradle.internal.crash.CrashReporting$afterEvaluate$1.execute(Ljava/lang/Object;)V+5
J 10307 c1 org.gradle.internal.code.DefaultUserCodeApplicationContext$CurrentApplication$1.execute(Ljava/lang/Object;)V (79 bytes) @ 0x000001bbe4b50c7c [0x000001bbe4b508c0+0x00000000000003bc]
j  org.gradle.configuration.internal.DefaultListenerBuildOperationDecorator$BuildOperationEmittingAction$1.run(Lorg/gradle/internal/operations/BuildOperationContext;)V+11
J 10163 c1 org.gradle.internal.operations.DefaultBuildOperationRunner$1.execute(Lorg/gradle/internal/operations/BuildOperation;Lorg/gradle/internal/operations/BuildOperationContext;)V (10 bytes) @ 0x000001bbe40374c4 [0x000001bbe4037260+0x0000000000000264]
J 7155 c1 org.gradle.internal.operations.DefaultBuildOperationRunner$2.execute(Lorg/gradle/internal/operations/BuildOperationDescriptor;Lorg/gradle/internal/operations/BuildOperationState;Lorg/gradle/internal/operations/BuildOperationState;Lorg/gradle/internal/operations/DefaultBuildOperationRunner$ReadableBuildOperationContext;Lorg/gradle/internal/operations/DefaultBuildOperationRunner$BuildOperationExecutionListener;)Lorg/gradle/internal/operations/BuildOperation; (110 bytes) @ 0x000001bbe47b65c4 [0x000001bbe47b63c0+0x0000000000000204]
J 7346 c1 org.gradle.internal.operations.DefaultBuildOperationRunner$2.execute(Lorg/gradle/internal/operations/BuildOperationDescriptor;Lorg/gradle/internal/operations/BuildOperationState;Lorg/gradle/internal/operations/BuildOperationState;Lorg/gradle/internal/operations/DefaultBuildOperationRunner$ReadableBuildOperationContext;Lorg/gradle/internal/operations/DefaultBuildOperationRunner$BuildOperationExecutionListener;)Ljava/lang/Object; (12 bytes) @ 0x000001bbe4820bbc [0x000001bbe4820b40+0x000000000000007c]
J 7150 c1 org.gradle.internal.operations.DefaultBuildOperationRunner.execute(Lorg/gradle/internal/operations/BuildOperationDescriptor$Builder;Lorg/gradle/internal/operations/BuildOperationState;Lorg/gradle/internal/operations/DefaultBuildOperationRunner$BuildOperationExecution;)Ljava/lang/Object; (147 bytes) @ 0x000001bbe47b5004 [0x000001bbe47b4500+0x0000000000000b04]
J 6889 c1 org.gradle.internal.operations.DefaultBuildOperationRunner.execute(Lorg/gradle/internal/operations/BuildOperation;Lorg/gradle/internal/operations/BuildOperationWorker;Lorg/gradle/internal/operations/BuildOperationState;)V (23 bytes) @ 0x000001bbe472a794 [0x000001bbe472a4e0+0x00000000000002b4]
J 10162 c1 org.gradle.internal.operations.DefaultBuildOperationRunner.run(Lorg/gradle/internal/operations/RunnableBuildOperation;)V (13 bytes) @ 0x000001bbe3e6dadc [0x000001bbe3e6d700+0x00000000000003dc]
j  org.gradle.configuration.internal.DefaultListenerBuildOperationDecorator$BuildOperationEmittingAction.execute(Ljava/lang/Object;)V+24
j  org.gradle.internal.event.BroadcastDispatch$ActionInvocationHandler.dispatch(Lorg/gradle/internal/dispatch/MethodInvocation;)V+24
j  org.gradle.internal.event.BroadcastDispatch$ActionInvocationHandler.dispatch(Ljava/lang/Object;)V+5
J 2943 c1 org.gradle.internal.event.AbstractBroadcastDispatch.dispatch(Lorg/gradle/internal/dispatch/MethodInvocation;Lorg/gradle/internal/dispatch/Dispatch;)V (74 bytes) @ 0x000001bbe414c484 [0x000001bbe414c360+0x0000000000000124]
J 2944 c1 org.gradle.internal.event.BroadcastDispatch$SingletonDispatch.dispatch(Ljava/lang/Object;)V (9 bytes) @ 0x000001bbe414dcfc [0x000001bbe414dac0+0x000000000000023c]
j  org.gradle.internal.event.AbstractBroadcastDispatch.dispatch(Lorg/gradle/internal/dispatch/MethodInvocation;Ljava/util/Iterator;)V+25
J 10174 c2 org.gradle.internal.event.AbstractBroadcastDispatch.dispatch(Lorg/gradle/internal/dispatch/MethodInvocation;Ljava/util/List;)V (65 bytes) @ 0x000001bbeb926c84 [0x000001bbeb926b80+0x0000000000000104]
j  org.gradle.internal.event.BroadcastDispatch$CompositeDispatch.dispatch(Lorg/gradle/internal/dispatch/MethodInvocation;)V+6
j  org.gradle.internal.event.BroadcastDispatch$CompositeDispatch.dispatch(Ljava/lang/Object;)V+5
J 8845 c1 org.gradle.internal.event.ListenerBroadcast.dispatch(Ljava/lang/Object;)V (9 bytes) @ 0x000001bbe464ef14 [0x000001bbe464ec60+0x00000000000002b4]
J 8814 c1 org.gradle.internal.dispatch.ProxyDispatchAdapter$DispatchingInvocationHandler.invoke(Ljava/lang/Object;Ljava/lang/reflect/Method;[Ljava/lang/Object;)Ljava/lang/Object; (184 bytes) @ 0x000001bbe490efec [0x000001bbe490d940+0x00000000000016ac]
j  jdk.proxy1.$Proxy58.afterEvaluate(Lorg/gradle/api/Project;Lorg/gradle/api/ProjectState;)V+20 jdk.proxy1
j  org.gradle.configuration.project.LifecycleProjectEvaluator$NotifyAfterEvaluate$1.execute(Lorg/gradle/api/ProjectEvaluationListener;)V+15
j  org.gradle.configuration.project.LifecycleProjectEvaluator$NotifyAfterEvaluate$1.execute(Ljava/lang/Object;)V+5
j  org.gradle.api.internal.project.DefaultProject.stepEvaluationListener(Lorg/gradle/api/ProjectEvaluationListener;Lorg/gradle/api/Action;)Lorg/gradle/api/ProjectEvaluationListener;+19
j  org.gradle.configuration.project.LifecycleProjectEvaluator$NotifyAfterEvaluate.run(Lorg/gradle/internal/operations/BuildOperationContext;)V+25
J 10163 c1 org.gradle.internal.operations.DefaultBuildOperationRunner$1.execute(Lorg/gradle/internal/operations/BuildOperation;Lorg/gradle/internal/operations/BuildOperationContext;)V (10 bytes) @ 0x000001bbe40374c4 [0x000001bbe4037260+0x0000000000000264]
J 7155 c1 org.gradle.internal.operations.DefaultBuildOperationRunner$2.execute(Lorg/gradle/internal/operations/BuildOperationDescriptor;Lorg/gradle/internal/operations/BuildOperationState;Lorg/gradle/internal/operations/BuildOperationState;Lorg/gradle/internal/operations/DefaultBuildOperationRunner$ReadableBuildOperationContext;Lorg/gradle/internal/operations/DefaultBuildOperationRunner$BuildOperationExecutionListener;)Lorg/gradle/internal/operations/BuildOperation; (110 bytes) @ 0x000001bbe47b65c4 [0x000001bbe47b63c0+0x0000000000000204]
J 7346 c1 org.gradle.internal.operations.DefaultBuildOperationRunner$2.execute(Lorg/gradle/internal/operations/BuildOperationDescriptor;Lorg/gradle/internal/operations/BuildOperationState;Lorg/gradle/internal/operations/BuildOperationState;Lorg/gradle/internal/operations/DefaultBuildOperationRunner$ReadableBuildOperationContext;Lorg/gradle/internal/operations/DefaultBuildOperationRunner$BuildOperationExecutionListener;)Ljava/lang/Object; (12 bytes) @ 0x000001bbe4820bbc [0x000001bbe4820b40+0x000000000000007c]
J 7150 c1 org.gradle.internal.operations.DefaultBuildOperationRunner.execute(Lorg/gradle/internal/operations/BuildOperationDescriptor$Builder;Lorg/gradle/internal/operations/BuildOperationState;Lorg/gradle/internal/operations/DefaultBuildOperationRunner$BuildOperationExecution;)Ljava/lang/Object; (147 bytes) @ 0x000001bbe47b5004 [0x000001bbe47b4500+0x0000000000000b04]
J 6889 c1 org.gradle.internal.operations.DefaultBuildOperationRunner.execute(Lorg/gradle/internal/operations/BuildOperation;Lorg/gradle/internal/operations/BuildOperationWorker;Lorg/gradle/internal/operations/BuildOperationState;)V (23 bytes) @ 0x000001bbe472a794 [0x000001bbe472a4e0+0x00000000000002b4]
J 10162 c1 org.gradle.internal.operations.DefaultBuildOperationRunner.run(Lorg/gradle/internal/operations/RunnableBuildOperation;)V (13 bytes) @ 0x000001bbe3e6dadc [0x000001bbe3e6d700+0x00000000000003dc]
j  org.gradle.configuration.project.LifecycleProjectEvaluator$EvaluateProject.lambda$run$0(Lorg/gradle/internal/operations/BuildOperationContext;Lorg/gradle/api/internal/project/ProjectInternal;)V+102
j  org.gradle.configuration.project.LifecycleProjectEvaluator$EvaluateProject$$Lambda+0x000001bb8164a2f8.accept(Ljava/lang/Object;)V+12
j  org.gradle.api.internal.project.DefaultProjectStateRegistry$ProjectStateImpl.lambda$applyToMutableState$1(Ljava/util/function/Consumer;Lorg/gradle/api/internal/project/ProjectInternal;)Ljava/lang/Object;+2
j  org.gradle.api.internal.project.DefaultProjectStateRegistry$ProjectStateImpl$$Lambda+0x000001bb8164a530.apply(Ljava/lang/Object;)Ljava/lang/Object;+8
j  org.gradle.api.internal.project.DefaultProjectStateRegistry$ProjectStateImpl.lambda$fromMutableState$2(Ljava/util/function/Function;)Ljava/lang/Object;+5
j  org.gradle.api.internal.project.DefaultProjectStateRegistry$ProjectStateImpl$$Lambda+0x000001bb8164a778.create()Ljava/lang/Object;+8
j  org.gradle.internal.work.DefaultWorkerLeaseService.withReplacedLocks(Ljava/util/Collection;Lorg/gradle/internal/resources/ResourceLock;Lorg/gradle/internal/Factory;)Ljava/lang/Object;+40
j  org.gradle.api.internal.project.DefaultProjectStateRegistry$ProjectStateImpl.fromMutableState(Ljava/util/function/Function;)Ljava/lang/Object;+133
j  org.gradle.api.internal.project.DefaultProjectStateRegistry$ProjectStateImpl.applyToMutableState(Ljava/util/function/Consumer;)V+7
j  org.gradle.configuration.project.LifecycleProjectEvaluator$EvaluateProject.run(Lorg/gradle/internal/operations/BuildOperationContext;)V+16
j  org.gradle.internal.operations.DefaultBuildOperationRunner$1.execute(Lorg/gradle/internal/operations/RunnableBuildOperation;Lorg/gradle/internal/operations/BuildOperationContext;)V+2
j  org.gradle.internal.operations.DefaultBuildOperationRunner$1.execute(Lorg/gradle/internal/operations/BuildOperation;Lorg/gradle/internal/operations/BuildOperationContext;)V+6
J 7155 c1 org.gradle.internal.operations.DefaultBuildOperationRunner$2.execute(Lorg/gradle/internal/operations/BuildOperationDescriptor;Lorg/gradle/internal/operations/BuildOperationState;Lorg/gradle/internal/operations/BuildOperationState;Lorg/gradle/internal/operations/DefaultBuildOperationRunner$ReadableBuildOperationContext;Lorg/gradle/internal/operations/DefaultBuildOperationRunner$BuildOperationExecutionListener;)Lorg/gradle/internal/operations/BuildOperation; (110 bytes) @ 0x000001bbe47b65c4 [0x000001bbe47b63c0+0x0000000000000204]
J 7346 c1 org.gradle.internal.operations.DefaultBuildOperationRunner$2.execute(Lorg/gradle/internal/operations/BuildOperationDescriptor;Lorg/gradle/internal/operations/BuildOperationState;Lorg/gradle/internal/operations/BuildOperationState;Lorg/gradle/internal/operations/DefaultBuildOperationRunner$ReadableBuildOperationContext;Lorg/gradle/internal/operations/DefaultBuildOperationRunner$BuildOperationExecutionListener;)Ljava/lang/Object; (12 bytes) @ 0x000001bbe4820bbc [0x000001bbe4820b40+0x000000000000007c]
J 7150 c1 org.gradle.internal.operations.DefaultBuildOperationRunner.execute(Lorg/gradle/internal/operations/BuildOperationDescriptor$Builder;Lorg/gradle/internal/operations/BuildOperationState;Lorg/gradle/internal/operations/DefaultBuildOperationRunner$BuildOperationExecution;)Ljava/lang/Object; (147 bytes) @ 0x000001bbe47b5004 [0x000001bbe47b4500+0x0000000000000b04]
J 6889 c1 org.gradle.internal.operations.DefaultBuildOperationRunner.execute(Lorg/gradle/internal/operations/BuildOperation;Lorg/gradle/internal/operations/BuildOperationWorker;Lorg/gradle/internal/operations/BuildOperationState;)V (23 bytes) @ 0x000001bbe472a794 [0x000001bbe472a4e0+0x00000000000002b4]
j  org.gradle.internal.operations.DefaultBuildOperationRunner.run(Lorg/gradle/internal/operations/RunnableBuildOperation;)V+9
j  org.gradle.configuration.project.LifecycleProjectEvaluator.evaluate(Lorg/gradle/api/internal/project/ProjectInternal;Lorg/gradle/api/internal/project/ProjectStateInternal;)V+42
j  org.gradle.api.internal.project.DefaultProject.evaluateUnchecked()Lorg/gradle/api/internal/project/ProjectInternal;+20
j  org.gradle.api.internal.project.ProjectLifecycleController.lambda$ensureSelfConfigured$2()V+4
j  org.gradle.api.internal.project.ProjectLifecycleController$$Lambda+0x000001bb81648888.run()V+4
j  org.gradle.internal.model.StateTransitionController.lambda$doTransition$14(Ljava/lang/Runnable;)Lorg/gradle/internal/build/ExecutionResult;+1
j  org.gradle.internal.model.StateTransitionController$$Lambda+0x000001bb8140ecb8.get()Ljava/lang/Object;+4
j  org.gradle.internal.model.StateTransitionController.doTransition(Lorg/gradle/internal/model/StateTransitionController$State;Lorg/gradle/internal/model/StateTransitionController$State;Ljava/util/function/Supplier;)Lorg/gradle/internal/build/ExecutionResult;+24
j  org.gradle.internal.model.StateTransitionController.doTransition(Lorg/gradle/internal/model/StateTransitionController$State;Lorg/gradle/internal/model/StateTransitionController$State;Ljava/lang/Runnable;)V+9
j  org.gradle.internal.model.StateTransitionController.lambda$maybeTransitionIfNotCurrentlyTransitioning$10(Lorg/gradle/internal/model/StateTransitionController$State;Lorg/gradle/internal/model/StateTransitionController$State;Ljava/lang/Runnable;)V+16
j  org.gradle.internal.model.StateTransitionController$$Lambda+0x000001bb81648ab0.run()V+16
j  org.gradle.internal.work.DefaultSynchronizer.withLock(Ljava/lang/Runnable;)V+6
j  org.gradle.internal.model.StateTransitionController.maybeTransitionIfNotCurrentlyTransitioning(Lorg/gradle/internal/model/StateTransitionController$State;Lorg/gradle/internal/model/StateTransitionController$State;Ljava/lang/Runnable;)V+13
j  org.gradle.api.internal.project.ProjectLifecycleController.ensureSelfConfigured()V+16
j  org.gradle.api.internal.project.DefaultProjectStateRegistry$ProjectStateImpl.ensureConfigured()V+19
j  org.gradle.execution.TaskPathProjectEvaluator.configure(Lorg/gradle/api/internal/project/ProjectInternal;)V+6
j  org.gradle.execution.TaskPathProjectEvaluator.configureHierarchy(Lorg/gradle/api/internal/project/ProjectInternal;)V+41
j  org.gradle.configuration.DefaultProjectsPreparer.prepareProjects(Lorg/gradle/api/internal/GradleInternal;)V+52
j  org.gradle.configuration.BuildTreePreparingProjectsPreparer.prepareProjects(Lorg/gradle/api/internal/GradleInternal;)V+114
j  org.gradle.configuration.BuildOperationFiringProjectsPreparer$ConfigureBuild.run(Lorg/gradle/internal/operations/BuildOperationContext;)V+11
j  org.gradle.internal.operations.DefaultBuildOperationRunner$1.execute(Lorg/gradle/internal/operations/RunnableBuildOperation;Lorg/gradle/internal/operations/BuildOperationContext;)V+2
j  org.gradle.internal.operations.DefaultBuildOperationRunner$1.execute(Lorg/gradle/internal/operations/BuildOperation;Lorg/gradle/internal/operations/BuildOperationContext;)V+6
j  org.gradle.internal.operations.DefaultBuildOperationRunner$2.execute(Lorg/gradle/internal/operations/BuildOperationDescriptor;Lorg/gradle/internal/operations/BuildOperationState;Lorg/gradle/internal/operations/BuildOperationState;Lorg/gradle/internal/operations/DefaultBuildOperationRunner$ReadableBuildOperationContext;Lorg/gradle/internal/operations/DefaultBuildOperationRunner$BuildOperationExecutionListener;)Lorg/gradle/internal/operations/BuildOperation;+22
j  org.gradle.internal.operations.DefaultBuildOperationRunner$2.execute(Lorg/gradle/internal/operations/BuildOperationDescriptor;Lorg/gradle/internal/operations/BuildOperationState;Lorg/gradle/internal/operations/BuildOperationState;Lorg/gradle/internal/operations/DefaultBuildOperationRunner$ReadableBuildOperationContext;Lorg/gradle/internal/operations/DefaultBuildOperationRunner$BuildOperationExecutionListener;)Ljava/lang/Object;+8
j  org.gradle.internal.operations.DefaultBuildOperationRunner.execute(Lorg/gradle/internal/operations/BuildOperationDescriptor$Builder;Lorg/gradle/internal/operations/BuildOperationState;Lorg/gradle/internal/operations/DefaultBuildOperationRunner$BuildOperationExecution;)Ljava/lang/Object;+141
j  org.gradle.internal.operations.DefaultBuildOperationRunner.execute(Lorg/gradle/internal/operations/BuildOperation;Lorg/gradle/internal/operations/BuildOperationWorker;Lorg/gradle/internal/operations/BuildOperationState;)V+18
j  org.gradle.internal.operations.DefaultBuildOperationRunner.run(Lorg/gradle/internal/operations/RunnableBuildOperation;)V+9
j  org.gradle.configuration.BuildOperationFiringProjectsPreparer.prepareProjects(Lorg/gradle/api/internal/GradleInternal;)V+13
j  org.gradle.initialization.VintageBuildModelController.lambda$prepareProjects$2()V+8
j  org.gradle.initialization.VintageBuildModelController$$Lambda+0x000001bb816165f0.run()V+4
j  org.gradle.internal.model.StateTransitionController.lambda$doTransition$14(Ljava/lang/Runnable;)Lorg/gradle/internal/build/ExecutionResult;+1
j  org.gradle.internal.model.StateTransitionController$$Lambda+0x000001bb8140ecb8.get()Ljava/lang/Object;+4
j  org.gradle.internal.model.StateTransitionController.doTransition(Lorg/gradle/internal/model/StateTransitionController$State;Lorg/gradle/internal/model/StateTransitionController$State;Ljava/util/function/Supplier;)Lorg/gradle/internal/build/ExecutionResult;+24
j  org.gradle.internal.model.StateTransitionController.doTransition(Lorg/gradle/internal/model/StateTransitionController$State;Lorg/gradle/internal/model/StateTransitionController$State;Ljava/lang/Runnable;)V+9
j  org.gradle.internal.model.StateTransitionController.lambda$transitionIfNotPreviously$11(Lorg/gradle/internal/model/StateTransitionController$State;Lorg/gradle/internal/model/StateTransitionController$State;Ljava/lang/Runnable;)V+16
j  org.gradle.internal.model.StateTransitionController$$Lambda+0x000001bb8140ea90.run()V+16
j  org.gradle.internal.work.DefaultSynchronizer.withLock(Ljava/lang/Runnable;)V+6
j  org.gradle.internal.model.StateTransitionController.transitionIfNotPreviously(Lorg/gradle/internal/model/StateTransitionController$State;Lorg/gradle/internal/model/StateTransitionController$State;Ljava/lang/Runnable;)V+13
j  org.gradle.initialization.VintageBuildModelController.prepareProjects()V+16
j  org.gradle.initialization.VintageBuildModelController.getConfiguredModel()Lorg/gradle/api/internal/GradleInternal;+5
j  org.gradle.internal.build.DefaultBuildLifecycleController.lambda$withProjectsConfigured$1(Ljava/util/function/Function;)Ljava/lang/Object;+5
j  org.gradle.internal.build.DefaultBuildLifecycleController$$Lambda+0x000001bb8140e418.get()Ljava/lang/Object;+8
j  org.gradle.internal.model.StateTransitionController.lambda$notInState$3(Lorg/gradle/internal/model/StateTransitionController$State;Ljava/util/function/Supplier;)Ljava/lang/Object;+11
j  org.gradle.internal.model.StateTransitionController$$Lambda+0x000001bb8140e640.create()Ljava/lang/Object;+12
j  org.gradle.internal.work.DefaultSynchronizer.withLock(Lorg/gradle/internal/Factory;)Ljava/lang/Object;+6
j  org.gradle.internal.model.StateTransitionController.notInState(Lorg/gradle/internal/model/StateTransitionController$State;Ljava/util/function/Supplier;)Ljava/lang/Object;+12
j  org.gradle.internal.build.DefaultBuildLifecycleController.withProjectsConfigured(Ljava/util/function/Function;)Ljava/lang/Object;+14
j  org.gradle.internal.build.DefaultBuildToolingModelController.locateBuilderForTarget(Ljava/lang/String;Z)Lorg/gradle/tooling/provider/model/internal/ToolingModelScope;+38
j  org.gradle.internal.buildtree.DefaultBuildTreeModelCreator$DefaultBuildTreeModelController.lambda$locateBuilderForBuildTarget$0(Ljava/lang/String;ZLorg/gradle/internal/build/BuildToolingModelController;)Lorg/gradle/tooling/provider/model/internal/ToolingModelScope;+3
j  org.gradle.internal.buildtree.DefaultBuildTreeModelCreator$DefaultBuildTreeModelController$$Lambda+0x000001bb813f4ad8.apply(Ljava/lang/Object;)Ljava/lang/Object;+12
j  org.gradle.internal.build.DefaultBuildLifecycleController.withToolingModels(Ljava/util/function/Function;)Ljava/lang/Object;+15
j  org.gradle.internal.build.AbstractBuildState.withToolingModels(Ljava/util/function/Function;)Ljava/lang/Object;+5
j  org.gradle.internal.buildtree.DefaultBuildTreeModelCreator$DefaultBuildTreeModelController.locateBuilderForBuildTarget(Lorg/gradle/internal/build/BuildState;Ljava/lang/String;Z)Lorg/gradle/tooling/provider/model/internal/ToolingModelScope;+8
j  org.gradle.internal.buildtree.DefaultBuildTreeModelCreator$DefaultBuildTreeModelController.locateBuilderForDefaultTarget(Ljava/lang/String;Z)Lorg/gradle/tooling/provider/model/internal/ToolingModelScope;+10
j  org.gradle.internal.buildtree.DefaultBuildTreeModelCreator$DefaultBuildTreeModelController.locateBuilderForTarget(Lorg/gradle/internal/buildtree/BuildTreeModelTarget;Ljava/lang/String;Z)Lorg/gradle/tooling/provider/model/internal/ToolingModelScope;+10
j  org.gradle.internal.buildtree.DefaultBuildTreeModelCreator$DefaultBuildTreeModelController.access$200(Lorg/gradle/internal/buildtree/DefaultBuildTreeModelCreator$DefaultBuildTreeModelController;Lorg/gradle/internal/buildtree/BuildTreeModelTarget;Ljava/lang/String;Z)Lorg/gradle/tooling/provider/model/internal/ToolingModelScope;+4
j  org.gradle.internal.buildtree.DefaultBuildTreeModelCreator$DefaultBuildTreeModelController$1.call(Lorg/gradle/internal/operations/BuildOperationContext;)Ljava/lang/Object;+24
j  org.gradle.internal.operations.DefaultBuildOperationRunner$CallableBuildOperationWorker.execute(Lorg/gradle/internal/operations/CallableBuildOperation;Lorg/gradle/internal/operations/BuildOperationContext;)V+3
j  org.gradle.internal.operations.DefaultBuildOperationRunner$CallableBuildOperationWorker.execute(Lorg/gradle/internal/operations/BuildOperation;Lorg/gradle/internal/operations/BuildOperationContext;)V+6
j  org.gradle.internal.operations.DefaultBuildOperationRunner$2.execute(Lorg/gradle/internal/operations/BuildOperationDescriptor;Lorg/gradle/internal/operations/BuildOperationState;Lorg/gradle/internal/operations/BuildOperationState;Lorg/gradle/internal/operations/DefaultBuildOperationRunner$ReadableBuildOperationContext;Lorg/gradle/internal/operations/DefaultBuildOperationRunner$BuildOperationExecutionListener;)Lorg/gradle/internal/operations/BuildOperation;+22
j  org.gradle.internal.operations.DefaultBuildOperationRunner$2.execute(Lorg/gradle/internal/operations/BuildOperationDescriptor;Lorg/gradle/internal/operations/BuildOperationState;Lorg/gradle/internal/operations/BuildOperationState;Lorg/gradle/internal/operations/DefaultBuildOperationRunner$ReadableBuildOperationContext;Lorg/gradle/internal/operations/DefaultBuildOperationRunner$BuildOperationExecutionListener;)Ljava/lang/Object;+8
j  org.gradle.internal.operations.DefaultBuildOperationRunner.execute(Lorg/gradle/internal/operations/BuildOperationDescriptor$Builder;Lorg/gradle/internal/operations/BuildOperationState;Lorg/gradle/internal/operations/DefaultBuildOperationRunner$BuildOperationExecution;)Ljava/lang/Object;+141
j  org.gradle.internal.operations.DefaultBuildOperationRunner.execute(Lorg/gradle/internal/operations/BuildOperation;Lorg/gradle/internal/operations/BuildOperationWorker;Lorg/gradle/internal/operations/BuildOperationState;)V+18
j  org.gradle.internal.operations.DefaultBuildOperationRunner.call(Lorg/gradle/internal/operations/CallableBuildOperation;)Ljava/lang/Object;+16
j  org.gradle.internal.buildtree.DefaultBuildTreeModelCreator$DefaultBuildTreeModelController.getModel(Lorg/gradle/internal/buildtree/BuildTreeModelTarget;Ljava/lang/String;Ljava/lang/Object;)Ljava/lang/Object;+18
j  org.gradle.tooling.internal.provider.runner.BuildModelActionRunner$ModelCreateAction.fromBuildModel(Lorg/gradle/internal/buildtree/BuildTreeModelController;)Ljava/lang/Object;+14
j  org.gradle.internal.buildtree.DefaultBuildTreeModelCreator.fromBuildModel(Lorg/gradle/internal/buildtree/BuildTreeModelAction;)Ljava/lang/Object;+10
j  org.gradle.internal.buildtree.DefaultBuildTreeLifecycleController.lambda$fromBuildModel$2(Lorg/gradle/internal/buildtree/BuildTreeModelAction;Z)Lorg/gradle/internal/build/ExecutionResult;+57
j  org.gradle.internal.buildtree.DefaultBuildTreeLifecycleController$$Lambda+0x000001bb813ec800.get()Ljava/lang/Object;+12
j  org.gradle.internal.buildtree.DefaultBuildTreeLifecycleController.lambda$runBuild$4(Ljava/util/function/Supplier;)Ljava/lang/Object;+1
j  org.gradle.internal.buildtree.DefaultBuildTreeLifecycleController$$Lambda+0x000001bb813eca28.get()Ljava/lang/Object;+8
j  org.gradle.internal.model.StateTransitionController.lambda$transition$6(Ljava/util/function/Supplier;)Lorg/gradle/internal/build/ExecutionResult;+1
j  org.gradle.internal.model.StateTransitionController$$Lambda+0x000001bb813f4000.get()Ljava/lang/Object;+4
j  org.gradle.internal.model.StateTransitionController.doTransition(Lorg/gradle/internal/model/StateTransitionController$State;Lorg/gradle/internal/model/StateTransitionController$State;Ljava/util/function/Supplier;)Lorg/gradle/internal/build/ExecutionResult;+24
j  org.gradle.internal.model.StateTransitionController.lambda$transition$7(Lorg/gradle/internal/model/StateTransitionController$State;Lorg/gradle/internal/model/StateTransitionController$State;Ljava/util/function/Supplier;)Ljava/lang/Object;+9
j  org.gradle.internal.model.StateTransitionController$$Lambda+0x000001bb813ecc50.create()Ljava/lang/Object;+16
j  org.gradle.internal.work.DefaultSynchronizer.withLock(Lorg/gradle/internal/Factory;)Ljava/lang/Object;+6
j  org.gradle.internal.model.StateTransitionController.transition(Lorg/gradle/internal/model/StateTransitionController$State;Lorg/gradle/internal/model/StateTransitionController$State;Ljava/util/function/Supplier;)Ljava/lang/Object;+13
j  org.gradle.internal.buildtree.DefaultBuildTreeLifecycleController.runBuild(Ljava/util/function/Supplier;)Ljava/lang/Object;+17
j  org.gradle.internal.buildtree.DefaultBuildTreeLifecycleController.fromBuildModel(ZLorg/gradle/internal/buildtree/BuildTreeModelAction;)Ljava/lang/Object;+9
j  org.gradle.tooling.internal.provider.runner.BuildModelActionRunner.run(Lorg/gradle/internal/invocation/BuildAction;Lorg/gradle/internal/buildtree/BuildTreeLifecycleController;)Lorg/gradle/internal/buildtree/BuildActionRunner$Result;+40
j  org.gradle.launcher.exec.ChainingBuildActionRunner.run(Lorg/gradle/internal/invocation/BuildAction;Lorg/gradle/internal/buildtree/BuildTreeLifecycleController;)Lorg/gradle/internal/buildtree/BuildActionRunner$Result;+34
j  org.gradle.internal.buildtree.ProblemReportingBuildActionRunner.run(Lorg/gradle/internal/invocation/BuildAction;Lorg/gradle/internal/buildtree/BuildTreeLifecycleController;)Lorg/gradle/internal/buildtree/BuildActionRunner$Result;+12
j  org.gradle.launcher.exec.BuildOutcomeReportingBuildActionRunner.run(Lorg/gradle/internal/invocation/BuildAction;Lorg/gradle/internal/buildtree/BuildTreeLifecycleController;)Lorg/gradle/internal/buildtree/BuildActionRunner$Result;+69
j  org.gradle.tooling.internal.provider.FileSystemWatchingBuildActionRunner.run(Lorg/gradle/internal/invocation/BuildAction;Lorg/gradle/internal/buildtree/BuildTreeLifecycleController;)Lorg/gradle/internal/buildtree/BuildActionRunner$Result;+317
j  org.gradle.launcher.exec.BuildCompletionNotifyingBuildActionRunner.run(Lorg/gradle/internal/invocation/BuildAction;Lorg/gradle/internal/buildtree/BuildTreeLifecycleController;)Lorg/gradle/internal/buildtree/BuildActionRunner$Result;+6
j  org.gradle.launcher.exec.RootBuildLifecycleBuildActionExecutor.lambda$execute$0(Lorg/gradle/internal/invocation/BuildAction;Lorg/gradle/internal/buildtree/BuildTreeLifecycleController;)Lorg/gradle/internal/buildtree/BuildActionRunner$Result;+6
j  org.gradle.launcher.exec.RootBuildLifecycleBuildActionExecutor$$Lambda+0x000001bb813d8430.apply(Ljava/lang/Object;)Ljava/lang/Object;+12
j  org.gradle.composite.internal.DefaultRootBuildState.run(Ljava/util/function/Function;)Ljava/lang/Object;+87
j  org.gradle.launcher.exec.RootBuildLifecycleBuildActionExecutor.execute(Lorg/gradle/internal/invocation/BuildAction;Lorg/gradle/internal/buildtree/BuildTreeContext;)Lorg/gradle/internal/buildtree/BuildActionRunner$Result;+75
j  org.gradle.internal.buildtree.InitDeprecationLoggingActionExecutor.execute(Lorg/gradle/internal/invocation/BuildAction;Lorg/gradle/internal/buildtree/BuildTreeContext;)Lorg/gradle/internal/buildtree/BuildActionRunner$Result;+83
j  org.gradle.internal.buildtree.InitProblems.execute(Lorg/gradle/internal/invocation/BuildAction;Lorg/gradle/internal/buildtree/BuildTreeContext;)Lorg/gradle/internal/buildtree/BuildActionRunner$Result;+13
j  org.gradle.internal.buildtree.DefaultBuildTreeContext.execute(Lorg/gradle/internal/invocation/BuildAction;)Lorg/gradle/internal/buildtree/BuildActionRunner$Result;+64
j  org.gradle.launcher.exec.BuildTreeLifecycleBuildActionExecutor.lambda$execute$0(Lorg/gradle/internal/invocation/BuildAction;Lorg/gradle/internal/buildtree/BuildTreeContext;)Lorg/gradle/internal/buildtree/BuildActionRunner$Result;+2
j  org.gradle.launcher.exec.BuildTreeLifecycleBuildActionExecutor$$Lambda+0x000001bb812b18f0.apply(Ljava/lang/Object;)Ljava/lang/Object;+8
j  org.gradle.internal.buildtree.BuildTreeState.run(Ljava/util/function/Function;)Ljava/lang/Object;+47
j  org.gradle.launcher.exec.BuildTreeLifecycleBuildActionExecutor.execute(Lorg/gradle/internal/invocation/BuildAction;Lorg/gradle/internal/session/BuildSessionContext;)Lorg/gradle/internal/buildtree/BuildActionRunner$Result;+74
j  org.gradle.launcher.exec.RunAsBuildOperationBuildActionExecutor$2.call(Lorg/gradle/internal/operations/BuildOperationContext;)Lorg/gradle/internal/buildtree/BuildActionRunner$Result;+25
j  org.gradle.launcher.exec.RunAsBuildOperationBuildActionExecutor$2.call(Lorg/gradle/internal/operations/BuildOperationContext;)Ljava/lang/Object;+2
j  org.gradle.internal.operations.DefaultBuildOperationRunner$CallableBuildOperationWorker.execute(Lorg/gradle/internal/operations/CallableBuildOperation;Lorg/gradle/internal/operations/BuildOperationContext;)V+3
j  org.gradle.internal.operations.DefaultBuildOperationRunner$CallableBuildOperationWorker.execute(Lorg/gradle/internal/operations/BuildOperation;Lorg/gradle/internal/operations/BuildOperationContext;)V+6
j  org.gradle.internal.operations.DefaultBuildOperationRunner$2.execute(Lorg/gradle/internal/operations/BuildOperationDescriptor;Lorg/gradle/internal/operations/BuildOperationState;Lorg/gradle/internal/operations/BuildOperationState;Lorg/gradle/internal/operations/DefaultBuildOperationRunner$ReadableBuildOperationContext;Lorg/gradle/internal/operations/DefaultBuildOperationRunner$BuildOperationExecutionListener;)Lorg/gradle/internal/operations/BuildOperation;+22
j  org.gradle.internal.operations.DefaultBuildOperationRunner$2.execute(Lorg/gradle/internal/operations/BuildOperationDescriptor;Lorg/gradle/internal/operations/BuildOperationState;Lorg/gradle/internal/operations/BuildOperationState;Lorg/gradle/internal/operations/DefaultBuildOperationRunner$ReadableBuildOperationContext;Lorg/gradle/internal/operations/DefaultBuildOperationRunner$BuildOperationExecutionListener;)Ljava/lang/Object;+8
j  org.gradle.internal.operations.DefaultBuildOperationRunner.execute(Lorg/gradle/internal/operations/BuildOperationDescriptor$Builder;Lorg/gradle/internal/operations/BuildOperationState;Lorg/gradle/internal/operations/DefaultBuildOperationRunner$BuildOperationExecution;)Ljava/lang/Object;+141
j  org.gradle.internal.operations.DefaultBuildOperationRunner.execute(Lorg/gradle/internal/operations/BuildOperation;Lorg/gradle/internal/operations/BuildOperationWorker;Lorg/gradle/internal/operations/BuildOperationState;)V+18
j  org.gradle.internal.operations.DefaultBuildOperationRunner.call(Lorg/gradle/internal/operations/CallableBuildOperation;)Ljava/lang/Object;+16
j  org.gradle.launcher.exec.RunAsBuildOperationBuildActionExecutor.execute(Lorg/gradle/internal/invocation/BuildAction;Lorg/gradle/internal/session/BuildSessionContext;)Lorg/gradle/internal/buildtree/BuildActionRunner$Result;+23
j  org.gradle.launcher.exec.RunAsWorkerThreadBuildActionExecutor.lambda$execute$0(Lorg/gradle/internal/invocation/BuildAction;Lorg/gradle/internal/session/BuildSessionContext;)Lorg/gradle/internal/buildtree/BuildActionRunner$Result;+6
j  org.gradle.launcher.exec.RunAsWorkerThreadBuildActionExecutor$$Lambda+0x000001bb81285df0.create()Ljava/lang/Object;+12
j  org.gradle.internal.work.DefaultWorkerLeaseService.withLocks(Ljava/util/Collection;Lorg/gradle/internal/Factory;)Ljava/lang/Object;+28
j  org.gradle.internal.work.DefaultWorkerLeaseService.runAsWorkerThread(Lorg/gradle/internal/Factory;)Ljava/lang/Object;+33
j  org.gradle.launcher.exec.RunAsWorkerThreadBuildActionExecutor.execute(Lorg/gradle/internal/invocation/BuildAction;Lorg/gradle/internal/session/BuildSessionContext;)Lorg/gradle/internal/buildtree/BuildActionRunner$Result;+12
j  org.gradle.tooling.internal.provider.continuous.ContinuousBuildActionExecutor.execute(Lorg/gradle/internal/invocation/BuildAction;Lorg/gradle/internal/session/BuildSessionContext;)Lorg/gradle/internal/buildtree/BuildActionRunner$Result;+58
j  org.gradle.tooling.internal.provider.SubscribableBuildActionExecutor.execute(Lorg/gradle/internal/invocation/BuildAction;Lorg/gradle/internal/session/BuildSessionContext;)Lorg/gradle/internal/buildtree/BuildActionRunner$Result;+30
j  org.gradle.internal.session.DefaultBuildSessionContext.execute(Lorg/gradle/internal/invocation/BuildAction;)Lorg/gradle/internal/buildtree/BuildActionRunner$Result;+64
j  org.gradle.internal.buildprocess.execution.BuildSessionLifecycleBuildActionExecutor$ActionImpl.apply(Lorg/gradle/internal/session/BuildSessionContext;)Lorg/gradle/launcher/exec/BuildActionResult;+6
j  org.gradle.internal.buildprocess.execution.BuildSessionLifecycleBuildActionExecutor$ActionImpl.apply(Ljava/lang/Object;)Ljava/lang/Object;+5
j  org.gradle.internal.session.BuildSessionState.run(Ljava/util/function/Function;)Ljava/lang/Object;+5
j  org.gradle.internal.buildprocess.execution.BuildSessionLifecycleBuildActionExecutor.execute(Lorg/gradle/internal/invocation/BuildAction;Lorg/gradle/launcher/exec/BuildActionParameters;Lorg/gradle/initialization/BuildRequestContext;)Lorg/gradle/launcher/exec/BuildActionResult;+95
j  org.gradle.internal.buildprocess.execution.BuildSessionLifecycleBuildActionExecutor.execute(Lorg/gradle/internal/invocation/BuildAction;Ljava/lang/Object;Ljava/lang/Object;)Lorg/gradle/launcher/exec/BuildActionResult;+10
j  org.gradle.internal.buildprocess.execution.StartParamsValidatingActionExecutor.execute(Lorg/gradle/internal/invocation/BuildAction;Lorg/gradle/launcher/exec/BuildActionParameters;Lorg/gradle/initialization/BuildRequestContext;)Lorg/gradle/launcher/exec/BuildActionResult;+203
j  org.gradle.internal.buildprocess.execution.StartParamsValidatingActionExecutor.execute(Lorg/gradle/internal/invocation/BuildAction;Ljava/lang/Object;Ljava/lang/Object;)Lorg/gradle/launcher/exec/BuildActionResult;+10
j  org.gradle.internal.buildprocess.execution.SessionFailureReportingActionExecutor.execute(Lorg/gradle/internal/invocation/BuildAction;Lorg/gradle/launcher/exec/BuildActionParameters;Lorg/gradle/initialization/BuildRequestContext;)Lorg/gradle/launcher/exec/BuildActionResult;+7
j  org.gradle.internal.buildprocess.execution.SessionFailureReportingActionExecutor.execute(Lorg/gradle/internal/invocation/BuildAction;Ljava/lang/Object;Ljava/lang/Object;)Lorg/gradle/launcher/exec/BuildActionResult;+10
j  org.gradle.internal.buildprocess.execution.SetupLoggingActionExecutor.execute(Lorg/gradle/internal/invocation/BuildAction;Lorg/gradle/launcher/exec/BuildActionParameters;Lorg/gradle/initialization/BuildRequestContext;)Lorg/gradle/launcher/exec/BuildActionResult;+50
j  org.gradle.internal.buildprocess.execution.SetupLoggingActionExecutor.execute(Lorg/gradle/internal/invocation/BuildAction;Ljava/lang/Object;Ljava/lang/Object;)Lorg/gradle/launcher/exec/BuildActionResult;+10
j  org.gradle.launcher.daemon.server.exec.ExecuteBuild.doBuild(Lorg/gradle/launcher/daemon/server/api/DaemonCommandExecution;Lorg/gradle/launcher/daemon/protocol/Build;)V+147
j  org.gradle.launcher.daemon.server.exec.BuildCommandOnly.execute(Lorg/gradle/launcher/daemon/server/api/DaemonCommandExecution;)V+49
j  org.gradle.launcher.daemon.server.api.DaemonCommandExecution.proceed()Z+23
j  org.gradle.launcher.daemon.server.exec.WatchForDisconnection.execute(Lorg/gradle/launcher/daemon/server/api/DaemonCommandExecution;)V+19
j  org.gradle.launcher.daemon.server.api.DaemonCommandExecution.proceed()Z+23
j  org.gradle.launcher.daemon.server.exec.ResetDeprecationLogger.execute(Lorg/gradle/launcher/daemon/server/api/DaemonCommandExecution;)V+7
j  org.gradle.launcher.daemon.server.api.DaemonCommandExecution.proceed()Z+23
j  org.gradle.launcher.daemon.server.exec.RequestStopIfSingleUsedDaemon.execute(Lorg/gradle/launcher/daemon/server/api/DaemonCommandExecution;)V+33
j  org.gradle.launcher.daemon.server.api.DaemonCommandExecution.proceed()Z+23
j  org.gradle.launcher.daemon.server.exec.ForwardClientInput.lambda$execute$0(Lorg/gradle/launcher/daemon/server/api/DaemonCommandExecution;Lorg/gradle/internal/daemon/clientinput/StdinHandler;)Ljava/lang/Object;+11
j  org.gradle.launcher.daemon.server.exec.ForwardClientInput$$Lambda+0x000001bb8118efe8.apply(Ljava/lang/Object;)Ljava/lang/Object;+8
j  org.gradle.internal.daemon.clientinput.ClientInputForwarder.forwardInput(Ljava/util/function/Function;)Ljava/lang/Object;+46
j  org.gradle.launcher.daemon.server.exec.ForwardClientInput.execute(Lorg/gradle/launcher/daemon/server/api/DaemonCommandExecution;)V+10
j  org.gradle.launcher.daemon.server.api.DaemonCommandExecution.proceed()Z+23
j  org.gradle.launcher.daemon.server.exec.LogAndCheckHealth.execute(Lorg/gradle/launcher/daemon/server/api/DaemonCommandExecution;)V+51
j  org.gradle.launcher.daemon.server.api.DaemonCommandExecution.proceed()Z+23
j  org.gradle.launcher.daemon.server.exec.LogToClient.doBuild(Lorg/gradle/launcher/daemon/server/api/DaemonCommandExecution;Lorg/gradle/launcher/daemon/protocol/Build;)V+87
j  org.gradle.launcher.daemon.server.exec.BuildCommandOnly.execute(Lorg/gradle/launcher/daemon/server/api/DaemonCommandExecution;)V+49
j  org.gradle.launcher.daemon.server.api.DaemonCommandExecution.proceed()Z+23
j  org.gradle.launcher.daemon.server.exec.EstablishBuildEnvironment.doBuild(Lorg/gradle/launcher/daemon/server/api/DaemonCommandExecution;Lorg/gradle/launcher/daemon/protocol/Build;)V+356
j  org.gradle.launcher.daemon.server.exec.BuildCommandOnly.execute(Lorg/gradle/launcher/daemon/server/api/DaemonCommandExecution;)V+49
j  org.gradle.launcher.daemon.server.api.DaemonCommandExecution.proceed()Z+23
j  org.gradle.launcher.daemon.server.exec.StartBuildOrRespondWithBusy$1.run()V+44
j  org.gradle.launcher.daemon.server.DaemonStateCoordinator.lambda$runCommand$0(Ljava/lang/Runnable;)V+1
j  org.gradle.launcher.daemon.server.DaemonStateCoordinator$$Lambda+0x000001bb8118bac0.run()V+8
j  org.gradle.internal.concurrent.ExecutorPolicy$CatchAndRecordFailures.onExecute(Ljava/lang/Runnable;)V+1
j  org.gradle.internal.concurrent.AbstractManagedExecutor$1.run()V+25
j  java.util.concurrent.ThreadPoolExecutor.runWorker(Ljava/util/concurrent/ThreadPoolExecutor$Worker;)V+92 java.base@21.0.12.1
j  java.util.concurrent.ThreadPoolExecutor$Worker.run()V+5 java.base@21.0.12.1
j  java.lang.Thread.runWith(Ljava/lang/Object;Ljava/lang/Runnable;)V+5 java.base@21.0.12.1
j  java.lang.Thread.run()V+19 java.base@21.0.12.1
v  ~StubRoutines::call_stub 0x000001bbeb0d100d

Compiled method (n/a) 254854  809     n 0       java.lang.ClassLoader::defineClass1 (native)
 total in heap  [0x000001bbeb6c8b90,0x000001bbeb6c9128] = 1432
 relocation     [0x000001bbeb6c8cf0,0x000001bbeb6c8d28] = 56
 main code      [0x000001bbeb6c8d40,0x000001bbeb6c9121] = 993
 stub code      [0x000001bbeb6c9121,0x000001bbeb6c9128] = 7

[Constant Pool (empty)]

[MachCode]
[Entry Point]
  # {method} {0x000001bb80434c38} 'defineClass1' '(Ljava/lang/ClassLoader;Ljava/lang/String;[BIILjava/security/ProtectionDomain;Ljava/lang/String;)Ljava/lang/Class;' in 'java/lang/ClassLoader'
  # parm0:    rdx:rdx   = 'java/lang/ClassLoader'
  # parm1:    r8:r8     = 'java/lang/String'
  # parm2:    r9:r9     = '[B'
  # parm3:    rdi       = int
  # parm4:    rsi       = int
  # parm5:    rcx:rcx   = 'java/security/ProtectionDomain'
  # parm6:    [sp+0xa0]   = 'java/lang/String'  (sp of caller)
  0x000001bbeb6c8d40: 448b 5208 | 49bb 0000 | 0080 bb01 | 0000 4d03 | d349 3bc2 | 0f84 0600 

  0x000001bbeb6c8d58: ;   {runtime_call ic_miss_stub}
  0x000001bbeb6c8d58: 0000 e921 | 5aa5 ff90 
[Verified Entry Point]
  0x000001bbeb6c8d60: 8984 2400 | 80ff ff55 | 488b ec48 | 81ec 9000 | 0000 6690 | 4181 7f20 | 1300 0000 

  0x000001bbeb6c8d7c: ;   {runtime_call StubRoutines (final stubs)}
  0x000001bbeb6c8d7c: 7405 e81d | d7a3 ff48 | 837d 1000 | 488d 4510 | 480f 4445 | 1048 8944 | 2440 4889 | 4c24 7048 
  0x000001bbeb6c8d9c: 83f9 0048 | 8d44 2470 | 480f 4444 | 2470 4889 | 4424 3848 | 8974 2430 | 4889 7c24 | 284c 894c 
  0x000001bbeb6c8dbc: 2458 4983 | f900 488d | 4424 5848 | 0f44 4424 | 5848 8944 | 2420 4c89 | 4424 5049 | 83f8 004c 
  0x000001bbeb6c8ddc: 8d4c 2450 | 4c0f 444c | 2450 4889 | 5424 4848 | 83fa 004c | 8d44 2448 | 4c0f 4444 

  0x000001bbeb6c8df8: ;   {oop(a 'java/lang/Class'{0x00000000c0803f08} = 'java/lang/ClassLoader')}
  0x000001bbeb6c8df8: 2448 49be | 083f 80c0 | 0000 0000 | 4c89 7424 | 784c 8d74 | 2478 498b | d6c5 f877 

  0x000001bbeb6c8e14: ;   {internal_word}
  0x000001bbeb6c8e14: 49ba 118e | 6ceb bb01 | 0000 4d89 | 97a8 0300 | 0049 89a7 | a003 0000 

  0x000001bbeb6c8e2c: ;   {external_word}
  0x000001bbeb6c8e2c: 49ba 066d | 45f5 fa7f | 0000 4180 | 3a00 0f84 | 4e00 0000 | 5241 5041 

  0x000001bbeb6c8e44: ;   {metadata({method} {0x000001bb80434c38} 'defineClass1' '(Ljava/lang/ClassLoader;Ljava/lang/String;[BIILjava/security/ProtectionDomain;Ljava/lang/String;)Ljava/lang/Class;' in 'java/lang/ClassLoader')}
  0x000001bbeb6c8e44: 5148 ba30 | 4c43 80bb | 0100 0049 | 8bcf 4883 | ec20 40f6 | c40f 0f84 | 1900 0000 | 4883 ec08 
  0x000001bbeb6c8e64: ;   {runtime_call}
  0x000001bbeb6c8e64: 48b8 e0ea | eef4 fa7f | 0000 ffd0 | 4883 c408 | e90c 0000 

  0x000001bbeb6c8e78: ;   {runtime_call}
  0x000001bbeb6c8e78: 0048 b8e0 | eaee f4fa | 7f00 00ff | d048 83c4 | 2041 5941 | 585a 498d | 8fc0 0300 | 0041 c787 
  0x000001bbeb6c8e98: 4c04 0000 | 0400 0000 

  0x000001bbeb6c8ea0: ;   {runtime_call}
  0x000001bbeb6c8ea0: 48b8 ac16 | f22f fb7f | 0000 ffd0 | c5f8 7741 | c787 4c04 | 0000 0500 | 0000 f083 | 4424 c000 
  0x000001bbeb6c8ec0: 493b af50 | 0400 000f | 870e 0000 | 0041 83bf | 4804 0000 | 000f 842b | 0000 00c5 | f877 4889 
  0x000001bbeb6c8ee0: 45f8 498b | cf4c 8be4 | 4883 ec20 | 4883 e4f0 

  0x000001bbeb6c8ef0: ;   {runtime_call}
  0x000001bbeb6c8ef0: 48b8 0058 | baf4 fa7f | 0000 ffd0 | 498b e44d | 33e4 488b | 45f8 41c7 | 874c 0400 | 0008 0000 
  0x000001bbeb6c8f10: 0041 83bf | c804 0000 | 020f 84d5 

  0x000001bbeb6c8f1c: ;   {external_word}
  0x000001bbeb6c8f1c: 0100 0049 | ba06 6d45 | f5fa 7f00 | 0041 803a | 000f 844c | 0000 0048 

  0x000001bbeb6c8f34: ;   {metadata({method} {0x000001bb80434c38} 'defineClass1' '(Ljava/lang/ClassLoader;Ljava/lang/String;[BIILjava/security/ProtectionDomain;Ljava/lang/String;)Ljava/lang/Class;' in 'java/lang/ClassLoader')}
  0x000001bbeb6c8f34: 8945 f848 | ba30 4c43 | 80bb 0100 | 0049 8bcf | 4883 ec20 | 40f6 c40f | 0f84 1900 | 0000 4883 
  0x000001bbeb6c8f54: ;   {runtime_call}
  0x000001bbeb6c8f54: ec08 48b8 | e0ea eef4 | fa7f 0000 | ffd0 4883 | c408 e90c 

  0x000001bbeb6c8f68: ;   {runtime_call}
  0x000001bbeb6c8f68: 0000 0048 | b8e0 eaee | f4fa 7f00 | 00ff d048 | 83c4 2048 | 8b45 f849 | c787 a003 | 0000 0000 
  0x000001bbeb6c8f88: 0000 49c7 | 87a8 0300 | 0000 0000 | 00c5 f877 | 4885 c00f | 8430 0100 | 00a8 030f | 8508 0000 
  0x000001bbeb6c8fa8: 0048 8b00 | e920 0100 | 00a8 010f | 8509 0000 | 0048 8b40 | fee9 0f01 | 0000 488b | 40ff 4180 
  0x000001bbeb6c8fc8: 7f40 000f | 8400 0100 | 0048 83f8 | 000f 84f6 | 0000 0049 | 8b4f 2848 | 83f9 000f | 8414 0000 
  0x000001bbeb6c8fe8: 0048 83e9 | 0849 894f | 2849 034f | 3848 8901 | e9d4 0000 | 0048 83ec | 7048 8904 | 2448 894c 
  0x000001bbeb6c9008: 2408 4889 | 5424 104c | 8944 2418 | 4c89 4c24 | 204c 8954 | 2428 4c89 | 5c24 30c5 | fb11 4424 
  0x000001bbeb6c9028: 40c5 fb11 | 4c24 48c5 | fb11 5424 | 50c5 fb11 | 5c24 58c5 | fb11 6424 | 60c5 fb11 | 6c24 6849 
  0x000001bbeb6c9048: 8bd7 488b | c848 83ec | 2040 f6c4 | 0f0f 8419 | 0000 0048 

  0x000001bbeb6c905c: ;   {runtime_call}
  0x000001bbeb6c905c: 83ec 0848 | b820 a4ad | f4fa 7f00 | 00ff d048 | 83c4 08e9 | 0c00 0000 

  0x000001bbeb6c9074: ;   {runtime_call}
  0x000001bbeb6c9074: 48b8 20a4 | adf4 fa7f | 0000 ffd0 | 4883 c420 | c5fb 106c | 2468 c5fb | 1064 2460 | c5fb 105c 
  0x000001bbeb6c9094: 2458 c5fb | 1054 2450 | c5fb 104c | 2448 c5fb | 1044 2440 | 4c8b 5c24 | 304c 8b54 | 2428 4c8b 
  0x000001bbeb6c90b4: 4c24 204c | 8b44 2418 | 488b 5424 | 1048 8b4c | 2408 488b | 0424 4883 | c470 c5f8 | 7749 8b8f 
  0x000001bbeb6c90d4: 3004 0000 | c781 0001 | 0000 0000 | 0000 c949 | 837f 0800 | 0f85 0100 

  0x000001bbeb6c90ec: ;   {runtime_call StubRoutines (initial stubs)}
  0x000001bbeb6c90ec: 0000 c3e9 | 0c7e a0ff | c5f8 7748 | 8945 f84c | 8be4 4883 | ec20 4883 

  0x000001bbeb6c9104: ;   {runtime_call}
  0x000001bbeb6c9104: e4f0 48b8 | 3022 eff4 | fa7f 0000 | ffd0 498b | e44d 33e4 | 488b 45f8 | e9fe fdff | fff4 f4f4 
  0x000001bbeb6c9124: f4f4 f4f4 
[/MachCode]


Compiled method (c2) 254876 9991       4       java.lang.ClassLoader::defineClass (43 bytes)
 total in heap  [0x000001bbebb2db10,0x000001bbebb33590] = 23168
 relocation     [0x000001bbebb2dc70,0x000001bbebb2e018] = 936
 main code      [0x000001bbebb2e020,0x000001bbebb31388] = 13160
 stub code      [0x000001bbebb31388,0x000001bbebb31508] = 384
 oops           [0x000001bbebb31508,0x000001bbebb31520] = 24
 metadata       [0x000001bbebb31520,0x000001bbebb316e0] = 448
 scopes data    [0x000001bbebb316e0,0x000001bbebb328f0] = 4624
 scopes pcs     [0x000001bbebb328f0,0x000001bbebb330b0] = 1984
 dependencies   [0x000001bbebb330b0,0x000001bbebb330d8] = 40
 handler table  [0x000001bbebb330d8,0x000001bbebb334e0] = 1032
 nul chk table  [0x000001bbebb334e0,0x000001bbebb33590] = 176

[Constant Pool (empty)]

[MachCode]
[Entry Point]
  # {method} {0x000001bb80434fb8} 'defineClass' '(Ljava/lang/String;[BIILjava/security/ProtectionDomain;)Ljava/lang/Class;' in 'java/lang/ClassLoader'
  # this:     rdx:rdx   = 'java/lang/ClassLoader'
  # parm0:    r8:r8     = 'java/lang/String'
  # parm1:    r9:r9     = '[B'
  # parm2:    rdi       = int
  # parm3:    rsi       = int
  # parm4:    rcx:rcx   = 'java/security/ProtectionDomain'
  #           [sp+0xe0]  (sp of caller)
  0x000001bbebb2e020: 448b 5208 | 49bb 0000 | 0080 bb01 | 0000 4d03 | d349 3bc2 

  0x000001bbebb2e034: ;   {runtime_call ic_miss_stub}
  0x000001bbebb2e034: 0f85 4607 | 5fff 6690 | 0f1f 4000 
[Verified Entry Point]
  0x000001bbebb2e040: 8984 2400 | 80ff ff55 | 4881 ecd0 | 0000 0090 | 4181 7f20 | 1300 0000 | 0f85 2033 | 0000 4889 
  0x000001bbebb2e060: 4c24 4089 | 7424 3c89 | 7c24 384c | 894c 2430 | 4889 5424 | 284c 8984 | 2488 0000 | 0045 8b50 
  0x000001bbebb2e080: 1445 8b5a | 0c45 85db | 0f86 1221 | 0000 450f | be48 1045 | 85c9 0f85 | bb21 0000 | c442 32f7 
  0x000001bbebb2e0a0: c345 3bc3 | 458b c845 | 0f4f cb49 | 8bca c4e1 | f96e c14d | 8d6a 1045 | 85c9 0f8e | d000 0000 
  0x000001bbebb2e0c0: 453b d90f | 822b 2100 | 00b8 2f00 | 0000 498b | fd41 8bd1 | 488b df83 | fa10 0f8c | 7900 0000 
  0x000001bbebb2e0e0: 83fa 200f | 8c36 0000 | 00c5 f96e | c8c4 e27d | 78c9 c5ed | efd2 8bca | 83e1 e083 | e21f c5fe 
  0x000001bbebb2e100: 6f1b c5e5 | 74d9 c4e2 | 7d17 d30f | 8369 0000 | 0048 83c3 | 2083 e920 | 75e4 e90d | 0000 00c5 
  0x000001bbebb2e120: f96e c8c5 | e9ef d2c4 | e271 00ca | 83fa 100f 

  0x000001bbebb2e130: ;   {no_reloc}
  0x000001bbebb2e130: 8c24 0000 | 008b ca83 | e1f0 83e2 | 0fc5 fa6f | 1bc5 e174 | d9c4 e279 | 17d3 0f83 | 2a00 0000 
  0x000001bbebb2e150: 4883 c310 | 83e9 1075 | e485 d20f | 8412 0000 | 000f b60b | 3bc1 741c | 4883 c301 | 83ea 0174 
  0x000001bbebb2e170: 02eb eebb | ffff ffff | eb0d c5fd | d7cb 0fbc | c148 03d8 | 482b df83 | fbff 0f85 | 3c21 0000 
  0x000001bbebb2e190: 410f b66d | 0083 fd5b | 0f84 8a21 | 0000 458d | 48fb 4585 | c97c 5441 | 0fbe 4d00 | 83f9 6a75 
  0x000001bbebb2e1b0: 4a41 83fb | 040f 86bd | 2300 0041 | 807a 1161 | 7539 4180 | 7a12 7675 | 3241 807a | 1361 752b 
  0x000001bbebb2e1d0: 4180 7a14 

  0x000001bbebb2e1d4: ;   {oop(a 'jdk/internal/loader/ClassLoaders$PlatformClassLoader'{0x00000000c05c3798})}
  0x000001bbebb2e1d4: 2e75 2449 | b998 375c | c000 0000 | 0048 8b4c | 2428 493b | c90f 8511 

  0x000001bbebb2e1ec: ;   {oop(a 'jdk/internal/loader/ClassLoaders$PlatformClassLoader'{0x00000000c05c3798})}
  0x000001bbebb2e1ec: 2b00 0048 | bb98 375c | c000 0000 | 00eb 0548 | 8b5c 2428 | 4c8b 4c24 | 4045 8b71 | 1041 8d4b 
  0x000001bbebb2e20c: ff41 8d78 | ff3b f90f | 4ff9 85ff | 0f8c e00e | 0000 413b | fb0f 8345 | 1f00 0085 | ff0f 8e91 
  0x000001bbebb2e22c: 1f00 0044 | 8d4f ff33 | d2c4 c1f9 | 6ecd 8954 | 2420 410f | be54 3a10 | 83fa 2e0f | 8457 0d00 
  0x000001bbebb2e24c: 00ff cf41 | 3bf9 7fea | 83ff 020f | 8e95 0000 | 0044 8d4f | fe83 ff02 | 440f 4c4c | 2420 4181 
  0x000001bbebb2e26c: f9a0 0f00 | 00b9 a00f | 0000 440f | 47c9 8bd7 | 412b d190 | 4863 cf45 | 0fbe 4c0a | 1041 83f9 
  0x000001bbebb2e28c: 2e0f 8469 | 0300 0041 | 0fbe 4c0a | 0f83 f92e | 0f84 5e03 | 0000 8d4f | fe41 0fbe | 740a 1083 
  0x000001bbebb2e2ac: fe2e 0f84 | 4f03 0000 | 8d4f fd45 | 0fbe 4c0a | 1041 83f9 | 2e0f 843c | 0300 0083 | c7fc 3bfa 
  0x000001bbebb2e2cc: 7fb2 498b | 8758 0400 | 004c 8b4c | 2428 488b | 8c24 8800 | 0000 488b 

  0x000001bbebb2e2e4: ; ImmutableOopMap {r10=NarrowOop r9=Oop rcx=Oop rbx=Oop rdx=Oop r14=NarrowOop xmm0=Oop xmm1=Derived_oop_xmm0 [40]=Oop [48]=Oop [64]=Oop [136]=Oop }
                      ;*goto {reexecute=1 rethrow=0 return_oop=0}
                      ; - (reexecute) java.lang.StringLatin1::lastIndexOf@35
                      ; - java.lang.String::lastIndexOf@13
                      ; - java.lang.String::lastIndexOf@8
                      ; - java.lang.ClassLoader::checkCerts@3
                      ; - java.lang.ClassLoader::preDefineClass@113
                      ; - java.lang.ClassLoader::defineClass@4
                      ;   {poll}
  0x000001bbebb2e2e4: 5424 4085 | 0083 ff02 | 0f8f 6bff | ffff 83ff | ff7e 2041 | 0fbe 4c3a | 1083 f92e | 0f84 4a1f 
  0x000001bbebb2e304: 0000 ffcf | 83ff ff7f | eac4 c1f9 | 7ecd e9ef | 0d00 00c4 | c1f9 7ecd | e9e5 0d00 | 0044 8bd3 
  0x000001bbebb2e324: eb04 448d | 53ff 4183 | faff 0f84 | 2502 0000 | 4585 d20f | 8ccf 2200 | 0045 3bd1 | 0f8f fa22 
  0x000001bbebb2e344: 0000 453b | d10f 844d | 0c00 0045 | 85d2 0f84 | 970d 0000 | 498b 9fb8 | 0100 004c | 8bdb 4983 
  0x000001bbebb2e364: c318 4d3b | 9fc8 0100 | 000f 83a0 | 1b00 004d | 899f b801 | 0000 410f | 1883 0001 | 0000 48c7 
  0x000001bbebb2e384: 0301 0000 

  0x000001bbebb2e388: ;   {metadata('java/lang/String')}
  0x000001bbebb2e388: 00c7 4308 | 78e8 0000 | 4489 630c | 4c89 6310 | 4c8d 5910 | 443b d70f | 84ce 0000 | 0041 81fa 
  0x000001bbebb2e3a8: 0000 1000 | 0f87 7723 | 0000 4d63 | ca41 3bfa | 8bef 410f | 4fea 3bfd | 0f82 d723 | 0000 443b 
  0x000001bbebb2e3c8: d50f 82ce | 2300 0049 | 83c1 174d | 8bc1 4983 | e0f8 4181 | fa00 0010 | 000f 87d2 | 1c00 0049 
  0x000001bbebb2e3e8: 8bb7 b801 | 0000 488b | ce49 03c8 | 493b 8fc8 | 0100 000f | 83b8 1c00 | 0049 898f | b801 0000 
  0x000001bbebb2e408: 0f18 8100 | 0100 0048 | c706 0100 | 0000 0f18 | 8140 0100 

  0x000001bbebb2e41c: ;   {metadata({type array byte})}
  0x000001bbebb2e41c: 00c7 4608 | 1823 0000 | 4489 560c | 0f18 8180 | 0100 0048 | 8bd6 4883 | c210 49c1 | e903 85ed 
  0x000001bbebb2e43c: 0f84 ef22 | 0000 413b | ea0f 8c80 | 1700 0049 | 83c0 f049 | c1e8 0349 | 8bcb c5f8 | 7749 ba60 
  0x000001bbebb2e45c: 4b10 ebbb | 0100 0041 

  0x000001bbebb2e464: ;   {other}
  0x000001bbebb2e464: ffd2 0f1f | 8400 0000 | 0000 e98b | 0000 004c | 63c7 81ff | 0000 1000 | 0f87 db1b | 0000 498b 
  0x000001bbebb2e484: b7b8 0100 | 004d 8d50 | 1749 83e2 | f84c 8bce | 4d03 ca4d | 3b8f c801 | 0000 0f83 | b91b 0000 
  0x000001bbebb2e4a4: 4d89 8fb8 | 0100 0041 | 0f18 8100 | 0100 0048 | c706 0100 | 0000 410f | 1881 4001 

  0x000001bbebb2e4c0: ;   {metadata({type array byte})}
  0x000001bbebb2e4c0: 0000 c746 | 0818 2300 | 0089 7e0c | 410f 1881 | 8001 0000 | 488b d648 | 83c2 1049 | 83c0 0749 
  0x000001bbebb2e4e0: c1e8 0349 | 8bcb c5f8 | 7749 ba60 | 4b10 ebbb | 0100 0041 

  0x000001bbebb2e4f4: ;   {other}
  0x000001bbebb2e4f4: ffd2 0f1f | 8400 0000 | 0000 4180 | 7f40 000f | 85d0 1300 | 004c 8bd3 | 4c8b c644 | 8943 144c 
  0x000001bbebb2e514: 8bde 4d33 | da49 c1eb | 144d 85db | 741a 49c1 | ea09 48b9 | 0000 aef2 | bb01 0000 | 4903 ca80 
  0x000001bbebb2e534: 3902 0f85 | d013 0000 | 4488 6310 | 488b d390 

  0x000001bbebb2e544: ;   {optimized virtual_call}
  0x000001bbebb2e544: c5f8 77e8 

  0x000001bbebb2e548: ; ImmutableOopMap {[40]=Oop [64]=Oop [104]=Oop }
                      ;*invokevirtual intern {reexecute=0 rethrow=0 return_oop=1}
                      ; - java.lang.Class::getPackageName@65
                      ; - java.lang.ClassLoader::postDefineClass@2
                      ; - java.lang.ClassLoader::defineClass@37
  0x000001bbebb2e548: 1497 b5ff 

  0x000001bbebb2e54c: ;   {other}
  0x000001bbebb2e54c: 0f1f 8400 | 3c0a 0001 | 4889 4424 | 5041 807f | 4000 0f85 | 3d13 0000 | 488b 5c24 | 504c 8bdb 
  0x000001bbebb2e56c: 4c8b 5424 | 6845 895a | 3c4c 8bdb | 4d33 da49 | c1eb 144d | 85db 0f84 | 0d05 0000 | 4885 db0f 
  0x000001bbebb2e58c: 8404 0500 | 0049 c1ea | 0948 b900 | 00ae f2bb | 0100 0049 | 03ca 8039 | 020f 84ea | 0400 004d 
  0x000001bbebb2e5ac: 8b57 584d | 8b5f 48f0 | 8344 24c0 | 0080 3900 | 0f84 d304 | 0000 4488 | 214d 85db | 7520 498b 
  0x000001bbebb2e5cc: d7c5 f877 | 49ba 00a4 | adf4 fa7f | 0000 41ff 

  0x000001bbebb2e5dc: ;   {other}
  0x000001bbebb2e5dc: d20f 1f84 | 0000 0000 | 00e9 ab04 | 0000 4b89 | 4c1a f849 | 83c3 f84d | 895f 48e9 | 9904 0000 
  0x000001bbebb2e5fc: 8bcf eb03 | 8d4f ffc4 | c1f9 7ecd | 83f9 ff0f | 84ab 1500 | 0085 c90f | 8c73 1c00 | 0041 3bc8 
  0x000001bbebb2e61c: 0f8f 2a1d | 0000 413b | c80f 8421 | 0900 0085 | c90f 84ad | 0a00 0049 | 8bb7 b801 | 0000 4c8b 
  0x000001bbebb2e63c: c649 83c0 | 184d 3b87 | c801 0000 | 0f83 3416 | 0000 4d89 | 87b8 0100 | 0041 0f18 | 8000 0100 
  0x000001bbebb2e65c: 0048 c706 | 0100 0000 

  0x000001bbebb2e664: ;   {metadata('java/lang/String')}
  0x000001bbebb2e664: c746 0878 | e800 0044 | 8966 0c4c | 8966 1041 | 3bcb 0f84 | d600 0000 | 81f9 0000 | 1000 0f87 
  0x000001bbebb2e684: 0c1e 0000 | 4c63 c949 | 8bd5 443b | d941 8beb | 0f4f e944 | 3bdd 0f82 | 681e 0000 | 3bcd 0f82 
  0x000001bbebb2e6a4: 601e 0000 | 4983 c117 | 4d8b c149 | 83e0 f881 | f900 0010 | 000f 87c6 | 1800 004d | 8baf b801 
  0x000001bbebb2e6c4: 0000 4d8b | d54d 03d0 | 4d3b 97c8 | 0100 000f | 83ac 1800 | 004d 8997 | b801 0000 | 410f 1882 
  0x000001bbebb2e6e4: 0001 0000 | 49c7 4500 | 0100 0000 | 410f 1882 | 4001 0000 

  0x000001bbebb2e6f8: ;   {metadata({type array byte})}
  0x000001bbebb2e6f8: 41c7 4508 | 1823 0000 | 4189 4d0c | 410f 1882 | 8001 0000 | 4d8b d549 | 83c2 1049 | c1e9 0385 
  0x000001bbebb2e718: ed0f 847d | 1d00 003b | e90f 8c3d | 1200 0049 | 83c0 f049 | c1e8 0348 | 8bca 498b | d2c5 f877 
  0x000001bbebb2e738: 49ba 604b | 10eb bb01 | 0000 41ff 

  0x000001bbebb2e744: ;   {other}
  0x000001bbebb2e744: d20f 1f84 | 0000 0000 | 00e9 8f00 | 0000 4d63 | c341 81fb | 0000 1000 | 0f87 2d17 | 0000 4d8b 
  0x000001bbebb2e764: cd4d 8baf | b801 0000 | 498d 4817 | 4883 e1f8 | 498b fd48 | 03f9 493b | bfc8 0100 | 000f 8305 
  0x000001bbebb2e784: 1700 0049 | 89bf b801 | 0000 0f18 | 8700 0100 | 0049 c745 | 0001 0000 | 000f 1887 | 4001 0000 
  0x000001bbebb2e7a4: ;   {metadata({type array byte})}
  0x000001bbebb2e7a4: 41c7 4508 | 1823 0000 | 4589 5d0c | 0f18 8780 | 0100 0049 | 8bd5 4883 | c210 4983 | c007 49c1 
  0x000001bbebb2e7c4: e803 498b | c9c5 f877 | 49ba 604b | 10eb bb01 | 0000 41ff 

  0x000001bbebb2e7d8: ;   {other}
  0x000001bbebb2e7d8: d20f 1f84 | 0000 0000 | 0041 807f | 4000 0f85 | 2409 0000 | 4c8b d64d | 8bdd 4489 | 5e14 4d8b 
  0x000001bbebb2e7f8: dd4d 33da | 49c1 eb14 | 4d85 db74 | 1a49 c1ea | 0948 b900 | 00ae f2bb | 0100 0049 | 03ca 8039 
  0x000001bbebb2e818: 020f 8524 | 0900 0044 | 8866 1041 | 8b4e 1485 | c90f 8565 | 0900 0045 | 8b46 1045 | 85c0 0f85 
  0x000001bbebb2e838: 0b0a 0000 

  0x000001bbebb2e83c: ;   {oop(""{0x00000000c05fbf60})}
  0x000001bbebb2e83c: 49bb 60bf | 5fc0 0000 | 0000 49b8 | 0000 aef2 | bb01 0000 

  0x000001bbebb2e850: ;   {oop(a 'java/security/cert/Certificate'[0] {0x00000000c05fb708})}
  0x000001bbebb2e850: 49b9 08b7 | 5fc0 0000 | 0000 448b | 532c 4585 | d20f 84b6 | 1800 004c | 894c 2460 | 4c89 4424 
  0x000001bbebb2e870: 584c 895c | 2450 4889 | 5c24 4849 | 8bd2 bf01 | 0000 004c | 8bc6 6690 

  0x000001bbebb2e888: ;   {optimized virtual_call}
  0x000001bbebb2e888: c5f8 77e8 

  0x000001bbebb2e88c: ; ImmutableOopMap {[40]=Oop [48]=Oop [64]=Oop [72]=Oop [80]=Oop [96]=Oop [136]=Oop }
                      ;*invokevirtual putVal {reexecute=0 rethrow=0 return_oop=1}
                      ; - java.util.concurrent.ConcurrentHashMap::putIfAbsent@4
                      ; - java.lang.ClassLoader::checkCerts@62
                      ; - java.lang.ClassLoader::preDefineClass@113
                      ; - java.lang.ClassLoader::defineClass@4
  0x000001bbebb2e88c: d0f7 d0ff 

  0x000001bbebb2e890: ;   {other}
  0x000001bbebb2e890: 0f1f 8400 | 800d 0002 | 4885 c074 | 3344 8b58 

  0x000001bbebb2e8a0: ;   {metadata('java/security/cert/Certificate'[])}
  0x000001bbebb2e8a0: 0841 81fb | 2029 1000 | 0f85 be25 | 0000 488b | c848 8b7c | 2460 448b | 570c 448b | 490c 4585 
  0x000001bbebb2e8c0: d20f 873b | 1100 0045 | 85c9 0f87 | c01a 0000 | 4c8b 5424 | 4045 8b5a | 1041 8b6b | 0c44 8b5d 
  0x000001bbebb2e8e0: 3845 85db | 0f84 5218 | 0000 498b | d34c 8bc5 

  0x000001bbebb2e8f0: ;   {optimized virtual_call}
  0x000001bbebb2e8f0: c5f8 77e8 

  0x000001bbebb2e8f4: ; ImmutableOopMap {[40]=Oop [48]=Oop [64]=Oop [80]=Oop [136]=Oop }
                      ;*invokevirtual toExternalForm {reexecute=0 rethrow=0 return_oop=1}
                      ; - java.net.URL::toExternalForm@5
                      ; - java.net.URL::toString@1
                      ; - java.lang.ClassLoader::defineClassSourceLocation@22
                      ; - java.lang.ClassLoader::defineClass@12
  0x000001bbebb2e8f4: 681d beff 

  0x000001bbebb2e8f8: ;   {other}
  0x000001bbebb2e8f8: 0f1f 8400 | e80d 0003 | 488b 5424 | 284c 8b84 | 2488 0000 | 004c 8b4c | 2430 8b7c | 2438 8b74 
  0x000001bbebb2e918: 243c 488b | 4c24 4048 | 8904 2490 

  0x000001bbebb2e924: ;   {static_call}
  0x000001bbebb2e924: c5f8 77e8 

  0x000001bbebb2e928: ; ImmutableOopMap {[40]=Oop [64]=Oop [80]=Oop }
                      ;*invokestatic defineClass1 {reexecute=0 rethrow=0 return_oop=1}
                      ; - java.lang.ClassLoader::defineClass@27
  0x000001bbebb2e928: 34a4 b9ff 

  0x000001bbebb2e92c: ;   {other}
  0x000001bbebb2e92c: 0f1f 8400 | 1c0e 0004 | 4889 4424 | 6844 8b58 | 3c45 85db | 0f85 4c01 | 0000 4c8b | 5010 458b 
  0x000001bbebb2e94c: 4208 4585 | c00f 8cad | 1a00 0044 | 8b58 2c45 | 85db 0f84 | f505 0000 | 4d8b c341 | 8b48 148b 
  0x000001bbebb2e96c: 790c 410f | be58 10c4 | 6262 f7cf | 458d 51ff | 85db 0f85 | 281c 0000 | 4c8b d94c | 899c 2488 
  0x000001bbebb2e98c: 0000 008d | 5fff 413b | da41 0f4f | da85 db0f | 8ce6 0000 | 0085 ff0f | 862f 1a00 | 003b df0f 
  0x000001bbebb2e9ac: 8327 1a00 | 0085 db0f | 8e77 1a00 | 0044 8d5b | ff0f be54 | 1910 83fa | 2e0f 840d | 0700 00ff 
  0x000001bbebb2e9cc: cb41 3bdb | 7feb 83fb | 020f 8e8d | 0000 0044 | 8d53 fe83 | fb02 440f | 4c54 2420 | 4181 faa0 
  0x000001bbebb2e9ec: 0f00 00ba | a00f 0000 | 440f 47d2 | 8bd3 412b | d266 6690 | 4c63 d346 | 0fbe 5c11 | 1041 83fb 
  0x000001bbebb2ea0c: 2e0f 840e | f9ff ff46 | 0fbe 5411 | 0f41 83fa | 2e0f 8403 | f9ff ff44 | 8d53 fe42 

  0x000001bbebb2ea28: ;   {no_reloc}
  0x000001bbebb2ea28: 0fbe 7411 | 1083 fe2e | 0f84 f4f8 | ffff 448d | 53fd 460f | be5c 1110 | 4183 fb2e | 0f84 e0f8 
  0x000001bbebb2ea48: ffff 83c3 | fc3b da7f | af49 8b87 | 5804 0000 | 4c8b 5424 

  0x000001bbebb2ea5c: ; ImmutableOopMap {r10=Oop r8=Oop rcx=NarrowOop [40]=Oop [64]=Oop [80]=Oop [104]=Oop [136]=Oop }
                      ;*goto {reexecute=1 rethrow=0 return_oop=0}
                      ; - (reexecute) java.lang.StringLatin1::lastIndexOf@35
                      ; - java.lang.String::lastIndexOf@13
                      ; - java.lang.String::lastIndexOf@8
                      ; - java.lang.Class::getPackageName@47
                      ; - java.lang.ClassLoader::postDefineClass@2
                      ; - java.lang.ClassLoader::defineClass@37
                      ;   {poll}
  0x000001bbebb2ea5c: 6885 0083 | fb02 0f8f | 73ff ffff | 83fb ff7e | 1a66 6690 | 440f be54 | 1910 4183 | fa2e 0f84 
  0x000001bbebb2ea7c: f01a 0000 | ffcb 83fb | ff7f e941 | baff ffff | ffe9 98f8 | ffff 498b | db4c 8b44 | 2428 458b 
  0x000001bbebb2ea9c: 5838 4585 | db0f 84ad | 1600 0048 | 8bcb 8b43 | 0c4c 8b54 | 2468 458b | 4a30 85c0 | 0f84 2704 
  0x000001bbebb2eabc: 0000 418b | 5b28 85db | 0f84 2802 | 0000 8b6b | 0c85 ed0f | 8623 1800 | 0044 8bd0 | 41c1 ea10 
  0x000001bbebb2eadc: 4433 d0ff | cd41 81e2 | ffff ff7f | 4123 ea4c | 63dd 468b | 5c9b 1045 | 85db 0f84 | f601 0000 
  0x000001bbebb2eafc: 418b 5b0c | 498b fb41 | 3bda 0f84 | b100 0000 | 85db 0f8c | 7d01 0000 | 418b 5b18 | 85db 0f84 
  0x000001bbebb2eb1c: d201 0000 | 488b f38b | 7e0c 498b | 9758 0400 

  0x000001bbebb2eb2c: ; ImmutableOopMap {r8=Oop r9=NarrowOop rcx=Oop rsi=Oop [64]=Oop [104]=Oop }
                      ;*if_icmpne {reexecute=1 rethrow=0 return_oop=0}
                      ; - (reexecute) java.util.concurrent.ConcurrentHashMap::get@127
                      ; - java.lang.ClassLoader::getNamedPackage@5
                      ; - java.lang.ClassLoader::postDefineClass@9
                      ; - java.lang.ClassLoader::defineClass@37
                      ;   {poll}
  0x000001bbebb2eb2c: 0085 0241 | 3bfa 7412 | 448b 5e18 | 4585 db0f | 84b1 0100 | 0049 8bf3 | ebdd 8b6e | 104c 8bdd 
  0x000001bbebb2eb4c: 4c3b d974 | 6085 ed0f | 8421 1e00 | 0048 8974 | 2450 4489 | 5424 4844 | 894c 2424 | 4889 4c24 
  0x000001bbebb2eb6c: 384c 8944 | 2428 4c8b | c548 8bd1 | 488b 6c24 | 6866 6690 

  0x000001bbebb2eb80: ;   {optimized virtual_call}
  0x000001bbebb2eb80: c5f8 77e8 

  0x000001bbebb2eb84: ; ImmutableOopMap {rbp=Oop [36]=NarrowOop [40]=Oop [56]=Oop [64]=Oop [80]=Oop }
                      ;*invokevirtual equals {reexecute=0 rethrow=0 return_oop=0}
                      ; - java.util.concurrent.ConcurrentHashMap::get@149
                      ; - java.lang.ClassLoader::getNamedPackage@5
                      ; - java.lang.ClassLoader::postDefineClass@9
                      ; - java.lang.ClassLoader::defineClass@37
  0x000001bbebb2eb84: b8f0 d9ff 

  0x000001bbebb2eb88: ;   {other}
  0x000001bbebb2eb88: 0f1f 8400 | 7810 0007 | 85c0 0f84 | 1c1e 0000 | 4c8b 4424 | 2848 896c | 2468 488b | 4c24 3844 
  0x000001bbebb2eba8: 8b4c 2424 | 488b 7424 | 508b 6e14 | 85ed 7572 | e935 0100 | 0041 8b6b | 1048 8bdd | 483b d974 
  0x000001bbebb2ebc8: 5585 ed0f | 848f 1c00 | 0044 895c | 243c 4489 | 5424 3844 | 894c 2424 | 4c89 4424 | 284c 8bc5 
  0x000001bbebb2ebe8: 488b d148 | 8be9 4889 | 7c24 5090 

  0x000001bbebb2ebf4: ;   {optimized virtual_call}
  0x000001bbebb2ebf4: c5f8 77e8 

  0x000001bbebb2ebf8: ; ImmutableOopMap {rbp=Oop [36]=NarrowOop [40]=Oop [60]=NarrowOop [64]=Oop [80]=Oop [104]=Oop }
                      ;*invokevirtual equals {reexecute=0 rethrow=0 return_oop=0}
                      ; - java.util.concurrent.ConcurrentHashMap::get@73
                      ; - java.lang.ClassLoader::getNamedPackage@5
                      ; - java.lang.ClassLoader::postDefineClass@9
                      ; - java.lang.ClassLoader::defineClass@37
  0x000001bbebb2ebf8: 44f0 d9ff 

  0x000001bbebb2ebfc: ;   {other}
  0x000001bbebb2ebfc: 0f1f 8400 | ec10 0008 | 85c0 0f84 | 5a10 0000 | 4c8b 4424 | 2848 8bcd | 448b 4c24 | 2444 8b5c 
  0x000001bbebb2ec1c: 243c 418b | 6b14 85ed | 0f84 c800 | 0000 448b | 5d08 49ba | 0000 0080 | bb01 0000 | 4d03 d34d 
  0x000001bbebb2ec3c: ;   {metadata('java/lang/NamedPackage')}
  0x000001bbebb2ec3c: 8b52 3849 | bbe8 c001 | 80bb 0100 | 004d 3bd3 | 0f85 d215 | 0000 4c8b | 5424 4041 | 8b4a 108b 
  0x000001bbebb2ec5c: 5914 85db | 0f85 0c09 | 0000 448b | 4910 4585 | c90f 859e | 0900 0048 | 8b44 2468 | c5f8 7748 
  0x000001bbebb2ec7c: 81c4 d000 

  0x000001bbebb2ec80: ;   {poll_return}
  0x000001bbebb2ec80: 0000 5d49 | 3ba7 5004 | 0000 0f87 | d826 0000 | c341 8b53 

  0x000001bbebb2ec94: ;   {metadata('java/util/concurrent/ConcurrentHashMap$ReservationNode')}
  0x000001bbebb2ec94: 0881 fad0 | 6a17 0074 

  0x000001bbebb2ec9c: ;   {metadata('java/util/concurrent/ConcurrentHashMap$ForwardingNode')}
  0x000001bbebb2ec9c: 5581 fae8 | 0418 000f | 8597 2000 | 0045 8bda | 4489 4c24 | 2448 894c | 2438 4c89 | 4424 2848 
  0x000001bbebb2ecbc: 8bd7 458b | c34c 8bc9 

  0x000001bbebb2ecc4: ;   {optimized virtual_call}
  0x000001bbebb2ecc4: c5f8 77e8 

  0x000001bbebb2ecc8: ; ImmutableOopMap {[36]=NarrowOop [40]=Oop [56]=Oop [64]=Oop [104]=Oop }
                      ;*invokevirtual find {reexecute=0 rethrow=0 return_oop=1}
                      ; - java.util.concurrent.ConcurrentHashMap::get@93
                      ; - java.lang.ClassLoader::getNamedPackage@5
                      ; - java.lang.ClassLoader::postDefineClass@9
                      ; - java.lang.ClassLoader::defineClass@37
  0x000001bbebb2ecc8: b4fd 5eff 

  0x000001bbebb2eccc: ;   {other}
  0x000001bbebb2eccc: 0f1f 8400 | bc11 0009 | 4885 c00f | 8458 1100 | 008b 6814 | 85ed 0f84 | 5415 0000 | 4c8b 4424 
  0x000001bbebb2ecec: 28e9 38ff | ffff 498b | 87b8 0100 | 004c 8bd0 | 4983 c218 | 4d3b 97c8 | 0100 000f | 8348 1200 
  0x000001bbebb2ed0c: 004d 8997 | b801 0000 | 410f 1882 | 0001 0000 | 48c7 0001 

  0x000001bbebb2ed20: ;   {metadata('java/lang/NamedPackage')}
  0x000001bbebb2ed20: 0000 00c7 | 4008 e8c0 | 0100 4489 | 600c 4c89 | 6010 4c89 | 4424 2848 | 894c 2430 | 4489 4c24 
  0x000001bbebb2ed40: 2448 8944 | 2438 488b | 5424 3090 

  0x000001bbebb2ed4c: ;   {optimized virtual_call}
  0x000001bbebb2ed4c: c5f8 77e8 

  0x000001bbebb2ed50: ; ImmutableOopMap {[36]=NarrowOop [40]=Oop [48]=Oop [56]=Oop [64]=Oop [104]=Oop }
                      ;*invokevirtual isEmpty {reexecute=0 rethrow=0 return_oop=0}
                      ; - java.lang.NamedPackage::<init>@5
                      ; - java.lang.ClassLoader::getNamedPackage@22
                      ; - java.lang.ClassLoader::postDefineClass@9
                      ; - java.lang.ClassLoader::defineClass@37
  0x000001bbebb2ed50: ecd2 c0ff 

  0x000001bbebb2ed54: ;   {other}
  0x000001bbebb2ed54: 0f1f 8400 | 4412 000a | 85c0 0f84 | 4702 0000 | 448b 5c24 | 2445 85db | 0f84 0a17 | 0000 4d8b 
  0x000001bbebb2ed74: d34c 8954 | 2448 498b | d266 6690 

  0x000001bbebb2ed80: ;   {optimized virtual_call}
  0x000001bbebb2ed80: c5f8 77e8 

  0x000001bbebb2ed84: ; ImmutableOopMap {[36]=NarrowOop [40]=Oop [48]=Oop [56]=Oop [64]=Oop [72]=Oop [104]=Oop }
                      ;*invokevirtual isNamed {reexecute=0 rethrow=0 return_oop=0}
                      ; - java.lang.NamedPackage::<init>@12
                      ; - java.lang.ClassLoader::getNamedPackage@22
                      ; - java.lang.ClassLoader::postDefineClass@9
                      ; - java.lang.ClassLoader::defineClass@37
  0x000001bbebb2ed84: f8fc 5eff 

  0x000001bbebb2ed88: ;   {other}
  0x000001bbebb2ed88: 0f1f 8400 | 7812 000b | 85c0 0f84 | 1302 0000 | 498b 87b8 | 0100 004c | 8bd0 4983 | c228 4d3b 
  0x000001bbebb2eda8: 97c8 0100 | 000f 8368 | 1200 004d | 8997 b801 | 0000 410f | 1882 0001 | 0000 48c7 | 0001 0000 
  0x000001bbebb2edc8: ;   {metadata('java/lang/InternalError')}
  0x000001bbebb2edc8: 00c7 4008 | 3807 0100 | 4489 600c | 4c89 6010 | 4c89 6018 | 4c89 6020 | 4889 4424 | 7049 8b87 
  0x000001bbebb2ede8: b801 0000 | 4c8b d049 | 83c2 184d | 3b97 c801 | 0000 0f83 | 3d12 0000 | 4d89 97b8 | 0100 0041 
  0x000001bbebb2ee08: 0f18 8200 | 0100 0048 | c700 0100 

  0x000001bbebb2ee14: ;   {metadata('java/lang/StringBuilder')}
  0x000001bbebb2ee14: 0000 c740 | 0840 8000 | 0044 8960 | 0c4c 8960 | 1048 8be8 | 488b d54c | 8b54 2470 | 4c89 5424 
  0x000001bbebb2ee34: 6066 6690 

  0x000001bbebb2ee38: ;   {optimized virtual_call}
  0x000001bbebb2ee38: c5f8 77e8 

  0x000001bbebb2ee3c: ; ImmutableOopMap {rbp=Oop [36]=NarrowOop [40]=Oop [48]=Oop [56]=Oop [64]=Oop [72]=Oop [96]=Oop [104]=Oop [112]=Oop }
                      ;*invokespecial <init> {reexecute=0 rethrow=0 return_oop=0}
                      ; - java.lang.NamedPackage::<init>@26
                      ; - java.lang.ClassLoader::getNamedPackage@22
                      ; - java.lang.ClassLoader::postDefineClass@9
                      ; - java.lang.ClassLoader::defineClass@37
  0x000001bbebb2ee3c: 40fc 5eff 

  0x000001bbebb2ee40: ;   {other}
  0x000001bbebb2ee40: 0f1f 8400 | 3013 000c 

  0x000001bbebb2ee48: ;   {oop("unnamed package in  "{0x00000000c04e6d10})}
  0x000001bbebb2ee48: 49b8 106d | 4ec0 0000 | 0000 488b | d54c 8b54 | 2460 4c89 | 5424 5890 

  0x000001bbebb2ee60: ;   {optimized virtual_call}
  0x000001bbebb2ee60: c5f8 77e8 

  0x000001bbebb2ee64: ; ImmutableOopMap {[36]=NarrowOop [40]=Oop [48]=Oop [56]=Oop [64]=Oop [72]=Oop [88]=Oop [96]=Oop [104]=Oop }
                      ;*invokevirtual append {reexecute=0 rethrow=0 return_oop=1}
                      ; - java.lang.NamedPackage::<init>@31
                      ; - java.lang.ClassLoader::getNamedPackage@22
                      ; - java.lang.ClassLoader::postDefineClass@9
                      ; - java.lang.ClassLoader::defineClass@37
  0x000001bbebb2ee64: 18fc 5eff 

  0x000001bbebb2ee68: ;   {other}
  0x000001bbebb2ee68: 0f1f 8400 | 5813 000d | 4885 c00f | 84c7 1600 | 0048 8bd0 | 4c8b 4424 | 484c 8b54 | 2458 4c89 
  0x000001bbebb2ee88: 5424 4890 

  0x000001bbebb2ee8c: ;   {optimized virtual_call}
  0x000001bbebb2ee8c: c5f8 77e8 

  0x000001bbebb2ee90: ; ImmutableOopMap {[36]=NarrowOop [40]=Oop [48]=Oop [56]=Oop [64]=Oop [72]=Oop [88]=Oop [104]=Oop }
                      ;*invokevirtual append {reexecute=0 rethrow=0 return_oop=1}
                      ; - java.lang.NamedPackage::<init>@35
                      ; - java.lang.ClassLoader::getNamedPackage@22
                      ; - java.lang.ClassLoader::postDefineClass@9
                      ; - java.lang.ClassLoader::defineClass@37
  0x000001bbebb2ee90: ecfb 5eff 

  0x000001bbebb2ee94: ;   {other}
  0x000001bbebb2ee94: 0f1f 8400 | 8413 000e | 4885 c00f | 84b3 1600 | 0048 8bd0 

  0x000001bbebb2eea8: ;   {optimized virtual_call}
  0x000001bbebb2eea8: c5f8 77e8 

  0x000001bbebb2eeac: ; ImmutableOopMap {[36]=NarrowOop [40]=Oop [48]=Oop [56]=Oop [64]=Oop [72]=Oop [104]=Oop }
                      ;*invokevirtual toString {reexecute=0 rethrow=0 return_oop=1}
                      ; - java.lang.NamedPackage::<init>@38
                      ; - java.lang.ClassLoader::getNamedPackage@22
                      ; - java.lang.ClassLoader::postDefineClass@9
                      ; - java.lang.ClassLoader::defineClass@37
  0x000001bbebb2eeac: d0fb 5eff 

  0x000001bbebb2eeb0: ;   {other}
  0x000001bbebb2eeb0: 0f1f 8400 | a013 000f | 488b 5424 | 484c 8bc0 

  0x000001bbebb2eec0: ;   {optimized virtual_call}
  0x000001bbebb2eec0: c5f8 77e8 

  0x000001bbebb2eec4: ; ImmutableOopMap {[36]=NarrowOop [40]=Oop [48]=Oop [56]=Oop [64]=Oop [72]=Oop [104]=Oop }
                      ;*invokespecial <init> {reexecute=0 rethrow=0 return_oop=0}
                      ; - java.lang.NamedPackage::<init>@41
                      ; - java.lang.ClassLoader::getNamedPackage@22
                      ; - java.lang.ClassLoader::postDefineClass@9
                      ; - java.lang.ClassLoader::defineClass@37
  0x000001bbebb2eec4: b8fb 5eff 

  0x000001bbebb2eec8: ;   {other}
  0x000001bbebb2eec8: 0f1f 8400 | b813 0010 | 488b 5424 | 48c5 f877 | 4881 c4d0 | 0000 005d 

  0x000001bbebb2eee0: ;   {runtime_call _rethrow_Java}
  0x000001bbebb2eee0: e91b 2d62 | ff44 0fb6 | 5311 4585 | d20f 856a | 0a00 0044 | 8b53 1449 | 8beb 498b | d280 7b10 
  0x000001bbebb2ef00: 000f 8542 | 0f00 0044 | 894c 2438 | 4489 5c24 | 2448 895c | 2430 6690 

  0x000001bbebb2ef18: ;   {static_call}
  0x000001bbebb2ef18: c5f8 77e8 

  0x000001bbebb2ef1c: ; ImmutableOopMap {rbp=Oop [36]=NarrowOop [40]=Oop [48]=Oop [56]=NarrowOop [64]=Oop [104]=Oop }
                      ;*invokestatic hashCode {reexecute=0 rethrow=0 return_oop=0}
                      ; - java.lang.String::hashCode@27
                      ; - java.util.concurrent.ConcurrentHashMap::get@1
                      ; - java.lang.ClassLoader::getNamedPackage@5
                      ; - java.lang.ClassLoader::postDefineClass@9
                      ; - java.lang.ClassLoader::defineClass@37
  0x000001bbebb2ef1c: a0c7 b6ff 

  0x000001bbebb2ef20: ;   {other}
  0x000001bbebb2ef20: 0f1f 8400 | 1014 0011 | 85c0 0f84 | 3d0f 0000 | 488b 4c24 | 3089 410c | 4c8b 4424 | 2844 8b5c 
  0x000001bbebb2ef40: 2424 448b | 4c24 38e9 | 72fb ffff | 488b b424 | 8800 0000 | e9ca f8ff | ff48 8944 | 2430 488b 
  0x000001bbebb2ef60: d048 8b6c | 2440 6690 

  0x000001bbebb2ef68: ;   {optimized virtual_call}
  0x000001bbebb2ef68: c5f8 77e8 

  0x000001bbebb2ef6c: ; ImmutableOopMap {rbp=Oop [40]=Oop [48]=Oop [64]=Oop [80]=Oop [104]=Oop }
                      ;*invokevirtual initClassName {reexecute=0 rethrow=0 return_oop=1}
                      ; - java.lang.Class::getName@14
                      ; - java.lang.Class::getPackageName@40
                      ; - java.lang.ClassLoader::postDefineClass@2
                      ; - java.lang.ClassLoader::defineClass@37
  0x000001bbebb2ef6c: f067 b7ff 

  0x000001bbebb2ef70: ;   {other}
  0x000001bbebb2ef70: 0f1f 8400 | 6014 0012 | 4c8b c048 | 85c0 0f85 | e3f9 ffff | baf6 ffff | ff66 6690 

  0x000001bbebb2ef8c: ;   {runtime_call UncommonTrapBlob}
  0x000001bbebb2ef8c: c5f8 77e8 

  0x000001bbebb2ef90: ; ImmutableOopMap {}
                      ;*invokevirtual lastIndexOf {reexecute=0 rethrow=0 return_oop=0}
                      ; - java.lang.Class::getPackageName@47
                      ; - java.lang.ClassLoader::postDefineClass@2
                      ; - java.lang.ClassLoader::defineClass@37
  0x000001bbebb2ef90: ec53 5fff 

  0x000001bbebb2ef94: ;   {other}
  0x000001bbebb2ef94: 0f1f 8400 | 8414 0013 | 498b d8e9 | 9cf5 ffff | 8bcf e958 | f6ff ff44 | 8b5c 2424 | 498b eb48 
  0x000001bbebb2efb4: 8b54 2430 

  0x000001bbebb2efb8: ;   {optimized virtual_call}
  0x000001bbebb2efb8: c5f8 77e8 

  0x000001bbebb2efbc: ; ImmutableOopMap {rbp=Oop [36]=NarrowOop [40]=Oop [48]=Oop [56]=Oop [64]=Oop [104]=Oop }
                      ;*invokevirtual intern {reexecute=0 rethrow=0 return_oop=1}
                      ; - java.lang.NamedPackage::<init>@47
                      ; - java.lang.ClassLoader::getNamedPackage@22
                      ; - java.lang.ClassLoader::postDefineClass@9
                      ; - java.lang.ClassLoader::defineClass@37
  0x000001bbebb2efbc: a08c b5ff 

  0x000001bbebb2efc0: ;   {other}
  0x000001bbebb2efc0: 0f1f 8400 | b014 0014 | 488b d841 | 807f 4000 | 0f85 7b0d | 0000 488b | 7c24 384c | 8bc3 4d8b 
  0x000001bbebb2efe0: d844 895f | 0c4c 8bd7 | 4d8b d84d | 33da 49c1 | eb14 4d85 | db74 1f4d | 85c0 741a | 49c1 ea09 
  0x000001bbebb2f000: 48b9 0000 | aef2 bb01 | 0000 4903 | ca80 3902 | 0f85 7d0d | 0000 4180 | 7f40 000f | 85fd 0c00 
  0x000001bbebb2f020: 008b 5c24 | 2489 5f10 | 4c8b d54c | 8bdf 4d33 | d349 c1ea | 144d 85d2 | 741e 85db | 741a 49c1 
  0x000001bbebb2f040: eb09 48b9 | 0000 aef2 | bb01 0000 | 4903 cb80 | 3902 0f85 | 8c0d 0000 | 4c8b 5424 | 2845 8b5a 
  0x000001bbebb2f060: 3845 85db | 0f84 9f18 | 0000 4889 | 7c24 3849 | 8bd3 4c8b | 4424 304c | 8bcf 6690 

  0x000001bbebb2f07c: ;   {optimized virtual_call}
  0x000001bbebb2f07c: c5f8 77e8 

  0x000001bbebb2f080: ; ImmutableOopMap {[36]=NarrowOop [40]=Oop [56]=Oop [64]=Oop [104]=Oop }
                      ;*invokevirtual putIfAbsent {reexecute=0 rethrow=0 return_oop=1}
                      ; - java.lang.ClassLoader::getNamedPackage@32
                      ; - java.lang.ClassLoader::postDefineClass@9
                      ; - java.lang.ClassLoader::defineClass@37
  0x000001bbebb2f080: 3ca8 c1ff 

  0x000001bbebb2f084: ;   {other}
  0x000001bbebb2f084: 0f1f 8400 | 7415 0015 | 4885 c00f | 84f4 0c00 | 0044 8b58 | 0849 ba00 | 0000 80bb | 0100 004d 
  0x000001bbebb2f0a4: 03d3 4d8b 

  0x000001bbebb2f0a8: ;   {metadata('java/lang/NamedPackage')}
  0x000001bbebb2f0a8: 5238 49bb | e8c0 0180 | bb01 0000 | 4d3b d30f | 8467 1800 | 00ba deff | ffff 488b | e866 6690 
  0x000001bbebb2f0c8: ;   {runtime_call UncommonTrapBlob}
  0x000001bbebb2f0c8: c5f8 77e8 

  0x000001bbebb2f0cc: ; ImmutableOopMap {rbp=Oop }
                      ;*checkcast {reexecute=0 rethrow=0 return_oop=0}
                      ; - java.lang.ClassLoader::getNamedPackage@35
                      ; - java.lang.ClassLoader::postDefineClass@9
                      ; - java.lang.ClassLoader::defineClass@37
  0x000001bbebb2f0cc: b052 5fff 

  0x000001bbebb2f0d0: ;   {other}
  0x000001bbebb2f0d0: 0f1f 8400 | c015 0016 | 448b d3e9 | 4af2 ffff 

  0x000001bbebb2f0e0: ;   {oop(""{0x00000000c05fbf60})}
  0x000001bbebb2f0e0: 48be 60bf | 5fc0 0000 | 0000 e934 

  0x000001bbebb2f0ec: ;   {oop(""{0x00000000c05fbf60})}
  0x000001bbebb2f0ec: f7ff ff48 | bb60 bf5f | c000 0000 | 00e9 42f4 | ffff 4533 | c944 894c | 2420 b9ff | ffff ffe9 
  0x000001bbebb2f10c: f8f4 ffff | 448b 5e14 | 4585 db0f | 84cf f6ff | ff4d 8b57 | 2849 8bcb | 4d85 d20f | 842f 1300 
  0x000001bbebb2f12c: 004d 8b5f | 384b 894c | 13f8 4983 | c2f8 4d89 | 5728 e9a9 | f6ff ff4d | 8b57 484d | 8b5f 58f0 
  0x000001bbebb2f14c: 8344 24c0 | 0080 3900 | 0f84 c5f6 | ffff 4488 | 214d 85d2 | 7520 498b | d7c5 f877 | 49ba 00a4 
  0x000001bbebb2f16c: adf4 fa7f | 0000 41ff 

  0x000001bbebb2f174: ;   {other}
  0x000001bbebb2f174: d20f 1f84 | 0000 0000 | 00e9 9df6 | ffff 4b89 | 4c13 f849 | 83c2 f84d | 8957 48e9 | 8bf6 ffff 
  0x000001bbebb2f194: 448b 490c | 448b 4108 | 4d63 d148 | 8be9 49c1 | e202 4181 | f900 0004 | 000f 87e5 | 1600 0049 
  0x000001bbebb2f1b4: 8bbf b801 | 0000 4d8d | 5a17 4983 | e3f8 488b | d749 03d3 | 493b 97c8 | 0100 000f | 83c3 1600 
  0x000001bbebb2f1d4: 0049 8997 | b801 0000 | 0f18 8200 | 0100 0048 | c707 0100 | 0000 4489 | 4708 4489 | 4f0c 0f18 
  0x000001bbebb2f1f4: 8240 0100 | 000f 1882 | 8001 0000 | 488d 4910 | 488b d748 | 83c2 1049 | 83c2 0749 | c1ea 034d 
  0x000001bbebb2f214: 8bc2 c5f8 | 7749 ba60 | 4b10 ebbb | 0100 0041 

  0x000001bbebb2f224: ;   {other}
  0x000001bbebb2f224: ffd2 0f1f | 8400 0000 

  0x000001bbebb2f22c: ;   {oop(""{0x00000000c05fbf60})}
  0x000001bbebb2f22c: 0000 49bb | 60bf 5fc0 | 0000 0000 | 49b8 0000 | aef2 bb01 | 0000 e923 | 0300 0049 | 8b87 b801 
  0x000001bbebb2f24c: 0000 4c8b | d049 83c2 | 1849 8bfe | 4d3b 97c8 | 0100 000f | 83bf 1700 | 004d 8997 | b801 0000 
  0x000001bbebb2f26c: 410f 1882 | 0001 0000 | 48c7 0001 

  0x000001bbebb2f278: ;   {metadata('java/util/ArrayList')}
  0x000001bbebb2f278: 0000 00c7 | 4008 d089 | 0b00 4489 | 600c 4489 

  0x000001bbebb2f288: ;   {oop(a 'java/lang/Object'[0] {0x00000000c05f62f0})}
  0x000001bbebb2f288: 6010 c740 | 14f0 625f | c048 8bc8 | 458b 580c | 4585 db76 

  0x000001bbebb2f29c: ;   {oop(""{0x00000000c05fbf60})}
  0x000001bbebb2f29c: 1949 bb60 | bf5f c000 | 0000 0048 | ba00 00ae | f2bb 0100 | 0045 33c9 

  0x000001bbebb2f2b4: ;   {oop(""{0x00000000c05fbf60})}
  0x000001bbebb2f2b4: eb4c 49ba | 60bf 5fc0 | 0000 0000 | 49bb 0000 | aef2 bb01 | 0000 e9fe | 0000 0090 | 4c8b 5424 
  0x000001bbebb2f2d4: 204c 8954 | 2428 448b | 5424 4844 | 8954 2420 | 488b 5c24 | 504c 8b5c | 2458 488b | 5424 6048 
  0x000001bbebb2f2f4: 8b74 2468 | 488b 7c24 | 7048 8b4c | 2478 458b | 500c 453b | ca0f 8391 | 1900 0047 | 8b44 8810 
  0x000001bbebb2f314: ; implicit exception: dispatches to 0x000001bbebb31110
  0x000001bbebb2f314: 458b 4010 

  0x000001bbebb2f318: ; implicit exception: dispatches to 0x000001bbebb31128
  0x000001bbebb2f318: 458b 4010 | 4489 8c24 | 8000 0000 | 4889 4c24 | 7848 897c | 2470 4889 | 7424 6848 | 8954 2460 
  0x000001bbebb2f338: 4c89 5c24 | 5844 8974 | 244c 4889 | 5c24 5044 | 8b54 2420 | 4489 5424 | 484c 8b54 | 2428 4c89 
  0x000001bbebb2f358: 5424 2048 | 8bd1 6690 

  0x000001bbebb2f360: ;   {optimized virtual_call}
  0x000001bbebb2f360: c5f8 77e8 

  0x000001bbebb2f364: ; ImmutableOopMap {[32]=Oop [48]=Oop [64]=Oop [76]=NarrowOop [80]=Oop [88]=Oop [104]=Oop [112]=Oop [120]=Oop [136]=Oop }
                      ;*invokevirtual addAll {reexecute=0 rethrow=0 return_oop=0}
                      ; - java.security.CodeSource::getCertificates@57
                      ; - java.lang.ClassLoader::checkCerts@34
                      ; - java.lang.ClassLoader::preDefineClass@113
                      ; - java.lang.ClassLoader::defineClass@4
  0x000001bbebb2f364: 18f7 5eff 

  0x000001bbebb2f368: ;   {other}
  0x000001bbebb2f368: 0f1f 8400 | 5818 0017 | 4d8b 9758 | 0400 0044 | 8b74 244c | 458b 4610 | 448b 8c24 | 8000 0000 
  0x000001bbebb2f388: ; ImmutableOopMap {r8=NarrowOop r14=NarrowOop [32]=Oop [48]=Oop [64]=Oop [80]=Oop [88]=Oop [104]=Oop [112]=Oop [120]=Oop [136]=Oop }
                      ;*goto {reexecute=1 rethrow=0 return_oop=0}
                      ; - (reexecute) java.security.CodeSource::getCertificates@64
                      ; - java.lang.ClassLoader::checkCerts@34
                      ; - java.lang.ClassLoader::preDefineClass@113
                      ; - java.lang.ClassLoader::defineClass@4
                      ;   {poll}
  0x000001bbebb2f388: 41ff c141 | 8502 458b | 580c 453b | cb0f 8c35 | ffff ff4c | 8b54 2420 | 4c89 5424 | 2844 8b5c 
  0x000001bbebb2f3a8: 2448 4489 | 5c24 2048 | 8b5c 2450 | 4c8b 5424 | 584c 8b5c | 2460 488b | 7424 6848 | 8b7c 2470 
  0x000001bbebb2f3c8: 488b 4c24 | 7849 8b87 | b801 0000 | 4c8b c049 | 83c0 104d | 3b87 c801 | 0000 0f83 | be16 0000 
  0x000001bbebb2f3e8: 4d89 87b8 | 0100 0041 | 0f18 8000 | 0100 0048 | c700 0100 | 0000 410f | 1880 4001 

  0x000001bbebb2f404: ;   {metadata('java/security/cert/Certificate'[])}
  0x000001bbebb2f404: 0000 c740 | 0820 2910 | 0041 0f18 | 8080 0100 | 0044 8960 | 0c48 8bac | 2488 0000 | 0048 895c 
  0x000001bbebb2f424: 2448 4489 | 7424 244c | 8954 2450 | 4c89 5c24 | 5848 8974 | 2460 4889 | 7c24 6848 | 894c 2470 
  0x000001bbebb2f444: 4c8b c048 | 8b54 2470 

  0x000001bbebb2f44c: ;   {optimized virtual_call}
  0x000001bbebb2f44c: c5f8 77e8 

  0x000001bbebb2f450: ; ImmutableOopMap {rbp=Oop [36]=NarrowOop [40]=Oop [48]=Oop [64]=Oop [72]=Oop [80]=Oop [96]=Oop [104]=Oop }
                      ;*invokevirtual toArray {reexecute=0 rethrow=0 return_oop=1}
                      ; - java.security.CodeSource::getCertificates@73
                      ; - java.lang.ClassLoader::checkCerts@34
                      ; - java.lang.ClassLoader::preDefineClass@113
                      ; - java.lang.ClassLoader::defineClass@4
  0x000001bbebb2f450: 2cf6 5eff 

  0x000001bbebb2f454: ;   {other}
  0x000001bbebb2f454: 0f1f 8400 | 4419 0019 | 488b f044 

  0x000001bbebb2f460: ;   {metadata('java/security/cert/Certificate'[])}
  0x000001bbebb2f460: 8b58 0841 | 81fb 2029 | 1000 0f85 | 6c1a 0000 | 4180 7f40 | 000f 85fd | 1100 008b | 5c24 244c 
  0x000001bbebb2f480: 8b54 2468 | 4c8b de44 | 895b 144c | 8bde 4d33 | da49 c1eb | 144d 85db | 741a 49c1 | ea09 48b9 
  0x000001bbebb2f4a0: 0000 aef2 | bb01 0000 | 4903 ca80 | 3902 0f85 | fb11 0000 | 448b 460c | 448b 5e08 | 4d63 d049 
  0x000001bbebb2f4c0: c1e2 0241 | 81f8 0000 | 0400 0f87 | 2516 0000 | 498b bfb8 | 0100 004d | 8d4a 1749 | 83e1 f848 
  0x000001bbebb2f4e0: 8bcf 4903 | c949 3b8f | c801 0000 | 0f83 0316 | 0000 4989 | 8fb8 0100 | 000f 1881 | 0001 0000 
  0x000001bbebb2f500: 48c7 0701 | 0000 0044 | 895f 0844 | 8947 0c0f | 1881 4001 | 0000 0f18 | 8180 0100 | 0048 8bce 
  0x000001bbebb2f520: 4883 c110 | 488b d748 | 83c2 1049 | 83c2 0749 | c1ea 034d | 8bc2 c5f8 | 7749 ba60 | 4b10 ebbb 
  0x000001bbebb2f540: 0100 0041 

  0x000001bbebb2f544: ;   {other}
  0x000001bbebb2f544: ffd2 0f1f | 8400 0000 | 0000 4889 | ac24 8800 | 0000 488b | 5c24 484c | 8b5c 2450 | 4c8b 4424 
  0x000001bbebb2f564: 5848 8b74 | 2460 4c8b | cfe9 e8f2 | ffff 8b7b | 0c44 8b53 | 0848 8beb | 4c63 cf49 | c1e1 0281 
  0x000001bbebb2f584: ff00 0004 | 000f 87ad | 1300 0049 | 8b87 b801 | 0000 4d8d | 5917 4983 | e3f8 488b | c849 03cb 
  0x000001bbebb2f5a4: 493b 8fc8 | 0100 000f | 838b 1300 | 0049 898f | b801 0000 | 0f18 8100 | 0100 0048 | c700 0100 
  0x000001bbebb2f5c4: 0000 4489 | 5008 8978 | 0c0f 1881 | 4001 0000 | 0f18 8180 | 0100 0048 | 8bf8 488d | 4b10 488b 
  0x000001bbebb2f5e4: d748 83c2 | 1049 83c1 | 0749 c1e9 | 034d 8bc1 | c5f8 7749 | ba60 4b10 | ebbb 0100 | 0041 ffd2 
  0x000001bbebb2f604: ;   {other}
  0x000001bbebb2f604: 0f1f 8400 | 0000 0000 | e970 0200 | 0049 8b87 | b801 0000 | 4c8b d049 | 83c2 1848 | 8bf9 4d3b 
  0x000001bbebb2f624: 97c8 0100 | 000f 83ff | 1400 004d | 8997 b801 | 0000 410f | 1882 0001 | 0000 48c7 | 0001 0000 
  0x000001bbebb2f644: ;   {metadata('java/util/ArrayList')}
  0x000001bbebb2f644: 00c7 4008 | d089 0b00 | 4489 600c | 4489 6010 | 418b 510c 

  0x000001bbebb2f658: ;   {oop(a 'java/lang/Object'[0] {0x00000000c05f62f0})}
  0x000001bbebb2f658: c740 14f0 | 625f c048 | 8bd8 85d2 | 0f86 8a00 | 0000 4533 | dbeb 0e90 | 4c8b c548 | 8b7c 2430 
  0x000001bbebb2f678: 488b 5c24 | 3841 8b51 | 0c44 3bda | 0f83 ee16 | 0000 478b | 4c99 1045 | 8b51 1045 | 8b52 1044 
  0x000001bbebb2f698: 895c 2440 | 4889 5c24 | 3848 897c | 2430 894c | 2424 498b | e84d 8bc2 | 488b d390 

  0x000001bbebb2f6b4: ;   {optimized virtual_call}
  0x000001bbebb2f6b4: c5f8 77e8 

  0x000001bbebb2f6b8: ; ImmutableOopMap {rbp=Oop [36]=NarrowOop [48]=Oop [56]=Oop [104]=Oop }
                      ;*invokevirtual addAll {reexecute=0 rethrow=0 return_oop=0}
                      ; - java.security.CodeSource::getCertificates@57
                      ; - java.lang.ClassLoader::postDefineClass@24
                      ; - java.lang.ClassLoader::defineClass@37
  0x000001bbebb2f6b8: c4f3 5eff 

  0x000001bbebb2f6bc: ;   {other}
  0x000001bbebb2f6bc: 0f1f 8400 | ac1b 001a | 4d8b 8758 | 0400 008b | 4c24 2444 | 8b49 1044 | 8b5c 2440 

  0x000001bbebb2f6d8: ; ImmutableOopMap {r9=NarrowOop rcx=NarrowOop rbp=Oop [48]=Oop [56]=Oop [104]=Oop }
                      ;*goto {reexecute=1 rethrow=0 return_oop=0}
                      ; - (reexecute) java.security.CodeSource::getCertificates@64
                      ; - java.lang.ClassLoader::postDefineClass@24
                      ; - java.lang.ClassLoader::defineClass@37
                      ;   {poll}
  0x000001bbebb2f6d8: 41ff c341 | 8500 458b | 510c 453b | da7c 894c | 8bc5 488b | 7c24 3048 | 8b5c 2438 | 498b 87b8 
  0x000001bbebb2f6f8: 0100 004c | 8bd0 4983 | c210 4d3b | 97c8 0100 | 000f 8363 | 1400 004d | 8997 b801 | 0000 410f 
  0x000001bbebb2f718: 1882 0001 | 0000 48c7 | 0001 0000 | 0041 0f18 | 8240 0100 

  0x000001bbebb2f72c: ;   {metadata('java/security/cert/Certificate'[])}
  0x000001bbebb2f72c: 00c7 4008 | 2029 1000 | 410f 1882 | 8001 0000 | 4489 600c | 4c89 4424 | 284c 8b54 | 2468 4c89 
  0x000001bbebb2f74c: 5424 308b | e948 897c | 2438 4889 | 5c24 404c | 8bc0 488b | 5424 4090 

  0x000001bbebb2f764: ;   {optimized virtual_call}
  0x000001bbebb2f764: c5f8 77e8 

  0x000001bbebb2f768: ; ImmutableOopMap {rbp=NarrowOop [40]=Oop [48]=Oop [56]=Oop }
                      ;*invokevirtual toArray {reexecute=0 rethrow=0 return_oop=1}
                      ; - java.security.CodeSource::getCertificates@73
                      ; - java.lang.ClassLoader::postDefineClass@24
                      ; - java.lang.ClassLoader::defineClass@37
  0x000001bbebb2f768: 14f3 5eff 

  0x000001bbebb2f76c: ;   {other}
  0x000001bbebb2f76c: 0f1f 8400 | 5c1c 001c | 488b d844 

  0x000001bbebb2f778: ;   {metadata('java/security/cert/Certificate'[])}
  0x000001bbebb2f778: 8b58 0841 | 81fb 2029 | 1000 0f85 | 3817 0000 | 4180 7f40 | 000f 8535 | 1000 008b | fd4c 8bd3 
  0x000001bbebb2f798: 4c89 5424 | 404c 8b54 | 2438 4c8b | 5c24 404d | 8bc3 4489 | 4714 4d33 | da49 c1eb | 144d 85db 
  0x000001bbebb2f7b8: 7416 49c1 | ea09 4c8b | 4424 584d | 03c2 4180 | 3802 0f85 | 2d10 0000 | 4c8b 5424 | 4045 8b42 
  0x000001bbebb2f7d8: 0c45 8b52 | 0849 63e8 | 48c1 e502 | 4181 f800 | 0004 000f | 87c0 1300 | 0049 8b87 | b801 0000 
  0x000001bbebb2f7f8: 4c8d 5d17 | 4983 e3f8 | 4c8b c84d | 03cb 4d3b | 8fc8 0100 | 000f 839e | 1300 004d | 898f b801 
  0x000001bbebb2f818: 0000 410f | 1881 0001 | 0000 48c7 | 0001 0000 | 0044 8950 | 0844 8940 | 0c41 0f18 | 8140 0100 
  0x000001bbebb2f838: 0041 0f18 | 8180 0100 | 0048 8bf8 | 488b 4c24 | 4048 83c1 | 1048 8bd7 | 4883 c210 | 4883 c507 
  0x000001bbebb2f858: 48c1 ed03 | 4c8b c5c5 | f877 49ba | 604b 10eb | bb01 0000 

  0x000001bbebb2f86c: ;   {other}
  0x000001bbebb2f86c: 41ff d20f | 1f84 0000 | 0000 004c | 8b54 2430 | 4c89 5424 | 6848 8b54 | 2468 4c8b | c766 6690 
  0x000001bbebb2f88c: ;   {optimized virtual_call}
  0x000001bbebb2f88c: c5f8 77e8 

  0x000001bbebb2f890: ; ImmutableOopMap {[104]=Oop }
                      ;*invokevirtual setSigners {reexecute=0 rethrow=0 return_oop=0}
                      ; - java.lang.ClassLoader::setSigners@2
                      ; - java.lang.ClassLoader::postDefineClass@35
                      ; - java.lang.ClassLoader::defineClass@37
  0x000001bbebb2f890: ecf1 5eff 

  0x000001bbebb2f894: ;   {other}
  0x000001bbebb2f894: 0f1f 8400 | 841d 001d | e9d2 f3ff | ff4c 8b54 | 2468 458b | 523c 4585 | d20f 84b1 | ecff ff4d 
  0x000001bbebb2f8b4: 8b5f 2849 | 8bca 4d85 | db0f 8429 | 0d00 004d | 8b57 384b | 894c 1af8 | 4983 c3f8 | 4d89 5f28 
  0x000001bbebb2f8d4: e98b ecff | ff44 8b53 | 1445 85d2 | 0f84 23ec | ffff 4d8b | 5f28 498b | ca4d 85db | 0f84 130e 
  0x000001bbebb2f8f4: 0000 4d8b | 5738 4b89 | 4c1a f849 | 83c3 f84d | 895f 28e9 | fdeb ffff | 4d8b 5748 | 4d8b 5f58 
  0x000001bbebb2f914: f083 4424 | c000 8039 | 000f 8419 | ecff ff44 | 8821 4d85 | d275 2049 | 8bd7 c5f8 | 7749 ba00 
  0x000001bbebb2f934: a4ad f4fa | 7f00 0041 

  0x000001bbebb2f93c: ;   {other}
  0x000001bbebb2f93c: ffd2 0f1f | 8400 0000 | 0000 e9f1 | ebff ff4b | 894c 13f8 | 4983 c2f8 | 4d89 5748 | e9df ebff 
  0x000001bbebb2f95c: ff33 c0e9 | 5af1 ffff | 4c63 c54d | 8d58 1049 | 8bcb 4883 | e1f8 498b | fd48 03f9 | 49c1 eb03 
  0x000001bbebb2f97c: 4d2b cb49 | 8bc9 4833 | c048 83f9 | 087f 1048 | ffc9 784f | 4889 04cf | 48ff c97d | f7eb 44c5 
  0x000001bbebb2f99c: fdef c0e9 | 0d00 0000 | c5fe 7f07 | c5fe 7f47 | 2048 83c7 | 4048 83e9 | 087d ed48 | 83c1 047c 
  0x000001bbebb2f9bc: 0cc5 fe7f | 0748 83c7 | 2048 83e9 | 0448 83c1 | 047e 1048 | ffc9 c5f9 | d607 4883 | c708 48ff 
  0x000001bbebb2f9dc: c97d f348 | 8bca 498b | d2c5 f877 | 49ba c044 | 10eb bb01 | 0000 41ff 

  0x000001bbebb2f9f4: ;   {other}
  0x000001bbebb2f9f4: d20f 1f84 | 0000 0000 | 00e9 4bed | ffff 453b | d10f 85e4 | 0000 0045 | 8d42 ff45 | 3bc2 0f83 
  0x000001bbebb2fa14: 9013 0000 | 4585 c90f | 8687 1300 | 0045 8d41 | ff33 dbeb | 388b 9c24 | 8400 0000 | ffc3 3b9c 
  0x000001bbebb2fa34: 24a0 0000 | 000f 8df5 | 0000 0048 | 8b7c 2470 | 488b 4c24 | 4844 8b94 | 24a0 0000 | 0044 8b8c 
  0x000001bbebb2fa54: 24a4 0000 | 0044 8b84 | 24a8 0000 | 008b 749f | 1045 3bc1 | 0f83 6711 | 0000 85f6 | 0f84 5f11 
  0x000001bbebb2fa74: 0000 4c8b | de33 ed48 | 897c 2470 | 4489 9424 | a000 0000 | 4489 8c24 | a400 0000 | 4489 8424 
  0x000001bbebb2fa94: a800 0000 | 899c 2484 | 0000 0089 | b424 9000 | 0000 4c89 | 9c24 b000 | 0000 eb05 | 488b 4c24 
  0x000001bbebb2fab4: 4844 8b54 | a910 4889 | 4c24 484d | 8bc2 488b | 9424 b000 | 0000 6690 

  0x000001bbebb2facc: ;   {optimized virtual_call}
  0x000001bbebb2facc: c5f8 77e8 

  0x000001bbebb2fad0: ; ImmutableOopMap {[40]=Oop [48]=Oop [64]=Oop [72]=Oop [80]=Oop [112]=Oop [136]=Oop [144]=NarrowOop [176]=Oop }
                      ;*invokevirtual equals {reexecute=0 rethrow=0 return_oop=0}
                      ; - java.lang.ClassLoader::compareCerts@81
                      ; - java.lang.ClassLoader::checkCerts@80
                      ; - java.lang.ClassLoader::preDefineClass@113
                      ; - java.lang.ClassLoader::defineClass@4
  0x000001bbebb2fad0: acef 5eff 

  0x000001bbebb2fad4: ;   {other}
  0x000001bbebb2fad4: 0f1f 8400 | c41f 001e | 85c0 0f85 | 45ff ffff | ffc5 3bac | 24a4 0000 | 007c c1ba | 45ff ffff 
  0x000001bbebb2faf4: 488b 6c24 | 284c 8b54 | 2430 4c89 | 5424 2844 | 8b54 2438 | 4489 5424 | 3044 8b5c | 243c 4489 
  0x000001bbebb2fb14: 5c24 344c | 8b54 2440 | 4c89 5424 | 3866 6690 

  0x000001bbebb2fb24: ;   {runtime_call UncommonTrapBlob}
  0x000001bbebb2fb24: c5f8 77e8 

  0x000001bbebb2fb28: ; ImmutableOopMap {rbp=Oop [40]=Oop [56]=Oop [136]=Oop }
                      ;*ifne {reexecute=1 rethrow=0 return_oop=0}
                      ; - (reexecute) java.lang.ClassLoader::checkCerts@83
                      ; - java.lang.ClassLoader::preDefineClass@113
                      ; - java.lang.ClassLoader::defineClass@4
  0x000001bbebb2fb28: 5448 5fff 

  0x000001bbebb2fb2c: ;   {other}
  0x000001bbebb2fb2c: 0f1f 8400 | 1c20 001f | 4533 dbeb | 1644 8b5c | 247c 41ff | c344 3b9c | 24a4 0000 | 000f 8d81 
  0x000001bbebb2fb4c: edff ff4c | 8b54 2448 | 478b 4c9a | 1045 85c9 | 0f84 d210 | 0000 4d8b | c133 ed44 | 895c 247c 
  0x000001bbebb2fb6c: 4489 8c24 | 8000 0000 | 4c89 8424 | 9800 0000 | 0f1f 4000 | 4c8b 5424 | 7045 8b5c | aa10 4d8b 
  0x000001bbebb2fb8c: c348 8b94 | 2498 0000 | 0066 6690 

  0x000001bbebb2fb98: ;   {optimized virtual_call}
  0x000001bbebb2fb98: c5f8 77e8 

  0x000001bbebb2fb9c: ; ImmutableOopMap {[40]=Oop [48]=Oop [64]=Oop [72]=Oop [80]=Oop [112]=Oop [128]=NarrowOop [136]=Oop [152]=Oop }
                      ;*invokevirtual equals {reexecute=0 rethrow=0 return_oop=0}
                      ; - java.lang.ClassLoader::compareCerts@166
                      ; - java.lang.ClassLoader::checkCerts@80
                      ; - java.lang.ClassLoader::preDefineClass@113
                      ; - java.lang.ClassLoader::defineClass@4
  0x000001bbebb2fb9c: e0ee 5eff 

  0x000001bbebb2fba0: ;   {other}
  0x000001bbebb2fba0: 0f1f 8400 | 9020 0020 | 85c0 758d | ffc5 3bac | 24a0 0000 | 007c c9e9 | 33ff ffff 

  0x000001bbebb2fbbc: ;   {oop(""{0x00000000c05fbf60})}
  0x000001bbebb2fbbc: 48be 60bf | 5fc0 0000 | 0000 e958 | ecff ff4c | 63c5 4d8d | 5010 498b | ca48 83e1 | f848 8bfe 
  0x000001bbebb2fbdc: 4803 f949 | c1ea 034d | 2bca 498b | c948 33c0 | 4883 f908 | 7f10 48ff | c978 4f48 | 8904 cf48 
  0x000001bbebb2fbfc: ffc9 7df7 | eb44 c5fd | efc0 e90d | 0000 00c5 | fe7f 07c5 | fe7f 4720 | 4883 c740 | 4883 e908 
  0x000001bbebb2fc1c: 7ded 4883 | c104 7c0c | c5fe 7f07 | 4883 c720 | 4883 e904 | 4883 c104 | 7e10 48ff | c9c5 f9d6 
  0x000001bbebb2fc3c: 0748 83c7 | 0848 ffc9 | 7df3 498b | cbc5 f877 | 49ba c044 | 10eb bb01 | 0000 41ff 

  0x000001bbebb2fc58: ;   {other}
  0x000001bbebb2fc58: d20f 1f84 | 0000 0000 | 00e9 08e8 | ffff 4c8b | 4424 2848 | 8bcd 448b | 4c24 2444 | 8b54 2438 
  0x000001bbebb2fc78: 448b 5c24 | 3ce9 92ee | ffff 894c | 2470 4489 | 7424 5448 | 895c 2468 | 4c89 6c24 | 60c5 fb11 
  0x000001bbebb2fc98: 4424 5844 | 8b4c 2420 | 4489 4c24 | 5044 895c | 244c 4489 | 5424 484c | 8b54 2428 | 4c89 5424 
  0x000001bbebb2fcb8: 2048 8bac | 2488 0000 

  0x000001bbebb2fcc0: ;   {metadata('java/lang/String')}
  0x000001bbebb2fcc0: 0048 ba78 | e800 80bb | 0100 0090 

  0x000001bbebb2fccc: ;   {runtime_call _new_instance_Java}
  0x000001bbebb2fccc: c5f8 77e8 

  0x000001bbebb2fcd0: ; ImmutableOopMap {rbp=Oop [32]=Oop [48]=Oop [64]=Oop [72]=NarrowOop [84]=NarrowOop [88]=Oop [96]=Derived_oop_[88] [104]=Oop [136]=Oop }
                      ;*new {reexecute=0 rethrow=0 return_oop=1}
                      ; - java.lang.StringLatin1::newString@7
                      ; - java.lang.String::substring@41
                      ; - java.lang.ClassLoader::checkCerts@21
                      ; - java.lang.ClassLoader::preDefineClass@113
                      ; - java.lang.ClassLoader::defineClass@4
  0x000001bbebb2fcd0: 2cbf 61ff 

  0x000001bbebb2fcd4: ;   {other}
  0x000001bbebb2fcd4: 0f1f 8400 | c421 0021 | 4c8b 5424 | 204c 8954 | 2428 448b | 5424 4844 | 8b5c 244c | 448b 4c24 
  0x000001bbebb2fcf4: 5044 894c | 2420 c5fb | 1044 2458 | 4c8b 4c24 | 6048 8b5c | 2468 448b | 7424 548b | 4c24 7048 
  0x000001bbebb2fd14: 8bf0 4d8b | e9e9 55e9 | ffff 448b | 5f10 4585 | db0f 84f6 | f2ff ff4d | 8b57 2849 | 8bcb 4d85 
  0x000001bbebb2fd34: d20f 84a9 | 0c00 004d | 8b5f 384b | 894c 13f8 | 4983 c2f8 | 4d89 5728 | e9d0 f2ff | ff48 8b7c 
  0x000001bbebb2fd54: 2438 448b | 570c 4585 | d20f 8478 | f2ff ff4d | 8b5f 2849 | 8bca 4d85 | db0f 8491 | 0c00 004d 
  0x000001bbebb2fd74: 8b57 384b | 894c 1af8 | 4983 c3f8 | 4d89 5f28 | e952 f2ff | ff4c 8b44 | 2428 e9bf | eeff ff4d 
  0x000001bbebb2fd94: 8b57 584d | 8b5f 48f0 | 8344 24c0 | 0080 3900 | 0f84 6cf2 | ffff 4488 | 214d 85db | 7520 498b 
  0x000001bbebb2fdb4: d7c5 f877 | 49ba 00a4 | adf4 fa7f | 0000 41ff 

  0x000001bbebb2fdc4: ;   {other}
  0x000001bbebb2fdc4: d20f 1f84 | 0000 0000 | 00e9 44f2 | ffff 4b89 | 4c1a f849 | 83c3 f84d | 895f 48e9 | 32f2 ffff 
  0x000001bbebb2fde4: 4d8b 5748 | 4d8b 5f58 | f083 4424 | c000 8039 | 000f 845d | f2ff ff44 | 8821 4d85 | d275 2049 
  0x000001bbebb2fe04: 8bd7 c5f8 | 7749 ba00 | a4ad f4fa | 7f00 0041 

  0x000001bbebb2fe14: ;   {other}
  0x000001bbebb2fe14: ffd2 0f1f | 8400 0000 | 0000 e935 | f2ff ff4b | 894c 13f8 | 4983 c2f8 | 4d89 5748 | e923 f2ff 
  0x000001bbebb2fe34: ff4c 8b44 | 2428 488b | 4c24 3844 | 8b4c 2424 | e9a9 eeff | ff44 894c | 2438 4489 | 5c24 2448 
  0x000001bbebb2fe54: 895c 2430 

  0x000001bbebb2fe58: ;   {static_call}
  0x000001bbebb2fe58: c5f8 77e8 

  0x000001bbebb2fe5c: ; ImmutableOopMap {rbp=Oop [36]=NarrowOop [40]=Oop [48]=Oop [56]=NarrowOop [64]=Oop [104]=Oop }
                      ;*invokestatic hashCode {reexecute=0 rethrow=0 return_oop=0}
                      ; - java.lang.String::hashCode@37
                      ; - java.util.concurrent.ConcurrentHashMap::get@1
                      ; - java.lang.ClassLoader::getNamedPackage@5
                      ; - java.lang.ClassLoader::postDefineClass@9
                      ; - java.lang.ClassLoader::defineClass@37
  0x000001bbebb2fe5c: 20f2 5eff 

  0x000001bbebb2fe60: ;   {other}
  0x000001bbebb2fe60: 0f1f 8400 | 5023 0022 | e9bb f0ff | ff48 8b4c | 2430 c641 | 1101 33c0 | 4c8b 4424 | 2844 8b5c 
  0x000001bbebb2fe80: 2424 448b | 4c24 38e9 | 32ec ffff | 4d8b e94c | 8944 2470 | 4889 7424 | 6844 8974 | 244c 4889 
  0x000001bbebb2fea0: 5c24 604c | 896c 2458 | c5fb 1144 | 2450 448b | 4c24 2044 | 894c 2448 | 418b ea4c | 8b94 2488 
  0x000001bbebb2fec0: 0000 004c | 8954 2420 

  0x000001bbebb2fec8: ;   {metadata({type array byte})}
  0x000001bbebb2fec8: 48ba 1823 | 0080 bb01 | 0000 458b | c366 6690 

  0x000001bbebb2fed8: ;   {runtime_call _new_array_nozero_Java}
  0x000001bbebb2fed8: c5f8 77e8 

  0x000001bbebb2fedc: ; ImmutableOopMap {rbp=NarrowOop [32]=Oop [40]=Oop [48]=Oop [64]=Oop [76]=NarrowOop [80]=Oop [88]=Derived_oop_[80] [96]=Oop [104]=Oop [136]=Oop }
                      ;*invokevirtual clone {reexecute=1 rethrow=0 return_oop=1}
                      ; - (reexecute) java.util.Arrays::copyOfRange@18
                      ; - java.lang.StringLatin1::newString@16
                      ; - java.lang.String::substring@41
                      ; - java.lang.ClassLoader::checkCerts@21
                      ; - java.lang.ClassLoader::preDefineClass@113
                      ; - java.lang.ClassLoader::defineClass@4
  0x000001bbebb2fedc: a0b6 61ff 

  0x000001bbebb2fee0: ;   {other}
  0x000001bbebb2fee0: 0f1f 8400 | d023 0023 | 448b 4424 | 4844 8944 | 2420 4c8b | 4c24 5848 | 8b5c 2460 | 448b 7424 
  0x000001bbebb2ff00: 4c48 8b74 | 2468 4c8b | 4424 704c | 8be8 e9a4 | e8ff ff44 | 8954 2434 | 897c 2430 | 894c 2424 
  0x000001bbebb2ff20: 488b 6c24 

  0x000001bbebb2ff24: ;   {metadata('java/lang/String')}
  0x000001bbebb2ff24: 6848 ba78 | e800 80bb | 0100 0090 

  0x000001bbebb2ff30: ;   {runtime_call _new_instance_Java}
  0x000001bbebb2ff30: c5f8 77e8 

  0x000001bbebb2ff34: ; ImmutableOopMap {rbp=Oop [36]=NarrowOop [40]=Oop [64]=Oop [104]=Oop [136]=Oop }
                      ;*new {reexecute=0 rethrow=0 return_oop=1}
                      ; - java.lang.StringLatin1::newString@7
                      ; - java.lang.String::substring@41
                      ; - java.lang.Class::getPackageName@62
                      ; - java.lang.ClassLoader::postDefineClass@2
                      ; - java.lang.ClassLoader::defineClass@37
  0x000001bbebb2ff34: c8bc 61ff 

  0x000001bbebb2ff38: ;   {other}
  0x000001bbebb2ff38: 0f1f 8400 | 2824 0024 | 8b4c 2424 | 8b7c 2430 | 448b 5424 | 3448 8bd8 | e943 e4ff | ff44 894c 
  0x000001bbebb2ff58: 2424 4889 | 4c24 304c | 8944 2428 

  0x000001bbebb2ff64: ;   {metadata('java/lang/NamedPackage')}
  0x000001bbebb2ff64: 48ba e8c0 | 0180 bb01 | 0000 6690 

  0x000001bbebb2ff70: ;   {runtime_call _new_instance_Java}
  0x000001bbebb2ff70: c5f8 77e8 

  0x000001bbebb2ff74: ; ImmutableOopMap {[36]=NarrowOop [40]=Oop [48]=Oop [64]=Oop [104]=Oop }
                      ;*new {reexecute=0 rethrow=0 return_oop=1}
                      ; - java.lang.ClassLoader::getNamedPackage@16
                      ; - java.lang.ClassLoader::postDefineClass@9
                      ; - java.lang.ClassLoader::defineClass@37
  0x000001bbebb2ff74: 88bc 61ff 

  0x000001bbebb2ff78: ;   {other}
  0x000001bbebb2ff78: 0f1f 8400 | 6824 0025 | e9bc edff | ff4c 8984 | 2480 0000 | 004c 894c | 2478 4889 | 7424 7089 
  0x000001bbebb2ff98: 4c24 6844 | 8974 244c | 4889 5c24 | 6048 8954 | 2458 c5fb | 1144 2450 | 448b 5424 | 2044 8954 
  0x000001bbebb2ffb8: 2448 4c8b | 9424 8800 | 0000 4c89 

  0x000001bbebb2ffc4: ;   {metadata({type array byte})}
  0x000001bbebb2ffc4: 5424 2048 | ba18 2300 | 80bb 0100 | 0044 8bc1 

  0x000001bbebb2ffd4: ;   {runtime_call _new_array_nozero_Java}
  0x000001bbebb2ffd4: c5f8 77e8 

  0x000001bbebb2ffd8: ; ImmutableOopMap {[32]=Oop [40]=Oop [48]=Oop [64]=Oop [76]=NarrowOop [80]=Oop [88]=Derived_oop_[80] [96]=Oop [112]=Oop [136]=Oop }
                      ;*newarray {reexecute=0 rethrow=0 return_oop=1}
                      ; - java.util.Arrays::copyOfRangeByte@10
                      ; - java.util.Arrays::copyOfRange@13
                      ; - java.lang.StringLatin1::newString@16
                      ; - java.lang.String::substring@41
                      ; - java.lang.ClassLoader::checkCerts@21
                      ; - java.lang.ClassLoader::preDefineClass@113
                      ; - java.lang.ClassLoader::defineClass@4
  0x000001bbebb2ffd8: a4b5 61ff 

  0x000001bbebb2ffdc: ;   {other}
  0x000001bbebb2ffdc: 0f1f 8400 | cc24 0026 | 448b 5c24 | 4844 895c | 2420 488b | 5424 5848 | 8b5c 2460 | 448b 7424 
  0x000001bbebb2fffc: 4c8b 4c24 | 6848 8b74 | 2470 4c8b | e84c 8b4c | 2478 4c8b | 8424 8000 | 0000 e9f1 

  0x000001bbebb30018: ;   {metadata('java/lang/InternalError')}
  0x000001bbebb30018: e6ff ff48 | ba38 0701 | 80bb 0100 | 0066 6690 

  0x000001bbebb30028: ;   {runtime_call _new_instance_Java}
  0x000001bbebb30028: c5f8 77e8 

  0x000001bbebb3002c: ; ImmutableOopMap {[36]=NarrowOop [40]=Oop [48]=Oop [56]=Oop [64]=Oop [72]=Oop [104]=Oop }
                      ;*new {reexecute=0 rethrow=0 return_oop=1}
                      ; - java.lang.NamedPackage::<init>@18
                      ; - java.lang.ClassLoader::getNamedPackage@22
                      ; - java.lang.ClassLoader::postDefineClass@9
                      ; - java.lang.ClassLoader::defineClass@37
  0x000001bbebb3002c: d0bb 61ff 

  0x000001bbebb30030: ;   {other}
  0x000001bbebb30030: 0f1f 8400 | 2025 0027 | e9a3 edff 

  0x000001bbebb3003c: ;   {metadata('java/lang/StringBuilder')}
  0x000001bbebb3003c: ff48 ba40 | 8000 80bb | 0100 0090 

  0x000001bbebb30048: ;   {runtime_call _new_instance_Java}
  0x000001bbebb30048: c5f8 77e8 

  0x000001bbebb3004c: ; ImmutableOopMap {[36]=NarrowOop [40]=Oop [48]=Oop [56]=Oop [64]=Oop [72]=Oop [104]=Oop [112]=Oop }
                      ;*new {reexecute=0 rethrow=0 return_oop=1}
                      ; - java.lang.NamedPackage::<init>@22
                      ; - java.lang.ClassLoader::getNamedPackage@22
                      ; - java.lang.ClassLoader::postDefineClass@9
                      ; - java.lang.ClassLoader::defineClass@37
  0x000001bbebb3004c: b0bb 61ff 

  0x000001bbebb30050: ;   {other}
  0x000001bbebb30050: 0f1f 8400 | 4025 0028 | e9c8 edff | ff4c 8944 | 2450 4c89 | 5c24 4848 | 895c 2438 | 8be9 4c8b 
  0x000001bbebb30070: 5424 684c | 8954 2430 

  0x000001bbebb30078: ;   {metadata({type array byte})}
  0x000001bbebb30078: 48ba 1823 | 0080 bb01 | 0000 448b | c766 6690 

  0x000001bbebb30088: ;   {runtime_call _new_array_nozero_Java}
  0x000001bbebb30088: c5f8 77e8 

  0x000001bbebb3008c: ; ImmutableOopMap {rbp=NarrowOop [40]=Oop [48]=Oop [56]=Oop [64]=Oop [136]=Oop [72]=Derived_oop_[136] }
                      ;*invokevirtual clone {reexecute=1 rethrow=0 return_oop=1}
                      ; - (reexecute) java.util.Arrays::copyOfRange@18
                      ; - java.lang.StringLatin1::newString@16
                      ; - java.lang.String::substring@41
                      ; - java.lang.Class::getPackageName@62
                      ; - java.lang.ClassLoader::postDefineClass@2
                      ; - java.lang.ClassLoader::defineClass@37
  0x000001bbebb3008c: f0b4 61ff 

  0x000001bbebb30090: ;   {other}
  0x000001bbebb30090: 0f1f 8400 | 8025 0029 | 4c8b 5c24 | 304c 895c | 2468 488b | 5c24 384c | 8b5c 2448 | 4c8b 4424 
  0x000001bbebb300b0: 5048 8bf0 | e91b e4ff | ff4c 8944 | 2460 4c89 | 4c24 504c | 895c 2448 | 4889 5c24 | 3844 8954 
  0x000001bbebb300d0: 2424 4c8b | 5424 684c | 8954 2430 

  0x000001bbebb300dc: ;   {metadata({type array byte})}
  0x000001bbebb300dc: 48ba 1823 | 0080 bb01 | 0000 448b | 4424 2490 

  0x000001bbebb300ec: ;   {runtime_call _new_array_nozero_Java}
  0x000001bbebb300ec: c5f8 77e8 

  0x000001bbebb300f0: ; ImmutableOopMap {[40]=Oop [48]=Oop [56]=Oop [64]=Oop [104]=Oop [136]=Oop [72]=Derived_oop_[136] }
                      ;*newarray {reexecute=0 rethrow=0 return_oop=1}
                      ; - java.util.Arrays::copyOfRangeByte@10
                      ; - java.util.Arrays::copyOfRange@13
                      ; - java.lang.StringLatin1::newString@16
                      ; - java.lang.String::substring@41
                      ; - java.lang.Class::getPackageName@62
                      ; - java.lang.ClassLoader::postDefineClass@2
                      ; - java.lang.ClassLoader::defineClass@37
  0x000001bbebb300f0: 8cb4 61ff 

  0x000001bbebb300f4: ;   {other}
  0x000001bbebb300f4: 0f1f 8400 | e425 002a | 448b 5424 | 2448 8b5c | 2438 4c8b | 5c24 4848 | 8bf0 4c8b | 4c24 504c 
  0x000001bbebb30114: 8b44 2460 | e912 e3ff | ffba f6ff | ffff 488b | ee4c 894c | 2420 6690 

  0x000001bbebb3012c: ;   {runtime_call UncommonTrapBlob}
  0x000001bbebb3012c: c5f8 77e8 

  0x000001bbebb30130: ; ImmutableOopMap {rbp=Oop [32]=Oop }
                      ;*invokevirtual putIfAbsent {reexecute=0 rethrow=0 return_oop=0}
                      ; - java.lang.ClassLoader::checkCerts@62
                      ; - java.lang.ClassLoader::preDefineClass@113
                      ; - java.lang.ClassLoader::defineClass@4
  0x000001bbebb30130: 4c42 5fff 

  0x000001bbebb30134: ;   {other}
  0x000001bbebb30134: 0f1f 8400 | 2426 002b | baf6 ffff | ff66 6690 

  0x000001bbebb30144: ;   {runtime_call UncommonTrapBlob}
  0x000001bbebb30144: c5f8 77e8 

  0x000001bbebb30148: ; ImmutableOopMap {rbp=NarrowOop }
                      ;*invokevirtual toExternalForm {reexecute=0 rethrow=0 return_oop=0}
                      ; - java.net.URL::toExternalForm@5
                      ; - java.net.URL::toString@1
                      ; - java.lang.ClassLoader::defineClassSourceLocation@22
                      ; - java.lang.ClassLoader::defineClass@12
  0x000001bbebb30148: 3442 5fff 

  0x000001bbebb3014c: ;   {other}
  0x000001bbebb3014c: 0f1f 8400 | 3c26 002c | baf6 ffff | ff48 8beb 

  0x000001bbebb3015c: ;   {runtime_call UncommonTrapBlob}
  0x000001bbebb3015c: c5f8 77e8 

  0x000001bbebb30160: ; ImmutableOopMap {rbp=Oop }
                      ;*invokevirtual get {reexecute=0 rethrow=0 return_oop=0}
                      ; - java.lang.ClassLoader::getNamedPackage@5
                      ; - java.lang.ClassLoader::postDefineClass@9
                      ; - java.lang.ClassLoader::defineClass@37
  0x000001bbebb30160: 1c42 5fff 

  0x000001bbebb30164: ;   {other}
  0x000001bbebb30164: 0f1f 8400 | 5426 002d | ba76 ffff | ff41 8bea | 897c 2424 | 4c8b 9424 | 8800 0000 | 4889 5c24 
  0x000001bbebb30184: 504c 8954 | 2458 4489 | 7424 6090 

  0x000001bbebb30190: ;   {runtime_call UncommonTrapBlob}
  0x000001bbebb30190: c5f8 77e8 

  0x000001bbebb30194: ; ImmutableOopMap {rbp=NarrowOop [40]=Oop [48]=Oop [64]=Oop [80]=Oop [88]=Oop [96]=NarrowOop [136]=Oop }
                      ;*iflt {reexecute=1 rethrow=0 return_oop=0}
                      ; - (reexecute) java.lang.StringLatin1::lastIndexOf@19
                      ; - java.lang.String::lastIndexOf@13
                      ; - java.lang.String::lastIndexOf@8
                      ; - java.lang.ClassLoader::checkCerts@3
                      ; - java.lang.ClassLoader::preDefineClass@113
                      ; - java.lang.ClassLoader::defineClass@4
  0x000001bbebb30194: e841 5fff 

  0x000001bbebb30198: ;   {other}
  0x000001bbebb30198: 0f1f 8400 | 8826 002e | ba45 ffff | ff48 8b6c | 2428 4c89 | 4424 4890 

  0x000001bbebb301b0: ;   {runtime_call UncommonTrapBlob}
  0x000001bbebb301b0: c5f8 77e8 

  0x000001bbebb301b4: ; ImmutableOopMap {rbp=Oop [48]=Oop [64]=Oop [72]=Oop [136]=Oop }
                      ;*ifeq {reexecute=1 rethrow=0 return_oop=0}
                      ; - (reexecute) java.lang.ClassLoader::checkName@8
                      ; - java.lang.ClassLoader::preDefineClass@1
                      ; - java.lang.ClassLoader::defineClass@4
  0x000001bbebb301b4: c841 5fff 

  0x000001bbebb301b8: ;   {other}
  0x000001bbebb301b8: 0f1f 8400 | a826 002f | ba6e ffff | ff41 8bea | 897c 2424 | 4c8b 9424 | 8800 0000 | 4889 5c24 
  0x000001bbebb301d8: 504c 8954 | 2458 4489 | 7424 6090 

  0x000001bbebb301e4: ;   {runtime_call UncommonTrapBlob}
  0x000001bbebb301e4: c5f8 77e8 

  0x000001bbebb301e8: ; ImmutableOopMap {rbp=NarrowOop [40]=Oop [48]=Oop [64]=Oop [80]=Oop [88]=Oop [96]=NarrowOop [136]=Oop }
                      ;*iflt {reexecute=1 rethrow=0 return_oop=0}
                      ; - (reexecute) java.lang.StringLatin1::lastIndexOf@19
                      ; - java.lang.String::lastIndexOf@13
                      ; - java.lang.String::lastIndexOf@8
                      ; - java.lang.ClassLoader::checkCerts@3
                      ; - java.lang.ClassLoader::preDefineClass@113
                      ; - java.lang.ClassLoader::defineClass@4
  0x000001bbebb301e8: 9441 5fff 

  0x000001bbebb301ec: ;   {other}
  0x000001bbebb301ec: 0f1f 8400 | dc26 0030 | bace ffff | ff41 8bea | 4c8b 9424 | 8800 0000 | 4c89 5424 | 504c 8954 
  0x000001bbebb3020c: 2458 4489 | 4c24 6090 

  0x000001bbebb30214: ;   {runtime_call UncommonTrapBlob}
  0x000001bbebb30214: c5f8 77e8 

  0x000001bbebb30218: ; ImmutableOopMap {rbp=NarrowOop [40]=Oop [48]=Oop [64]=Oop [80]=Oop [88]=Oop }
                      ;*invokestatic indexOfChar {reexecute=0 rethrow=0 return_oop=0}
                      ; - java.lang.StringLatin1::indexOf@33
                      ; - java.lang.String::indexOf@17
                      ; - java.lang.String::indexOf@3
                      ; - java.lang.ClassLoader::checkName@16
                      ; - java.lang.ClassLoader::preDefineClass@1
                      ; - java.lang.ClassLoader::defineClass@4
  0x000001bbebb30218: 6441 5fff 

  0x000001bbebb3021c: ;   {other}
  0x000001bbebb3021c: 0f1f 8400 | 0c27 0031 | bade ffff | ff66 6690 

  0x000001bbebb3022c: ;   {runtime_call UncommonTrapBlob}
  0x000001bbebb3022c: c5f8 77e8 

  0x000001bbebb30230: ; ImmutableOopMap {rbp=NarrowOop }
                      ;*checkcast {reexecute=0 rethrow=0 return_oop=0}
                      ; - java.lang.ClassLoader::getNamedPackage@8
                      ; - java.lang.ClassLoader::postDefineClass@9
                      ; - java.lang.ClassLoader::defineClass@37
  0x000001bbebb30230: 4c41 5fff 

  0x000001bbebb30234: ;   {other}
  0x000001bbebb30234: 0f1f 8400 | 2427 0032 | 4c8b 4424 | 2848 8b4c | 2438 448b | 4c24 24e9 | a2ea ffff | 8bcf e9ac 
  0x000001bbebb30254: e3ff ff45 | 33d2 4585 | c941 0f94 | c2ba 45ff | ffff 488b | 6c24 284c | 8944 2448 | 4c89 4424 
  0x000001bbebb30274: 5044 8954 | 2460 6690 

  0x000001bbebb3027c: ;   {runtime_call UncommonTrapBlob}
  0x000001bbebb3027c: c5f8 77e8 

  0x000001bbebb30280: ; ImmutableOopMap {rbp=Oop [48]=Oop [64]=Oop [72]=Oop [80]=Oop }
                      ;*ifeq {reexecute=1 rethrow=0 return_oop=0}
                      ; - (reexecute) java.lang.String::indexOf@4
                      ; - java.lang.String::indexOf@3
                      ; - java.lang.ClassLoader::checkName@16
                      ; - java.lang.ClassLoader::preDefineClass@1
                      ; - java.lang.ClassLoader::defineClass@4
  0x000001bbebb30280: fc40 5fff 

  0x000001bbebb30284: ;   {other}
  0x000001bbebb30284: 0f1f 8400 | 7427 0033 | ba45 ffff | ff89 4c24 | 2089 4c24 | 244c 8b94 | 2488 0000 | 0048 895c 
  0x000001bbebb302a4: 2450 4c89 | 5424 5844 | 8974 2460 | 4c89 5424 | 6844 8944 | 2470 6690 

  0x000001bbebb302bc: ;   {runtime_call UncommonTrapBlob}
  0x000001bbebb302bc: c5f8 77e8 

  0x000001bbebb302c0: ; ImmutableOopMap {[40]=Oop [48]=Oop [64]=Oop [80]=Oop [88]=Oop [96]=NarrowOop [104]=Oop }
                      ;*if_icmpgt {reexecute=1 rethrow=0 return_oop=0}
                      ; - (reexecute) jdk.internal.util.Preconditions::checkFromToIndex@6
                      ; - java.lang.String::checkBoundsBeginEnd@6
                      ; - java.lang.String::substring@8
                      ; - java.lang.ClassLoader::checkCerts@21
                      ; - java.lang.ClassLoader::preDefineClass@113
                      ; - java.lang.ClassLoader::defineClass@4
  0x000001bbebb302c0: bc40 5fff 

  0x000001bbebb302c4: ;   {other}
  0x000001bbebb302c4: 0f1f 8400 | b427 0034 | ba45 ffff | ff48 8b6c | 2428 4c8b | 9424 8800 | 0000 4c89 | 5424 4889 
  0x000001bbebb302e4: 5c24 5090 

  0x000001bbebb302e8: ;   {runtime_call UncommonTrapBlob}
  0x000001bbebb302e8: c5f8 77e8 

  0x000001bbebb302ec: ; ImmutableOopMap {rbp=Oop [48]=Oop [64]=Oop [72]=Oop [136]=Oop }
                      ;*if_icmpne {reexecute=1 rethrow=0 return_oop=0}
                      ; - (reexecute) java.lang.ClassLoader::checkName@20
                      ; - java.lang.ClassLoader::preDefineClass@1
                      ; - java.lang.ClassLoader::defineClass@4
  0x000001bbebb302ec: 9040 5fff 

  0x000001bbebb302f0: ;   {other}
  0x000001bbebb302f0: 0f1f 8400 | e027 0035 | ba45 ffff | ff4c 8b54 | 2440 4c89 | 5424 384c | 8944 2440 | 4889 4c24 
  0x000001bbebb30310: 4844 894c | 2450 6690 

  0x000001bbebb30318: ;   {runtime_call UncommonTrapBlob}
  0x000001bbebb30318: c5f8 77e8 

  0x000001bbebb3031c: ; ImmutableOopMap {[56]=Oop [64]=Oop [72]=Oop [80]=NarrowOop [104]=Oop }
                      ;*ifle {reexecute=1 rethrow=0 return_oop=0}
                      ; - (reexecute) java.util.concurrent.ConcurrentHashMap::get@23
                      ; - java.lang.ClassLoader::getNamedPackage@5
                      ; - java.lang.ClassLoader::postDefineClass@9
                      ; - java.lang.ClassLoader::defineClass@37
  0x000001bbebb3031c: 6040 5fff 

  0x000001bbebb30320: ;   {other}
  0x000001bbebb30320: 0f1f 8400 | 1028 0036 | ba45 ffff | ff4c 8b94 | 2488 0000 | 004c 8954 | 2450 6690 

  0x000001bbebb3033c: ;   {runtime_call UncommonTrapBlob}
  0x000001bbebb3033c: c5f8 77e8 

  0x000001bbebb30340: ; ImmutableOopMap {[40]=Oop [48]=Oop [64]=Oop [80]=Oop [136]=Oop }
                      ;*if_icmpne {reexecute=1 rethrow=0 return_oop=0}
                      ; - (reexecute) java.lang.ClassLoader::checkName@30
                      ; - java.lang.ClassLoader::preDefineClass@1
                      ; - java.lang.ClassLoader::defineClass@4
  0x000001bbebb30340: 3c40 5fff 

  0x000001bbebb30344: ;   {other}
  0x000001bbebb30344: 0f1f 8400 | 3428 0037 | ba45 ffff | ff89 4c24 | 2089 4c24 | 244c 8b94 | 2488 0000 | 0048 895c 
  0x000001bbebb30364: 2450 4c89 | 5424 5844 | 8974 2460 | 4c89 5424 | 6844 8944 | 2470 4489 | 4424 7490 

  0x000001bbebb30380: ;   {runtime_call UncommonTrapBlob}
  0x000001bbebb30380: c5f8 77e8 

  0x000001bbebb30384: ; ImmutableOopMap {[40]=Oop [48]=Oop [64]=Oop [80]=Oop [88]=Oop [96]=NarrowOop [104]=Oop }
                      ;*if_icmple {reexecute=1 rethrow=0 return_oop=0}
                      ; - (reexecute) jdk.internal.util.Preconditions::checkFromToIndex@11
                      ; - java.lang.String::checkBoundsBeginEnd@6
                      ; - java.lang.String::substring@8
                      ; - java.lang.ClassLoader::checkCerts@21
                      ; - java.lang.ClassLoader::preDefineClass@113
                      ; - java.lang.ClassLoader::defineClass@4
  0x000001bbebb30384: f83f 5fff 

  0x000001bbebb30388: ;   {other}
  0x000001bbebb30388: 0f1f 8400 | 7828 0038 | ba45 ffff | ff48 8b6c | 2428 4c8b | 5424 304c | 8954 2428 | 448b 5424 
  0x000001bbebb303a8: 3844 8954 | 2430 448b | 5c24 3c44 | 895c 2434 | 4c8b 5424 | 404c 8954 | 2438 4489 | 4c24 4890 
  0x000001bbebb303c8: ;   {runtime_call UncommonTrapBlob}
  0x000001bbebb303c8: c5f8 77e8 

  0x000001bbebb303cc: ; ImmutableOopMap {rbp=Oop [40]=Oop [56]=Oop [136]=Oop }
                      ;*ifne {reexecute=1 rethrow=0 return_oop=0}
                      ; - (reexecute) java.lang.ClassLoader::compareCerts@7
                      ; - java.lang.ClassLoader::checkCerts@80
                      ; - java.lang.ClassLoader::preDefineClass@113
                      ; - java.lang.ClassLoader::defineClass@4
  0x000001bbebb303cc: b03f 5fff 

  0x000001bbebb303d0: ;   {other}
  0x000001bbebb303d0: 0f1f 8400 | c028 0039 | ba76 ffff | ff8b e989 | 5c24 244c | 8b54 2468 | 4c89 5424 | 304c 8944 
  0x000001bbebb303f0: 2458 6690 

  0x000001bbebb303f4: ;   {runtime_call UncommonTrapBlob}
  0x000001bbebb303f4: c5f8 77e8 

  0x000001bbebb303f8: ; ImmutableOopMap {rbp=NarrowOop [40]=Oop [48]=Oop [64]=Oop [88]=Oop }
                      ;*iflt {reexecute=1 rethrow=0 return_oop=0}
                      ; - (reexecute) java.lang.StringLatin1::lastIndexOf@19
                      ; - java.lang.String::lastIndexOf@13
                      ; - java.lang.String::lastIndexOf@8
                      ; - java.lang.Class::getPackageName@47
                      ; - java.lang.ClassLoader::postDefineClass@2
                      ; - java.lang.ClassLoader::defineClass@37
  0x000001bbebb303f8: 843f 5fff 

  0x000001bbebb303fc: ;   {other}
  0x000001bbebb303fc: 0f1f 8400 | ec28 003a | ba45 ffff | ff48 8944 | 2430 4c8b | 5424 404c | 8954 2438 | 4889 4424 
  0x000001bbebb3041c: 4066 6690 

  0x000001bbebb30420: ;   {runtime_call UncommonTrapBlob}
  0x000001bbebb30420: c5f8 77e8 

  0x000001bbebb30424: ; ImmutableOopMap {[40]=Oop [48]=Oop [56]=Oop [64]=Oop }
                      ;*ifeq {reexecute=1 rethrow=0 return_oop=0}
                      ; - (reexecute) java.lang.Class::getPackageName@13
                      ; - java.lang.ClassLoader::postDefineClass@2
                      ; - java.lang.ClassLoader::defineClass@37
  0x000001bbebb30424: 583f 5fff 

  0x000001bbebb30428: ;   {other}
  0x000001bbebb30428: 0f1f 8400 | 1829 003b | ba6e ffff | ff8b e989 | 5c24 244c | 8b54 2468 | 4c89 5424 | 304c 8944 
  0x000001bbebb30448: 2458 6690 

  0x000001bbebb3044c: ;   {runtime_call UncommonTrapBlob}
  0x000001bbebb3044c: c5f8 77e8 

  0x000001bbebb30450: ; ImmutableOopMap {rbp=NarrowOop [40]=Oop [48]=Oop [64]=Oop [88]=Oop }
                      ;*iflt {reexecute=1 rethrow=0 return_oop=0}
                      ; - (reexecute) java.lang.StringLatin1::lastIndexOf@19
                      ; - java.lang.String::lastIndexOf@13
                      ; - java.lang.String::lastIndexOf@8
                      ; - java.lang.Class::getPackageName@47
                      ; - java.lang.ClassLoader::postDefineClass@2
                      ; - java.lang.ClassLoader::defineClass@37
  0x000001bbebb30450: 2c3f 5fff 

  0x000001bbebb30454: ;   {other}
  0x000001bbebb30454: 0f1f 8400 | 4429 003c | 498b d7c5 | f877 49ba | 20a4 adf4 | fa7f 0000 

  0x000001bbebb3046c: ;   {other}
  0x000001bbebb3046c: 41ff d20f | 1f84 0000 | 0000 00e9 | 70e3 ffff | baf6 ffff | ff66 6690 

  0x000001bbebb30484: ;   {runtime_call UncommonTrapBlob}
  0x000001bbebb30484: c5f8 77e8 

  0x000001bbebb30488: ; ImmutableOopMap {}
                      ;*invokevirtual isNamed {reexecute=0 rethrow=0 return_oop=0}
                      ; - java.lang.NamedPackage::<init>@12
                      ; - java.lang.ClassLoader::getNamedPackage@22
                      ; - java.lang.ClassLoader::postDefineClass@9
                      ; - java.lang.ClassLoader::defineClass@37
  0x000001bbebb30488: f43e 5fff 

  0x000001bbebb3048c: ;   {other}
  0x000001bbebb3048c: 0f1f 8400 | 7c29 003d | 4c63 c9e9 | efe1 ffff | 4983 c1fe | 498b c949 | 8bfa 4833 | c048 83f9 
  0x000001bbebb304ac: 087f 1048 | ffc9 784f | 4889 04cf | 48ff c97d | f7eb 44c5 | fdef c0e9 | 0d00 0000 | c5fe 7f07 
  0x000001bbebb304cc: c5fe 7f47 | 2048 83c7 | 4048 83e9 | 087d ed48 | 83c1 047c | 0cc5 fe7f | 0748 83c7 | 2048 83e9 
  0x000001bbebb304ec: 0448 83c1 | 047e 1048 | ffc9 c5f9 | d607 4883 | c708 48ff | c97d f3e9 | 45e2 ffff | bacc ffff 
  0x000001bbebb3050c: ff41 8bea | 894c 2424 | 4c8b 9424 | 8800 0000 | 4889 5c24 | 504c 8954 | 2458 4489 | 7424 6048 
  0x000001bbebb3052c: 8974 2470 

  0x000001bbebb30530: ;   {runtime_call UncommonTrapBlob}
  0x000001bbebb30530: c5f8 77e8 

  0x000001bbebb30534: ; ImmutableOopMap {rbp=NarrowOop [40]=Oop [48]=Oop [64]=Oop [80]=Oop [88]=Oop [96]=NarrowOop [112]=Oop [136]=Oop }
                      ;*newarray {reexecute=1 rethrow=0 return_oop=0}
                      ; - (reexecute) java.util.Arrays::copyOfRangeByte@10
                      ; - java.util.Arrays::copyOfRange@13
                      ; - java.lang.StringLatin1::newString@16
                      ; - java.lang.String::substring@41
                      ; - java.lang.ClassLoader::checkCerts@21
                      ; - java.lang.ClassLoader::preDefineClass@113
                      ; - java.lang.ClassLoader::defineClass@4
  0x000001bbebb30534: 483e 5fff 

  0x000001bbebb30538: ;   {other}
  0x000001bbebb30538: 0f1f 8400 | 282a 003e | baf6 ffff | ff66 6690 

  0x000001bbebb30548: ;   {runtime_call UncommonTrapBlob}
  0x000001bbebb30548: c5f8 77e8 

  0x000001bbebb3054c: ; ImmutableOopMap {[36]=NarrowOop }
                      ;*invokevirtual append {reexecute=0 rethrow=0 return_oop=0}
                      ; - java.lang.NamedPackage::<init>@35
                      ; - java.lang.ClassLoader::getNamedPackage@22
                      ; - java.lang.ClassLoader::postDefineClass@9
                      ; - java.lang.ClassLoader::defineClass@37
  0x000001bbebb3054c: 303e 5fff 

  0x000001bbebb30550: ;   {other}
  0x000001bbebb30550: 0f1f 8400 | 402a 003f | baf6 ffff | ff66 6690 

  0x000001bbebb30560: ;   {runtime_call UncommonTrapBlob}
  0x000001bbebb30560: c5f8 77e8 

  0x000001bbebb30564: ; ImmutableOopMap {}
                      ;*invokevirtual toString {reexecute=0 rethrow=0 return_oop=0}
                      ; - java.lang.NamedPackage::<init>@38
                      ; - java.lang.ClassLoader::getNamedPackage@22
                      ; - java.lang.ClassLoader::postDefineClass@9
                      ; - java.lang.ClassLoader::defineClass@37
  0x000001bbebb30564: 183e 5fff 

  0x000001bbebb30568: ;   {other}
  0x000001bbebb30568: 0f1f 8400 | 582a 0040 | 448b d3e9 | b2dd ffff | bae4 ffff | ff44 8954 | 2420 4c8b | 9424 8800 
  0x000001bbebb30588: 0000 4c89 | 5424 4844 | 8b5c 2438 | 4489 5c24 | 2466 6690 

  0x000001bbebb3059c: ;   {runtime_call UncommonTrapBlob}
  0x000001bbebb3059c: c5f8 77e8 

  0x000001bbebb305a0: ; ImmutableOopMap {[32]=NarrowOop [40]=Oop [48]=Oop [64]=Oop [72]=Oop }
                      ;*baload {reexecute=0 rethrow=0 return_oop=0}
                      ; - jdk.internal.util.ArraysSupport::mismatch@82
                      ; - java.lang.String::startsWith@70
                      ; - java.lang.String::startsWith@3
                      ; - java.lang.ClassLoader::preDefineClass@43
                      ; - java.lang.ClassLoader::defineClass@4
  0x000001bbebb305a0: dc3d 5fff 

  0x000001bbebb305a4: ;   {other}
  0x000001bbebb305a4: 0f1f 8400 | 942a 0041 | 85db 448b | 4c24 2041 | 0f94 c1ba | 45ff ffff | 488b 6c24 | 684c 8b5c 
  0x000001bbebb305c4: 2440 4c89 | 5c24 384c | 8944 2450 | 4489 5424 | 5844 894c | 245c 6690 

  0x000001bbebb305dc: ;   {runtime_call UncommonTrapBlob}
  0x000001bbebb305dc: c5f8 77e8 

  0x000001bbebb305e0: ; ImmutableOopMap {rbp=Oop [40]=Oop [56]=Oop [80]=Oop }
                      ;*ifeq {reexecute=1 rethrow=0 return_oop=0}
                      ; - (reexecute) java.lang.String::lastIndexOf@4
                      ; - java.lang.String::lastIndexOf@8
                      ; - java.lang.Class::getPackageName@47
                      ; - java.lang.ClassLoader::postDefineClass@2
                      ; - java.lang.ClassLoader::defineClass@37
  0x000001bbebb305e0: 9c3d 5fff 

  0x000001bbebb305e4: ;   {other}
  0x000001bbebb305e4: 0f1f 8400 | d42a 0042 | 498b d7c5 | f877 49ba | 20a4 adf4 | fa7f 0000 

  0x000001bbebb305fc: ;   {other}
  0x000001bbebb305fc: 41ff d20f | 1f84 0000 | 0000 00e9 | 58df ffff | ba45 ffff | ff44 8954 | 2420 4489 | 5424 244c 
  0x000001bbebb3061c: 8b54 2468 | 4c89 5424 | 304c 8944 | 2458 4489 | 4c24 6490 

  0x000001bbebb30630: ;   {runtime_call UncommonTrapBlob}
  0x000001bbebb30630: c5f8 77e8 

  0x000001bbebb30634: ; ImmutableOopMap {[40]=Oop [48]=Oop [64]=Oop [88]=Oop }
                      ;*if_icmpgt {reexecute=1 rethrow=0 return_oop=0}
                      ; - (reexecute) jdk.internal.util.Preconditions::checkFromToIndex@6
                      ; - java.lang.String::checkBoundsBeginEnd@6
                      ; - java.lang.String::substring@8
                      ; - java.lang.Class::getPackageName@62
                      ; - java.lang.ClassLoader::postDefineClass@2
                      ; - java.lang.ClassLoader::defineClass@37
  0x000001bbebb30634: 483d 5fff 

  0x000001bbebb30638: ;   {other}
  0x000001bbebb30638: 0f1f 8400 | 282b 0043 | ba45 ffff | ff44 8954 | 2420 4489 | 5424 244c | 8b54 2468 | 4c89 5424 
  0x000001bbebb30658: 304c 8944 | 2458 4489 | 4c24 6444 | 894c 2468 

  0x000001bbebb30668: ;   {runtime_call UncommonTrapBlob}
  0x000001bbebb30668: c5f8 77e8 

  0x000001bbebb3066c: ; ImmutableOopMap {[40]=Oop [48]=Oop [64]=Oop [88]=Oop }
                      ;*if_icmple {reexecute=1 rethrow=0 return_oop=0}
                      ; - (reexecute) jdk.internal.util.Preconditions::checkFromToIndex@11
                      ; - java.lang.String::checkBoundsBeginEnd@6
                      ; - java.lang.String::substring@8
                      ; - java.lang.Class::getPackageName@62
                      ; - java.lang.ClassLoader::postDefineClass@2
                      ; - java.lang.ClassLoader::defineClass@37
  0x000001bbebb3066c: 103d 5fff 

  0x000001bbebb30670: ;   {other}
  0x000001bbebb30670: 0f1f 8400 | 602b 0044 | 8b5c 2424 | 448b 5314 | 4585 d20f | 84f6 edff | ff4d 8b5f | 2849 8bca 
  0x000001bbebb30690: 4d85 db0f | 8463 0700 | 004d 8b57 | 384b 894c | 1af8 4983 | c3f8 4d89 | 5f28 e9d0 | edff ff4d 
  0x000001bbebb306b0: 8b57 484d | 8b5f 58f0 | 8344 24c0 | 0080 3900 | 7432 4488 | 214d 85d2 | 740f 4b89 | 4c13 f849 
  0x000001bbebb306d0: 83c2 f84d | 8957 48eb | 1b49 8bd7 | c5f8 7749 | ba00 a4ad | f4fa 7f00 | 0041 ffd2 

  0x000001bbebb306ec: ;   {other}
  0x000001bbebb306ec: 0f1f 8400 | 0000 0000 | 448b 5b14 | 4585 db0f | 843b 0700 | 0049 8bf3 | e9ab edff | ff49 8bd7 
  0x000001bbebb3070c: c5f8 7749 | ba20 a4ad | f4fa 7f00 | 0041 ffd2 

  0x000001bbebb3071c: ;   {other}
  0x000001bbebb3071c: 0f1f 8400 | 0000 0000 | e9e0 ddff | ff4d 63ca | e984 dcff | ff49 83c1 | fe49 8bc9 | 488b fa48 
  0x000001bbebb3073c: 33c0 4883 | f908 7f10 | 48ff c978 | 4f48 8904 | cf48 ffc9 | 7df7 eb44 | c5fd efc0 | e90d 0000 
  0x000001bbebb3075c: 00c5 fe7f | 07c5 fe7f | 4720 4883 | c740 4883 | e908 7ded | 4883 c104 | 7c0c c5fe | 7f07 4883 
  0x000001bbebb3077c: c720 4883 | e904 4883 | c104 7e10 | 48ff c9c5 | f9d6 0748 | 83c7 0848 | ffc9 7df3 | e9d1 dcff 
  0x000001bbebb3079c: ffba ccff | ffff 8be9 | 4489 5424 | 244c 8b54 | 2468 4c89 | 5424 3048 | 895c 2460 

  0x000001bbebb307b8: ;   {runtime_call UncommonTrapBlob}
  0x000001bbebb307b8: c5f8 77e8 

  0x000001bbebb307bc: ; ImmutableOopMap {rbp=NarrowOop [40]=Oop [48]=Oop [64]=Oop [96]=Oop }
                      ;*newarray {reexecute=1 rethrow=0 return_oop=0}
                      ; - (reexecute) java.util.Arrays::copyOfRangeByte@10
                      ; - java.util.Arrays::copyOfRange@13
                      ; - java.lang.StringLatin1::newString@16
                      ; - java.lang.String::substring@41
                      ; - java.lang.Class::getPackageName@62
                      ; - java.lang.ClassLoader::postDefineClass@2
                      ; - java.lang.ClassLoader::defineClass@37
  0x000001bbebb307bc: c03b 5fff 

  0x000001bbebb307c0: ;   {other}
  0x000001bbebb307c0: 0f1f 8400 | b02c 0045 | 8bfd 448b | 5514 4585 | d20f 84be | efff ff4d | 8b5f 2849 | 8bca 4d85 
  0x000001bbebb307e0: db0f 8435 | 0600 004d | 8b57 384b | 894c 1af8 | 4983 c3f8 | 4d89 5f28 | e998 efff | ff4d 8b57 
  0x000001bbebb30800: 484d 8b5f | 58f0 8344 | 24c0 0041 | 8038 0074 | 3545 8820 | 4d85 d274 | 0f4f 8944 | 13f8 4983 
  0x000001bbebb30820: c2f8 4d89 | 5748 eb1e | 498b c849 | 8bd7 c5f8 | 7749 ba00 | a4ad f4fa | 7f00 0041 

  0x000001bbebb3083c: ;   {other}
  0x000001bbebb3083c: ffd2 0f1f | 8400 0000 | 0000 448b | 5f14 4585 | db0f 8401 | 0600 004d | 8bd3 4c89 | 5424 40e9 
  0x000001bbebb3085c: 70ef ffff | ba45 ffff | ff48 8b5c | 2440 4889 | 5c24 384c | 8944 2440 | 4489 4c24 | 5048 894c 
  0x000001bbebb3087c: 2458 4489 | 5c24 5444 | 8954 2460 

  0x000001bbebb30888: ;   {runtime_call UncommonTrapBlob}
  0x000001bbebb30888: c5f8 77e8 

  0x000001bbebb3088c: ; ImmutableOopMap {rbp=NarrowOop [56]=Oop [64]=Oop [80]=NarrowOop [84]=NarrowOop [88]=Oop [104]=Oop }
                      ;*ifnull {reexecute=1 rethrow=0 return_oop=0}
                      ; - (reexecute) java.util.concurrent.ConcurrentHashMap::get@67
                      ; - java.lang.ClassLoader::getNamedPackage@5
                      ; - java.lang.ClassLoader::postDefineClass@9
                      ; - java.lang.ClassLoader::defineClass@37
  0x000001bbebb3088c: f03a 5fff 

  0x000001bbebb30890: ;   {other}
  0x000001bbebb30890: 0f1f 8400 | 802d 0046 | 4c89 5424 | 6089 4c24 | 4c48 8974 | 2458 4889 | 5c24 5044 | 8b5c 2420 
  0x000001bbebb308b0: 4489 5c24 | 484c 8b9c | 2488 0000 | 004c 895c | 2420 48ba | 0000 0080 | bb01 0000 | 4903 d045 
  0x000001bbebb308d0: 8bc1 6690 

  0x000001bbebb308d4: ;   {runtime_call _new_array_Java}
  0x000001bbebb308d4: c5f8 77e8 

  0x000001bbebb308d8: ; ImmutableOopMap {rbp=Oop [32]=Oop [40]=Oop [48]=Oop [64]=Oop [76]=NarrowOop [80]=Oop [88]=Oop [136]=Oop }
                      ;*invokevirtual clone {reexecute=1 rethrow=0 return_oop=1}
                      ; - (reexecute) java.security.CodeSource::getCertificates@11
                      ; - java.lang.ClassLoader::checkCerts@34
                      ; - java.lang.ClassLoader::preDefineClass@113
                      ; - java.lang.ClassLoader::defineClass@4
  0x000001bbebb308d8: 24b0 61ff 

  0x000001bbebb308dc: ;   {other}
  0x000001bbebb308dc: 0f1f 8400 | cc2d 0047 | 448b 4424 | 4844 8944 | 2420 488b | 5c24 5048 | 8b74 2458 | 8b4c 244c 
  0x000001bbebb308fc: 4c8b 5424 | 6048 8bf8 | e9f7 e8ff | ffba f6ff | ffff 4889 | 7c24 2090 

  0x000001bbebb30914: ;   {runtime_call UncommonTrapBlob}
  0x000001bbebb30914: c5f8 77e8 

  0x000001bbebb30918: ; ImmutableOopMap {[32]=Oop [48]=Oop }
                      ;*invokevirtual putIfAbsent {reexecute=0 rethrow=0 return_oop=0}
                      ; - java.lang.ClassLoader::getNamedPackage@32
                      ; - java.lang.ClassLoader::postDefineClass@9
                      ; - java.lang.ClassLoader::defineClass@37
  0x000001bbebb30918: 643a 5fff 

  0x000001bbebb3091c: ;   {other}
  0x000001bbebb3091c: 0f1f 8400 | 0c2e 0048 | 488b e8ba | 54ff ffff 

  0x000001bbebb3092c: ;   {runtime_call UncommonTrapBlob}
  0x000001bbebb3092c: c5f8 77e8 

  0x000001bbebb30930: ; ImmutableOopMap {rbp=Oop [36]=NarrowOop [40]=Oop [56]=Oop [64]=Oop [104]=Oop }
                      ;*ifnull {reexecute=1 rethrow=0 return_oop=0}
                      ; - (reexecute) java.lang.ClassLoader::getNamedPackage@42
                      ; - java.lang.ClassLoader::postDefineClass@9
                      ; - java.lang.ClassLoader::defineClass@37
  0x000001bbebb30930: 4c3a 5fff 

  0x000001bbebb30934: ;   {other}
  0x000001bbebb30934: 0f1f 8400 | 242e 0049 | 4c89 4c24 | 3889 5c24 | 304c 8944 | 2420 48ba | 0000 0080 | bb01 0000 
  0x000001bbebb30954: 4903 d244 | 8bc7 6690 

  0x000001bbebb3095c: ;   {runtime_call _new_array_Java}
  0x000001bbebb3095c: c5f8 77e8 

  0x000001bbebb30960: ; ImmutableOopMap {rbp=Oop [32]=Oop [48]=NarrowOop [104]=Oop }
                      ;*invokevirtual clone {reexecute=1 rethrow=0 return_oop=1}
                      ; - (reexecute) java.security.CodeSource::getCertificates@11
                      ; - java.lang.ClassLoader::postDefineClass@24
                      ; - java.lang.ClassLoader::defineClass@37
  0x000001bbebb30960: 9caf 61ff 

  0x000001bbebb30964: ;   {other}
  0x000001bbebb30964: 0f1f 8400 | 542e 004a | 8b5c 2430 | 4c8b 4c24 | 38e9 61ec | ffff ba45 | ffff ff4c | 8b5c 2440 
  0x000001bbebb30984: 4c89 5c24 | 384c 8944 | 2440 4489 | 4c24 5048 | 894c 2458 | 4889 7424 | 6044 8954 | 2454 6690 
  0x000001bbebb309a4: ;   {runtime_call UncommonTrapBlob}
  0x000001bbebb309a4: c5f8 77e8 

  0x000001bbebb309a8: ; ImmutableOopMap {rbp=NarrowOop [56]=Oop [64]=Oop [80]=NarrowOop [88]=Oop [96]=Oop [104]=Oop }
                      ;*ifnull {reexecute=1 rethrow=0 return_oop=0}
                      ; - (reexecute) java.util.concurrent.ConcurrentHashMap::get@143
                      ; - java.lang.ClassLoader::getNamedPackage@5
                      ; - java.lang.ClassLoader::postDefineClass@9
                      ; - java.lang.ClassLoader::defineClass@37
  0x000001bbebb309a8: d439 5fff 

  0x000001bbebb309ac: ;   {other}
  0x000001bbebb309ac: 0f1f 8400 | 9c2e 004b | ba45 ffff | ff44 8b54 | 2424 4489 | 5424 2044 | 8b54 2448 | 4489 5424 
  0x000001bbebb309cc: 2489 4424 | 4866 6690 

  0x000001bbebb309d4: ;   {runtime_call UncommonTrapBlob}
  0x000001bbebb309d4: c5f8 77e8 

  0x000001bbebb309d8: ; ImmutableOopMap {rbp=Oop [32]=NarrowOop [40]=Oop [56]=Oop [64]=Oop [80]=Oop }
                      ;*ifeq {reexecute=1 rethrow=0 return_oop=0}
                      ; - (reexecute) java.util.concurrent.ConcurrentHashMap::get@152
                      ; - java.lang.ClassLoader::getNamedPackage@5
                      ; - java.lang.ClassLoader::postDefineClass@9
                      ; - java.lang.ClassLoader::defineClass@37
  0x000001bbebb309d8: a439 5fff 

  0x000001bbebb309dc: ;   {other}
  0x000001bbebb309dc: 0f1f 8400 | cc2e 004c | 498b d7c5 | f877 49ba | 20a4 adf4 | fa7f 0000 

  0x000001bbebb309f4: ;   {other}
  0x000001bbebb309f4: 41ff d20f | 1f84 0000 | 0000 00e9 | 1de6 ffff | 498b d7c5 | f877 49ba | 20a4 adf4 | fa7f 0000 
  0x000001bbebb30a14: ;   {other}
  0x000001bbebb30a14: 41ff d20f | 1f84 0000 | 0000 00e9 | b7e5 ffff | 4889 7c24 | 6844 8944 | 2460 4889 | 7424 5844 
  0x000001bbebb30a34: 8974 244c | 4889 5c24 | 5044 8b54 | 2420 4489 | 5424 484c | 8b54 2428 | 4c89 5424 | 2048 8bac 
  0x000001bbebb30a54: 2488 0000 

  0x000001bbebb30a58: ;   {metadata('java/util/ArrayList')}
  0x000001bbebb30a58: 0048 bad0 | 890b 80bb | 0100 0090 

  0x000001bbebb30a64: ;   {runtime_call _new_instance_Java}
  0x000001bbebb30a64: c5f8 77e8 

  0x000001bbebb30a68: ; ImmutableOopMap {rbp=Oop [32]=Oop [48]=Oop [64]=Oop [76]=NarrowOop [80]=Oop [88]=Oop [96]=NarrowOop [104]=Oop [136]=Oop }
                      ;*new {reexecute=0 rethrow=0 return_oop=1}
                      ; - java.security.CodeSource::getCertificates@25
                      ; - java.lang.ClassLoader::checkCerts@34
                      ; - java.lang.ClassLoader::preDefineClass@113
                      ; - java.lang.ClassLoader::defineClass@4
  0x000001bbebb30a68: 94b1 61ff 

  0x000001bbebb30a6c: ;   {other}
  0x000001bbebb30a6c: 0f1f 8400 | 5c2f 004d | 4c8b 5424 | 204c 8954 | 2428 448b | 5c24 4844 | 895c 2420 | 488b 5c24 
  0x000001bbebb30a8c: 5044 8b74 | 244c 488b | 7424 5844 | 8b44 2460 | 488b 7c24 | 68e9 e4e7 | ffff 4889 | 4c24 7048 
  0x000001bbebb30aac: 897c 2468 | 4889 7424 | 604c 895c | 2458 4c89 | 5424 5044 | 8974 2424 | 4889 5c24 | 4848 8bac 
  0x000001bbebb30acc: 2488 0000 

  0x000001bbebb30ad0: ;   {metadata('java/security/cert/Certificate'[])}
  0x000001bbebb30ad0: 0048 ba20 | 2910 80bb | 0100 0044 | 8b44 2420 

  0x000001bbebb30ae0: ;   {runtime_call _new_array_Java}
  0x000001bbebb30ae0: c5f8 77e8 

  0x000001bbebb30ae4: ; ImmutableOopMap {rbp=Oop [36]=NarrowOop [40]=Oop [48]=Oop [64]=Oop [72]=Oop [80]=Oop [96]=Oop [104]=Oop [112]=Oop [136]=Oop }
                      ;*anewarray {reexecute=0 rethrow=0 return_oop=1}
                      ; - java.security.CodeSource::getCertificates@70
                      ; - java.lang.ClassLoader::checkCerts@34
                      ; - java.lang.ClassLoader::preDefineClass@113
                      ; - java.lang.ClassLoader::defineClass@4
  0x000001bbebb30ae4: 18ae 61ff 

  0x000001bbebb30ae8: ;   {other}
  0x000001bbebb30ae8: 0f1f 8400 | d82f 004e | e94f e9ff | ff4c 8954 | 2470 4889 | 7424 6848 | ba00 0000 | 80bb 0100 
  0x000001bbebb30b08: 0049 03d3 

  0x000001bbebb30b0c: ;   {runtime_call _new_array_Java}
  0x000001bbebb30b0c: c5f8 77e8 

  0x000001bbebb30b10: ; ImmutableOopMap {rbp=Oop [40]=Oop [48]=Oop [64]=Oop [72]=Oop [80]=Oop [96]=Oop [104]=Oop }
                      ;*invokevirtual clone {reexecute=1 rethrow=0 return_oop=1}
                      ; - (reexecute) java.security.CodeSource::getCertificates@86
                      ; - java.lang.ClassLoader::checkCerts@34
                      ; - java.lang.ClassLoader::preDefineClass@113
                      ; - java.lang.ClassLoader::defineClass@4
  0x000001bbebb30b10: ecad 61ff 

  0x000001bbebb30b14: ;   {other}
  0x000001bbebb30b14: 0f1f 8400 | 0430 004f | 488b 7424 | 684c 8b54 | 2470 488b | f8e9 efe9 | ffff 4889 | 7c24 3844 
  0x000001bbebb30b34: 894c 2430 | 894c 2424 

  0x000001bbebb30b3c: ;   {metadata('java/util/ArrayList')}
  0x000001bbebb30b3c: 498b e848 | bad0 890b | 80bb 0100 | 0066 6690 

  0x000001bbebb30b4c: ;   {runtime_call _new_instance_Java}
  0x000001bbebb30b4c: c5f8 77e8 

  0x000001bbebb30b50: ; ImmutableOopMap {rbp=Oop [36]=NarrowOop [48]=NarrowOop [56]=Oop [104]=Oop }
                      ;*new {reexecute=0 rethrow=0 return_oop=1}
                      ; - java.security.CodeSource::getCertificates@25
                      ; - java.lang.ClassLoader::postDefineClass@24
                      ; - java.lang.ClassLoader::defineClass@37
  0x000001bbebb30b50: acb0 61ff 

  0x000001bbebb30b54: ;   {other}
  0x000001bbebb30b54: 0f1f 8400 | 4430 0050 | 4c8b c58b | 4c24 2444 | 8b4c 2430 | 488b 7c24 | 38e9 e2ea | ffff 4889 
  0x000001bbebb30b74: 5c24 4048 | 897c 2438 | 8be9 4c8b | 5424 684c | 8954 2430 | 4c89 4424 

  0x000001bbebb30b8c: ;   {metadata('java/security/cert/Certificate'[])}
  0x000001bbebb30b8c: 2848 ba20 | 2910 80bb | 0100 0044 | 8b44 2420 

  0x000001bbebb30b9c: ;   {runtime_call _new_array_Java}
  0x000001bbebb30b9c: c5f8 77e8 

  0x000001bbebb30ba0: ; ImmutableOopMap {rbp=NarrowOop [40]=Oop [48]=Oop [56]=Oop [64]=Oop [104]=Oop }
                      ;*anewarray {reexecute=0 rethrow=0 return_oop=1}
                      ; - java.security.CodeSource::getCertificates@70
                      ; - java.lang.ClassLoader::postDefineClass@24
                      ; - java.lang.ClassLoader::defineClass@37
  0x000001bbebb30ba0: 5cad 61ff 

  0x000001bbebb30ba4: ;   {other}
  0x000001bbebb30ba4: 0f1f 8400 | 9430 0051 | e9aa ebff | ff48 ba00 | 0000 80bb | 0100 0049 | 03d2 6690 

  0x000001bbebb30bc0: ;   {runtime_call _new_array_Java}
  0x000001bbebb30bc0: c5f8 77e8 

  0x000001bbebb30bc4: ; ImmutableOopMap {[40]=Oop [48]=Oop [64]=Oop }
                      ;*invokevirtual clone {reexecute=1 rethrow=0 return_oop=1}
                      ; - (reexecute) java.security.CodeSource::getCertificates@86
                      ; - java.lang.ClassLoader::postDefineClass@24
                      ; - java.lang.ClassLoader::defineClass@37
  0x000001bbebb30bc4: 38ad 61ff 

  0x000001bbebb30bc8: ;   {other}
  0x000001bbebb30bc8: 0f1f 8400 | b830 0052 | e96c ecff | ffba 76ff | ffff 488b | 6c24 284c | 8b5c 2430 | 4c89 5c24 
  0x000001bbebb30be8: 2844 8b44 | 2438 4489 | 4424 3044 | 8b5c 243c | 4489 5c24 | 344c 8b5c | 2440 4c89 | 5c24 3848 
  0x000001bbebb30c08: 897c 2458 | 4489 5424 | 6089 5c24 | 6489 7424 | 6848 894c | 2470 4489 | 4c24 7890 

  0x000001bbebb30c24: ;   {runtime_call UncommonTrapBlob}
  0x000001bbebb30c24: c5f8 77e8 

  0x000001bbebb30c28: ; ImmutableOopMap {rbp=Oop [40]=Oop [56]=Oop [88]=Oop [104]=NarrowOop [112]=Oop [136]=Oop }
                      ;*if_icmpge {reexecute=1 rethrow=0 return_oop=0}
                      ; - (reexecute) java.lang.ClassLoader::compareCerts@67
                      ; - java.lang.ClassLoader::checkCerts@80
                      ; - java.lang.ClassLoader::preDefineClass@113
                      ; - java.lang.ClassLoader::defineClass@4
  0x000001bbebb30c28: 5437 5fff 

  0x000001bbebb30c2c: ;   {other}
  0x000001bbebb30c2c: 0f1f 8400 | 1c31 0053 | ba76 ffff | ff48 8b6c | 2428 4c8b | 4424 304c | 8944 2428 | 448b 4424 
  0x000001bbebb30c4c: 3844 8944 | 2430 8b4c | 243c 894c | 2434 4c8b | 4424 404c | 8944 2438 | 4c8b 4424 | 704c 8954 
  0x000001bbebb30c6c: 2450 4489 | 5c24 5c44 | 894c 2460 | 4c89 4424 | 6844 8b9c | 24a0 0000 | 0045 8bd3 | 4489 5424 
  0x000001bbebb30c8c: 7066 6690 

  0x000001bbebb30c90: ;   {runtime_call UncommonTrapBlob}
  0x000001bbebb30c90: c5f8 77e8 

  0x000001bbebb30c94: ; ImmutableOopMap {rbp=Oop [40]=Oop [56]=Oop [80]=Oop [96]=NarrowOop [104]=Oop [136]=Oop }
                      ;*if_icmpge {reexecute=1 rethrow=0 return_oop=0}
                      ; - (reexecute) java.lang.ClassLoader::compareCerts@152
                      ; - java.lang.ClassLoader::checkCerts@80
                      ; - java.lang.ClassLoader::preDefineClass@113
                      ; - java.lang.ClassLoader::defineClass@4
  0x000001bbebb30c94: e836 5fff 

  0x000001bbebb30c98: ;   {other}
  0x000001bbebb30c98: 0f1f 8400 | 8831 0054 | bae4 ffff | ff48 8b6c | 2428 4c8b | 5424 304c | 8954 2428 | 448b 5424 
  0x000001bbebb30cb8: 3844 8954 | 2430 448b | 5c24 3c44 | 895c 2434 | 4c8b 5424 | 404c 8954 | 2438 4889 | 5c24 4048 
  0x000001bbebb30cd8: 8974 2450 | 4489 7424 | 5848 894c | 2468 4489 | 4424 7044 | 894c 2474 

  0x000001bbebb30cf0: ;   {runtime_call UncommonTrapBlob}
  0x000001bbebb30cf0: c5f8 77e8 

  0x000001bbebb30cf4: ; ImmutableOopMap {rbp=Oop [40]=Oop [56]=Oop [64]=Oop [80]=Oop [88]=NarrowOop [104]=Oop [112]=NarrowOop [136]=Oop }
                      ;*aaload {reexecute=0 rethrow=0 return_oop=0}
                      ; - java.security.CodeSource::getCertificates@50
                      ; - java.lang.ClassLoader::checkCerts@34
                      ; - java.lang.ClassLoader::preDefineClass@113
                      ; - java.lang.ClassLoader::defineClass@4
  0x000001bbebb30cf4: 8836 5fff 

  0x000001bbebb30cf8: ;   {other}
  0x000001bbebb30cf8: 0f1f 8400 | e831 0055 | ba37 0100 | 0048 8be9 | 4c8b 9424 | 8800 0000 | 4c89 5424 | 204c 8b54 
  0x000001bbebb30d18: 2430 4c89 | 5424 2844 | 8b5c 2438 | 4489 5c24 | 3089 7424 | 3466 6690 

  0x000001bbebb30d30: ;   {runtime_call UncommonTrapBlob}
  0x000001bbebb30d30: c5f8 77e8 

  0x000001bbebb30d34: ; ImmutableOopMap {rbp=Oop [32]=Oop [40]=Oop }
                      ;*new {reexecute=0 rethrow=0 return_oop=0}
                      ; - java.lang.ClassLoader::preDefineClass@56
                      ; - java.lang.ClassLoader::defineClass@4
  0x000001bbebb30d34: 4836 5fff 

  0x000001bbebb30d38: ;   {other}
  0x000001bbebb30d38: 0f1f 8400 | 2832 0056 | bac6 ffff | ff48 8b5c | 2440 4889 | 5c24 304c | 8944 2438 | 4489 4c24 
  0x000001bbebb30d58: 4844 895c | 244c 4489 | 5424 5048 | 894c 2458 

  0x000001bbebb30d68: ;   {runtime_call UncommonTrapBlob}
  0x000001bbebb30d68: c5f8 77e8 

  0x000001bbebb30d6c: ; ImmutableOopMap {[48]=Oop [56]=Oop [72]=NarrowOop [76]=NarrowOop [88]=Oop [104]=Oop }
                      ;*invokevirtual find {reexecute=0 rethrow=0 return_oop=0}
                      ; - java.util.concurrent.ConcurrentHashMap::get@93
                      ; - java.lang.ClassLoader::getNamedPackage@5
                      ; - java.lang.ClassLoader::postDefineClass@9
                      ; - java.lang.ClassLoader::defineClass@37
  0x000001bbebb30d6c: 1036 5fff 

  0x000001bbebb30d70: ;   {other}
  0x000001bbebb30d70: 0f1f 8400 | 6032 0057 | bae4 ffff | ff4c 8944 | 2420 894c | 2430 4889 | 5c24 4044 | 894c 2448 
  0x000001bbebb30d90: 4489 5c24 | 4c66 6690 

  0x000001bbebb30d98: ;   {runtime_call UncommonTrapBlob}
  0x000001bbebb30d98: c5f8 77e8 

  0x000001bbebb30d9c: ; ImmutableOopMap {[32]=Oop [48]=NarrowOop [64]=Oop [72]=NarrowOop [104]=Oop }
                      ;*aaload {reexecute=0 rethrow=0 return_oop=0}
                      ; - java.security.CodeSource::getCertificates@50
                      ; - java.lang.ClassLoader::postDefineClass@24
                      ; - java.lang.ClassLoader::defineClass@37
  0x000001bbebb30d9c: e035 5fff 

  0x000001bbebb30da0: ;   {other}
  0x000001bbebb30da0: 0f1f 8400 | 9032 0058 | ba76 ffff | ff48 8b6c | 2428 4c8b | 5c24 304c | 895c 2428 | 448b 5c24 
  0x000001bbebb30dc0: 3844 895c | 2430 448b | 5c24 3c44 | 895c 2434 | 4c8b 5c24 | 404c 895c | 2438 4889 | 4c24 4848 
  0x000001bbebb30de0: 897c 2458 | 4489 5424 | 6466 6690 

  0x000001bbebb30dec: ;   {runtime_call UncommonTrapBlob}
  0x000001bbebb30dec: c5f8 77e8 

  0x000001bbebb30df0: ; ImmutableOopMap {rbp=Oop [40]=Oop [56]=Oop [72]=Oop [88]=Oop [136]=Oop }
                      ;*if_icmpge {reexecute=1 rethrow=0 return_oop=0}
                      ; - (reexecute) java.lang.ClassLoader::compareCerts@40
                      ; - java.lang.ClassLoader::checkCerts@80
                      ; - java.lang.ClassLoader::preDefineClass@113
                      ; - java.lang.ClassLoader::defineClass@4
  0x000001bbebb30df0: 8c35 5fff 

  0x000001bbebb30df4: ;   {other}
  0x000001bbebb30df4: 0f1f 8400 | e432 0059 | 498b d7c5 | f877 49ba | 20a4 adf4 | fa7f 0000 

  0x000001bbebb30e0c: ;   {other}
  0x000001bbebb30e0c: 41ff d20f | 1f84 0000 | 0000 00e9 | 63e6 ffff | 498b d7c5 | f877 49ba | 20a4 adf4 | fa7f 0000 
  0x000001bbebb30e2c: ;   {other}
  0x000001bbebb30e2c: 41ff d20f | 1f84 0000 | 0000 00e9 | 59e9 ffff | baf6 ffff | ff66 6690 

  0x000001bbebb30e44: ;   {runtime_call UncommonTrapBlob}
  0x000001bbebb30e44: c5f8 77e8 

  0x000001bbebb30e48: ; ImmutableOopMap {}
                      ;*invokevirtual clone {reexecute=1 rethrow=0 return_oop=0}
                      ; - (reexecute) java.security.CodeSource::getCertificates@86
                      ; - java.lang.ClassLoader::checkCerts@34
                      ; - java.lang.ClassLoader::preDefineClass@113
                      ; - java.lang.ClassLoader::defineClass@4
  0x000001bbebb30e48: 3435 5fff 

  0x000001bbebb30e4c: ;   {other}
  0x000001bbebb30e4c: 0f1f 8400 | 3c33 005a | baf6 ffff | ff66 6690 

  0x000001bbebb30e5c: ;   {runtime_call UncommonTrapBlob}
  0x000001bbebb30e5c: c5f8 77e8 

  0x000001bbebb30e60: ; ImmutableOopMap {}
                      ;*invokevirtual clone {reexecute=1 rethrow=0 return_oop=0}
                      ; - (reexecute) java.security.CodeSource::getCertificates@86
                      ; - java.lang.ClassLoader::postDefineClass@24
                      ; - java.lang.ClassLoader::defineClass@37
  0x000001bbebb30e60: 1c35 5fff 

  0x000001bbebb30e64: ;   {other}
  0x000001bbebb30e64: 0f1f 8400 | 5433 005b | bade ffff | ff48 8b6c | 2428 4c8b | 5424 304c | 8954 2428 | 448b 5c24 
  0x000001bbebb30e84: 3844 895c | 2430 448b | 5424 3c44 | 8954 2434 | 4c8b 5424 | 404c 8954 | 2438 4c8b | 5424 484c 
  0x000001bbebb30ea4: 8954 2440 | 4889 4424 | 5866 6690 

  0x000001bbebb30eb0: ;   {runtime_call UncommonTrapBlob}
  0x000001bbebb30eb0: c5f8 77e8 

  0x000001bbebb30eb4: ; ImmutableOopMap {rbp=Oop [40]=Oop [56]=Oop [64]=Oop [88]=Oop [96]=Oop [136]=Oop }
                      ;*checkcast {reexecute=0 rethrow=0 return_oop=0}
                      ; - java.lang.ClassLoader::checkCerts@65
                      ; - java.lang.ClassLoader::preDefineClass@113
                      ; - java.lang.ClassLoader::defineClass@4
  0x000001bbebb30eb4: c834 5fff 

  0x000001bbebb30eb8: ;   {other}
  0x000001bbebb30eb8: 0f1f 8400 | a833 005c | bade ffff | ff48 8944 | 2440 6690 

  0x000001bbebb30ecc: ;   {runtime_call UncommonTrapBlob}
  0x000001bbebb30ecc: c5f8 77e8 

  0x000001bbebb30ed0: ; ImmutableOopMap {rbp=NarrowOop [40]=Oop [48]=Oop [64]=Oop }
                      ;*checkcast {reexecute=0 rethrow=0 return_oop=0}
                      ; - java.security.CodeSource::getCertificates@76
                      ; - java.lang.ClassLoader::postDefineClass@24
                      ; - java.lang.ClassLoader::defineClass@37
  0x000001bbebb30ed0: ac34 5fff 

  0x000001bbebb30ed4: ;   {other}
  0x000001bbebb30ed4: 0f1f 8400 | c433 005d | bade ffff | ff44 8b5c | 2438 4489 | 5c24 2044 | 8b54 243c | 4489 5424 
  0x000001bbebb30ef4: 384c 8b54 | 2460 4c89 | 5424 5848 | 8944 2460 

  0x000001bbebb30f04: ;   {runtime_call UncommonTrapBlob}
  0x000001bbebb30f04: c5f8 77e8 

  0x000001bbebb30f08: ; ImmutableOopMap {rbp=Oop [36]=NarrowOop [40]=Oop [48]=Oop [64]=Oop [72]=Oop [88]=Oop [96]=Oop }
                      ;*checkcast {reexecute=0 rethrow=0 return_oop=0}
                      ; - java.security.CodeSource::getCertificates@76
                      ; - java.lang.ClassLoader::checkCerts@34
                      ; - java.lang.ClassLoader::preDefineClass@113
                      ; - java.lang.ClassLoader::defineClass@4
  0x000001bbebb30f08: 7434 5fff 

  0x000001bbebb30f0c: ;   {other}
  0x000001bbebb30f0c: 0f1f 8400 | fc33 005e | baf6 ffff | ff66 6690 

  0x000001bbebb30f1c: ;   {runtime_call UncommonTrapBlob}
  0x000001bbebb30f1c: c5f8 77e8 

  0x000001bbebb30f20: ; ImmutableOopMap {}
                      ;*arraylength {reexecute=0 rethrow=0 return_oop=0}
                      ; - java.lang.String::isEmpty@4
                      ; - java.lang.ClassLoader::checkName@5
                      ; - java.lang.ClassLoader::preDefineClass@1
                      ; - java.lang.ClassLoader::defineClass@4
  0x000001bbebb30f20: 5c34 5fff 

  0x000001bbebb30f24: ;   {other}
  0x000001bbebb30f24: 0f1f 8400 | 1434 005f | baf6 ffff | ff66 6690 

  0x000001bbebb30f34: ;   {runtime_call UncommonTrapBlob}
  0x000001bbebb30f34: c5f8 77e8 

  0x000001bbebb30f38: ; ImmutableOopMap {}
                      ;*invokevirtual getPackageName {reexecute=0 rethrow=0 return_oop=0}
                      ; - java.lang.ClassLoader::postDefineClass@2
                      ; - java.lang.ClassLoader::defineClass@37
  0x000001bbebb30f38: 4434 5fff 

  0x000001bbebb30f3c: ;   {other}
  0x000001bbebb30f3c: 0f1f 8400 | 2c34 0060 | baf6 ffff | ff66 6690 

  0x000001bbebb30f4c: ;   {runtime_call UncommonTrapBlob}
  0x000001bbebb30f4c: c5f8 77e8 

  0x000001bbebb30f50: ; ImmutableOopMap {}
                      ;*invokevirtual hashCode {reexecute=0 rethrow=0 return_oop=0}
                      ; - java.util.concurrent.ConcurrentHashMap::get@1
                      ; - java.lang.ClassLoader::getNamedPackage@5
                      ; - java.lang.ClassLoader::postDefineClass@9
                      ; - java.lang.ClassLoader::defineClass@37
  0x000001bbebb30f50: 2c34 5fff 

  0x000001bbebb30f54: ;   {other}
  0x000001bbebb30f54: 0f1f 8400 | 4434 0061 | ba45 ffff | ff48 8b6c | 2428 4c89 | 4424 484c | 8944 2450 

  0x000001bbebb30f70: ;   {runtime_call UncommonTrapBlob}
  0x000001bbebb30f70: c5f8 77e8 

  0x000001bbebb30f74: ; ImmutableOopMap {rbp=Oop [48]=Oop [64]=Oop [72]=Oop [80]=Oop }
                      ;*ifnull {reexecute=1 rethrow=0 return_oop=0}
                      ; - (reexecute) java.lang.ClassLoader::checkName@1
                      ; - java.lang.ClassLoader::preDefineClass@1
                      ; - java.lang.ClassLoader::defineClass@4
  0x000001bbebb30f74: 0834 5fff 

  0x000001bbebb30f78: ;   {other}
  0x000001bbebb30f78: 0f1f 8400 | 6834 0062 | ba45 ffff | ff48 8b6c | 2428 4c8b | 9424 8800 | 0000 4c89 | 5424 204c 
  0x000001bbebb30f98: 8b54 2430 | 4c89 5424 | 2844 8b54 | 2438 4489 | 5424 3089 | 7424 3448 | 895c 2438 

  0x000001bbebb30fb4: ;   {runtime_call UncommonTrapBlob}
  0x000001bbebb30fb4: c5f8 77e8 

  0x000001bbebb30fb8: ; ImmutableOopMap {rbp=Oop [32]=Oop [40]=Oop [56]=Oop [64]=Oop }
                      ;*ifnonnull {reexecute=1 rethrow=0 return_oop=0}
                      ; - (reexecute) java.lang.ClassLoader::preDefineClass@95
                      ; - java.lang.ClassLoader::defineClass@4
  0x000001bbebb30fb8: c433 5fff 

  0x000001bbebb30fbc: ;   {other}
  0x000001bbebb30fbc: 0f1f 8400 | ac34 0063 | ba45 ffff | ff48 8b6c | 2428 4c8b | 9424 8800 | 0000 4c89 | 5424 204c 
  0x000001bbebb30fdc: 8b54 2430 | 4c89 5424 | 2844 8b54 | 2438 4489 | 5424 3044 | 8b5c 243c | 4489 5c24 | 344c 8b54 
  0x000001bbebb30ffc: 2440 4c89 | 5424 3848 | 895c 2440 | 4889 7424 | 5844 8974 | 2454 6690 

  0x000001bbebb31014: ;   {runtime_call UncommonTrapBlob}
  0x000001bbebb31014: c5f8 77e8 

  0x000001bbebb31018: ; ImmutableOopMap {rbp=Oop [32]=Oop [40]=Oop [56]=Oop [64]=Oop [84]=NarrowOop [88]=Oop }
                      ;*ifnull {reexecute=1 rethrow=0 return_oop=0}
                      ; - (reexecute) java.lang.ClassLoader::checkCerts@30
                      ; - java.lang.ClassLoader::preDefineClass@113
                      ; - java.lang.ClassLoader::defineClass@4
  0x000001bbebb31018: 6433 5fff 

  0x000001bbebb3101c: ;   {other}
  0x000001bbebb3101c: 0f1f 8400 | 0c35 0064 | ba45 ffff | ff48 8b6c | 2428 4c8b | 4424 304c | 8944 2428 | 448b 4424 
  0x000001bbebb3103c: 3844 8944 | 2430 448b | 4c24 3c44 | 894c 2434 | 4c89 5424 | 3844 895c | 2444 6690 

  0x000001bbebb31058: ;   {runtime_call UncommonTrapBlob}
  0x000001bbebb31058: c5f8 77e8 

  0x000001bbebb3105c: ; ImmutableOopMap {rbp=Oop [40]=Oop [56]=Oop [68]=NarrowOop [136]=Oop }
                      ;*ifnull {reexecute=1 rethrow=0 return_oop=0}
                      ; - (reexecute) java.lang.ClassLoader::defineClassSourceLocation@8
                      ; - java.lang.ClassLoader::defineClass@12
  0x000001bbebb3105c: 2033 5fff 

  0x000001bbebb31060: ;   {other}
  0x000001bbebb31060: 0f1f 8400 | 5035 0065 | ba45 ffff | ff4c 8b5c | 2428 4c89 | 5c24 2090 

  0x000001bbebb31078: ;   {runtime_call UncommonTrapBlob}
  0x000001bbebb31078: c5f8 77e8 

  0x000001bbebb3107c: ; ImmutableOopMap {rbp=NarrowOop [32]=Oop [48]=Oop [64]=Oop [136]=Oop }
                      ;*ifnull {reexecute=1 rethrow=0 return_oop=0}
                      ; - (reexecute) java.lang.ClassLoader::defineClassSourceLocation@15
                      ; - java.lang.ClassLoader::defineClass@12
  0x000001bbebb3107c: 0033 5fff 

  0x000001bbebb31080: ;   {other}
  0x000001bbebb31080: 0f1f 8400 | 7035 0066 | 4d85 d244 | 8b5c 2420 | 410f 94c3 | ba45 ffff | ff48 8944 | 2430 4c8b 
  0x000001bbebb310a0: 5424 404c | 8954 2438 | 4889 4424 | 4044 895c | 2448 6690 

  0x000001bbebb310b4: ;   {runtime_call UncommonTrapBlob}
  0x000001bbebb310b4: c5f8 77e8 

  0x000001bbebb310b8: ; ImmutableOopMap {[40]=Oop [48]=Oop [56]=Oop [64]=Oop }
                      ;*ifeq {reexecute=1 rethrow=0 return_oop=0}
                      ; - (reexecute) java.lang.Class::getPackageName@29
                      ; - java.lang.ClassLoader::postDefineClass@2
                      ; - java.lang.ClassLoader::defineClass@37
  0x000001bbebb310b8: c432 5fff 

  0x000001bbebb310bc: ;   {other}
  0x000001bbebb310bc: 0f1f 8400 | ac35 0067 | baf6 ffff | ff66 6690 

  0x000001bbebb310cc: ;   {runtime_call UncommonTrapBlob}
  0x000001bbebb310cc: c5f8 77e8 

  0x000001bbebb310d0: ; ImmutableOopMap {}
                      ;*arraylength {reexecute=0 rethrow=0 return_oop=0}
                      ; - java.lang.String::length@4
                      ; - java.lang.String::lastIndexOf@3
                      ; - java.lang.Class::getPackageName@47
                      ; - java.lang.ClassLoader::postDefineClass@2
                      ; - java.lang.ClassLoader::defineClass@37
  0x000001bbebb310d0: ac32 5fff 

  0x000001bbebb310d4: ;   {other}
  0x000001bbebb310d4: 0f1f 8400 | c435 0068 | ba45 ffff | ff89 4c24 | 2066 6690 

  0x000001bbebb310e8: ;   {runtime_call UncommonTrapBlob}
  0x000001bbebb310e8: c5f8 77e8 

  0x000001bbebb310ec: ; ImmutableOopMap {[32]=NarrowOop [104]=Oop }
                      ;*ifnull {reexecute=1 rethrow=0 return_oop=0}
                      ; - (reexecute) java.lang.ClassLoader::postDefineClass@17
                      ; - java.lang.ClassLoader::defineClass@37
  0x000001bbebb310ec: 9032 5fff 

  0x000001bbebb310f0: ;   {other}
  0x000001bbebb310f0: 0f1f 8400 | e035 0069 | baf6 ffff | ff41 8be9 

  0x000001bbebb31100: ;   {runtime_call UncommonTrapBlob}
  0x000001bbebb31100: c5f8 77e8 

  0x000001bbebb31104: ; ImmutableOopMap {}
                      ;*aaload {reexecute=0 rethrow=0 return_oop=0}
                      ; - java.security.CodeSource::getCertificates@50
                      ; - java.lang.ClassLoader::checkCerts@34
                      ; - java.lang.ClassLoader::preDefineClass@113
                      ; - java.lang.ClassLoader::defineClass@4
  0x000001bbebb31104: 7832 5fff 

  0x000001bbebb31108: ;   {other}
  0x000001bbebb31108: 0f1f 8400 | f835 006a | baf6 ffff | ff66 6690 

  0x000001bbebb31118: ;   {runtime_call UncommonTrapBlob}
  0x000001bbebb31118: c5f8 77e8 

  0x000001bbebb3111c: ; ImmutableOopMap {}
                      ;*invokevirtual getSignerCertPath {reexecute=0 rethrow=0 return_oop=0}
                      ; - java.security.CodeSource::getCertificates@51
                      ; - java.lang.ClassLoader::checkCerts@34
                      ; - java.lang.ClassLoader::preDefineClass@113
                      ; - java.lang.ClassLoader::defineClass@4
  0x000001bbebb3111c: 6032 5fff 

  0x000001bbebb31120: ;   {other}
  0x000001bbebb31120: 0f1f 8400 | 1036 006b | baf6 ffff | ff66 6690 

  0x000001bbebb31130: ;   {runtime_call UncommonTrapBlob}
  0x000001bbebb31130: c5f8 77e8 

  0x000001bbebb31134: ; ImmutableOopMap {}
                      ;*invokevirtual getCertificates {reexecute=0 rethrow=0 return_oop=0}
                      ; - java.security.CodeSource::getCertificates@54
                      ; - java.lang.ClassLoader::checkCerts@34
                      ; - java.lang.ClassLoader::preDefineClass@113
                      ; - java.lang.ClassLoader::defineClass@4
  0x000001bbebb31134: 4832 5fff 

  0x000001bbebb31138: ;   {other}
  0x000001bbebb31138: 0f1f 8400 | 2836 006c | baf6 ffff | ff66 6690 

  0x000001bbebb31148: ;   {runtime_call UncommonTrapBlob}
  0x000001bbebb31148: c5f8 77e8 

  0x000001bbebb3114c: ; ImmutableOopMap {}
                      ;*arraylength {reexecute=0 rethrow=0 return_oop=0}
                      ; - java.security.CodeSource::getCertificates@40
                      ; - java.lang.ClassLoader::checkCerts@34
                      ; - java.lang.ClassLoader::preDefineClass@113
                      ; - java.lang.ClassLoader::defineClass@4
  0x000001bbebb3114c: 3032 5fff 

  0x000001bbebb31150: ;   {other}
  0x000001bbebb31150: 0f1f 8400 | 4036 006d | baf6 ffff | ff41 8beb 

  0x000001bbebb31160: ;   {runtime_call UncommonTrapBlob}
  0x000001bbebb31160: c5f8 77e8 

  0x000001bbebb31164: ; ImmutableOopMap {}
                      ;*aaload {reexecute=0 rethrow=0 return_oop=0}
                      ; - java.security.CodeSource::getCertificates@50
                      ; - java.lang.ClassLoader::postDefineClass@24
                      ; - java.lang.ClassLoader::defineClass@37
  0x000001bbebb31164: 1832 5fff 

  0x000001bbebb31168: ;   {other}
  0x000001bbebb31168: 0f1f 8400 | 5836 006e | baf6 ffff | ff66 6690 

  0x000001bbebb31178: ;   {runtime_call UncommonTrapBlob}
  0x000001bbebb31178: c5f8 77e8 

  0x000001bbebb3117c: ; ImmutableOopMap {}
                      ;*invokevirtual getSignerCertPath {reexecute=0 rethrow=0 return_oop=0}
                      ; - java.security.CodeSource::getCertificates@51
                      ; - java.lang.ClassLoader::postDefineClass@24
                      ; - java.lang.ClassLoader::defineClass@37
  0x000001bbebb3117c: 0032 5fff 

  0x000001bbebb31180: ;   {other}
  0x000001bbebb31180: 0f1f 8400 | 7036 006f | baf6 ffff | ff66 6690 

  0x000001bbebb31190: ;   {runtime_call UncommonTrapBlob}
  0x000001bbebb31190: c5f8 77e8 

  0x000001bbebb31194: ; ImmutableOopMap {}
                      ;*invokevirtual getCertificates {reexecute=0 rethrow=0 return_oop=0}
                      ; - java.security.CodeSource::getCertificates@54
                      ; - java.lang.ClassLoader::postDefineClass@24
                      ; - java.lang.ClassLoader::defineClass@37
  0x000001bbebb31194: e831 5fff 

  0x000001bbebb31198: ;   {other}
  0x000001bbebb31198: 0f1f 8400 | 8836 0070 | baf6 ffff | ff66 6690 

  0x000001bbebb311a8: ;   {runtime_call UncommonTrapBlob}
  0x000001bbebb311a8: c5f8 77e8 

  0x000001bbebb311ac: ; ImmutableOopMap {}
                      ;*arraylength {reexecute=0 rethrow=0 return_oop=0}
                      ; - java.security.CodeSource::getCertificates@40
                      ; - java.lang.ClassLoader::postDefineClass@24
                      ; - java.lang.ClassLoader::defineClass@37
  0x000001bbebb311ac: d031 5fff 

  0x000001bbebb311b0: ;   {other}
  0x000001bbebb311b0: 0f1f 8400 | a036 0071 | ba97 ffff | ff4c 8b54 | 2460 4c89 | 5424 5090 

  0x000001bbebb311c8: ;   {runtime_call UncommonTrapBlob}
  0x000001bbebb311c8: c5f8 77e8 

  0x000001bbebb311cc: ; ImmutableOopMap {rbp=NarrowOop [32]=Oop [40]=Oop [48]=Oop [64]=Oop [76]=NarrowOop [80]=Oop [104]=Oop }
                      ;*invokevirtual clone {reexecute=1 rethrow=0 return_oop=0}
                      ; - (reexecute) java.util.Arrays::copyOfRange@18
                      ; - java.lang.StringLatin1::newString@16
                      ; - java.lang.String::substring@41
                      ; - java.lang.ClassLoader::checkCerts@21
                      ; - java.lang.ClassLoader::preDefineClass@113
                      ; - java.lang.ClassLoader::defineClass@4
  0x000001bbebb311cc: b031 5fff 

  0x000001bbebb311d0: ;   {other}
  0x000001bbebb311d0: 0f1f 8400 | c036 0072 | ba97 ffff | ff4c 8b54 | 2430 4c89 | 5424 2090 

  0x000001bbebb311e8: ;   {runtime_call UncommonTrapBlob}
  0x000001bbebb311e8: c5f8 77e8 

  0x000001bbebb311ec: ; ImmutableOopMap {rbp=NarrowOop [32]=Oop [40]=Oop [56]=Oop [64]=Oop }
                      ;*invokevirtual clone {reexecute=1 rethrow=0 return_oop=0}
                      ; - (reexecute) java.util.Arrays::copyOfRange@18
                      ; - java.lang.StringLatin1::newString@16
                      ; - java.lang.String::substring@41
                      ; - java.lang.Class::getPackageName@62
                      ; - java.lang.ClassLoader::postDefineClass@2
                      ; - java.lang.ClassLoader::defineClass@37
  0x000001bbebb311ec: 9031 5fff 

  0x000001bbebb311f0: ;   {other}
  0x000001bbebb311f0: 0f1f 8400 | e036 0073 | baf4 ffff | ff44 8b5c | 2438 4489 | 5c24 2044 | 8b54 243c | 4489 5424 
  0x000001bbebb31210: 3866 6690 

  0x000001bbebb31214: ;   {runtime_call UncommonTrapBlob}
  0x000001bbebb31214: c5f8 77e8 

  0x000001bbebb31218: ; ImmutableOopMap {rbp=Oop [36]=NarrowOop [40]=Oop [48]=Oop [64]=Oop [72]=Oop [96]=Oop }
                      ;*checkcast {reexecute=0 rethrow=0 return_oop=0}
                      ; - java.security.CodeSource::getCertificates@76
                      ; - java.lang.ClassLoader::checkCerts@34
                      ; - java.lang.ClassLoader::preDefineClass@113
                      ; - java.lang.ClassLoader::defineClass@4
  0x000001bbebb31218: 6431 5fff 

  0x000001bbebb3121c: ;   {other}
  0x000001bbebb3121c: 0f1f 8400 | 0c37 0074 | baf4 ffff | ff66 6690 

  0x000001bbebb3122c: ;   {runtime_call UncommonTrapBlob}
  0x000001bbebb3122c: c5f8 77e8 

  0x000001bbebb31230: ; ImmutableOopMap {rbp=NarrowOop [40]=Oop [48]=Oop }
                      ;*checkcast {reexecute=0 rethrow=0 return_oop=0}
                      ; - java.security.CodeSource::getCertificates@76
                      ; - java.lang.ClassLoader::postDefineClass@24
                      ; - java.lang.ClassLoader::defineClass@37
  0x000001bbebb31230: 4c31 5fff 

  0x000001bbebb31234: ;   {other}
  0x000001bbebb31234: 0f1f 8400 | 2437 0075 | ba97 ffff | ff48 8b6c | 2428 4c8b | 5424 304c | 8954 2428 | 448b 5c24 
  0x000001bbebb31254: 3844 895c | 2430 448b | 5424 3c44 | 8954 2434 | 4c8b 5424 | 404c 8954 | 2438 4c8b | 5424 504c 
  0x000001bbebb31274: 8954 2440 

  0x000001bbebb31278: ;   {runtime_call UncommonTrapBlob}
  0x000001bbebb31278: c5f8 77e8 

  0x000001bbebb3127c: ; ImmutableOopMap {rbp=Oop [32]=Oop [40]=Oop [56]=Oop [64]=Oop [76]=NarrowOop [88]=Oop }
                      ;*invokevirtual clone {reexecute=1 rethrow=0 return_oop=0}
                      ; - (reexecute) java.security.CodeSource::getCertificates@11
                      ; - java.lang.ClassLoader::checkCerts@34
                      ; - java.lang.ClassLoader::preDefineClass@113
                      ; - java.lang.ClassLoader::defineClass@4
  0x000001bbebb3127c: 0031 5fff 

  0x000001bbebb31280: ;   {other}
  0x000001bbebb31280: 0f1f 8400 | 7037 0076 | ba97 ffff | ff66 6690 

  0x000001bbebb31290: ;   {runtime_call UncommonTrapBlob}
  0x000001bbebb31290: c5f8 77e8 

  0x000001bbebb31294: ; ImmutableOopMap {[32]=Oop [48]=NarrowOop [104]=Oop }
                      ;*invokevirtual clone {reexecute=1 rethrow=0 return_oop=0}
                      ; - (reexecute) java.security.CodeSource::getCertificates@11
                      ; - java.lang.ClassLoader::postDefineClass@24
                      ; - java.lang.ClassLoader::defineClass@37
  0x000001bbebb31294: e830 5fff 

  0x000001bbebb31298: ;   {other}
  0x000001bbebb31298: 0f1f 8400 | 8837 0077 | ba97 ffff | ff4c 8b54 | 2428 4c89 | 5424 204c | 8b54 2430 | 4c89 5424 
  0x000001bbebb312b8: 2844 8b5c | 2438 4489 | 5c24 3044 | 8b54 243c | 4489 5424 | 344c 8b54 | 2440 4c89 | 5424 384c 
  0x000001bbebb312d8: 8b54 2448 | 4c89 5424 | 4066 6690 

  0x000001bbebb312e4: ;   {runtime_call UncommonTrapBlob}
  0x000001bbebb312e4: c5f8 77e8 

  0x000001bbebb312e8: ; ImmutableOopMap {rbp=Oop [32]=Oop [40]=Oop [56]=Oop [64]=Oop [96]=Oop [104]=Oop }
                      ;*invokevirtual clone {reexecute=1 rethrow=0 return_oop=0}
                      ; - (reexecute) java.security.CodeSource::getCertificates@86
                      ; - java.lang.ClassLoader::checkCerts@34
                      ; - java.lang.ClassLoader::preDefineClass@113
                      ; - java.lang.ClassLoader::defineClass@4
  0x000001bbebb312e8: 9430 5fff 

  0x000001bbebb312ec: ;   {other}
  0x000001bbebb312ec: 0f1f 8400 | dc37 0078 | ba97 ffff | ff48 8b6c | 2430 4c8b | 5424 284c | 8954 2420 

  0x000001bbebb31308: ;   {runtime_call UncommonTrapBlob}
  0x000001bbebb31308: c5f8 77e8 

  0x000001bbebb3130c: ; ImmutableOopMap {rbp=Oop [32]=Oop [64]=Oop }
                      ;*invokevirtual clone {reexecute=1 rethrow=0 return_oop=0}
                      ; - (reexecute) java.security.CodeSource::getCertificates@86
                      ; - java.lang.ClassLoader::postDefineClass@24
                      ; - java.lang.ClassLoader::defineClass@37
  0x000001bbebb3130c: 7030 5fff 

  0x000001bbebb31310: ;   {other}
  0x000001bbebb31310: 0f1f 8400 | 0038 0079 | eb46 eb44 | eb42 eb40 | eb3e eb3c | eb3a eb38 | eb36 eb34 | eb32 eb30 
  0x000001bbebb31330: eb2e eb2c | eb2a eb28 | eb26 eb24 | eb22 eb20 | eb1e eb1c | eb1a eb18 | eb16 eb14 | eb12 eb10 
  0x000001bbebb31350: eb0e eb0c | eb0a eb08 | eb06 eb04 | eb02 eb00 | 488b d0e9 | 6ddb ffff 

  0x000001bbebb31368: ;   {internal_word}
  0x000001bbebb31368: 49ba 83ec | b2eb bb01 | 0000 4d89 | 9768 0400 

  0x000001bbebb31378: ;   {runtime_call SafepointBlob}
  0x000001bbebb31378: 00e9 0241 

  0x000001bbebb3137c: ;   {runtime_call StubRoutines (final stubs)}
  0x000001bbebb3137c: 5fff e81d | 515d ffe9 | d6cc ffff 
[Stub Code]
  0x000001bbebb31388: ;   {no_reloc}
  0x000001bbebb31388: 48bb 0000 | 0000 0000 

  0x000001bbebb31390: ;   {runtime_call nmethod}
  0x000001bbebb31390: 0000 e9fb 

  0x000001bbebb31394: ;   {static_stub}
  0x000001bbebb31394: ffff ff48 | bb00 0000 | 0000 0000 

  0x000001bbebb313a0: ;   {runtime_call nmethod}
  0x000001bbebb313a0: 00e9 fbff 

  0x000001bbebb313a4: ;   {static_stub}
  0x000001bbebb313a4: ffff 48bb | 0000 0000 | 0000 0000 

  0x000001bbebb313b0: ;   {runtime_call nmethod}
  0x000001bbebb313b0: e9fb ffff 

  0x000001bbebb313b4: ;   {static_stub}
  0x000001bbebb313b4: ff48 bb00 | 0000 0000 

  0x000001bbebb313bc: ;   {runtime_call nmethod}
  0x000001bbebb313bc: 0000 00e9 | fbff ffff 

  0x000001bbebb313c4: ;   {static_stub}
  0x000001bbebb313c4: 48bb 0000 | 0000 0000 

  0x000001bbebb313cc: ;   {runtime_call nmethod}
  0x000001bbebb313cc: 0000 e9fb 

  0x000001bbebb313d0: ;   {static_stub}
  0x000001bbebb313d0: ffff ff48 | bb00 0000 | 0000 0000 

  0x000001bbebb313dc: ;   {runtime_call nmethod}
  0x000001bbebb313dc: 00e9 fbff 

  0x000001bbebb313e0: ;   {static_stub}
  0x000001bbebb313e0: ffff 48bb | 0000 0000 | 0000 0000 

  0x000001bbebb313ec: ;   {runtime_call nmethod}
  0x000001bbebb313ec: e9fb ffff 

  0x000001bbebb313f0: ;   {static_stub}
  0x000001bbebb313f0: ff48 bb00 | 0000 0000 

  0x000001bbebb313f8: ;   {runtime_call nmethod}
  0x000001bbebb313f8: 0000 00e9 | fbff ffff 

  0x000001bbebb31400: ;   {static_stub}
  0x000001bbebb31400: 48bb 0000 | 0000 0000 

  0x000001bbebb31408: ;   {runtime_call nmethod}
  0x000001bbebb31408: 0000 e9fb 

  0x000001bbebb3140c: ;   {static_stub}
  0x000001bbebb3140c: ffff ff48 | bb00 0000 | 0000 0000 

  0x000001bbebb31418: ;   {runtime_call nmethod}
  0x000001bbebb31418: 00e9 fbff 

  0x000001bbebb3141c: ;   {static_stub}
  0x000001bbebb3141c: ffff 48bb | 0000 0000 | 0000 0000 

  0x000001bbebb31428: ;   {runtime_call nmethod}
  0x000001bbebb31428: e9fb ffff 

  0x000001bbebb3142c: ;   {static_stub}
  0x000001bbebb3142c: ff48 bb00 | 0000 0000 

  0x000001bbebb31434: ;   {runtime_call nmethod}
  0x000001bbebb31434: 0000 00e9 | fbff ffff 

  0x000001bbebb3143c: ;   {static_stub}
  0x000001bbebb3143c: 48bb 0000 | 0000 0000 

  0x000001bbebb31444: ;   {runtime_call nmethod}
  0x000001bbebb31444: 0000 e9fb 

  0x000001bbebb31448: ;   {static_stub}
  0x000001bbebb31448: ffff ff48 | bb00 0000 | 0000 0000 

  0x000001bbebb31454: ;   {runtime_call nmethod}
  0x000001bbebb31454: 00e9 fbff 

  0x000001bbebb31458: ;   {static_stub}
  0x000001bbebb31458: ffff 48bb | 0000 0000 | 0000 0000 

  0x000001bbebb31464: ;   {runtime_call nmethod}
  0x000001bbebb31464: e9fb ffff 

  0x000001bbebb31468: ;   {static_stub}
  0x000001bbebb31468: ff48 bb00 | 0000 0000 

  0x000001bbebb31470: ;   {runtime_call nmethod}
  0x000001bbebb31470: 0000 00e9 | fbff ffff 

  0x000001bbebb31478: ;   {static_stub}
  0x000001bbebb31478: 48bb 0000 | 0000 0000 

  0x000001bbebb31480: ;   {runtime_call nmethod}
  0x000001bbebb31480: 0000 e9fb 

  0x000001bbebb31484: ;   {static_stub}
  0x000001bbebb31484: ffff ff48 | bb00 0000 | 0000 0000 

  0x000001bbebb31490: ;   {runtime_call nmethod}
  0x000001bbebb31490: 00e9 fbff 

  0x000001bbebb31494: ;   {static_stub}
  0x000001bbebb31494: ffff 48bb | 0000 0000 | 0000 0000 

  0x000001bbebb314a0: ;   {runtime_call nmethod}
  0x000001bbebb314a0: e9fb ffff 

  0x000001bbebb314a4: ;   {static_stub}
  0x000001bbebb314a4: ff48 bb00 | 0000 0000 

  0x000001bbebb314ac: ;   {runtime_call nmethod}
  0x000001bbebb314ac: 0000 00e9 | fbff ffff 

  0x000001bbebb314b4: ;   {static_stub}
  0x000001bbebb314b4: 48bb 0000 | 0000 0000 

  0x000001bbebb314bc: ;   {runtime_call nmethod}
  0x000001bbebb314bc: 0000 e9fb 

  0x000001bbebb314c0: ;   {static_stub}
  0x000001bbebb314c0: ffff ff48 | bb00 0000 | 0000 0000 

  0x000001bbebb314cc: ;   {runtime_call nmethod}
  0x000001bbebb314cc: 00e9 fbff 

  0x000001bbebb314d0: ;   {static_stub}
  0x000001bbebb314d0: ffff 48bb | 0000 0000 | 0000 0000 

  0x000001bbebb314dc: ;   {runtime_call nmethod}
  0x000001bbebb314dc: e9fb ffff 

  0x000001bbebb314e0: ;   {static_stub}
  0x000001bbebb314e0: ff48 bb00 | 0000 0000 

  0x000001bbebb314e8: ;   {runtime_call nmethod}
  0x000001bbebb314e8: 0000 00e9 | fbff ffff 
[Exception Handler]
  0x000001bbebb314f0: ;   {runtime_call ExceptionBlob}
  0x000001bbebb314f0: e90b aa61 | ffe8 0000 | 0000 4883 

  0x000001bbebb314fc: ;   {runtime_call DeoptimizationBlob}
  0x000001bbebb314fc: 2c24 05e9 | 1c32 5fff | f4f4 f4f4 
[/MachCode]


Compiled method (c2) 255186 10264       4       java.security.SecureClassLoader::defineClass (16 bytes)
 total in heap  [0x000001bbeb7e2d90,0x000001bbeb7e3468] = 1752
 relocation     [0x000001bbeb7e2ef0,0x000001bbeb7e2f50] = 96
 main code      [0x000001bbeb7e2f60,0x000001bbeb7e31f8] = 664
 stub code      [0x000001bbeb7e31f8,0x000001bbeb7e3230] = 56
 metadata       [0x000001bbeb7e3230,0x000001bbeb7e3260] = 48
 scopes data    [0x000001bbeb7e3260,0x000001bbeb7e3338] = 216
 scopes pcs     [0x000001bbeb7e3338,0x000001bbeb7e33e8] = 176
 dependencies   [0x000001bbeb7e33e8,0x000001bbeb7e33f0] = 8
 handler table  [0x000001bbeb7e33f0,0x000001bbeb7e3450] = 96
 nul chk table  [0x000001bbeb7e3450,0x000001bbeb7e3468] = 24

[Constant Pool (empty)]

[MachCode]
[Entry Point]
  # {method} {0x000001bb8004e0e8} 'defineClass' '(Ljava/lang/String;[BIILjava/security/CodeSource;)Ljava/lang/Class;' in 'java/security/SecureClassLoader'
  # this:     rdx:rdx   = 'java/security/SecureClassLoader'
  # parm0:    r8:r8     = 'java/lang/String'
  # parm1:    r9:r9     = '[B'
  # parm2:    rdi       = int
  # parm3:    rsi       = int
  # parm4:    rcx:rcx   = 'java/security/CodeSource'
  #           [sp+0x60]  (sp of caller)
  0x000001bbeb7e2f60: 448b 5208 | 49bb 0000 | 0080 bb01 | 0000 4d03 | d349 3bc2 

  0x000001bbeb7e2f74: ;   {runtime_call ic_miss_stub}
  0x000001bbeb7e2f74: 0f85 06b8 | 93ff 6690 | 0f1f 4000 
[Verified Entry Point]
  0x000001bbeb7e2f80: 8984 2400 | 80ff ff55 | 4883 ec50 | 4181 7f20 | 1300 0000 | 0f85 4e02 | 0000 8974 | 241c 897c 
  0x000001bbeb7e2fa0: 2418 4c89 | 4c24 104c | 8944 2408 | 4889 1424 | 488b e948 | 85c9 0f84 | 6001 0000 | 4d8b 87b8 
  0x000001bbeb7e2fc0: 0100 004d | 8bd0 4983 | c210 4d3b | 97c8 0100 | 000f 830a | 0100 004d | 8997 b801 | 0000 410f 
  0x000001bbeb7e2fe0: 1882 0001 | 0000 49c7 | 0001 0000 

  0x000001bbeb7e2fec: ;   {metadata('java/security/SecureClassLoader$CodeSourceKey')}
  0x000001bbeb7e2fec: 0041 c740 | 08b8 b411 | 004c 8bdd | 4589 580c | 4d8b 8fb8 | 0100 004c | 8b14 2441 | 8b6a 504d 
  0x000001bbeb7e300c: 8bd1 4983 | c210 4d3b | 97c8 0100 | 000f 8398 | 0000 004d | 8997 b801 | 0000 410f | 1882 0001 
  0x000001bbeb7e302c: 0000 49c7 | 0101 0000 

  0x000001bbeb7e3034: ;   {metadata('java/security/SecureClassLoader$1')}
  0x000001bbeb7e3034: 0041 c741 | 0850 ba11 | 004c 8b14 | 244d 8bda | 4589 590c 

  0x000001bbeb7e3048: ; implicit exception: dispatches to 0x000001bbeb7e3174
  0x000001bbeb7e3048: 448b 5d08 

  0x000001bbeb7e304c: ;   {metadata('java/util/concurrent/ConcurrentHashMap')}
  0x000001bbeb7e304c: 4181 fb80 | 2706 000f | 85a7 0000 | 0048 8bd5 

  0x000001bbeb7e305c: ;   {optimized virtual_call}
  0x000001bbeb7e305c: 6666 90e8 

  0x000001bbeb7e3060: ; ImmutableOopMap {[0]=Oop [8]=Oop [16]=Oop }
                      ;*invokeinterface computeIfAbsent {reexecute=0 rethrow=0 return_oop=1}
                      ; - java.security.SecureClassLoader::getProtectionDomain@28
                      ; - java.security.SecureClassLoader::defineClass@9
  0x000001bbeb7e3060: 9ca3 4bf9 

  0x000001bbeb7e3064: ;   {other}
  0x000001bbeb7e3064: 0f1f 8400 | d402 0000 

  0x000001bbeb7e306c: ; implicit exception: dispatches to 0x000001bbeb7e3190
  0x000001bbeb7e306c: 448b 5008 

  0x000001bbeb7e3070: ;   {metadata('java/security/ProtectionDomain')}
  0x000001bbeb7e3070: 4181 fae8 | 5800 000f | 85b3 0000 | 0048 8bc8 | 488b 1424 | 4c8b 4424 | 084c 8b4c | 2410 8b7c 
  0x000001bbeb7e3090: 2418 8b74 

  0x000001bbeb7e3094: ;   {optimized virtual_call}
  0x000001bbeb7e3094: 241c 90e8 

  0x000001bbeb7e3098: ; ImmutableOopMap {}
                      ;*invokevirtual defineClass {reexecute=0 rethrow=0 return_oop=1}
                      ; - java.security.SecureClassLoader::defineClass@12
  0x000001bbeb7e3098: a4af 3400 

  0x000001bbeb7e309c: ;   {other}
  0x000001bbeb7e309c: 0f1f 8400 | 0c03 0001 | 4883 c450 

  0x000001bbeb7e30a8: ;   {poll_return}
  0x000001bbeb7e30a8: 5d49 3ba7 | 5004 0000 | 0f87 1c01 

  0x000001bbeb7e30b4: ;   {metadata('java/security/SecureClassLoader$1')}
  0x000001bbeb7e30b4: 0000 c348 | ba50 ba11 | 80bb 0100 | 004c 8944 

  0x000001bbeb7e30c4: ;   {runtime_call _new_instance_Java}
  0x000001bbeb7e30c4: 2430 90e8 

  0x000001bbeb7e30c8: ; ImmutableOopMap {rbp=NarrowOop [0]=Oop [8]=Oop [16]=Oop [48]=Oop }
                      ;*new {reexecute=0 rethrow=0 return_oop=1}
                      ; - java.security.SecureClassLoader::getProtectionDomain@20
                      ; - java.security.SecureClassLoader::defineClass@9
  0x000001bbeb7e30c8: 348b 96ff 

  0x000001bbeb7e30cc: ;   {other}
  0x000001bbeb7e30cc: 0f1f 8400 | 3c03 0002 | 4c8b c84c | 8b44 2430 | e95c ffff 

  0x000001bbeb7e30e0: ;   {metadata('java/security/SecureClassLoader$CodeSourceKey')}
  0x000001bbeb7e30e0: ff48 bab8 | b411 80bb 

  0x000001bbeb7e30e8: ;   {runtime_call _new_instance_Java}
  0x000001bbeb7e30e8: 0100 00e8 

  0x000001bbeb7e30ec: ; ImmutableOopMap {rbp=Oop [0]=Oop [8]=Oop [16]=Oop }
                      ;*new {reexecute=0 rethrow=0 return_oop=1}
                      ; - java.security.SecureClassLoader::getProtectionDomain@6
                      ; - java.security.SecureClassLoader::defineClass@9
  0x000001bbeb7e30ec: 108b 96ff 

  0x000001bbeb7e30f0: ;   {other}
  0x000001bbeb7e30f0: 0f1f 8400 | 6003 0003 | 4c8b c0e9 | f5fe ffff | bade ffff | ff4c 8944 | 2420 4c89 

  0x000001bbeb7e310c: ;   {runtime_call UncommonTrapBlob}
  0x000001bbeb7e310c: 4c24 28e8 

  0x000001bbeb7e3110: ; ImmutableOopMap {rbp=NarrowOop [0]=Oop [8]=Oop [16]=Oop [32]=Oop [40]=Oop }
                      ;*invokeinterface computeIfAbsent {reexecute=0 rethrow=0 return_oop=0}
                      ; - java.security.SecureClassLoader::getProtectionDomain@28
                      ; - java.security.SecureClassLoader::defineClass@9
  0x000001bbeb7e3110: 6c12 94ff 

  0x000001bbeb7e3114: ;   {other}
  0x000001bbeb7e3114: 0f1f 8400 | 8403 0004 | ba45 ffff 

  0x000001bbeb7e3120: ;   {runtime_call UncommonTrapBlob}
  0x000001bbeb7e3120: ff66 90e8 

  0x000001bbeb7e3124: ; ImmutableOopMap {rbp=Oop [0]=Oop [8]=Oop [16]=Oop }
                      ;*ifnonnull {reexecute=1 rethrow=0 return_oop=0}
                      ; - (reexecute) java.security.SecureClassLoader::getProtectionDomain@1
                      ; - java.security.SecureClassLoader::defineClass@9
  0x000001bbeb7e3124: 5812 94ff 

  0x000001bbeb7e3128: ;   {other}
  0x000001bbeb7e3128: 0f1f 8400 | 9803 0005 | bade ffff | ff48 8b2c | 244c 8b54 | 2408 4c89 | 1424 4c8b | 5424 104c 
  0x000001bbeb7e3148: 8954 2408 | 448b 5424 | 1844 8954 | 2410 448b | 5c24 1c44 | 895c 2414 | 4889 4424 

  0x000001bbeb7e3164: ;   {runtime_call UncommonTrapBlob}
  0x000001bbeb7e3164: 1866 90e8 

  0x000001bbeb7e3168: ; ImmutableOopMap {rbp=Oop [0]=Oop [8]=Oop [24]=Oop }
                      ;*checkcast {reexecute=0 rethrow=0 return_oop=0}
                      ; - java.security.SecureClassLoader::getProtectionDomain@33
                      ; - java.security.SecureClassLoader::defineClass@9
  0x000001bbeb7e3168: 1412 94ff 

  0x000001bbeb7e316c: ;   {other}
  0x000001bbeb7e316c: 0f1f 8400 | dc03 0006 | baf6 ffff | ff49 8be8 | 4c89 0c24 

  0x000001bbeb7e3180: ;   {runtime_call UncommonTrapBlob}
  0x000001bbeb7e3180: 6666 90e8 

  0x000001bbeb7e3184: ; ImmutableOopMap {rbp=Oop [0]=Oop }
                      ;*invokeinterface computeIfAbsent {reexecute=0 rethrow=0 return_oop=0}
                      ; - java.security.SecureClassLoader::getProtectionDomain@28
                      ; - java.security.SecureClassLoader::defineClass@9
  0x000001bbeb7e3184: f811 94ff 

  0x000001bbeb7e3188: ;   {other}
  0x000001bbeb7e3188: 0f1f 8400 | f803 0007 | baf4 ffff | ff48 8b2c | 244c 8b54 | 2408 4c89 | 1424 4c8b | 5424 104c 
  0x000001bbeb7e31a8: 8954 2408 

  0x000001bbeb7e31ac: ;   {runtime_call UncommonTrapBlob}
  0x000001bbeb7e31ac: 6666 90e8 

  0x000001bbeb7e31b0: ; ImmutableOopMap {rbp=Oop [0]=Oop [8]=Oop }
                      ;*checkcast {reexecute=0 rethrow=0 return_oop=0}
                      ; - java.security.SecureClassLoader::getProtectionDomain@33
                      ; - java.security.SecureClassLoader::defineClass@9
  0x000001bbeb7e31b0: cc11 94ff 

  0x000001bbeb7e31b4: ;   {other}
  0x000001bbeb7e31b4: 0f1f 8400 | 2404 0008 | eb02 eb00 | 488b d0eb | 0348 8bd0 | 4883 c450 

  0x000001bbeb7e31cc: ;   {runtime_call _rethrow_Java}
  0x000001bbeb7e31cc: 5de9 2eea 

  0x000001bbeb7e31d0: ;   {internal_word}
  0x000001bbeb7e31d0: 96ff 49ba | a930 7eeb | bb01 0000 | 4d89 9768 

  0x000001bbeb7e31e0: ;   {runtime_call SafepointBlob}
  0x000001bbeb7e31e0: 0400 00e9 | 9822 94ff 

  0x000001bbeb7e31e8: ;   {runtime_call StubRoutines (final stubs)}
  0x000001bbeb7e31e8: e8b3 3292 | ffe9 a8fd | ffff f4f4 | f4f4 f4f4 
[Stub Code]
  0x000001bbeb7e31f8: ;   {no_reloc}
  0x000001bbeb7e31f8: 48bb 1039 | 0680 bb01 

  0x000001bbeb7e3200: ;   {runtime_call I2C/C2I adapters}
  0x000001bbeb7e3200: 0000 e964 

  0x000001bbeb7e3204: ;   {static_stub}
  0x000001bbeb7e3204: 7c93 ff48 | bb00 0000 | 0000 0000 

  0x000001bbeb7e3210: ;   {runtime_call nmethod}
  0x000001bbeb7e3210: 00e9 fbff 

  0x000001bbeb7e3214: ;   {runtime_call ExceptionBlob}
  0x000001bbeb7e3214: ffff e9e5 | 8c96 ffe8 | 0000 0000 | 4883 2c24 

  0x000001bbeb7e3224: ;   {runtime_call DeoptimizationBlob}
  0x000001bbeb7e3224: 05e9 f614 | 94ff f4f4 | f4f4 f4f4 
[/MachCode]


---------------  P R O C E S S  ---------------

Threads class SMR info:
_java_thread_list=0x000001bbc20de0d0, length=76, elements={
0x000001bbde5073d0, 0x000001bbf6cca060, 0x000001bbf6ccb7e0, 0x000001bbf6ccef70,
0x000001bbf6ccf9d0, 0x000001bbf6cd0430, 0x000001bbf6cd0e90, 0x000001bbf6cd1c20,
0x000001bbf6d40a30, 0x000001bbfb2087b0, 0x000001bbfb1ccd80, 0x000001bbfca0bb30,
0x000001bbfcb2bb50, 0x000001bbfb4d3940, 0x000001bbfc3f60f0, 0x000001bbfc3f6760,
0x000001bbfc11dbe0, 0x000001bbfb5d52a0, 0x000001bbfb5d5930, 0x000001bbfb5d5fc0,
0x000001bbfb5d4580, 0x000001bbfb5d4c10, 0x000001bbfb5d7370, 0x000001bbfb5d7a00,
0x000001bbfee06310, 0x000001bbfee069a0, 0x000001bbfee04f60, 0x000001bbfee055f0,
0x000001bbfee07030, 0x000001bbfee076c0, 0x000001bbfee07d50, 0x000001bbfee048d0,
0x000001bbfee09100, 0x000001bbfee09790, 0x000001bbfee0b860, 0x000001bbfee083e0,
0x000001bbfee08a70, 0x000001bbfee0bef0, 0x000001bbfc15d4e0, 0x000001bbfc15ad80,
0x000001bbfc15b410, 0x000001bbfc15baa0, 0x000001bbfc15a060, 0x000001bbfc15c130,
0x000001bbfc15ce50, 0x000001bbfc15c7c0, 0x000001bbfc15a6f0, 0x000001bbfc15f5b0,
0x000001bbfc160ff0, 0x000001bbfc15db70, 0x000001bbfc160960, 0x000001bbfc15fc40,
0x000001bbfc1602d0, 0x000001bbfc15e890, 0x000001bbfc161680, 0x000001bbc1e3fc10,
0x000001bbc1e3db40, 0x000001bbc1e402a0, 0x000001bbc1e3d4b0, 0x000001bbc1e40930,
0x000001bbc1e3e860, 0x000001bbc1e40fc0, 0x000001bbc1e41650, 0x000001bbc1e3e1d0,
0x000001bbc1e42370, 0x000001bbc1e3eef0, 0x000001bbc1e41ce0, 0x000001bbc1e42a00,
0x000001bbc1e3f580, 0x000001bbc1e43090, 0x000001bbc1e43720, 0x000001bbc1e43db0,
0x000001bbc1e44ad0, 0x000001bbc1e44440, 0x000001bbc1699870, 0x000001bbc169b940
}

Java Threads: ( => current thread )
  0x000001bbde5073d0 JavaThread "main"                              [_thread_blocked, id=29136, stack(0x000000b369f00000,0x000000b36a000000) (1024K)]
  0x000001bbf6cca060 JavaThread "Reference Handler"          daemon [_thread_blocked, id=27864, stack(0x000000b36a700000,0x000000b36a800000) (1024K)]
  0x000001bbf6ccb7e0 JavaThread "Finalizer"                  daemon [_thread_blocked, id=14140, stack(0x000000b36a800000,0x000000b36a900000) (1024K)]
  0x000001bbf6ccef70 JavaThread "Signal Dispatcher"          daemon [_thread_blocked, id=12884, stack(0x000000b36a900000,0x000000b36aa00000) (1024K)]
  0x000001bbf6ccf9d0 JavaThread "Attach Listener"            daemon [_thread_blocked, id=27172, stack(0x000000b36aa00000,0x000000b36ab00000) (1024K)]
  0x000001bbf6cd0430 JavaThread "Service Thread"             daemon [_thread_blocked, id=27936, stack(0x000000b36ab00000,0x000000b36ac00000) (1024K)]
  0x000001bbf6cd0e90 JavaThread "Monitor Deflation Thread"   daemon [_thread_blocked, id=25008, stack(0x000000b36ac00000,0x000000b36ad00000) (1024K)]
  0x000001bbf6cd1c20 JavaThread "C2 CompilerThread0"         daemon [_thread_blocked, id=26876, stack(0x000000b36ad00000,0x000000b36ae00000) (1024K)]
  0x000001bbf6d40a30 JavaThread "C1 CompilerThread0"         daemon [_thread_blocked, id=23528, stack(0x000000b36ae00000,0x000000b36af00000) (1024K)]
  0x000001bbfb2087b0 JavaThread "Common-Cleaner"             daemon [_thread_blocked, id=28512, stack(0x000000b36af00000,0x000000b36b000000) (1024K)]
  0x000001bbfb1ccd80 JavaThread "Notification Thread"        daemon [_thread_blocked, id=29412, stack(0x000000b36b000000,0x000000b36b100000) (1024K)]
  0x000001bbfca0bb30 JavaThread "Daemon health stats"               [_thread_blocked, id=28368, stack(0x000000b36b100000,0x000000b36b200000) (1024K)]
  0x000001bbfcb2bb50 JavaThread "Incoming local TCP Connector on port 48638"        [_thread_in_native, id=19344, stack(0x000000b36b600000,0x000000b36b700000) (1024K)]
  0x000001bbfb4d3940 JavaThread "Daemon periodic checks"            [_thread_blocked, id=18244, stack(0x000000b36b700000,0x000000b36b800000) (1024K)]
  0x000001bbfc3f60f0 JavaThread "Daemon"                            [_thread_blocked, id=28928, stack(0x000000b36b800000,0x000000b36b900000) (1024K)]
  0x000001bbfc3f6760 JavaThread "Handler for socket connection from /127.0.0.1:48638 to /127.0.0.1:48645"        [_thread_in_native, id=26672, stack(0x000000b36b900000,0x000000b36ba00000) (1024K)]
  0x000001bbfc11dbe0 JavaThread "Cancel handler"                    [_thread_blocked, id=27632, stack(0x000000b36ba00000,0x000000b36bb00000) (1024K)]
=>0x000001bbfb5d52a0 JavaThread "Daemon worker"                     [_thread_in_vm, id=28824, stack(0x000000b36bb00000,0x000000b36bc00000) (1024K)]
  0x000001bbfb5d5930 JavaThread "Asynchronous log dispatcher for DefaultDaemonConnection: socket connection from /127.0.0.1:48638 to /127.0.0.1:48645"        [_thread_blocked, id=18104, stack(0x000000b36bc00000,0x000000b36bd00000) (1024K)]
  0x000001bbfb5d5fc0 JavaThread "Stdin handler"                     [_thread_blocked, id=28772, stack(0x000000b36bd00000,0x000000b36be00000) (1024K)]
  0x000001bbfb5d4580 JavaThread "Daemon client event forwarder"        [_thread_blocked, id=29264, stack(0x000000b36be00000,0x000000b36bf00000) (1024K)]
  0x000001bbfb5d4c10 JavaThread "Cache worker for journal cache (C:\Users\LENOVO\.gradle\caches\journal-1)"        [_thread_blocked, id=26692, stack(0x000000b36bf00000,0x000000b36c000000) (1024K)]
  0x000001bbfb5d7370 JavaThread "File lock request listener"        [_thread_in_native, id=17104, stack(0x000000b36c300000,0x000000b36c400000) (1024K)]
  0x000001bbfb5d7a00 JavaThread "Cache worker for file hash cache (C:\Users\LENOVO\.gradle\caches\8.14\fileHashes)"        [_thread_blocked, id=28236, stack(0x000000b36c500000,0x000000b36c600000) (1024K)]
  0x000001bbfee06310 JavaThread "Cache worker for file hash cache (C:\Users\LENOVO\Desktop\HeliBoard-main\.gradle\8.14\fileHashes)"        [_thread_blocked, id=26716, stack(0x000000b36c700000,0x000000b36c800000) (1024K)]
  0x000001bbfee069a0 JavaThread "Cache worker for Build Output Cleanup Cache (C:\Users\LENOVO\Desktop\HeliBoard-main\.gradle\buildOutputCleanup)"        [_thread_blocked, id=22836, stack(0x000000b36c800000,0x000000b36c900000) (1024K)]
  0x000001bbfee04f60 JavaThread "File watcher server"        daemon [_thread_in_native, id=27252, stack(0x000000b36c900000,0x000000b36ca00000) (1024K)]
  0x000001bbfee055f0 JavaThread "File watcher consumer"      daemon [_thread_blocked, id=19408, stack(0x000000b36ca00000,0x000000b36cb00000) (1024K)]
  0x000001bbfee07030 JavaThread "jar transforms"                    [_thread_blocked, id=28412, stack(0x000000b36cb00000,0x000000b36cc00000) (1024K)]
  0x000001bbfee076c0 JavaThread "jar transforms Thread 2"           [_thread_blocked, id=27732, stack(0x000000b36cc00000,0x000000b36cd00000) (1024K)]
  0x000001bbfee07d50 JavaThread "Cache worker for checksums cache (C:\Users\LENOVO\Desktop\HeliBoard-main\.gradle\8.14\checksums)"        [_thread_blocked, id=13520, stack(0x000000b36cd00000,0x000000b36ce00000) (1024K)]
  0x000001bbfee048d0 JavaThread "Cache worker for file content cache (C:\Users\LENOVO\.gradle\caches\8.14\fileContent)"        [_thread_blocked, id=23608, stack(0x000000b36ce00000,0x000000b36cf00000) (1024K)]
  0x000001bbfee09100 JavaThread "Cache worker for cache directory md-supplier (C:\Users\LENOVO\.gradle\caches\8.14\md-supplier)"        [_thread_blocked, id=4876, stack(0x000000b36d000000,0x000000b36d100000) (1024K)]
  0x000001bbfee09790 JavaThread "Cache worker for cache directory md-rule (C:\Users\LENOVO\.gradle\caches\8.14\md-rule)"        [_thread_blocked, id=27636, stack(0x000000b36d100000,0x000000b36d200000) (1024K)]
  0x000001bbfee0b860 JavaThread "Unconstrained build operations"        [_thread_blocked, id=18344, stack(0x000000b36cf00000,0x000000b36d000000) (1024K)]
  0x000001bbfee083e0 JavaThread "Unconstrained build operations Thread 2"        [_thread_blocked, id=22020, stack(0x000000b36d200000,0x000000b36d300000) (1024K)]
  0x000001bbfee08a70 JavaThread "Unconstrained build operations Thread 3"        [_thread_blocked, id=28596, stack(0x000000b36d300000,0x000000b36d400000) (1024K)]
  0x000001bbfee0bef0 JavaThread "Unconstrained build operations Thread 4"        [_thread_blocked, id=29280, stack(0x000000b36d400000,0x000000b36d500000) (1024K)]
  0x000001bbfc15d4e0 JavaThread "Unconstrained build operations Thread 5"        [_thread_blocked, id=29308, stack(0x000000b36d500000,0x000000b36d600000) (1024K)]
  0x000001bbfc15ad80 JavaThread "Unconstrained build operations Thread 6"        [_thread_blocked, id=12760, stack(0x000000b36d600000,0x000000b36d700000) (1024K)]
  0x000001bbfc15b410 JavaThread "Unconstrained build operations Thread 7"        [_thread_blocked, id=25512, stack(0x000000b36d700000,0x000000b36d800000) (1024K)]
  0x000001bbfc15baa0 JavaThread "Unconstrained build operations Thread 8"        [_thread_blocked, id=25140, stack(0x000000b36d800000,0x000000b36d900000) (1024K)]
  0x000001bbfc15a060 JavaThread "Unconstrained build operations Thread 9"        [_thread_blocked, id=13332, stack(0x000000b36d900000,0x000000b36da00000) (1024K)]
  0x000001bbfc15c130 JavaThread "Unconstrained build operations Thread 10"        [_thread_blocked, id=29156, stack(0x000000b36da00000,0x000000b36db00000) (1024K)]
  0x000001bbfc15ce50 JavaThread "Unconstrained build operations Thread 11"        [_thread_blocked, id=5296, stack(0x000000b36db00000,0x000000b36dc00000) (1024K)]
  0x000001bbfc15c7c0 JavaThread "Unconstrained build operations Thread 12"        [_thread_blocked, id=18488, stack(0x000000b36dc00000,0x000000b36dd00000) (1024K)]
  0x000001bbfc15a6f0 JavaThread "Unconstrained build operations Thread 13"        [_thread_blocked, id=29252, stack(0x000000b36dd00000,0x000000b36de00000) (1024K)]
  0x000001bbfc15f5b0 JavaThread "Unconstrained build operations Thread 14"        [_thread_blocked, id=22704, stack(0x000000b36de00000,0x000000b36df00000) (1024K)]
  0x000001bbfc160ff0 JavaThread "Unconstrained build operations Thread 15"        [_thread_blocked, id=27012, stack(0x000000b36e000000,0x000000b36e100000) (1024K)]
  0x000001bbfc15db70 JavaThread "Unconstrained build operations Thread 16"        [_thread_blocked, id=15880, stack(0x000000b36e100000,0x000000b36e200000) (1024K)]
  0x000001bbfc160960 JavaThread "Unconstrained build operations Thread 17"        [_thread_blocked, id=18384, stack(0x000000b36e200000,0x000000b36e300000) (1024K)]
  0x000001bbfc15fc40 JavaThread "Unconstrained build operations Thread 18"        [_thread_blocked, id=21932, stack(0x000000b36e300000,0x000000b36e400000) (1024K)]
  0x000001bbfc1602d0 JavaThread "Unconstrained build operations Thread 19"        [_thread_blocked, id=18112, stack(0x000000b36e400000,0x000000b36e500000) (1024K)]
  0x000001bbfc15e890 JavaThread "Unconstrained build operations Thread 20"        [_thread_blocked, id=23356, stack(0x000000b36e500000,0x000000b36e600000) (1024K)]
  0x000001bbfc161680 JavaThread "Unconstrained build operations Thread 21"        [_thread_blocked, id=17204, stack(0x000000b36e600000,0x000000b36e700000) (1024K)]
  0x000001bbc1e3fc10 JavaThread "Unconstrained build operations Thread 22"        [_thread_blocked, id=25832, stack(0x000000b369d00000,0x000000b369e00000) (1024K)]
  0x000001bbc1e3db40 JavaThread "Unconstrained build operations Thread 23"        [_thread_blocked, id=27764, stack(0x000000b369e00000,0x000000b369f00000) (1024K)]
  0x000001bbc1e402a0 JavaThread "Unconstrained build operations Thread 24"        [_thread_blocked, id=12040, stack(0x000000b36df00000,0x000000b36e000000) (1024K)]
  0x000001bbc1e3d4b0 JavaThread "Unconstrained build operations Thread 25"        [_thread_blocked, id=28628, stack(0x000000b36e700000,0x000000b36e800000) (1024K)]
  0x000001bbc1e40930 JavaThread "Unconstrained build operations Thread 26"        [_thread_blocked, id=18188, stack(0x000000b36e800000,0x000000b36e900000) (1024K)]
  0x000001bbc1e3e860 JavaThread "Unconstrained build operations Thread 27"        [_thread_blocked, id=27748, stack(0x000000b36e900000,0x000000b36ea00000) (1024K)]
  0x000001bbc1e40fc0 JavaThread "Unconstrained build operations Thread 28"        [_thread_blocked, id=26132, stack(0x000000b36ea00000,0x000000b36eb00000) (1024K)]
  0x000001bbc1e41650 JavaThread "Unconstrained build operations Thread 29"        [_thread_blocked, id=22968, stack(0x000000b36eb00000,0x000000b36ec00000) (1024K)]
  0x000001bbc1e3e1d0 JavaThread "Unconstrained build operations Thread 30"        [_thread_blocked, id=23252, stack(0x000000b36ec00000,0x000000b36ed00000) (1024K)]
  0x000001bbc1e42370 JavaThread "Unconstrained build operations Thread 31"        [_thread_blocked, id=28748, stack(0x000000b36ed00000,0x000000b36ee00000) (1024K)]
  0x000001bbc1e3eef0 JavaThread "Unconstrained build operations Thread 32"        [_thread_blocked, id=5448, stack(0x000000b36ee00000,0x000000b36ef00000) (1024K)]
  0x000001bbc1e41ce0 JavaThread "Unconstrained build operations Thread 33"        [_thread_blocked, id=25108, stack(0x000000b36ef00000,0x000000b36f000000) (1024K)]
  0x000001bbc1e42a00 JavaThread "Unconstrained build operations Thread 34"        [_thread_blocked, id=28388, stack(0x000000b36f000000,0x000000b36f100000) (1024K)]
  0x000001bbc1e3f580 JavaThread "Unconstrained build operations Thread 35"        [_thread_blocked, id=15800, stack(0x000000b36f100000,0x000000b36f200000) (1024K)]
  0x000001bbc1e43090 JavaThread "Unconstrained build operations Thread 36"        [_thread_blocked, id=9296, stack(0x000000b36f200000,0x000000b36f300000) (1024K)]
  0x000001bbc1e43720 JavaThread "Unconstrained build operations Thread 37"        [_thread_blocked, id=25116, stack(0x000000b36f300000,0x000000b36f400000) (1024K)]
  0x000001bbc1e43db0 JavaThread "Unconstrained build operations Thread 38"        [_thread_blocked, id=24140, stack(0x000000b36f400000,0x000000b36f500000) (1024K)]
  0x000001bbc1e44ad0 JavaThread "Unconstrained build operations Thread 39"        [_thread_blocked, id=14976, stack(0x000000b36f500000,0x000000b36f600000) (1024K)]
  0x000001bbc1e44440 JavaThread "Memory manager"                    [_thread_blocked, id=26584, stack(0x000000b36f600000,0x000000b36f700000) (1024K)]
  0x000001bbc1699870 JavaThread "build event listener"              [_thread_blocked, id=26104, stack(0x000000b36f700000,0x000000b36f800000) (1024K)]
  0x000001bbc169b940 JavaThread "Problems report writer"            [_thread_blocked, id=10408, stack(0x000000b36f800000,0x000000b36f900000) (1024K)]
Total: 76

Other Threads:
  0x000001bbf6ca88d0 VMThread "VM Thread"                           [id=26940, stack(0x000000b36a600000,0x000000b36a700000) (1024K)]
  0x000001bbf6c96400 WatcherThread "VM Periodic Task Thread"        [id=22980, stack(0x000000b36a500000,0x000000b36a600000) (1024K)]
  0x000001bbe09d85a0 WorkerThread "GC Thread#0"                     [id=9992, stack(0x000000b36a000000,0x000000b36a100000) (1024K)]
  0x000001bbfb523ba0 WorkerThread "GC Thread#1"                     [id=28644, stack(0x000000b36b300000,0x000000b36b400000) (1024K)]
  0x000001bbfb6c3fe0 WorkerThread "GC Thread#2"                     [id=29220, stack(0x000000b36b400000,0x000000b36b500000) (1024K)]
  0x000001bbfb355f20 WorkerThread "GC Thread#3"                     [id=21336, stack(0x000000b36b200000,0x000000b36b300000) (1024K)]
  0x000001bbfc102500 WorkerThread "GC Thread#4"                     [id=21580, stack(0x000000b36b500000,0x000000b36b600000) (1024K)]
  0x000001bbfd1b8f20 WorkerThread "GC Thread#5"                     [id=25256, stack(0x000000b36c000000,0x000000b36c100000) (1024K)]
  0x000001bbfb610c20 WorkerThread "GC Thread#6"                     [id=5800, stack(0x000000b36c100000,0x000000b36c200000) (1024K)]
  0x000001bbfb610fd0 WorkerThread "GC Thread#7"                     [id=14800, stack(0x000000b36c200000,0x000000b36c300000) (1024K)]
  0x000001bbe09e13a0 ConcurrentGCThread "G1 Main Marker"            [id=27408, stack(0x000000b36a100000,0x000000b36a200000) (1024K)]
  0x000001bbe09e2cd0 WorkerThread "G1 Conc#0"                       [id=15484, stack(0x000000b36a200000,0x000000b36a300000) (1024K)]
  0x000001bbfe85d9f0 WorkerThread "G1 Conc#1"                       [id=25352, stack(0x000000b36c600000,0x000000b36c700000) (1024K)]
  0x000001bbf6b710a0 ConcurrentGCThread "G1 Refine#0"               [id=8552, stack(0x000000b36a300000,0x000000b36a400000) (1024K)]
  0x000001bbf6b71a30 ConcurrentGCThread "G1 Service"                [id=13684, stack(0x000000b36a400000,0x000000b36a500000) (1024K)]
Total: 15

Threads with active compile tasks:
Total: 0

VM state: not at safepoint (normal execution)

VM Mutex/Monitor currently owned by a thread:  ([mutex/lock_event])
[0x00007ffaf546d530] Metaspace_lock - owner thread: 0x000001bbfb5d52a0

Heap address: 0x00000000c0000000, size: 1024 MB, Compressed Oops mode: 32-bit

CDS archive(s) mapped at: [0x000001bb80000000-0x000001bb80ba0000-0x000001bb80ba0000), size 12189696, SharedBaseAddress: 0x000001bb80000000, ArchiveRelocationMode: 1.
Compressed class space mapped at: 0x000001bb81000000-0x000001bbc1000000, reserved size: 1073741824
Narrow klass base: 0x000001bb80000000, Narrow klass shift: 0, Narrow klass range: 0x100000000

GC Precious Log:
 CardTable entry size: 512
 Card Set container configuration: InlinePtr #cards 5 size 8 Array Of Cards #cards 12 size 40 Howl #buckets 4 coarsen threshold 1843 Howl Bitmap #cards 512 size 80 coarsen threshold 460 Card regions per heap region 1 cards per card region 2048
 CPUs: 8 total, 8 available
 Memory: 5965M
 Large Page Support: Disabled
 NUMA Support: Disabled
 Compressed Oops: Enabled (32-bit)
 Heap Region Size: 1M
 Heap Min Capacity: 8M
 Heap Initial Capacity: 94M
 Heap Max Capacity: 1G
 Pre-touch: Disabled
 Parallel Workers: 8
 Concurrent Workers: 2
 Concurrent Refinement Workers: 8
 Periodic GC: Disabled

Heap:
 garbage-first heap   total 145408K, used 98729K [0x00000000c0000000, 0x0000000100000000)
  region size 1024K, 17 young (17408K), 4 survivors (4096K)
 Metaspace       used 88963K, committed 91200K, reserved 1179648K
  class space    used 12562K, committed 13696K, reserved 1048576K

Heap Regions: E=young(eden), S=young(survivor), O=old, HS=humongous(starts), HC=humongous(continues), CS=collection set, F=free, TAMS=top-at-mark-start, PB=parsable bottom
|   0|0x00000000c0000000, 0x00000000c0100000, 0x00000000c0100000|100%|HS|  |TAMS 0x00000000c0000000| PB 0x00000000c0000000| Complete 
|   1|0x00000000c0100000, 0x00000000c0200000, 0x00000000c0200000|100%|HC|  |TAMS 0x00000000c0100000| PB 0x00000000c0100000| Complete 
|   2|0x00000000c0200000, 0x00000000c0300000, 0x00000000c0300000|100%|HC|  |TAMS 0x00000000c0200000| PB 0x00000000c0200000| Complete 
|   3|0x00000000c0300000, 0x00000000c0400000, 0x00000000c0400000|100%| O|  |TAMS 0x00000000c0300000| PB 0x00000000c0300000| Untracked 
|   4|0x00000000c0400000, 0x00000000c0500000, 0x00000000c0500000|100%| O|  |TAMS 0x00000000c0400000| PB 0x00000000c0400000| Untracked 
|   5|0x00000000c0500000, 0x00000000c0600000, 0x00000000c0600000|100%| O|  |TAMS 0x00000000c0500000| PB 0x00000000c0500000| Untracked 
|   6|0x00000000c0600000, 0x00000000c0700000, 0x00000000c0700000|100%|HS|  |TAMS 0x00000000c0600000| PB 0x00000000c0600000| Complete 
|   7|0x00000000c0700000, 0x00000000c0800000, 0x00000000c0800000|100%| O|  |TAMS 0x00000000c0700000| PB 0x00000000c0700000| Untracked 
|   8|0x00000000c0800000, 0x00000000c0900000, 0x00000000c0900000|100%| O|  |TAMS 0x00000000c0800000| PB 0x00000000c0800000| Untracked 
|   9|0x00000000c0900000, 0x00000000c0a00000, 0x00000000c0a00000|100%| O|  |TAMS 0x00000000c0900000| PB 0x00000000c0900000| Untracked 
|  10|0x00000000c0a00000, 0x00000000c0b00000, 0x00000000c0b00000|100%| O|  |TAMS 0x00000000c0a00000| PB 0x00000000c0a00000| Untracked 
|  11|0x00000000c0b00000, 0x00000000c0c00000, 0x00000000c0c00000|100%| O|  |TAMS 0x00000000c0b00000| PB 0x00000000c0b00000| Untracked 
|  12|0x00000000c0c00000, 0x00000000c0d00000, 0x00000000c0d00000|100%| O|  |TAMS 0x00000000c0c00000| PB 0x00000000c0c00000| Untracked 
|  13|0x00000000c0d00000, 0x00000000c0e00000, 0x00000000c0e00000|100%| O|  |TAMS 0x00000000c0d00000| PB 0x00000000c0d00000| Untracked 
|  14|0x00000000c0e00000, 0x00000000c0f00000, 0x00000000c0f00000|100%| O|  |TAMS 0x00000000c0e00000| PB 0x00000000c0e00000| Untracked 
|  15|0x00000000c0f00000, 0x00000000c1000000, 0x00000000c1000000|100%| O|  |TAMS 0x00000000c0f00000| PB 0x00000000c0f00000| Untracked 
|  16|0x00000000c1000000, 0x00000000c1100000, 0x00000000c1100000|100%| O|  |TAMS 0x00000000c1000000| PB 0x00000000c1000000| Untracked 
|  17|0x00000000c1100000, 0x00000000c1200000, 0x00000000c1200000|100%| O|  |TAMS 0x00000000c1100000| PB 0x00000000c1100000| Untracked 
|  18|0x00000000c1200000, 0x00000000c1300000, 0x00000000c1300000|100%| O|  |TAMS 0x00000000c1200000| PB 0x00000000c1200000| Untracked 
|  19|0x00000000c1300000, 0x00000000c1400000, 0x00000000c1400000|100%| O|  |TAMS 0x00000000c1300000| PB 0x00000000c1300000| Untracked 
|  20|0x00000000c1400000, 0x00000000c1500000, 0x00000000c1500000|100%| O|  |TAMS 0x00000000c1400000| PB 0x00000000c1400000| Untracked 
|  21|0x00000000c1500000, 0x00000000c1600000, 0x00000000c1600000|100%| O|  |TAMS 0x00000000c1500000| PB 0x00000000c1500000| Untracked 
|  22|0x00000000c1600000, 0x00000000c1700000, 0x00000000c1700000|100%| O|  |TAMS 0x00000000c1600000| PB 0x00000000c1600000| Untracked 
|  23|0x00000000c1700000, 0x00000000c1800000, 0x00000000c1800000|100%| O|  |TAMS 0x00000000c1700000| PB 0x00000000c1700000| Untracked 
|  24|0x00000000c1800000, 0x00000000c1900000, 0x00000000c1900000|100%| O|  |TAMS 0x00000000c1800000| PB 0x00000000c1800000| Untracked 
|  25|0x00000000c1900000, 0x00000000c1a00000, 0x00000000c1a00000|100%| O|  |TAMS 0x00000000c1900000| PB 0x00000000c1900000| Untracked 
|  26|0x00000000c1a00000, 0x00000000c1b00000, 0x00000000c1b00000|100%| O|  |TAMS 0x00000000c1a00000| PB 0x00000000c1a00000| Untracked 
|  27|0x00000000c1b00000, 0x00000000c1c00000, 0x00000000c1c00000|100%| O|  |TAMS 0x00000000c1b00000| PB 0x00000000c1b00000| Untracked 
|  28|0x00000000c1c00000, 0x00000000c1d00000, 0x00000000c1d00000|100%| O|  |TAMS 0x00000000c1c00000| PB 0x00000000c1c00000| Untracked 
|  29|0x00000000c1d00000, 0x00000000c1e00000, 0x00000000c1e00000|100%| O|  |TAMS 0x00000000c1d00000| PB 0x00000000c1d00000| Untracked 
|  30|0x00000000c1e00000, 0x00000000c1f00000, 0x00000000c1f00000|100%| O|  |TAMS 0x00000000c1e00000| PB 0x00000000c1e00000| Untracked 
|  31|0x00000000c1f00000, 0x00000000c2000000, 0x00000000c2000000|100%| O|  |TAMS 0x00000000c1f00000| PB 0x00000000c1f00000| Untracked 
|  32|0x00000000c2000000, 0x00000000c2100000, 0x00000000c2100000|100%| O|  |TAMS 0x00000000c2000000| PB 0x00000000c2000000| Untracked 
|  33|0x00000000c2100000, 0x00000000c2200000, 0x00000000c2200000|100%| O|  |TAMS 0x00000000c2100000| PB 0x00000000c2100000| Untracked 
|  34|0x00000000c2200000, 0x00000000c2300000, 0x00000000c2300000|100%| O|  |TAMS 0x00000000c2200000| PB 0x00000000c2200000| Untracked 
|  35|0x00000000c2300000, 0x00000000c2400000, 0x00000000c2400000|100%| O|  |TAMS 0x00000000c2300000| PB 0x00000000c2300000| Untracked 
|  36|0x00000000c2400000, 0x00000000c2500000, 0x00000000c2500000|100%| O|  |TAMS 0x00000000c2400000| PB 0x00000000c2400000| Untracked 
|  37|0x00000000c2500000, 0x00000000c2600000, 0x00000000c2600000|100%|HS|  |TAMS 0x00000000c2500000| PB 0x00000000c2500000| Complete 
|  38|0x00000000c2600000, 0x00000000c2700000, 0x00000000c2700000|100%| O|  |TAMS 0x00000000c2600000| PB 0x00000000c2600000| Untracked 
|  39|0x00000000c2700000, 0x00000000c2800000, 0x00000000c2800000|100%| O|  |TAMS 0x00000000c2700000| PB 0x00000000c2700000| Untracked 
|  40|0x00000000c2800000, 0x00000000c2900000, 0x00000000c2900000|100%| O|  |TAMS 0x00000000c2800000| PB 0x00000000c2800000| Untracked 
|  41|0x00000000c2900000, 0x00000000c2a00000, 0x00000000c2a00000|100%| O|  |TAMS 0x00000000c2900000| PB 0x00000000c2900000| Untracked 
|  42|0x00000000c2a00000, 0x00000000c2b00000, 0x00000000c2b00000|100%| O|  |TAMS 0x00000000c2a00000| PB 0x00000000c2a00000| Untracked 
|  43|0x00000000c2b00000, 0x00000000c2c00000, 0x00000000c2c00000|100%| O|  |TAMS 0x00000000c2b00000| PB 0x00000000c2b00000| Untracked 
|  44|0x00000000c2c00000, 0x00000000c2d00000, 0x00000000c2d00000|100%| O|  |TAMS 0x00000000c2c00000| PB 0x00000000c2c00000| Untracked 
|  45|0x00000000c2d00000, 0x00000000c2e00000, 0x00000000c2e00000|100%| O|  |TAMS 0x00000000c2d00000| PB 0x00000000c2d00000| Untracked 
|  46|0x00000000c2e00000, 0x00000000c2f00000, 0x00000000c2f00000|100%|HS|  |TAMS 0x00000000c2e00000| PB 0x00000000c2e00000| Complete 
|  47|0x00000000c2f00000, 0x00000000c3000000, 0x00000000c3000000|100%|HS|  |TAMS 0x00000000c2f00000| PB 0x00000000c2f00000| Complete 
|  48|0x00000000c3000000, 0x00000000c3100000, 0x00000000c3100000|100%|HC|  |TAMS 0x00000000c3000000| PB 0x00000000c3000000| Complete 
|  49|0x00000000c3100000, 0x00000000c3200000, 0x00000000c3200000|100%|HS|  |TAMS 0x00000000c3100000| PB 0x00000000c3100000| Complete 
|  50|0x00000000c3200000, 0x00000000c3300000, 0x00000000c3300000|100%|HS|  |TAMS 0x00000000c3200000| PB 0x00000000c3200000| Complete 
|  51|0x00000000c3300000, 0x00000000c3400000, 0x00000000c3400000|100%|HS|  |TAMS 0x00000000c3300000| PB 0x00000000c3300000| Complete 
|  52|0x00000000c3400000, 0x00000000c3500000, 0x00000000c3500000|100%|HS|  |TAMS 0x00000000c3400000| PB 0x00000000c3400000| Complete 
|  53|0x00000000c3500000, 0x00000000c3600000, 0x00000000c3600000|100%|HC|  |TAMS 0x00000000c3500000| PB 0x00000000c3500000| Complete 
|  54|0x00000000c3600000, 0x00000000c3700000, 0x00000000c3700000|100%|HS|  |TAMS 0x00000000c3600000| PB 0x00000000c3600000| Complete 
|  55|0x00000000c3700000, 0x00000000c3800000, 0x00000000c3800000|100%| O|  |TAMS 0x00000000c3700000| PB 0x00000000c3700000| Untracked 
|  56|0x00000000c3800000, 0x00000000c3900000, 0x00000000c3900000|100%| O|  |TAMS 0x00000000c3800000| PB 0x00000000c3800000| Untracked 
|  57|0x00000000c3900000, 0x00000000c3a00000, 0x00000000c3a00000|100%| O|  |TAMS 0x00000000c3900000| PB 0x00000000c3900000| Untracked 
|  58|0x00000000c3a00000, 0x00000000c3b00000, 0x00000000c3b00000|100%| O|  |TAMS 0x00000000c3a00000| PB 0x00000000c3a00000| Untracked 
|  59|0x00000000c3b00000, 0x00000000c3c00000, 0x00000000c3c00000|100%| O|  |TAMS 0x00000000c3b00000| PB 0x00000000c3b00000| Untracked 
|  60|0x00000000c3c00000, 0x00000000c3d00000, 0x00000000c3d00000|100%| O|  |TAMS 0x00000000c3c00000| PB 0x00000000c3c00000| Untracked 
|  61|0x00000000c3d00000, 0x00000000c3e00000, 0x00000000c3e00000|100%| O|  |TAMS 0x00000000c3d00000| PB 0x00000000c3d00000| Untracked 
|  62|0x00000000c3e00000, 0x00000000c3f00000, 0x00000000c3f00000|100%| O|  |TAMS 0x00000000c3e00000| PB 0x00000000c3e00000| Untracked 
|  63|0x00000000c3f00000, 0x00000000c4000000, 0x00000000c4000000|100%| O|  |TAMS 0x00000000c3f00000| PB 0x00000000c3f00000| Untracked 
|  64|0x00000000c4000000, 0x00000000c4100000, 0x00000000c4100000|100%| O|  |TAMS 0x00000000c4000000| PB 0x00000000c4000000| Untracked 
|  65|0x00000000c4100000, 0x00000000c4200000, 0x00000000c4200000|100%|HS|  |TAMS 0x00000000c4100000| PB 0x00000000c4100000| Complete 
|  66|0x00000000c4200000, 0x00000000c4300000, 0x00000000c4300000|100%| O|  |TAMS 0x00000000c4200000| PB 0x00000000c4200000| Untracked 
|  67|0x00000000c4300000, 0x00000000c4400000, 0x00000000c4400000|100%| O|  |TAMS 0x00000000c4300000| PB 0x00000000c4300000| Untracked 
|  68|0x00000000c4400000, 0x00000000c4500000, 0x00000000c4500000|100%| O|  |TAMS 0x00000000c4400000| PB 0x00000000c4400000| Untracked 
|  69|0x00000000c4500000, 0x00000000c4600000, 0x00000000c4600000|100%| O|  |TAMS 0x00000000c4500000| PB 0x00000000c4500000| Untracked 
|  70|0x00000000c4600000, 0x00000000c4694330, 0x00000000c4700000| 57%| O|  |TAMS 0x00000000c4600000| PB 0x00000000c4600000| Untracked 
|  71|0x00000000c4700000, 0x00000000c4800000, 0x00000000c4800000|100%| O|  |TAMS 0x00000000c4700000| PB 0x00000000c4700000| Untracked 
|  72|0x00000000c4800000, 0x00000000c4900000, 0x00000000c4900000|100%| O|  |TAMS 0x00000000c4800000| PB 0x00000000c4800000| Untracked 
|  73|0x00000000c4900000, 0x00000000c4a00000, 0x00000000c4a00000|100%| O|  |TAMS 0x00000000c4900000| PB 0x00000000c4900000| Untracked 
|  74|0x00000000c4a00000, 0x00000000c4b00000, 0x00000000c4b00000|100%| O|  |TAMS 0x00000000c4a00000| PB 0x00000000c4a00000| Untracked 
|  75|0x00000000c4b00000, 0x00000000c4c00000, 0x00000000c4c00000|100%| O|  |TAMS 0x00000000c4b00000| PB 0x00000000c4b00000| Untracked 
|  76|0x00000000c4c00000, 0x00000000c4d00000, 0x00000000c4d00000|100%| O|Cm|TAMS 0x00000000c4c00000| PB 0x00000000c4c00000| Complete 
|  77|0x00000000c4d00000, 0x00000000c4d00000, 0x00000000c4e00000|  0%| F|  |TAMS 0x00000000c4d00000| PB 0x00000000c4d00000| Untracked 
|  78|0x00000000c4e00000, 0x00000000c4e00000, 0x00000000c4f00000|  0%| F|  |TAMS 0x00000000c4e00000| PB 0x00000000c4e00000| Untracked 
|  79|0x00000000c4f00000, 0x00000000c4f00000, 0x00000000c5000000|  0%| F|  |TAMS 0x00000000c4f00000| PB 0x00000000c4f00000| Untracked 
|  80|0x00000000c5000000, 0x00000000c5100000, 0x00000000c5100000|100%| O|Cm|TAMS 0x00000000c5000000| PB 0x00000000c5000000| Complete 
|  81|0x00000000c5100000, 0x00000000c5100000, 0x00000000c5200000|  0%| F|  |TAMS 0x00000000c5100000| PB 0x00000000c5100000| Untracked 
|  82|0x00000000c5200000, 0x00000000c5200000, 0x00000000c5300000|  0%| F|  |TAMS 0x00000000c5200000| PB 0x00000000c5200000| Untracked 
|  83|0x00000000c5300000, 0x00000000c5300000, 0x00000000c5400000|  0%| F|  |TAMS 0x00000000c5300000| PB 0x00000000c5300000| Untracked 
|  84|0x00000000c5400000, 0x00000000c5400000, 0x00000000c5500000|  0%| F|  |TAMS 0x00000000c5400000| PB 0x00000000c5400000| Untracked 
|  85|0x00000000c5500000, 0x00000000c5500000, 0x00000000c5600000|  0%| F|  |TAMS 0x00000000c5500000| PB 0x00000000c5500000| Untracked 
|  86|0x00000000c5600000, 0x00000000c56d63a8, 0x00000000c5700000| 83%| S|CS|TAMS 0x00000000c5600000| PB 0x00000000c5600000| Complete 
|  87|0x00000000c5700000, 0x00000000c5800000, 0x00000000c5800000|100%| S|CS|TAMS 0x00000000c5700000| PB 0x00000000c5700000| Complete 
|  88|0x00000000c5800000, 0x00000000c5900000, 0x00000000c5900000|100%| S|CS|TAMS 0x00000000c5800000| PB 0x00000000c5800000| Complete 
|  89|0x00000000c5900000, 0x00000000c5a00000, 0x00000000c5a00000|100%| S|CS|TAMS 0x00000000c5900000| PB 0x00000000c5900000| Complete 
|  90|0x00000000c5a00000, 0x00000000c5a00000, 0x00000000c5b00000|  0%| F|  |TAMS 0x00000000c5a00000| PB 0x00000000c5a00000| Untracked 
|  91|0x00000000c5b00000, 0x00000000c5b00000, 0x00000000c5c00000|  0%| F|  |TAMS 0x00000000c5b00000| PB 0x00000000c5b00000| Untracked 
|  92|0x00000000c5c00000, 0x00000000c5c00000, 0x00000000c5d00000|  0%| F|  |TAMS 0x00000000c5c00000| PB 0x00000000c5c00000| Untracked 
|  93|0x00000000c5d00000, 0x00000000c5d00000, 0x00000000c5e00000|  0%| F|  |TAMS 0x00000000c5d00000| PB 0x00000000c5d00000| Untracked 
|  94|0x00000000c5e00000, 0x00000000c5e00000, 0x00000000c5f00000|  0%| F|  |TAMS 0x00000000c5e00000| PB 0x00000000c5e00000| Untracked 
|  95|0x00000000c5f00000, 0x00000000c5f00000, 0x00000000c6000000|  0%| F|  |TAMS 0x00000000c5f00000| PB 0x00000000c5f00000| Untracked 
|  96|0x00000000c6000000, 0x00000000c6000000, 0x00000000c6100000|  0%| F|  |TAMS 0x00000000c6000000| PB 0x00000000c6000000| Untracked 
|  97|0x00000000c6100000, 0x00000000c6100000, 0x00000000c6200000|  0%| F|  |TAMS 0x00000000c6100000| PB 0x00000000c6100000| Untracked 
|  98|0x00000000c6200000, 0x00000000c6200000, 0x00000000c6300000|  0%| F|  |TAMS 0x00000000c6200000| PB 0x00000000c6200000| Untracked 
|  99|0x00000000c6300000, 0x00000000c6300000, 0x00000000c6400000|  0%| F|  |TAMS 0x00000000c6300000| PB 0x00000000c6300000| Untracked 
| 100|0x00000000c6400000, 0x00000000c6400000, 0x00000000c6500000|  0%| F|  |TAMS 0x00000000c6400000| PB 0x00000000c6400000| Untracked 
| 101|0x00000000c6500000, 0x00000000c6500000, 0x00000000c6600000|  0%| F|  |TAMS 0x00000000c6500000| PB 0x00000000c6500000| Untracked 
| 102|0x00000000c6600000, 0x00000000c6600000, 0x00000000c6700000|  0%| F|  |TAMS 0x00000000c6600000| PB 0x00000000c6600000| Untracked 
| 103|0x00000000c6700000, 0x00000000c6700000, 0x00000000c6800000|  0%| F|  |TAMS 0x00000000c6700000| PB 0x00000000c6700000| Untracked 
| 104|0x00000000c6800000, 0x00000000c6800000, 0x00000000c6900000|  0%| F|  |TAMS 0x00000000c6800000| PB 0x00000000c6800000| Untracked 
| 105|0x00000000c6900000, 0x00000000c6900000, 0x00000000c6a00000|  0%| F|  |TAMS 0x00000000c6900000| PB 0x00000000c6900000| Untracked 
| 106|0x00000000c6a00000, 0x00000000c6a00000, 0x00000000c6b00000|  0%| F|  |TAMS 0x00000000c6a00000| PB 0x00000000c6a00000| Untracked 
| 107|0x00000000c6b00000, 0x00000000c6b00000, 0x00000000c6c00000|  0%| F|  |TAMS 0x00000000c6b00000| PB 0x00000000c6b00000| Untracked 
| 108|0x00000000c6c00000, 0x00000000c6c00000, 0x00000000c6d00000|  0%| F|  |TAMS 0x00000000c6c00000| PB 0x00000000c6c00000| Untracked 
| 109|0x00000000c6d00000, 0x00000000c6d00000, 0x00000000c6e00000|  0%| F|  |TAMS 0x00000000c6d00000| PB 0x00000000c6d00000| Untracked 
| 110|0x00000000c6e00000, 0x00000000c6e00000, 0x00000000c6f00000|  0%| F|  |TAMS 0x00000000c6e00000| PB 0x00000000c6e00000| Untracked 
| 111|0x00000000c6f00000, 0x00000000c6f00000, 0x00000000c7000000|  0%| F|  |TAMS 0x00000000c6f00000| PB 0x00000000c6f00000| Untracked 
| 112|0x00000000c7000000, 0x00000000c7000000, 0x00000000c7100000|  0%| F|  |TAMS 0x00000000c7000000| PB 0x00000000c7000000| Untracked 
| 113|0x00000000c7100000, 0x00000000c7100000, 0x00000000c7200000|  0%| F|  |TAMS 0x00000000c7100000| PB 0x00000000c7100000| Untracked 
| 114|0x00000000c7200000, 0x00000000c7200000, 0x00000000c7300000|  0%| F|  |TAMS 0x00000000c7200000| PB 0x00000000c7200000| Untracked 
| 115|0x00000000c7300000, 0x00000000c7300000, 0x00000000c7400000|  0%| F|  |TAMS 0x00000000c7300000| PB 0x00000000c7300000| Untracked 
| 116|0x00000000c7400000, 0x00000000c7400000, 0x00000000c7500000|  0%| F|  |TAMS 0x00000000c7400000| PB 0x00000000c7400000| Untracked 
| 117|0x00000000c7500000, 0x00000000c7500000, 0x00000000c7600000|  0%| F|  |TAMS 0x00000000c7500000| PB 0x00000000c7500000| Untracked 
| 118|0x00000000c7600000, 0x00000000c7600000, 0x00000000c7700000|  0%| F|  |TAMS 0x00000000c7600000| PB 0x00000000c7600000| Untracked 
| 119|0x00000000c7700000, 0x00000000c7700000, 0x00000000c7800000|  0%| F|  |TAMS 0x00000000c7700000| PB 0x00000000c7700000| Untracked 
| 120|0x00000000c7800000, 0x00000000c7800000, 0x00000000c7900000|  0%| F|  |TAMS 0x00000000c7800000| PB 0x00000000c7800000| Untracked 
| 121|0x00000000c7900000, 0x00000000c7900000, 0x00000000c7a00000|  0%| F|  |TAMS 0x00000000c7900000| PB 0x00000000c7900000| Untracked 
| 122|0x00000000c7a00000, 0x00000000c7a00000, 0x00000000c7b00000|  0%| F|  |TAMS 0x00000000c7a00000| PB 0x00000000c7a00000| Untracked 
| 123|0x00000000c7b00000, 0x00000000c7b00000, 0x00000000c7c00000|  0%| F|  |TAMS 0x00000000c7b00000| PB 0x00000000c7b00000| Untracked 
| 124|0x00000000c7c00000, 0x00000000c7c00000, 0x00000000c7d00000|  0%| F|  |TAMS 0x00000000c7c00000| PB 0x00000000c7c00000| Untracked 
| 125|0x00000000c7d00000, 0x00000000c7d00000, 0x00000000c7e00000|  0%| F|  |TAMS 0x00000000c7d00000| PB 0x00000000c7d00000| Untracked 
| 126|0x00000000c7e00000, 0x00000000c7e06e38, 0x00000000c7f00000|  2%| E|  |TAMS 0x00000000c7e00000| PB 0x00000000c7e00000| Complete 
| 127|0x00000000c7f00000, 0x00000000c8000000, 0x00000000c8000000|100%| E|CS|TAMS 0x00000000c7f00000| PB 0x00000000c7f00000| Complete 
| 128|0x00000000c8000000, 0x00000000c8100000, 0x00000000c8100000|100%| E|CS|TAMS 0x00000000c8000000| PB 0x00000000c8000000| Complete 
| 129|0x00000000c8100000, 0x00000000c8200000, 0x00000000c8200000|100%| E|CS|TAMS 0x00000000c8100000| PB 0x00000000c8100000| Complete 
| 130|0x00000000c8200000, 0x00000000c8300000, 0x00000000c8300000|100%| E|CS|TAMS 0x00000000c8200000| PB 0x00000000c8200000| Complete 
| 131|0x00000000c8300000, 0x00000000c8400000, 0x00000000c8400000|100%| E|CS|TAMS 0x00000000c8300000| PB 0x00000000c8300000| Complete 
| 132|0x00000000c8400000, 0x00000000c8500000, 0x00000000c8500000|100%| E|CS|TAMS 0x00000000c8400000| PB 0x00000000c8400000| Complete 
| 133|0x00000000c8500000, 0x00000000c8600000, 0x00000000c8600000|100%| E|CS|TAMS 0x00000000c8500000| PB 0x00000000c8500000| Complete 
| 134|0x00000000c8600000, 0x00000000c8700000, 0x00000000c8700000|100%| E|CS|TAMS 0x00000000c8600000| PB 0x00000000c8600000| Complete 
| 135|0x00000000c8700000, 0x00000000c8800000, 0x00000000c8800000|100%| E|CS|TAMS 0x00000000c8700000| PB 0x00000000c8700000| Complete 
| 136|0x00000000c8800000, 0x00000000c8900000, 0x00000000c8900000|100%| E|CS|TAMS 0x00000000c8800000| PB 0x00000000c8800000| Complete 
| 137|0x00000000c8900000, 0x00000000c8a00000, 0x00000000c8a00000|100%| E|CS|TAMS 0x00000000c8900000| PB 0x00000000c8900000| Complete 
| 138|0x00000000c8a00000, 0x00000000c8b00000, 0x00000000c8b00000|100%| E|CS|TAMS 0x00000000c8a00000| PB 0x00000000c8a00000| Complete 
|1021|0x00000000ffd00000, 0x00000000ffe00000, 0x00000000ffe00000|100%| O|  |TAMS 0x00000000ffd00000| PB 0x00000000ffd00000| Untracked 
|1022|0x00000000ffe00000, 0x00000000fff00000, 0x00000000fff00000|100%| O|  |TAMS 0x00000000ffe00000| PB 0x00000000ffe00000| Untracked 
|1023|0x00000000fff00000, 0x0000000100000000, 0x0000000100000000|100%| O|  |TAMS 0x00000000fff00000| PB 0x00000000fff00000| Untracked 

Card table byte_map: [0x000001bbf30e0000,0x000001bbf32e0000] _byte_map_base: 0x000001bbf2ae0000

Marking Bits: (CMBitMap*) 0x000001bbe09d8ac0
 Bits: [0x000001bbf32e0000, 0x000001bbf42e0000)

Polling page: 0x000001bbdea00000

Metaspace:

Usage:
  Non-class:     74.61 MB used.
      Class:     12.27 MB used.
       Both:     86.88 MB used.

Virtual space:
  Non-class space:      128.00 MB reserved,      75.69 MB ( 59%) committed,  2 nodes.
      Class space:        1.00 GB reserved,      13.38 MB (  1%) committed,  1 nodes.
             Both:        1.12 GB reserved,      89.06 MB (  8%) committed. 

Chunk freelists:
   Non-Class:  4.11 MB
       Class:  2.59 MB
        Both:  6.70 MB

MaxMetaspaceSize: unlimited
CompressedClassSpaceSize: 1.00 GB
Initial GC threshold: 21.00 MB
Current GC threshold: 147.62 MB
CDS: on
 - commit_granule_bytes: 65536.
 - commit_granule_words: 8192.
 - virtual_space_node_default_size: 8388608.
 - enlarge_chunks_in_place: 1.
 - use_allocation_guard: 0.


Internal statistics:

num_allocs_failed_limit: 6.
num_arena_births: 4076.
num_arena_deaths: 0.
num_vsnodes_births: 3.
num_vsnodes_deaths: 0.
num_space_committed: 1425.
num_space_uncommitted: 0.
num_chunks_returned_to_freelist: 6.
num_chunks_taken_from_freelist: 8282.
num_chunk_merges: 6.
num_chunk_splits: 5374.
num_chunks_enlarged: 3307.
num_inconsistent_stats: 0.

CodeHeap 'non-profiled nmethods': size=120000Kb used=5852Kb max_used=5910Kb free=114147Kb
 bounds [0x000001bbeb670000, 0x000001bbebc40000, 0x000001bbf2ba0000]
CodeHeap 'profiled nmethods': size=120000Kb used=18761Kb max_used=19090Kb free=101238Kb
 bounds [0x000001bbe3ba0000, 0x000001bbe4e50000, 0x000001bbeb0d0000]
CodeHeap 'non-nmethods': size=5760Kb used=2749Kb max_used=2770Kb free=3010Kb
 bounds [0x000001bbeb0d0000, 0x000001bbeb390000, 0x000001bbeb670000]
CodeCache: size=245760Kb, used=27362Kb, max_used=27770Kb, free=218395Kb
 total_blobs=11065, nmethods=10058, adapters=911, full_count=0
Compilation: enabled, stopped_count=0, restarted_count=0

Compilation events (20 events):
Event: 248.948 Thread 0x000001bbf6cd1c20 11908       4       org.gradle.launcher.daemon.registry.DaemonRegistryContent::access$400 (4 bytes)
Event: 248.948 Thread 0x000001bbf6cd1c20 nmethod 11908 0x000001bbeb7ea390 code [0x000001bbeb7ea520, 0x000001bbeb7ea590]
Event: 251.468 Thread 0x000001bbf6d40a30 11909       1       org.jetbrains.kotlin.gradle.plugin.mpp.AbstractKotlinTarget::getProject (5 bytes)
Event: 251.469 Thread 0x000001bbf6d40a30 nmethod 11909 0x000001bbeb7ea090 code [0x000001bbeb7ea220, 0x000001bbeb7ea2e8]
Event: 251.629 Thread 0x000001bbf6d40a30 11910       3       kotlin.collections.CollectionsKt___CollectionsKt::last (75 bytes)
Event: 251.630 Thread 0x000001bbf6d40a30 nmethod 11910 0x000001bbe45f4f10 code [0x000001bbe45f51e0, 0x000001bbe45f5fb0]
Event: 251.653 Thread 0x000001bbf6d40a30 11911       3       org.gradle.api.internal.artifacts.configurations.DefaultDependencyScopeConfiguration_Decorated::getName (40 bytes)
Event: 251.654 Thread 0x000001bbf6d40a30 nmethod 11911 0x000001bbe40d7510 code [0x000001bbe40d76e0, 0x000001bbe40d7a90]
Event: 251.884 Thread 0x000001bbf6d40a30 11912       3       org.gradle.api.internal.artifacts.configurations.DefaultConfiguration::extendsFrom (304 bytes)
Event: 251.891 Thread 0x000001bbf6d40a30 nmethod 11912 0x000001bbe470da10 code [0x000001bbe470e060, 0x000001bbe4711a00]
Event: 252.132 Thread 0x000001bbf6d40a30 11913       3       org.gradle.internal.deprecation.DeprecationTimeline::<init> (20 bytes)
Event: 252.133 Thread 0x000001bbf6d40a30 nmethod 11913 0x000001bbe47a9e10 code [0x000001bbe47a9fc0, 0x000001bbe47aa240]
Event: 252.182 Thread 0x000001bbf6cd1c20 11914       4       org.gradle.internal.operations.BuildOperationDescriptor::<init> (18 bytes)
Event: 252.197 Thread 0x000001bbf6cd1c20 nmethod 11914 0x000001bbeb889090 code [0x000001bbeb889240, 0x000001bbeb8899b8]
Event: 252.256 Thread 0x000001bbf6d40a30 11915       3       org.jetbrains.kotlin.gradle.utils.StringUtilsKt$lowerCamelCaseName$1::invoke (9 bytes)
Event: 252.257 Thread 0x000001bbf6d40a30 nmethod 11915 0x000001bbe3f76210 code [0x000001bbe3f76440, 0x000001bbe3f76b78]
Event: 252.257 Thread 0x000001bbf6d40a30 11916       3       org.jetbrains.kotlin.gradle.utils.StringUtilsKt$lowerCamelCaseName$1::invoke (11 bytes)
Event: 252.257 Thread 0x000001bbf6d40a30 nmethod 11916 0x000001bbe3fb0610 code [0x000001bbe3fb0840, 0x000001bbe3fb0e10]
Event: 252.257 Thread 0x000001bbf6d40a30 11917       3       org.jetbrains.kotlin.util.capitalizeDecapitalize.CapitalizeDecapitalizeKt::capitalizeAsciiOnly (113 bytes)
Event: 252.259 Thread 0x000001bbf6d40a30 nmethod 11917 0x000001bbe3beab90 code [0x000001bbe3beaf00, 0x000001bbe3bec2f0]

GC Heap History (20 events):
Event: 80.393 GC heap before
{Heap before GC invocations=27 (full 0):
 garbage-first heap   total 109568K, used 84485K [0x00000000c0000000, 0x0000000100000000)
  region size 1024K, 22 young (22528K), 3 survivors (3072K)
 Metaspace       used 64387K, committed 66368K, reserved 1114112K
  class space    used 9068K, committed 10048K, reserved 1048576K
}
Event: 80.401 GC heap after
{Heap after GC invocations=28 (full 0):
 garbage-first heap   total 109568K, used 68332K [0x00000000c0000000, 0x0000000100000000)
  region size 1024K, 5 young (5120K), 5 survivors (5120K)
 Metaspace       used 64387K, committed 66368K, reserved 1114112K
  class space    used 9068K, committed 10048K, reserved 1048576K
}
Event: 82.362 GC heap before
{Heap before GC invocations=29 (full 0):
 garbage-first heap   total 122880K, used 106220K [0x00000000c0000000, 0x0000000100000000)
  region size 1024K, 36 young (36864K), 5 survivors (5120K)
 Metaspace       used 66044K, committed 68032K, reserved 1114112K
  class space    used 9304K, committed 10304K, reserved 1048576K
}
Event: 82.378 GC heap after
{Heap after GC invocations=30 (full 0):
 garbage-first heap   total 122880K, used 72532K [0x00000000c0000000, 0x0000000100000000)
  region size 1024K, 5 young (5120K), 5 survivors (5120K)
 Metaspace       used 66044K, committed 68032K, reserved 1114112K
  class space    used 9304K, committed 10304K, reserved 1048576K
}
Event: 85.955 GC heap before
{Heap before GC invocations=30 (full 0):
 garbage-first heap   total 122880K, used 108372K [0x00000000c0000000, 0x0000000100000000)
  region size 1024K, 40 young (40960K), 5 survivors (5120K)
 Metaspace       used 68761K, committed 70848K, reserved 1114112K
  class space    used 9649K, committed 10688K, reserved 1048576K
}
Event: 85.963 GC heap after
{Heap after GC invocations=31 (full 0):
 garbage-first heap   total 122880K, used 74527K [0x00000000c0000000, 0x0000000100000000)
  region size 1024K, 3 young (3072K), 3 survivors (3072K)
 Metaspace       used 68761K, committed 70848K, reserved 1114112K
  class space    used 9649K, committed 10688K, reserved 1048576K
}
Event: 91.559 GC heap before
{Heap before GC invocations=31 (full 0):
 garbage-first heap   total 122880K, used 109343K [0x00000000c0000000, 0x0000000100000000)
  region size 1024K, 37 young (37888K), 3 survivors (3072K)
 Metaspace       used 72777K, committed 74816K, reserved 1114112K
  class space    used 10213K, committed 11200K, reserved 1048576K
}
Event: 91.565 GC heap after
{Heap after GC invocations=32 (full 0):
 garbage-first heap   total 122880K, used 75976K [0x00000000c0000000, 0x0000000100000000)
  region size 1024K, 4 young (4096K), 4 survivors (4096K)
 Metaspace       used 72777K, committed 74816K, reserved 1114112K
  class space    used 10213K, committed 11200K, reserved 1048576K
}
Event: 98.645 GC heap before
{Heap before GC invocations=33 (full 0):
 garbage-first heap   total 128000K, used 111816K [0x00000000c0000000, 0x0000000100000000)
  region size 1024K, 39 young (39936K), 4 survivors (4096K)
 Metaspace       used 75401K, committed 77440K, reserved 1179648K
  class space    used 10569K, committed 11584K, reserved 1048576K
}
Event: 98.658 GC heap after
{Heap after GC invocations=34 (full 0):
 garbage-first heap   total 128000K, used 77245K [0x00000000c0000000, 0x0000000100000000)
  region size 1024K, 4 young (4096K), 4 survivors (4096K)
 Metaspace       used 75401K, committed 77440K, reserved 1179648K
  class space    used 10569K, committed 11584K, reserved 1048576K
}
Event: 137.530 GC heap before
{Heap before GC invocations=34 (full 0):
 garbage-first heap   total 128000K, used 116157K [0x00000000c0000000, 0x0000000100000000)
  region size 1024K, 42 young (43008K), 4 survivors (4096K)
 Metaspace       used 76748K, committed 78848K, reserved 1179648K
  class space    used 10767K, committed 11840K, reserved 1048576K
}
Event: 137.594 GC heap after
{Heap after GC invocations=35 (full 0):
 garbage-first heap   total 128000K, used 80896K [0x00000000c0000000, 0x0000000100000000)
  region size 1024K, 6 young (6144K), 6 survivors (6144K)
 Metaspace       used 76748K, committed 78848K, reserved 1179648K
  class space    used 10767K, committed 11840K, reserved 1048576K
}
Event: 152.698 GC heap before
{Heap before GC invocations=35 (full 0):
 garbage-first heap   total 128000K, used 117760K [0x00000000c0000000, 0x0000000100000000)
  region size 1024K, 42 young (43008K), 6 survivors (6144K)
 Metaspace       used 79727K, committed 81856K, reserved 1179648K
  class space    used 11109K, committed 12160K, reserved 1048576K
}
Event: 152.742 GC heap after
{Heap after GC invocations=36 (full 0):
 garbage-first heap   total 128000K, used 82149K [0x00000000c0000000, 0x0000000100000000)
  region size 1024K, 3 young (3072K), 3 survivors (3072K)
 Metaspace       used 79727K, committed 81856K, reserved 1179648K
  class space    used 11109K, committed 12160K, reserved 1048576K
}
Event: 163.333 GC heap before
{Heap before GC invocations=37 (full 0):
 garbage-first heap   total 138240K, used 117989K [0x00000000c0000000, 0x0000000100000000)
  region size 1024K, 38 young (38912K), 3 survivors (3072K)
 Metaspace       used 82431K, committed 84608K, reserved 1179648K
  class space    used 11520K, committed 12608K, reserved 1048576K
}
Event: 163.348 GC heap after
{Heap after GC invocations=38 (full 0):
 garbage-first heap   total 138240K, used 83402K [0x00000000c0000000, 0x0000000100000000)
  region size 1024K, 4 young (4096K), 4 survivors (4096K)
 Metaspace       used 82431K, committed 84608K, reserved 1179648K
  class space    used 11520K, committed 12608K, reserved 1048576K
}
Event: 201.138 GC heap before
{Heap before GC invocations=38 (full 0):
 garbage-first heap   total 138240K, used 126410K [0x00000000c0000000, 0x0000000100000000)
  region size 1024K, 46 young (47104K), 4 survivors (4096K)
 Metaspace       used 85923K, committed 88128K, reserved 1179648K
  class space    used 12150K, committed 13248K, reserved 1048576K
}
Event: 201.211 GC heap after
{Heap after GC invocations=39 (full 0):
 garbage-first heap   total 138240K, used 84877K [0x00000000c0000000, 0x0000000100000000)
  region size 1024K, 4 young (4096K), 4 survivors (4096K)
 Metaspace       used 85923K, committed 88128K, reserved 1179648K
  class space    used 12150K, committed 13248K, reserved 1048576K
}
Event: 243.681 GC heap before
{Heap before GC invocations=39 (full 0):
 garbage-first heap   total 138240K, used 127885K [0x00000000c0000000, 0x0000000100000000)
  region size 1024K, 46 young (47104K), 4 survivors (4096K)
 Metaspace       used 88442K, committed 90688K, reserved 1179648K
  class space    used 12444K, committed 13568K, reserved 1048576K
}
Event: 243.848 GC heap after
{Heap after GC invocations=40 (full 0):
 garbage-first heap   total 138240K, used 86441K [0x00000000c0000000, 0x0000000100000000)
  region size 1024K, 4 young (4096K), 4 survivors (4096K)
 Metaspace       used 88442K, committed 90688K, reserved 1179648K
  class space    used 12444K, committed 13568K, reserved 1048576K
}

Dll operation events (20 events):
Event: 0.300 Attempting to load shared library C:\Users\LENOVO\.antigravity-ide\extensions\redhat.java-1.56.0-win32-x64\jre\21.0.12.1-win32-x86_64\bin\nio.dll
Event: 0.301 Loaded shared library C:\Users\LENOVO\.antigravity-ide\extensions\redhat.java-1.56.0-win32-x64\jre\21.0.12.1-win32-x86_64\bin\nio.dll
Event: 0.307 Attempting to load shared library C:\Users\LENOVO\.antigravity-ide\extensions\redhat.java-1.56.0-win32-x64\jre\21.0.12.1-win32-x86_64\bin\zip.dll
Event: 0.307 Loaded shared library C:\Users\LENOVO\.antigravity-ide\extensions\redhat.java-1.56.0-win32-x64\jre\21.0.12.1-win32-x86_64\bin\zip.dll
Event: 1.038 Attempting to load shared library C:\Users\LENOVO\.antigravity-ide\extensions\redhat.java-1.56.0-win32-x64\jre\21.0.12.1-win32-x86_64\bin\jimage.dll
Event: 1.038 Loaded shared library C:\Users\LENOVO\.antigravity-ide\extensions\redhat.java-1.56.0-win32-x64\jre\21.0.12.1-win32-x86_64\bin\jimage.dll
Event: 1.503 Attempting to load shared library C:\Users\LENOVO\.antigravity-ide\extensions\redhat.java-1.56.0-win32-x64\jre\21.0.12.1-win32-x86_64\bin\verify.dll
Event: 1.505 Loaded shared library C:\Users\LENOVO\.antigravity-ide\extensions\redhat.java-1.56.0-win32-x64\jre\21.0.12.1-win32-x86_64\bin\verify.dll
Event: 1.905 Attempting to load shared library C:\Users\LENOVO\.gradle\native\1def1411415f61bf3af743bc5b6707747c0891f09f0c88961ee8f79bc544acac\windows-amd64\native-platform.dll
Event: 1.906 Loaded shared library C:\Users\LENOVO\.gradle\native\1def1411415f61bf3af743bc5b6707747c0891f09f0c88961ee8f79bc544acac\windows-amd64\native-platform.dll
Event: 2.001 Attempting to load shared library C:\Users\LENOVO\.gradle\native\0.2.7\x86_64-windows-gnu\gradle-fileevents.dll
Event: 2.002 Loaded shared library C:\Users\LENOVO\.gradle\native\0.2.7\x86_64-windows-gnu\gradle-fileevents.dll
Event: 6.672 Attempting to load shared library C:\Users\LENOVO\.antigravity-ide\extensions\redhat.java-1.56.0-win32-x64\jre\21.0.12.1-win32-x86_64\bin\management.dll
Event: 6.676 Loaded shared library C:\Users\LENOVO\.antigravity-ide\extensions\redhat.java-1.56.0-win32-x64\jre\21.0.12.1-win32-x86_64\bin\management.dll
Event: 6.685 Attempting to load shared library C:\Users\LENOVO\.antigravity-ide\extensions\redhat.java-1.56.0-win32-x64\jre\21.0.12.1-win32-x86_64\bin\management_ext.dll
Event: 6.688 Loaded shared library C:\Users\LENOVO\.antigravity-ide\extensions\redhat.java-1.56.0-win32-x64\jre\21.0.12.1-win32-x86_64\bin\management_ext.dll
Event: 7.402 Attempting to load shared library C:\Users\LENOVO\.antigravity-ide\extensions\redhat.java-1.56.0-win32-x64\jre\21.0.12.1-win32-x86_64\bin\extnet.dll
Event: 7.407 Loaded shared library C:\Users\LENOVO\.antigravity-ide\extensions\redhat.java-1.56.0-win32-x64\jre\21.0.12.1-win32-x86_64\bin\extnet.dll
Event: 8.566 Attempting to load shared library C:\Users\LENOVO\.antigravity-ide\extensions\redhat.java-1.56.0-win32-x64\jre\21.0.12.1-win32-x86_64\bin\sunmscapi.dll
Event: 8.576 Loaded shared library C:\Users\LENOVO\.antigravity-ide\extensions\redhat.java-1.56.0-win32-x64\jre\21.0.12.1-win32-x86_64\bin\sunmscapi.dll

Deoptimization events (20 events):
Event: 213.328 Thread 0x000001bbfb5d52a0 DEOPT PACKING pc=0x000001bbeb7a328c sp=0x000000b36bbf7f70
Event: 213.328 Thread 0x000001bbfb5d52a0 DEOPT UNPACKING pc=0x000001bbeb124422 sp=0x000000b36bbf7f10 mode 2
Event: 213.387 Thread 0x000001bbfb5d52a0 Uncommon trap: trap_request=0xffffff45 fr.pc=0x000001bbebbb8b94 relative=0x0000000000000374
Event: 213.387 Thread 0x000001bbfb5d52a0 Uncommon trap: reason=unstable_if action=reinterpret pc=0x000001bbebbb8b94 method=com.google.gson.stream.JsonReader.doPeek()I @ 528 c2
Event: 213.387 Thread 0x000001bbfb5d52a0 DEOPT PACKING pc=0x000001bbebbb8b94 sp=0x000000b36bbf8480
Event: 213.387 Thread 0x000001bbfb5d52a0 DEOPT UNPACKING pc=0x000001bbeb124422 sp=0x000000b36bbf8400 mode 2
Event: 230.838 Thread 0x000001bbfb5d52a0 Uncommon trap: trap_request=0xffffff45 fr.pc=0x000001bbebbdfa58 relative=0x00000000000002f8
Event: 230.842 Thread 0x000001bbfb5d52a0 Uncommon trap: reason=unstable_if action=reinterpret pc=0x000001bbebbdfa58 method=java.util.StringTokenizer.scanToken(I)I @ 42 c2
Event: 230.842 Thread 0x000001bbfb5d52a0 DEOPT PACKING pc=0x000001bbebbdfa58 sp=0x000000b36bbf88d0
Event: 230.842 Thread 0x000001bbfb5d52a0 DEOPT UNPACKING pc=0x000001bbeb124422 sp=0x000000b36bbf8860 mode 2
Event: 238.903 Thread 0x000001bbfb5d52a0 Uncommon trap: trap_request=0xffffff45 fr.pc=0x000001bbeb79e5c0 relative=0x00000000000000a0
Event: 238.903 Thread 0x000001bbfb5d52a0 Uncommon trap: reason=unstable_if action=reinterpret pc=0x000001bbeb79e5c0 method=java.lang.invoke.LambdaForm$BasicType.basicType(C)Ljava/lang/invoke/LambdaForm$BasicType; @ 1 c2
Event: 238.903 Thread 0x000001bbfb5d52a0 DEOPT PACKING pc=0x000001bbeb79e5c0 sp=0x000000b36bbf7b00
Event: 238.903 Thread 0x000001bbfb5d52a0 DEOPT UNPACKING pc=0x000001bbeb124422 sp=0x000000b36bbf7a98 mode 2
Event: 241.347 Thread 0x000001bbfb5d52a0 Uncommon trap: trap_request=0xffffff45 fr.pc=0x000001bbebbd8c80 relative=0x0000000000000060
Event: 241.347 Thread 0x000001bbfb5d52a0 Uncommon trap: reason=unstable_if action=reinterpret pc=0x000001bbebbd8c80 method=java.lang.StringConcatHelper.stringOf(Ljava/lang/Object;)Ljava/lang/String; @ 1 c2
Event: 241.347 Thread 0x000001bbfb5d52a0 DEOPT PACKING pc=0x000001bbebbd8c80 sp=0x000000b36bbf8970
Event: 241.347 Thread 0x000001bbfb5d52a0 DEOPT UNPACKING pc=0x000001bbeb124422 sp=0x000000b36bbf8900 mode 2
Event: 244.115 Thread 0x000001bbfb5d52a0 DEOPT PACKING pc=0x000001bbe4d469a7 sp=0x000000b36bbf7e60
Event: 244.115 Thread 0x000001bbfb5d52a0 DEOPT UNPACKING pc=0x000001bbeb124bc2 sp=0x000000b36bbf7320 mode 0

Classes loaded (20 events):
Event: 143.409 Loading class java/io/CharArrayReader
Event: 143.409 Loading class java/io/CharArrayReader done
Event: 159.098 Loading class java/util/concurrent/atomic/AtomicIntegerArray
Event: 159.124 Loading class java/util/concurrent/atomic/AtomicIntegerArray done
Event: 159.169 Loading class java/util/Currency
Event: 159.174 Loading class java/util/Currency done
Event: 159.284 Loading class java/util/concurrent/atomic/AtomicLongArray
Event: 159.284 Loading class java/util/concurrent/atomic/AtomicLongArray done
Event: 159.954 Loading class sun/reflect/generics/repository/FieldRepository
Event: 159.955 Loading class sun/reflect/generics/repository/FieldRepository done
Event: 160.193 Loading class jdk/internal/vm/annotation/ForceInline
Event: 160.193 Loading class jdk/internal/vm/annotation/ForceInline done
Event: 160.793 Loading class java/util/regex/Pattern$Caret
Event: 160.794 Loading class java/util/regex/Pattern$Caret done
Event: 207.270 Loading class java/net/Proxy
Event: 207.271 Loading class java/net/Proxy done
Event: 207.271 Loading class java/net/Proxy$Type
Event: 207.271 Loading class java/net/Proxy$Type done
Event: 213.329 Loading class java/io/FileReader
Event: 213.335 Loading class java/io/FileReader done

Classes unloaded (0 events):
No events

Classes redefined (0 events):
No events

Internal exceptions (20 events):
Event: 98.720 Thread 0x000001bbfb5d52a0 Exception <a 'java/lang/ClassNotFoundException'{0x00000000c795cdb0}: org/jetbrains/kotlin/gradle/targets/js/npm/DefaultDevNpmDependencyExtensionCustomizer> (0x00000000c795cdb0) 
thrown [s\src\hotspot\share\classfile\systemDictionary.cpp, line 313]
Event: 98.766 Thread 0x000001bbfb5d52a0 Exception <a 'java/lang/ClassNotFoundException'{0x00000000c79a7770}: org/jetbrains/kotlin/gradle/targets/js/npm/DefaultPeerNpmDependencyExtensionBeanInfo> (0x00000000c79a7770) 
thrown [s\src\hotspot\share\classfile\systemDictionary.cpp, line 313]
Event: 98.766 Thread 0x000001bbfb5d52a0 Exception <a 'java/lang/ClassNotFoundException'{0x00000000c79b2ab8}: org/jetbrains/kotlin/gradle/targets/js/npm/DefaultPeerNpmDependencyExtensionCustomizer> (0x00000000c79b2ab8) 
thrown [s\src\hotspot\share\classfile\systemDictionary.cpp, line 313]
Event: 98.796 Thread 0x000001bbfb5d52a0 Exception <a 'java/lang/ClassNotFoundException'{0x00000000c780a398}: org/jetbrains/kotlin/gradle/targets/js/npm/DefaultPeerNpmDependencyExtension$delegate$1BeanInfo> (0x00000000c780a398) 
thrown [s\src\hotspot\share\classfile\systemDictionary.cpp, line 313]
Event: 98.797 Thread 0x000001bbfb5d52a0 Exception <a 'java/lang/ClassNotFoundException'{0x00000000c7815958}: org/jetbrains/kotlin/gradle/targets/js/npm/DefaultPeerNpmDependencyExtension$delegate$1Customizer> (0x00000000c7815958) 
thrown [s\src\hotspot\share\classfile\systemDictionary.cpp, line 313]
Event: 99.264 Thread 0x000001bbfb5d52a0 Exception <a 'java/lang/NoSuchMethodError'{0x00000000c77c38b0}: 'java.lang.Object java.lang.invoke.DirectMethodHandle$Holder.invokeStaticInit(java.lang.Object, int)'> (0x00000000c77c38b0) 
thrown [s\src\hotspot\share\interpreter\linkResolver.cpp, line 773]
Event: 99.349 Thread 0x000001bbfb5d52a0 Exception <a 'java/lang/NoSuchMethodError'{0x00000000c77d0788}: 'java.lang.Object java.lang.invoke.DirectMethodHandle$Holder.invokeStatic(java.lang.Object, int, java.lang.Object)'> (0x00000000c77d0788) 
thrown [s\src\hotspot\share\interpreter\linkResolver.cpp, line 773]
Event: 99.350 Thread 0x000001bbfb5d52a0 Exception <a 'java/lang/NoSuchMethodError'{0x00000000c77d4d50}: 'java.lang.Object java.lang.invoke.DirectMethodHandle$Holder.invokeStaticInit(java.lang.Object, int, java.lang.Object)'> (0x00000000c77d4d50) 
thrown [s\src\hotspot\share\interpreter\linkResolver.cpp, line 773]
Event: 152.924 Thread 0x000001bbfb5d52a0 Exception <a 'java/lang/NoSuchMethodError'{0x00000000c79fd050}: 'java.lang.Object java.lang.invoke.DirectMethodHandle$Holder.newInvokeSpecial(java.lang.Object, java.lang.Object, java.lang.Object, java.lang.Object, java.lang.Object, java.lang.Object, java.lang.Object, java.lang.Object, java.lang.Object, java.lang.Object, java.lang.Object, java.lang.Object, java.lang.Object, java.lang.Object)'> (0x00000000c79fd050) 
thrown [s\src\hotspot\share\interpreter\linkResolver.cpp, line 773]
Event: 160.218 Thread 0x000001bbfb5d52a0 Exception <a 'java/lang/NoSuchMethodError'{0x00000000c6dc26d8}: 'void java.lang.invoke.Invokers$Holder.invokeExact_MT(java.lang.Object, java.lang.Object, java.lang.Object, java.lang.Object)'> (0x00000000c6dc26d8) 
thrown [s\src\hotspot\share\interpreter\linkResolver.cpp, line 773]
Event: 167.896 Thread 0x000001bbfb5d52a0 Implicit null exception at 0x000001bbeb718fcb to 0x000001bbeb71a7f0
Event: 204.985 Thread 0x000001bbfb5d52a0 Exception <a 'java/lang/NoSuchMethodError'{0x00000000c813c970}: 'java.lang.Object java.lang.invoke.Invokers$Holder.invokeExact_MT(java.lang.Object, java.lang.Object, java.lang.Object, int, java.lang.Object, java.lang.Object)'> (0x00000000c813c970) 
thrown [s\src\hotspot\share\interpreter\linkResolver.cpp, line 773]
Event: 219.120 Thread 0x000001bbfb5d52a0 Exception <a 'java/lang/NoSuchMethodError'{0x00000000c7915f30}: 'void java.lang.invoke.DelegatingMethodHandle$Holder.reinvoke_L(java.lang.Object, java.lang.Object, int)'> (0x00000000c7915f30) 
thrown [s\src\hotspot\share\interpreter\linkResolver.cpp, line 773]
Event: 219.212 Thread 0x000001bbfb5d52a0 Exception <a 'java/lang/NoSuchMethodError'{0x00000000c791d5a8}: 'void java.lang.invoke.Invokers$Holder.invokeExact_MT(java.lang.Object, java.lang.Object, int, java.lang.Object)'> (0x00000000c791d5a8) 
thrown [s\src\hotspot\share\interpreter\linkResolver.cpp, line 773]
Event: 248.181 Thread 0x000001bbfb5d52a0 Exception <a 'java/lang/ClassNotFoundException'{0x00000000c8674238}: com/android/build/gradle/internal/api/ApkVariantOutputImpl_DecoratedBeanInfo> (0x00000000c8674238) 
thrown [s\src\hotspot\share\classfile\systemDictionary.cpp, line 313]
Event: 248.195 Thread 0x000001bbfb5d52a0 Exception <a 'java/lang/ClassNotFoundException'{0x00000000c8682798}: com/android/build/gradle/internal/api/ApkVariantOutputImplBeanInfo> (0x00000000c8682798) 
thrown [s\src\hotspot\share\classfile\systemDictionary.cpp, line 313]
Event: 248.233 Thread 0x000001bbfb5d52a0 Exception <a 'java/lang/ClassNotFoundException'{0x00000000c868f130}: com/android/build/gradle/internal/api/BaseVariantOutputImplBeanInfo> (0x00000000c868f130) 
thrown [s\src\hotspot\share\classfile\systemDictionary.cpp, line 313]
Event: 248.286 Thread 0x000001bbfb5d52a0 Exception <a 'java/lang/ClassNotFoundException'{0x00000000c869baa0}: com/android/build/gradle/internal/api/BaseVariantOutputImplCustomizer> (0x00000000c869baa0) 
thrown [s\src\hotspot\share\classfile\systemDictionary.cpp, line 313]
Event: 248.338 Thread 0x000001bbfb5d52a0 Exception <a 'java/lang/ClassNotFoundException'{0x00000000c86bbd18}: com/android/build/gradle/internal/api/ApkVariantOutputImplCustomizer> (0x00000000c86bbd18) 
thrown [s\src\hotspot\share\classfile\systemDictionary.cpp, line 313]
Event: 248.600 Thread 0x000001bbfb5d52a0 Exception <a 'java/lang/ClassNotFoundException'{0x00000000c86d7948}: com/android/build/gradle/internal/api/ApkVariantOutputImpl_DecoratedCustomizer> (0x00000000c86d7948) 
thrown [s\src\hotspot\share\classfile\systemDictionary.cpp, line 313]

ZGC Phase Switch (0 events):
No events

VM Operations (20 events):
Event: 242.885 Executing safepoint VM operation: Cleanup
Event: 242.901 Executing safepoint VM operation: Cleanup done
Event: 243.681 Executing safepoint VM operation: G1CollectForAllocation (G1 Evacuation Pause)
Event: 243.848 Executing safepoint VM operation: G1CollectForAllocation (G1 Evacuation Pause) done
Event: 244.238 Executing safepoint VM operation: G1PauseRemark
Event: 244.356 Executing safepoint VM operation: G1PauseRemark done
Event: 244.395 Executing safepoint VM operation: G1PauseCleanup
Event: 244.406 Executing safepoint VM operation: G1PauseCleanup done
Event: 247.436 Executing safepoint VM operation: Cleanup
Event: 247.436 Executing safepoint VM operation: Cleanup done
Event: 248.438 Executing safepoint VM operation: Cleanup
Event: 248.592 Executing safepoint VM operation: Cleanup done
Event: 249.605 Executing safepoint VM operation: Cleanup
Event: 249.605 Executing safepoint VM operation: Cleanup done
Event: 251.610 Executing safepoint VM operation: Cleanup
Event: 251.626 Executing safepoint VM operation: Cleanup done
Event: 252.636 Executing safepoint VM operation: Cleanup
Event: 252.637 Executing safepoint VM operation: Cleanup done
Event: 253.656 Executing safepoint VM operation: Cleanup
Event: 253.656 Executing safepoint VM operation: Cleanup done

Memory protections (0 events):
No events

Nmethod flushes (20 events):
Event: 244.324 Thread 0x000001bbf6ca88d0 flushing  nmethod 0x000001bbe4741e90
Event: 244.324 Thread 0x000001bbf6ca88d0 flushing  nmethod 0x000001bbe4745490
Event: 244.324 Thread 0x000001bbf6ca88d0 flushing  nmethod 0x000001bbe479c010
Event: 244.324 Thread 0x000001bbf6ca88d0 flushing  nmethod 0x000001bbe47d7190
Event: 244.324 Thread 0x000001bbf6ca88d0 flushing  nmethod 0x000001bbe47d7610
Event: 244.324 Thread 0x000001bbf6ca88d0 flushing  nmethod 0x000001bbe4869a10
Event: 244.324 Thread 0x000001bbf6ca88d0 flushing  nmethod 0x000001bbe3d22b10
Event: 244.324 Thread 0x000001bbf6ca88d0 flushing  nmethod 0x000001bbe3e90990
Event: 244.324 Thread 0x000001bbf6ca88d0 flushing  nmethod 0x000001bbe3e94590
Event: 244.324 Thread 0x000001bbf6ca88d0 flushing  nmethod 0x000001bbe3ef1390
Event: 244.324 Thread 0x000001bbf6ca88d0 flushing  nmethod 0x000001bbe3fe8310
Event: 244.324 Thread 0x000001bbf6ca88d0 flushing  nmethod 0x000001bbe4280410
Event: 244.324 Thread 0x000001bbf6ca88d0 flushing  nmethod 0x000001bbe42c0390
Event: 244.324 Thread 0x000001bbf6ca88d0 flushing  nmethod 0x000001bbe4303a10
Event: 244.324 Thread 0x000001bbf6ca88d0 flushing  nmethod 0x000001bbe4648390
Event: 244.324 Thread 0x000001bbf6ca88d0 flushing  nmethod 0x000001bbe468f510
Event: 244.324 Thread 0x000001bbf6ca88d0 flushing  nmethod 0x000001bbe46ef090
Event: 244.324 Thread 0x000001bbf6ca88d0 flushing  nmethod 0x000001bbe4768710
Event: 244.324 Thread 0x000001bbf6ca88d0 flushing  nmethod 0x000001bbe476bd90
Event: 244.324 Thread 0x000001bbf6ca88d0 flushing  nmethod 0x000001bbe49ab710

Events (20 events):
Event: 63.526 Thread 0x000001bbfb5d52a0 Thread added: 0x000001bbc1e40930
Event: 63.531 Thread 0x000001bbfb5d52a0 Thread added: 0x000001bbc1e3e860
Event: 63.532 Thread 0x000001bbfb5d52a0 Thread added: 0x000001bbc1e40fc0
Event: 67.745 Thread 0x000001bbfb5d52a0 Thread added: 0x000001bbc1e41650
Event: 67.762 Thread 0x000001bbfb5d52a0 Thread added: 0x000001bbc1e3e1d0
Event: 67.797 Thread 0x000001bbfb5d52a0 Thread added: 0x000001bbc1e42370
Event: 67.803 Thread 0x000001bbfb5d52a0 Thread added: 0x000001bbc1e3eef0
Event: 67.893 Thread 0x000001bbfb5d52a0 Thread added: 0x000001bbc1e41ce0
Event: 67.896 Thread 0x000001bbfb5d52a0 Thread added: 0x000001bbc1e42a00
Event: 67.899 Thread 0x000001bbfb5d52a0 Thread added: 0x000001bbc1e3f580
Event: 67.900 Thread 0x000001bbfb5d52a0 Thread added: 0x000001bbc1e43090
Event: 67.910 Thread 0x000001bbfb5d52a0 Thread added: 0x000001bbc1e43720
Event: 67.911 Thread 0x000001bbfb5d52a0 Thread added: 0x000001bbc1e43db0
Event: 67.922 Thread 0x000001bbfb5d52a0 Thread added: 0x000001bbc1e44ad0
Event: 78.631 Thread 0x000001bbfb5d52a0 Thread added: 0x000001bbc1e44440
Event: 82.474 Thread 0x000001bbf6d40a30 Thread added: 0x000001bbfd1b3270
Event: 82.945 Thread 0x000001bbfd1b3270 Thread exited: 0x000001bbfd1b3270
Event: 90.073 Thread 0x000001bbfb5d52a0 Thread added: 0x000001bbc1699870
Event: 144.201 Thread 0x000001bbfb5d52a0 Thread added: 0x000001bbc169b940
Event: 198.673 Thread 0x000001bbfb5d6650 Thread exited: 0x000001bbfb5d6650


Dynamic libraries:
0x00007ff601410000 - 0x00007ff60141e000 	C:\Users\LENOVO\.antigravity-ide\extensions\redhat.java-1.56.0-win32-x64\jre\21.0.12.1-win32-x86_64\bin\java.exe
0x00007ffba7f40000 - 0x00007ffba81a7000 	C:\WINDOWS\SYSTEM32\ntdll.dll
0x00007ffba6070000 - 0x00007ffba613b000 	C:\WINDOWS\System32\KERNEL32.DLL
0x00007ffba5490000 - 0x00007ffba5892000 	C:\WINDOWS\System32\KERNELBASE.dll
0x00007ffba5140000 - 0x00007ffba528c000 	C:\WINDOWS\System32\ucrtbase.dll
0x00007ffb2ff40000 - 0x00007ffb2ff58000 	C:\Users\LENOVO\.antigravity-ide\extensions\redhat.java-1.56.0-win32-x64\jre\21.0.12.1-win32-x86_64\bin\jli.dll
0x00007ffba5e00000 - 0x00007ffba5fcf000 	C:\WINDOWS\System32\USER32.dll
0x00007ffba59e0000 - 0x00007ffba5a07000 	C:\WINDOWS\System32\win32u.dll
0x00007ffba5d80000 - 0x00007ffba5dab000 	C:\WINDOWS\System32\GDI32.dll
0x00007ffba52a0000 - 0x00007ffba53c9000 	C:\WINDOWS\System32\gdi32full.dll
0x00007ffba5930000 - 0x00007ffba59d3000 	C:\WINDOWS\System32\msvcp_win.dll
0x00007ffb2ff60000 - 0x00007ffb2ff7e000 	C:\Users\LENOVO\.antigravity-ide\extensions\redhat.java-1.56.0-win32-x64\jre\21.0.12.1-win32-x86_64\bin\VCRUNTIME140.dll
0x00007ffb8ec40000 - 0x00007ffb8eed0000 	C:\WINDOWS\WinSxS\amd64_microsoft.windows.common-controls_6595b64144ccf1df_6.0.26100.9278_none_3e0d1ba8e3303201\COMCTL32.dll
0x00007ffba6840000 - 0x00007ffba68e9000 	C:\WINDOWS\System32\msvcrt.dll
0x00007ffba5dc0000 - 0x00007ffba5df1000 	C:\WINDOWS\System32\IMM32.DLL
0x00007ffb4dd30000 - 0x00007ffb4dd3c000 	C:\Users\LENOVO\.antigravity-ide\extensions\redhat.java-1.56.0-win32-x64\jre\21.0.12.1-win32-x86_64\bin\vcruntime140_1.dll
0x00007ffb18b20000 - 0x00007ffb18bad000 	C:\Users\LENOVO\.antigravity-ide\extensions\redhat.java-1.56.0-win32-x64\jre\21.0.12.1-win32-x86_64\bin\msvcp140.dll
0x00007ffaf47b0000 - 0x00007ffaf5552000 	C:\Users\LENOVO\.antigravity-ide\extensions\redhat.java-1.56.0-win32-x64\jre\21.0.12.1-win32-x86_64\bin\server\jvm.dll
0x00007ffba66f0000 - 0x00007ffba67ac000 	C:\WINDOWS\System32\ADVAPI32.dll
0x00007ffba7e30000 - 0x00007ffba7ed9000 	C:\WINDOWS\System32\sechost.dll
0x00007ffba5c60000 - 0x00007ffba5d78000 	C:\WINDOWS\System32\RPCRT4.dll
0x00007ffba7090000 - 0x00007ffba7110000 	C:\WINDOWS\System32\WS2_32.dll
0x00007ffb983b0000 - 0x00007ffb983e6000 	C:\WINDOWS\SYSTEM32\WINMM.dll
0x00007ffba4f90000 - 0x00007ffba4fee000 	C:\WINDOWS\SYSTEM32\POWRPROF.dll
0x00007ffb93ff0000 - 0x00007ffb93ffb000 	C:\WINDOWS\SYSTEM32\VERSION.dll
0x00007ffba4f70000 - 0x00007ffba4f85000 	C:\WINDOWS\SYSTEM32\UMPDC.dll
0x00007ffba3dd0000 - 0x00007ffba3deb000 	C:\WINDOWS\SYSTEM32\kernel.appcore.dll
0x00007ffb4d740000 - 0x00007ffb4d74a000 	C:\Users\LENOVO\.antigravity-ide\extensions\redhat.java-1.56.0-win32-x64\jre\21.0.12.1-win32-x86_64\bin\jimage.dll
0x00007ffba2480000 - 0x00007ffba26cc000 	C:\WINDOWS\SYSTEM32\DBGHELP.DLL
0x00007ffba7950000 - 0x00007ffba7cd5000 	C:\WINDOWS\System32\combase.dll
0x00007ffba62c0000 - 0x00007ffba6399000 	C:\WINDOWS\System32\OLEAUT32.dll
0x00007ffb8c4f0000 - 0x00007ffb8c52b000 	C:\WINDOWS\SYSTEM32\dbgcore.DLL
0x00007ffba5a10000 - 0x00007ffba5abc000 	C:\WINDOWS\System32\bcryptPrimitives.dll
0x00007ffb49c90000 - 0x00007ffb49c9f000 	C:\Users\LENOVO\.antigravity-ide\extensions\redhat.java-1.56.0-win32-x64\jre\21.0.12.1-win32-x86_64\bin\instrument.dll
0x00007ffb2ff20000 - 0x00007ffb2ff40000 	C:\Users\LENOVO\.antigravity-ide\extensions\redhat.java-1.56.0-win32-x64\jre\21.0.12.1-win32-x86_64\bin\java.dll
0x00007ffba68f0000 - 0x00007ffba7088000 	C:\WINDOWS\System32\SHELL32.dll
0x00007ffba2b60000 - 0x00007ffba340e000 	C:\WINDOWS\SYSTEM32\windows.storage.dll
0x00007ffba7d30000 - 0x00007ffba7e2b000 	C:\WINDOWS\System32\SHCORE.dll
0x00007ffba67d0000 - 0x00007ffba6836000 	C:\WINDOWS\System32\shlwapi.dll
0x00007ffba5060000 - 0x00007ffba5089000 	C:\WINDOWS\SYSTEM32\profapi.dll
0x00007ffb29820000 - 0x00007ffb29838000 	C:\Users\LENOVO\.antigravity-ide\extensions\redhat.java-1.56.0-win32-x64\jre\21.0.12.1-win32-x86_64\bin\zip.dll
0x00007ffb4bc60000 - 0x00007ffb4bc70000 	C:\Users\LENOVO\.antigravity-ide\extensions\redhat.java-1.56.0-win32-x64\jre\21.0.12.1-win32-x86_64\bin\net.dll
0x00007ffb9d7d0000 - 0x00007ffb9d8fa000 	C:\WINDOWS\SYSTEM32\WINHTTP.dll
0x00007ffba4370000 - 0x00007ffba43dc000 	C:\WINDOWS\system32\mswsock.dll
0x00007ffb297b0000 - 0x00007ffb297c6000 	C:\Users\LENOVO\.antigravity-ide\extensions\redhat.java-1.56.0-win32-x64\jre\21.0.12.1-win32-x86_64\bin\nio.dll
0x00007ffb66b60000 - 0x00007ffb66b70000 	C:\Users\LENOVO\.antigravity-ide\extensions\redhat.java-1.56.0-win32-x64\jre\21.0.12.1-win32-x86_64\bin\verify.dll
0x00007ffb4bb90000 - 0x00007ffb4bbb7000 	C:\Users\LENOVO\.gradle\native\1def1411415f61bf3af743bc5b6707747c0891f09f0c88961ee8f79bc544acac\windows-amd64\native-platform.dll
0x00007ffb06220000 - 0x00007ffb06298000 	C:\Users\LENOVO\.gradle\native\0.2.7\x86_64-windows-gnu\gradle-fileevents.dll
0x00007ffb9c400000 - 0x00007ffb9c40a000 	C:\Users\LENOVO\.antigravity-ide\extensions\redhat.java-1.56.0-win32-x64\jre\21.0.12.1-win32-x86_64\bin\management.dll
0x00007ffb4d460000 - 0x00007ffb4d46c000 	C:\Users\LENOVO\.antigravity-ide\extensions\redhat.java-1.56.0-win32-x64\jre\21.0.12.1-win32-x86_64\bin\management_ext.dll
0x00007ffba5db0000 - 0x00007ffba5db8000 	C:\WINDOWS\System32\PSAPI.DLL
0x00007ffba3780000 - 0x00007ffba37b3000 	C:\WINDOWS\SYSTEM32\IPHLPAPI.DLL
0x00007ffba7120000 - 0x00007ffba712a000 	C:\WINDOWS\System32\NSI.dll
0x00007ffb98370000 - 0x00007ffb98379000 	C:\Users\LENOVO\.antigravity-ide\extensions\redhat.java-1.56.0-win32-x64\jre\21.0.12.1-win32-x86_64\bin\extnet.dll
0x00007ffba4790000 - 0x00007ffba47ab000 	C:\WINDOWS\SYSTEM32\CRYPTSP.dll
0x00007ffba3d30000 - 0x00007ffba3d69000 	C:\WINDOWS\system32\rsaenh.dll
0x00007ffba4420000 - 0x00007ffba4454000 	C:\WINDOWS\SYSTEM32\USERENV.dll
0x00007ffba5030000 - 0x00007ffba505a000 	C:\WINDOWS\SYSTEM32\bcrypt.dll
0x00007ffba45d0000 - 0x00007ffba45dc000 	C:\WINDOWS\SYSTEM32\CRYPTBASE.dll
0x00007ffb98380000 - 0x00007ffb9838e000 	C:\Users\LENOVO\.antigravity-ide\extensions\redhat.java-1.56.0-win32-x64\jre\21.0.12.1-win32-x86_64\bin\sunmscapi.dll
0x00007ffba5ad0000 - 0x00007ffba5c4e000 	C:\WINDOWS\System32\CRYPT32.dll
0x00007ffba4900000 - 0x00007ffba4930000 	C:\WINDOWS\SYSTEM32\ncrypt.dll
0x00007ffba48b0000 - 0x00007ffba48ef000 	C:\WINDOWS\SYSTEM32\NTASN1.dll
0x00007ffb7b120000 - 0x00007ffb7b128000 	C:\WINDOWS\system32\wshunix.dll

JVMTI agents:
C:\Users\LENOVO\.gradle\wrapper\dists\gradle-8.14-bin\38aieal9i53h9rfe7vjup95b9\gradle-8.14\lib\agents\gradle-instrumentation-agent-8.14.jar path:C:\Users\LENOVO\.antigravity-ide\extensions\redhat.java-1.56.0-win32-x64\jre\21.0.12.1-win32-x86_64\bin\instrument.dll, loaded, initialized, instrumentlib options:none

dbghelp: loaded successfully - version: 4.0.5 - missing functions: none
symbol engine: initialized successfully - sym options: 0x614 - pdb path: .;C:\Users\LENOVO\.antigravity-ide\extensions\redhat.java-1.56.0-win32-x64\jre\21.0.12.1-win32-x86_64\bin;C:\WINDOWS\SYSTEM32;C:\WINDOWS\WinSxS\amd64_microsoft.windows.common-controls_6595b64144ccf1df_6.0.26100.9278_none_3e0d1ba8e3303201;C:\Users\LENOVO\.antigravity-ide\extensions\redhat.java-1.56.0-win32-x64\jre\21.0.12.1-win32-x86_64\bin\server;C:\Users\LENOVO\.gradle\native\1def1411415f61bf3af743bc5b6707747c0891f09f0c88961ee8f79bc544acac\windows-amd64;C:\Users\LENOVO\.gradle\native\0.2.7\x86_64-windows-gnu

VM Arguments:
jvm_args: --add-opens=java.base/java.lang=ALL-UNNAMED --add-opens=java.base/java.lang.invoke=ALL-UNNAMED --add-opens=java.base/java.util=ALL-UNNAMED --add-opens=java.prefs/java.util.prefs=ALL-UNNAMED --add-exports=jdk.compiler/com.sun.tools.javac.api=ALL-UNNAMED --add-exports=jdk.compiler/com.sun.tools.javac.util=ALL-UNNAMED --add-opens=java.base/java.util=ALL-UNNAMED --add-opens=java.prefs/java.util.prefs=ALL-UNNAMED --add-opens=java.base/java.nio.charset=ALL-UNNAMED --add-opens=java.base/java.net=ALL-UNNAMED --add-opens=java.base/java.util.concurrent.atomic=ALL-UNNAMED --add-opens=java.xml/javax.xml.namespace=ALL-UNNAMED -Xmx1024m -Dfile.encoding=UTF-8 -Duser.country=US -Duser.language=en -Duser.variant -javaagent:C:\Users\LENOVO\.gradle\wrapper\dists\gradle-8.14-bin\38aieal9i53h9rfe7vjup95b9\gradle-8.14\lib\agents\gradle-instrumentation-agent-8.14.jar 
java_command: org.gradle.launcher.daemon.bootstrap.GradleDaemon 8.14
java_class_path (initial): C:\Users\LENOVO\.gradle\wrapper\dists\gradle-8.14-bin\38aieal9i53h9rfe7vjup95b9\gradle-8.14\lib\gradle-daemon-main-8.14.jar
Launcher Type: SUN_STANDARD

[Global flags]
     intx CICompilerCount                          = 4                                         {product} {ergonomic}
     uint ConcGCThreads                            = 2                                         {product} {ergonomic}
     uint G1ConcRefinementThreads                  = 8                                         {product} {ergonomic}
   size_t G1HeapRegionSize                         = 1048576                                   {product} {ergonomic}
    uintx GCDrainStackTargetSize                   = 64                                        {product} {ergonomic}
   size_t InitialHeapSize                          = 98566144                                  {product} {ergonomic}
   size_t MarkStackSize                            = 4194304                                   {product} {ergonomic}
   size_t MaxHeapSize                              = 1073741824                                {product} {command line}
   size_t MaxNewSize                               = 643825664                                 {product} {ergonomic}
   size_t MinHeapDeltaBytes                        = 1048576                                   {product} {ergonomic}
   size_t MinHeapSize                              = 8388608                                   {product} {ergonomic}
    uintx NonNMethodCodeHeapSize                   = 5839372                                {pd product} {ergonomic}
    uintx NonProfiledCodeHeapSize                  = 122909434                              {pd product} {ergonomic}
    uintx ProfiledCodeHeapSize                     = 122909434                              {pd product} {ergonomic}
    uintx ReservedCodeCacheSize                    = 251658240                              {pd product} {ergonomic}
     bool SegmentedCodeCache                       = true                                      {product} {ergonomic}
   size_t SoftMaxHeapSize                          = 1073741824                             {manageable} {ergonomic}
     bool UseCompressedOops                        = true                           {product lp64_product} {ergonomic}
     bool UseG1GC                                  = true                                      {product} {ergonomic}
     bool UseLargePagesIndividualAllocation        = false                                  {pd product} {ergonomic}

Logging:
Log output configuration:
 #0: stdout all=warning uptime,level,tags foldmultilines=false
 #1: stderr all=off uptime,level,tags foldmultilines=false

Release file:
JAVA_VERSION="21.0.12.1" 
MODULES="java.base java.compiler java.datatransfer java.xml java.prefs java.desktop java.instrument java.logging java.management java.security.sasl java.naming java.rmi java.management.rmi java.net.http java.scripting java.security.jgss java.transaction.xa java.sql java.sql.rowset java.xml.crypto java.se java.smartcardio jdk.accessibility jdk.internal.jvmstat jdk.attach jdk.charsets jdk.internal.opt jdk.zipfs jdk.compiler jdk.crypto.ec jdk.crypto.cryptoki jdk.crypto.mscapi jdk.dynalink jdk.internal.ed jdk.editpad jdk.hotspot.agent jdk.httpserver jdk.internal.le jdk.internal.vm.ci jdk.internal.vm.compiler jdk.internal.vm.compiler.management jdk.jartool jdk.javadoc jdk.jcmd jdk.management jdk.management.agent jdk.jconsole jdk.jdeps jdk.jdwp.agent jdk.jdi jdk.jfr jdk.jshell jdk.jsobject jdk.jstatd jdk.localedata jdk.management.jfr jdk.naming.dns jdk.naming.rmi jdk.net jdk.nio.mapmode jdk.random jdk.sctp jdk.security.auth jdk.security.jgss jdk.unsupported jdk.unsupported.desktop jdk.xml.dom" 

Environment Variables:
JAVA_HOME=C:\Program Files\Android\Android Studio\jbr
PATH=C:\WINDOWS\system32;C:\WINDOWS;C:\WINDOWS\System32\Wbem;C:\WINDOWS\System32\WindowsPowerShell\v1.0\;C:\WINDOWS\System32\OpenSSH\;C:\Program Files\Docker\Docker\resources\bin;C:\Program Files\nodejs\;C:\Program Files\Git\cmd;C:\Users\LENOVO\AppData\Local\Programs\Python\Python312\Scripts\;C:\Users\LENOVO\AppData\Local\Programs\Python\Python312\;C:\Users\LENOVO\AppData\Local\Programs\Python\Launcher\;C:\Users\LENOVO\AppData\Local\Programs\Python\Python314\Scripts\;C:\Users\LENOVO\AppData\Local\Programs\Python\Python314\;C:\Users\LENOVO\AppData\Local\Microsoft\WindowsApps;C:\Users\LENOVO\AppData\Local\Programs\Antigravity\bin;C:\Users\LENOVO\AppData\Roaming\npm;C:\ScrcpyLauncher by praveen;C:\Users\LENOVO\AppData\Local\PowerToys\DSCModules\;C:\Users\LENOVO\AppData\Local\Programs\Antigravity IDE\bin
USERNAME=LENOVO
OS=Windows_NT
PROCESSOR_IDENTIFIER=AMD64 Family 23 Model 160 Stepping 0, AuthenticAMD
TMP=C:\Users\LENOVO\AppData\Local\Temp
TEMP=C:\Users\LENOVO\AppData\Local\Temp




Periodic native trim disabled

---------------  S Y S T E M  ---------------

OS:
 Windows 11 , 64 bit Build 26100 (10.0.26100.9444)
OS uptime: 3 days 2:17 hours
Hyper-V role detected

CPU: total 8 (initial active 8) (8 cores per cpu, 2 threads per core) family 23 model 160 stepping 0 microcode 0x8a0000a, cx8, cmov, fxsr, ht, mmx, 3dnowpref, sse, sse2, sse3, ssse3, sse4a, sse4.1, sse4.2, popcnt, lzcnt, tsc, tscinvbit, avx, avx2, aes, clmul, bmi1, bmi2, adx, sha, fma, vzeroupper, clflush, clflushopt, hv, rdtscp, rdpid, f16c
Processor Information for the first 8 processors :
  Max Mhz: 2401, Current Mhz: 2401, Mhz Limit: 2401

Memory: 4k page, system-wide physical 5965M (783M free)
TotalPageFile size 24397M (AvailPageFile size 1199M)
current process WorkingSet (physical memory assigned to process): 69M, peak: 272M
current process commit charge ("private bytes"): 418M, peak: 431M

vm_info: OpenJDK 64-Bit Server VM (21.0.12.1+1-LTS) for windows-amd64 JRE (21.0.12.1+1-LTS), built on 2026-08-18T00:00:00Z by "admin" with MS VC++ 17.12 (VS2022)

END.
