#
# There is insufficient memory for the Java Runtime Environment to continue.
# Native memory allocation (mmap) failed to map 65536 bytes. Error detail: Failed to commit metaspace.
# Possible reasons:
#   The system is out of physical RAM or swap space
#   This process is running with CompressedOops enabled, and the Java Heap may be blocking the growth of the native heap
# Possible solutions:
#   Reduce memory load on the system
#   Increase physical memory or swap space
#   Check if swap backing store is full
#   Decrease Java heap size (-Xmx/-Xms)
#   Decrease number of Java threads
#   Decrease Java thread stack sizes (-Xss)
#   Set larger code cache with -XX:ReservedCodeCacheSize=
#   JVM is running with Unscaled Compressed Oops mode in which the Java heap is
#     placed in the first 4GB address space. The Java Heap base address is the
#     maximum limit for the native heap growth. Please use -XX:HeapBaseMinAddress
#     to set the Java Heap base and to place the Java Heap above 4GB virtual address.
# This output file may be truncated or incomplete.
#
#  Out of Memory Error (virtualSpaceNode.cpp:113), pid=27092, tid=8244
#
# JRE version: OpenJDK Runtime Environment Temurin-21.0.12.1+1 (21.0.12.1+1) (build 21.0.12.1+1-LTS)
# Java VM: OpenJDK 64-Bit Server VM Temurin-21.0.12.1+1 (21.0.12.1+1-LTS, mixed mode, sharing, tiered, compressed oops, compressed class ptrs, g1 gc, windows-amd64)
# No core dump will be written. Minidumps are not enabled by default on client versions of Windows
#

---------------  S U M M A R Y ------------

Command Line: --add-opens=java.base/java.lang=ALL-UNNAMED --add-opens=java.base/java.lang.invoke=ALL-UNNAMED --add-opens=java.base/java.util=ALL-UNNAMED --add-opens=java.prefs/java.util.prefs=ALL-UNNAMED --add-exports=jdk.compiler/com.sun.tools.javac.api=ALL-UNNAMED --add-exports=jdk.compiler/com.sun.tools.javac.util=ALL-UNNAMED --add-opens=java.base/java.util=ALL-UNNAMED --add-opens=java.prefs/java.util.prefs=ALL-UNNAMED --add-opens=java.base/java.nio.charset=ALL-UNNAMED --add-opens=java.base/java.net=ALL-UNNAMED --add-opens=java.base/java.util.concurrent.atomic=ALL-UNNAMED --add-opens=java.xml/javax.xml.namespace=ALL-UNNAMED -Xmx1024m -Dfile.encoding=UTF-8 -Duser.country=US -Duser.language=en -Duser.variant -javaagent:C:\Users\LENOVO\.gradle\wrapper\dists\gradle-8.14-bin\38aieal9i53h9rfe7vjup95b9\gradle-8.14\lib\agents\gradle-instrumentation-agent-8.14.jar org.gradle.launcher.daemon.bootstrap.GradleDaemon 8.14

Host: AMD Ryzen 3 7320U with Radeon Graphics         , 8 cores, 5G,  Windows 11 , 64 bit Build 26100 (10.0.26100.9444)
Time: Mon Sep 28 11:25:30 2026 Nepal Standard Time elapsed time: 169.412730 seconds (0d 0h 2m 49s)

---------------  T H R E A D  ---------------

Current thread (0x000001385baa2780):  JavaThread "Daemon worker"        [_thread_in_vm, id=8244, stack(0x0000001d43200000,0x0000001d43300000) (1024K)]

Stack: [0x0000001d43200000,0x0000001d43300000]
Native frames: (J=compiled Java code, j=interpreted, Vv=VM code, C=native code)
V  [jvm.dll+0x6d83e9]
V  [jvm.dll+0x8b5736]
V  [jvm.dll+0x8b7cee]
V  [jvm.dll+0x8b83d3]
V  [jvm.dll+0x284596]
V  [jvm.dll+0x8b147e]
V  [jvm.dll+0x679ad4]
V  [jvm.dll+0x1e849b]
V  [jvm.dll+0x1e825e]
V  [jvm.dll+0x67c3d2]
V  [jvm.dll+0x67c202]
V  [jvm.dll+0x67a4ae]
V  [jvm.dll+0x26f864]
V  [jvm.dll+0x21a11f]
V  [jvm.dll+0x20f80e]
V  [jvm.dll+0x5b6a7f]
V  [jvm.dll+0x82f606]
V  [jvm.dll+0x4792f8]
V  [jvm.dll+0x47f128]
C  [java.dll+0x17ec]

Java frames: (J=compiled Java code, j=interpreted, Vv=VM code)
J 843  java.lang.ClassLoader.defineClass1(Ljava/lang/ClassLoader;Ljava/lang/String;[BIILjava/security/ProtectionDomain;Ljava/lang/String;)Ljava/lang/Class; java.base@21.0.12.1 (0 bytes) @ 0x000001380ac69291 [0x000001380ac691c0+0x00000000000000d1]
J 4703 c2 java.security.SecureClassLoader.defineClass(Ljava/lang/String;[BIILjava/security/CodeSource;)Ljava/lang/Class; java.base@21.0.12.1 (16 bytes) @ 0x000001380acbdd0c [0x000001380acbd640+0x00000000000006cc]
J 4253 c1 java.net.URLClassLoader.defineClass(Ljava/lang/String;Ljdk/internal/loader/Resource;)Ljava/lang/Class; java.base@21.0.12.1 (224 bytes) @ 0x00000138039ac9a4 [0x00000138039ab6c0+0x00000000000012e4]
J 4245 c1 java.net.URLClassLoader$1.run()Ljava/lang/Class; java.base@21.0.12.1 (81 bytes) @ 0x00000138039a19bc [0x00000138039a16c0+0x00000000000002fc]
j  java.net.URLClassLoader$1.run()Ljava/lang/Object;+1 java.base@21.0.12.1
J 4767 c2 java.net.URLClassLoader.findClass(Ljava/lang/String;)Ljava/lang/Class; java.base@21.0.12.1 (47 bytes) @ 0x000001380acc831c [0x000001380acc8260+0x00000000000000bc]
j  java.lang.ClassLoader.loadClass(Ljava/lang/String;Z)Ljava/lang/Class;+69 java.base@21.0.12.1
J 3548 c2 java.lang.ClassLoader.loadClass(Ljava/lang/String;)Ljava/lang/Class; java.base@21.0.12.1 (7 bytes) @ 0x000001380adf526c [0x000001380adf5220+0x000000000000004c]
v  ~StubRoutines::call_stub 0x000001380a67100d
j  org.gradle.internal.problems.failure.DefaultFailureFactory$Job.<init>(Lorg/gradle/internal/problems/failure/StackTraceClassifier;)V+19
j  org.gradle.internal.problems.failure.DefaultFailureFactory$Job.<init>(Lorg/gradle/internal/problems/failure/StackTraceClassifier;Lorg/gradle/internal/problems/failure/DefaultFailureFactory$1;)V+2
j  org.gradle.internal.problems.failure.DefaultFailureFactory.create(Ljava/lang/Throwable;)Lorg/gradle/internal/problems/failure/Failure;+9
j  org.gradle.internal.problems.DefaultProblemDiagnosticsFactory.locationFromStackTrace(Ljava/lang/Throwable;ZZLorg/gradle/problems/buildtree/ProblemStream$StackTraceTransformer;)Lorg/gradle/problems/ProblemDiagnostics;+57
j  org.gradle.internal.problems.DefaultProblemDiagnosticsFactory.forException(Ljava/lang/Throwable;)Lorg/gradle/problems/ProblemDiagnostics;+7
j  org.gradle.initialization.exception.DefaultExceptionAnalyser.transform(Ljava/lang/Throwable;)Ljava/lang/Throwable;+73
j  org.gradle.initialization.exception.DefaultExceptionAnalyser.collectFailures(Ljava/lang/Throwable;Ljava/util/Collection;)V+154
j  org.gradle.initialization.exception.MultipleBuildFailuresExceptionAnalyser.transform(Ljava/util/List;)Ljava/lang/RuntimeException;+104
j  org.gradle.initialization.exception.StackTraceSanitizingExceptionAnalyser.transform(Ljava/util/List;)Ljava/lang/RuntimeException;+5
j  org.gradle.internal.buildtree.DefaultBuildTreeFinishExecutor.finishBuildTree(Ljava/util/List;)Ljava/lang/RuntimeException;+29
j  org.gradle.composite.internal.OperationFiringBuildTreeFinishExecutor$1.call(Lorg/gradle/internal/operations/BuildOperationContext;)Ljava/lang/RuntimeException;+11
j  org.gradle.composite.internal.OperationFiringBuildTreeFinishExecutor$1.call(Lorg/gradle/internal/operations/BuildOperationContext;)Ljava/lang/Object;+2
J 7476 c1 org.gradle.internal.operations.DefaultBuildOperationRunner$CallableBuildOperationWorker.execute(Lorg/gradle/internal/operations/BuildOperation;Lorg/gradle/internal/operations/BuildOperationContext;)V (10 bytes) @ 0x0000013803df8ccc [0x0000013803df8a60+0x000000000000026c]
J 7456 c1 org.gradle.internal.operations.DefaultBuildOperationRunner$2.execute(Lorg/gradle/internal/operations/BuildOperationDescriptor;Lorg/gradle/internal/operations/BuildOperationState;Lorg/gradle/internal/operations/BuildOperationState;Lorg/gradle/internal/operations/DefaultBuildOperationRunner$ReadableBuildOperationContext;Lorg/gradle/internal/operations/DefaultBuildOperationRunner$BuildOperationExecutionListener;)Lorg/gradle/internal/operations/BuildOperation; (110 bytes) @ 0x0000013803ded3c4 [0x0000013803ded1c0+0x0000000000000204]
J 7455 c1 org.gradle.internal.operations.DefaultBuildOperationRunner$2.execute(Lorg/gradle/internal/operations/BuildOperationDescriptor;Lorg/gradle/internal/operations/BuildOperationState;Lorg/gradle/internal/operations/BuildOperationState;Lorg/gradle/internal/operations/DefaultBuildOperationRunner$ReadableBuildOperationContext;Lorg/gradle/internal/operations/DefaultBuildOperationRunner$BuildOperationExecutionListener;)Ljava/lang/Object; (12 bytes) @ 0x0000013803dea8bc [0x0000013803dea840+0x000000000000007c]
J 7023 c1 org.gradle.internal.operations.DefaultBuildOperationRunner.execute(Lorg/gradle/internal/operations/BuildOperationDescriptor$Builder;Lorg/gradle/internal/operations/BuildOperationState;Lorg/gradle/internal/operations/DefaultBuildOperationRunner$BuildOperationExecution;)Ljava/lang/Object; (147 bytes) @ 0x0000013803d1a7d4 [0x0000013803d19c80+0x0000000000000b54]
J 7279 c1 org.gradle.internal.operations.DefaultBuildOperationRunner.execute(Lorg/gradle/internal/operations/BuildOperation;Lorg/gradle/internal/operations/BuildOperationWorker;Lorg/gradle/internal/operations/BuildOperationState;)V (23 bytes) @ 0x0000013803d9d594 [0x0000013803d9d2e0+0x00000000000002b4]
J 7481 c1 org.gradle.internal.operations.DefaultBuildOperationRunner.call(Lorg/gradle/internal/operations/CallableBuildOperation;)Ljava/lang/Object; (24 bytes) @ 0x0000013803dfaff4 [0x0000013803dfab20+0x00000000000004d4]
j  org.gradle.composite.internal.OperationFiringBuildTreeFinishExecutor.finishBuildTree(Ljava/util/List;)Ljava/lang/RuntimeException;+13
j  org.gradle.internal.buildtree.DefaultBuildTreeLifecycleController.lambda$runBuild$4(Ljava/util/function/Supplier;)Ljava/lang/Object;+27
j  org.gradle.internal.buildtree.DefaultBuildTreeLifecycleController$$Lambda+0x0000013817420d58.get()Ljava/lang/Object;+8
j  org.gradle.internal.model.StateTransitionController.lambda$transition$6(Ljava/util/function/Supplier;)Lorg/gradle/internal/build/ExecutionResult;+1
j  org.gradle.internal.model.StateTransitionController$$Lambda+0x00000138174211a8.get()Ljava/lang/Object;+4
j  org.gradle.internal.model.StateTransitionController.doTransition(Lorg/gradle/internal/model/StateTransitionController$State;Lorg/gradle/internal/model/StateTransitionController$State;Ljava/util/function/Supplier;)Lorg/gradle/internal/build/ExecutionResult;+24
j  org.gradle.internal.model.StateTransitionController.lambda$transition$7(Lorg/gradle/internal/model/StateTransitionController$State;Lorg/gradle/internal/model/StateTransitionController$State;Ljava/util/function/Supplier;)Ljava/lang/Object;+9
j  org.gradle.internal.model.StateTransitionController$$Lambda+0x0000013817420f80.create()Ljava/lang/Object;+16
j  org.gradle.internal.work.DefaultSynchronizer.withLock(Lorg/gradle/internal/Factory;)Ljava/lang/Object;+6
j  org.gradle.internal.model.StateTransitionController.transition(Lorg/gradle/internal/model/StateTransitionController$State;Lorg/gradle/internal/model/StateTransitionController$State;Ljava/util/function/Supplier;)Ljava/lang/Object;+13
j  org.gradle.internal.buildtree.DefaultBuildTreeLifecycleController.runBuild(Ljava/util/function/Supplier;)Ljava/lang/Object;+17
j  org.gradle.internal.buildtree.DefaultBuildTreeLifecycleController.fromBuildModel(ZLorg/gradle/internal/buildtree/BuildTreeModelAction;)Ljava/lang/Object;+9
j  org.gradle.tooling.internal.provider.runner.BuildModelActionRunner.run(Lorg/gradle/internal/invocation/BuildAction;Lorg/gradle/internal/buildtree/BuildTreeLifecycleController;)Lorg/gradle/internal/buildtree/BuildActionRunner$Result;+40
j  org.gradle.launcher.exec.ChainingBuildActionRunner.run(Lorg/gradle/internal/invocation/BuildAction;Lorg/gradle/internal/buildtree/BuildTreeLifecycleController;)Lorg/gradle/internal/buildtree/BuildActionRunner$Result;+34
j  org.gradle.internal.buildtree.ProblemReportingBuildActionRunner.run(Lorg/gradle/internal/invocation/BuildAction;Lorg/gradle/internal/buildtree/BuildTreeLifecycleController;)Lorg/gradle/internal/buildtree/BuildActionRunner$Result;+12
j  org.gradle.launcher.exec.BuildOutcomeReportingBuildActionRunner.run(Lorg/gradle/internal/invocation/BuildAction;Lorg/gradle/internal/buildtree/BuildTreeLifecycleController;)Lorg/gradle/internal/buildtree/BuildActionRunner$Result;+69
j  org.gradle.tooling.internal.provider.FileSystemWatchingBuildActionRunner.run(Lorg/gradle/internal/invocation/BuildAction;Lorg/gradle/internal/buildtree/BuildTreeLifecycleController;)Lorg/gradle/internal/buildtree/BuildActionRunner$Result;+317
j  org.gradle.launcher.exec.BuildCompletionNotifyingBuildActionRunner.run(Lorg/gradle/internal/invocation/BuildAction;Lorg/gradle/internal/buildtree/BuildTreeLifecycleController;)Lorg/gradle/internal/buildtree/BuildActionRunner$Result;+6
j  org.gradle.launcher.exec.RootBuildLifecycleBuildActionExecutor.lambda$execute$0(Lorg/gradle/internal/invocation/BuildAction;Lorg/gradle/internal/buildtree/BuildTreeLifecycleController;)Lorg/gradle/internal/buildtree/BuildActionRunner$Result;+6
j  org.gradle.launcher.exec.RootBuildLifecycleBuildActionExecutor$$Lambda+0x0000013817403538.apply(Ljava/lang/Object;)Ljava/lang/Object;+12
j  org.gradle.composite.internal.DefaultRootBuildState.run(Ljava/util/function/Function;)Ljava/lang/Object;+87
j  org.gradle.launcher.exec.RootBuildLifecycleBuildActionExecutor.execute(Lorg/gradle/internal/invocation/BuildAction;Lorg/gradle/internal/buildtree/BuildTreeContext;)Lorg/gradle/internal/buildtree/BuildActionRunner$Result;+75
j  org.gradle.internal.buildtree.InitDeprecationLoggingActionExecutor.execute(Lorg/gradle/internal/invocation/BuildAction;Lorg/gradle/internal/buildtree/BuildTreeContext;)Lorg/gradle/internal/buildtree/BuildActionRunner$Result;+83
j  org.gradle.internal.buildtree.InitProblems.execute(Lorg/gradle/internal/invocation/BuildAction;Lorg/gradle/internal/buildtree/BuildTreeContext;)Lorg/gradle/internal/buildtree/BuildActionRunner$Result;+13
j  org.gradle.internal.buildtree.DefaultBuildTreeContext.execute(Lorg/gradle/internal/invocation/BuildAction;)Lorg/gradle/internal/buildtree/BuildActionRunner$Result;+64
j  org.gradle.launcher.exec.BuildTreeLifecycleBuildActionExecutor.lambda$execute$0(Lorg/gradle/internal/invocation/BuildAction;Lorg/gradle/internal/buildtree/BuildTreeContext;)Lorg/gradle/internal/buildtree/BuildActionRunner$Result;+2
j  org.gradle.launcher.exec.BuildTreeLifecycleBuildActionExecutor$$Lambda+0x00000138172b27d0.apply(Ljava/lang/Object;)Ljava/lang/Object;+8
j  org.gradle.internal.buildtree.BuildTreeState.run(Ljava/util/function/Function;)Ljava/lang/Object;+47
j  org.gradle.launcher.exec.BuildTreeLifecycleBuildActionExecutor.execute(Lorg/gradle/internal/invocation/BuildAction;Lorg/gradle/internal/session/BuildSessionContext;)Lorg/gradle/internal/buildtree/BuildActionRunner$Result;+74
j  org.gradle.launcher.exec.RunAsBuildOperationBuildActionExecutor$2.call(Lorg/gradle/internal/operations/BuildOperationContext;)Lorg/gradle/internal/buildtree/BuildActionRunner$Result;+25
j  org.gradle.launcher.exec.RunAsBuildOperationBuildActionExecutor$2.call(Lorg/gradle/internal/operations/BuildOperationContext;)Ljava/lang/Object;+2
j  org.gradle.internal.operations.DefaultBuildOperationRunner$CallableBuildOperationWorker.execute(Lorg/gradle/internal/operations/CallableBuildOperation;Lorg/gradle/internal/operations/BuildOperationContext;)V+3
j  org.gradle.internal.operations.DefaultBuildOperationRunner$CallableBuildOperationWorker.execute(Lorg/gradle/internal/operations/BuildOperation;Lorg/gradle/internal/operations/BuildOperationContext;)V+6
j  org.gradle.internal.operations.DefaultBuildOperationRunner$2.execute(Lorg/gradle/internal/operations/BuildOperationDescriptor;Lorg/gradle/internal/operations/BuildOperationState;Lorg/gradle/internal/operations/BuildOperationState;Lorg/gradle/internal/operations/DefaultBuildOperationRunner$ReadableBuildOperationContext;Lorg/gradle/internal/operations/DefaultBuildOperationRunner$BuildOperationExecutionListener;)Lorg/gradle/internal/operations/BuildOperation;+22
j  org.gradle.internal.operations.DefaultBuildOperationRunner$2.execute(Lorg/gradle/internal/operations/BuildOperationDescriptor;Lorg/gradle/internal/operations/BuildOperationState;Lorg/gradle/internal/operations/BuildOperationState;Lorg/gradle/internal/operations/DefaultBuildOperationRunner$ReadableBuildOperationContext;Lorg/gradle/internal/operations/DefaultBuildOperationRunner$BuildOperationExecutionListener;)Ljava/lang/Object;+8
j  org.gradle.internal.operations.DefaultBuildOperationRunner.execute(Lorg/gradle/internal/operations/BuildOperationDescriptor$Builder;Lorg/gradle/internal/operations/BuildOperationState;Lorg/gradle/internal/operations/DefaultBuildOperationRunner$BuildOperationExecution;)Ljava/lang/Object;+141
j  org.gradle.internal.operations.DefaultBuildOperationRunner.execute(Lorg/gradle/internal/operations/BuildOperation;Lorg/gradle/internal/operations/BuildOperationWorker;Lorg/gradle/internal/operations/BuildOperationState;)V+18
j  org.gradle.internal.operations.DefaultBuildOperationRunner.call(Lorg/gradle/internal/operations/CallableBuildOperation;)Ljava/lang/Object;+16
j  org.gradle.launcher.exec.RunAsBuildOperationBuildActionExecutor.execute(Lorg/gradle/internal/invocation/BuildAction;Lorg/gradle/internal/session/BuildSessionContext;)Lorg/gradle/internal/buildtree/BuildActionRunner$Result;+23
j  org.gradle.launcher.exec.RunAsWorkerThreadBuildActionExecutor.lambda$execute$0(Lorg/gradle/internal/invocation/BuildAction;Lorg/gradle/internal/session/BuildSessionContext;)Lorg/gradle/internal/buildtree/BuildActionRunner$Result;+6
j  org.gradle.launcher.exec.RunAsWorkerThreadBuildActionExecutor$$Lambda+0x0000013817285bf0.create()Ljava/lang/Object;+12
j  org.gradle.internal.work.DefaultWorkerLeaseService.withLocks(Ljava/util/Collection;Lorg/gradle/internal/Factory;)Ljava/lang/Object;+28
j  org.gradle.internal.work.DefaultWorkerLeaseService.runAsWorkerThread(Lorg/gradle/internal/Factory;)Ljava/lang/Object;+33
j  org.gradle.launcher.exec.RunAsWorkerThreadBuildActionExecutor.execute(Lorg/gradle/internal/invocation/BuildAction;Lorg/gradle/internal/session/BuildSessionContext;)Lorg/gradle/internal/buildtree/BuildActionRunner$Result;+12
j  org.gradle.tooling.internal.provider.continuous.ContinuousBuildActionExecutor.execute(Lorg/gradle/internal/invocation/BuildAction;Lorg/gradle/internal/session/BuildSessionContext;)Lorg/gradle/internal/buildtree/BuildActionRunner$Result;+58
j  org.gradle.tooling.internal.provider.SubscribableBuildActionExecutor.execute(Lorg/gradle/internal/invocation/BuildAction;Lorg/gradle/internal/session/BuildSessionContext;)Lorg/gradle/internal/buildtree/BuildActionRunner$Result;+30
j  org.gradle.internal.session.DefaultBuildSessionContext.execute(Lorg/gradle/internal/invocation/BuildAction;)Lorg/gradle/internal/buildtree/BuildActionRunner$Result;+64
j  org.gradle.internal.buildprocess.execution.BuildSessionLifecycleBuildActionExecutor$ActionImpl.apply(Lorg/gradle/internal/session/BuildSessionContext;)Lorg/gradle/launcher/exec/BuildActionResult;+6
j  org.gradle.internal.buildprocess.execution.BuildSessionLifecycleBuildActionExecutor$ActionImpl.apply(Ljava/lang/Object;)Ljava/lang/Object;+5
j  org.gradle.internal.session.BuildSessionState.run(Ljava/util/function/Function;)Ljava/lang/Object;+5
j  org.gradle.internal.buildprocess.execution.BuildSessionLifecycleBuildActionExecutor.execute(Lorg/gradle/internal/invocation/BuildAction;Lorg/gradle/launcher/exec/BuildActionParameters;Lorg/gradle/initialization/BuildRequestContext;)Lorg/gradle/launcher/exec/BuildActionResult;+95
j  org.gradle.internal.buildprocess.execution.BuildSessionLifecycleBuildActionExecutor.execute(Lorg/gradle/internal/invocation/BuildAction;Ljava/lang/Object;Ljava/lang/Object;)Lorg/gradle/launcher/exec/BuildActionResult;+10
j  org.gradle.internal.buildprocess.execution.StartParamsValidatingActionExecutor.execute(Lorg/gradle/internal/invocation/BuildAction;Lorg/gradle/launcher/exec/BuildActionParameters;Lorg/gradle/initialization/BuildRequestContext;)Lorg/gradle/launcher/exec/BuildActionResult;+203
j  org.gradle.internal.buildprocess.execution.StartParamsValidatingActionExecutor.execute(Lorg/gradle/internal/invocation/BuildAction;Ljava/lang/Object;Ljava/lang/Object;)Lorg/gradle/launcher/exec/BuildActionResult;+10
j  org.gradle.internal.buildprocess.execution.SessionFailureReportingActionExecutor.execute(Lorg/gradle/internal/invocation/BuildAction;Lorg/gradle/launcher/exec/BuildActionParameters;Lorg/gradle/initialization/BuildRequestContext;)Lorg/gradle/launcher/exec/BuildActionResult;+7
j  org.gradle.internal.buildprocess.execution.SessionFailureReportingActionExecutor.execute(Lorg/gradle/internal/invocation/BuildAction;Ljava/lang/Object;Ljava/lang/Object;)Lorg/gradle/launcher/exec/BuildActionResult;+10
j  org.gradle.internal.buildprocess.execution.SetupLoggingActionExecutor.execute(Lorg/gradle/internal/invocation/BuildAction;Lorg/gradle/launcher/exec/BuildActionParameters;Lorg/gradle/initialization/BuildRequestContext;)Lorg/gradle/launcher/exec/BuildActionResult;+50
j  org.gradle.internal.buildprocess.execution.SetupLoggingActionExecutor.execute(Lorg/gradle/internal/invocation/BuildAction;Ljava/lang/Object;Ljava/lang/Object;)Lorg/gradle/launcher/exec/BuildActionResult;+10
j  org.gradle.launcher.daemon.server.exec.ExecuteBuild.doBuild(Lorg/gradle/launcher/daemon/server/api/DaemonCommandExecution;Lorg/gradle/launcher/daemon/protocol/Build;)V+147
j  org.gradle.launcher.daemon.server.exec.BuildCommandOnly.execute(Lorg/gradle/launcher/daemon/server/api/DaemonCommandExecution;)V+49
j  org.gradle.launcher.daemon.server.api.DaemonCommandExecution.proceed()Z+23
j  org.gradle.launcher.daemon.server.exec.WatchForDisconnection.execute(Lorg/gradle/launcher/daemon/server/api/DaemonCommandExecution;)V+19
j  org.gradle.launcher.daemon.server.api.DaemonCommandExecution.proceed()Z+23
j  org.gradle.launcher.daemon.server.exec.ResetDeprecationLogger.execute(Lorg/gradle/launcher/daemon/server/api/DaemonCommandExecution;)V+7
j  org.gradle.launcher.daemon.server.api.DaemonCommandExecution.proceed()Z+23
j  org.gradle.launcher.daemon.server.exec.RequestStopIfSingleUsedDaemon.execute(Lorg/gradle/launcher/daemon/server/api/DaemonCommandExecution;)V+33
j  org.gradle.launcher.daemon.server.api.DaemonCommandExecution.proceed()Z+23
j  org.gradle.launcher.daemon.server.exec.ForwardClientInput.lambda$execute$0(Lorg/gradle/launcher/daemon/server/api/DaemonCommandExecution;Lorg/gradle/internal/daemon/clientinput/StdinHandler;)Ljava/lang/Object;+11
j  org.gradle.launcher.daemon.server.exec.ForwardClientInput$$Lambda+0x000001381718efe8.apply(Ljava/lang/Object;)Ljava/lang/Object;+8
j  org.gradle.internal.daemon.clientinput.ClientInputForwarder.forwardInput(Ljava/util/function/Function;)Ljava/lang/Object;+46
j  org.gradle.launcher.daemon.server.exec.ForwardClientInput.execute(Lorg/gradle/launcher/daemon/server/api/DaemonCommandExecution;)V+10
j  org.gradle.launcher.daemon.server.api.DaemonCommandExecution.proceed()Z+23
j  org.gradle.launcher.daemon.server.exec.LogAndCheckHealth.execute(Lorg/gradle/launcher/daemon/server/api/DaemonCommandExecution;)V+51
j  org.gradle.launcher.daemon.server.api.DaemonCommandExecution.proceed()Z+23
j  org.gradle.launcher.daemon.server.exec.LogToClient.doBuild(Lorg/gradle/launcher/daemon/server/api/DaemonCommandExecution;Lorg/gradle/launcher/daemon/protocol/Build;)V+87
j  org.gradle.launcher.daemon.server.exec.BuildCommandOnly.execute(Lorg/gradle/launcher/daemon/server/api/DaemonCommandExecution;)V+49
j  org.gradle.launcher.daemon.server.api.DaemonCommandExecution.proceed()Z+23
j  org.gradle.launcher.daemon.server.exec.EstablishBuildEnvironment.doBuild(Lorg/gradle/launcher/daemon/server/api/DaemonCommandExecution;Lorg/gradle/launcher/daemon/protocol/Build;)V+356
j  org.gradle.launcher.daemon.server.exec.BuildCommandOnly.execute(Lorg/gradle/launcher/daemon/server/api/DaemonCommandExecution;)V+49
j  org.gradle.launcher.daemon.server.api.DaemonCommandExecution.proceed()Z+23
j  org.gradle.launcher.daemon.server.exec.StartBuildOrRespondWithBusy$1.run()V+44
j  org.gradle.launcher.daemon.server.DaemonStateCoordinator.lambda$runCommand$0(Ljava/lang/Runnable;)V+1
j  org.gradle.launcher.daemon.server.DaemonStateCoordinator$$Lambda+0x000001381718bb48.run()V+8
j  org.gradle.internal.concurrent.ExecutorPolicy$CatchAndRecordFailures.onExecute(Ljava/lang/Runnable;)V+1
j  org.gradle.internal.concurrent.AbstractManagedExecutor$1.run()V+25
j  java.util.concurrent.ThreadPoolExecutor.runWorker(Ljava/util/concurrent/ThreadPoolExecutor$Worker;)V+92 java.base@21.0.12.1
j  java.util.concurrent.ThreadPoolExecutor$Worker.run()V+5 java.base@21.0.12.1
j  java.lang.Thread.runWith(Ljava/lang/Object;Ljava/lang/Runnable;)V+5 java.base@21.0.12.1
j  java.lang.Thread.run()V+19 java.base@21.0.12.1
v  ~StubRoutines::call_stub 0x000001380a67100d

Compiled method (n/a) 169566  843     n 0       java.lang.ClassLoader::defineClass1 (native)
 total in heap  [0x000001380ac69010,0x000001380ac695a8] = 1432
 relocation     [0x000001380ac69170,0x000001380ac691a8] = 56
 main code      [0x000001380ac691c0,0x000001380ac695a1] = 993
 stub code      [0x000001380ac695a1,0x000001380ac695a8] = 7

[Constant Pool (empty)]

[MachCode]
[Entry Point]
  # {method} {0x0000013816434c38} 'defineClass1' '(Ljava/lang/ClassLoader;Ljava/lang/String;[BIILjava/security/ProtectionDomain;Ljava/lang/String;)Ljava/lang/Class;' in 'java/lang/ClassLoader'
  # parm0:    rdx:rdx   = 'java/lang/ClassLoader'
  # parm1:    r8:r8     = 'java/lang/String'
  # parm2:    r9:r9     = '[B'
  # parm3:    rdi       = int
  # parm4:    rsi       = int
  # parm5:    rcx:rcx   = 'java/security/ProtectionDomain'
  # parm6:    [sp+0xa0]   = 'java/lang/String'  (sp of caller)
  0x000001380ac691c0: 448b 5208 | 49bb 0000 | 0016 3801 | 0000 4d03 | d349 3bc2 | 0f84 0600 

  0x000001380ac691d8: ;   {runtime_call ic_miss_stub}
  0x000001380ac691d8: 0000 e9a1 | 55a5 ff90 
[Verified Entry Point]
  0x000001380ac691e0: 8984 2400 | 80ff ff55 | 488b ec48 | 81ec 9000 | 0000 6690 | 4181 7f20 | 0900 0000 

  0x000001380ac691fc: ;   {runtime_call StubRoutines (final stubs)}
  0x000001380ac691fc: 7405 e89d | d2a3 ff48 | 837d 1000 | 488d 4510 | 480f 4445 | 1048 8944 | 2440 4889 | 4c24 7048 
  0x000001380ac6921c: 83f9 0048 | 8d44 2470 | 480f 4444 | 2470 4889 | 4424 3848 | 8974 2430 | 4889 7c24 | 284c 894c 
  0x000001380ac6923c: 2458 4983 | f900 488d | 4424 5848 | 0f44 4424 | 5848 8944 | 2420 4c89 | 4424 5049 | 83f8 004c 
  0x000001380ac6925c: 8d4c 2450 | 4c0f 444c | 2450 4889 | 5424 4848 | 83fa 004c | 8d44 2448 | 4c0f 4444 

  0x000001380ac69278: ;   {oop(a 'java/lang/Class'{0x00000000c048ede0} = 'java/lang/ClassLoader')}
  0x000001380ac69278: 2448 49be | e0ed 48c0 | 0000 0000 | 4c89 7424 | 784c 8d74 | 2478 498b | d6c5 f877 

  0x000001380ac69294: ;   {internal_word}
  0x000001380ac69294: 49ba 9192 | c60a 3801 | 0000 4d89 | 97a8 0300 | 0049 89a7 | a003 0000 

  0x000001380ac692ac: ;   {external_word}
  0x000001380ac692ac: 49ba 066d | b0c6 fa7f | 0000 4180 | 3a00 0f84 | 4e00 0000 | 5241 5041 

  0x000001380ac692c4: ;   {metadata({method} {0x0000013816434c38} 'defineClass1' '(Ljava/lang/ClassLoader;Ljava/lang/String;[BIILjava/security/ProtectionDomain;Ljava/lang/String;)Ljava/lang/Class;' in 'java/lang/ClassLoader')}
  0x000001380ac692c4: 5148 ba30 | 4c43 1638 | 0100 0049 | 8bcf 4883 | ec20 40f6 | c40f 0f84 | 1900 0000 | 4883 ec08 
  0x000001380ac692e4: ;   {runtime_call}
  0x000001380ac692e4: 48b8 e0ea | 59c6 fa7f | 0000 ffd0 | 4883 c408 | e90c 0000 

  0x000001380ac692f8: ;   {runtime_call}
  0x000001380ac692f8: 0048 b8e0 | ea59 c6fa | 7f00 00ff | d048 83c4 | 2041 5941 | 585a 498d | 8fc0 0300 | 0041 c787 
  0x000001380ac69318: 4c04 0000 | 0400 0000 

  0x000001380ac69320: ;   {runtime_call}
  0x000001380ac69320: 48b8 ac16 | ab85 fb7f | 0000 ffd0 | c5f8 7741 | c787 4c04 | 0000 0500 | 0000 f083 | 4424 c000 
  0x000001380ac69340: 493b af50 | 0400 000f | 870e 0000 | 0041 83bf | 4804 0000 | 000f 842b | 0000 00c5 | f877 4889 
  0x000001380ac69360: 45f8 498b | cf4c 8be4 | 4883 ec20 | 4883 e4f0 

  0x000001380ac69370: ;   {runtime_call}
  0x000001380ac69370: 48b8 0058 | 25c6 fa7f | 0000 ffd0 | 498b e44d | 33e4 488b | 45f8 41c7 | 874c 0400 | 0008 0000 
  0x000001380ac69390: 0041 83bf | c804 0000 | 020f 84d5 

  0x000001380ac6939c: ;   {external_word}
  0x000001380ac6939c: 0100 0049 | ba06 6db0 | c6fa 7f00 | 0041 803a | 000f 844c | 0000 0048 

  0x000001380ac693b4: ;   {metadata({method} {0x0000013816434c38} 'defineClass1' '(Ljava/lang/ClassLoader;Ljava/lang/String;[BIILjava/security/ProtectionDomain;Ljava/lang/String;)Ljava/lang/Class;' in 'java/lang/ClassLoader')}
  0x000001380ac693b4: 8945 f848 | ba30 4c43 | 1638 0100 | 0049 8bcf | 4883 ec20 | 40f6 c40f | 0f84 1900 | 0000 4883 
  0x000001380ac693d4: ;   {runtime_call}
  0x000001380ac693d4: ec08 48b8 | e0ea 59c6 | fa7f 0000 | ffd0 4883 | c408 e90c 

  0x000001380ac693e8: ;   {runtime_call}
  0x000001380ac693e8: 0000 0048 | b8e0 ea59 | c6fa 7f00 | 00ff d048 | 83c4 2048 | 8b45 f849 | c787 a003 | 0000 0000 
  0x000001380ac69408: 0000 49c7 | 87a8 0300 | 0000 0000 | 00c5 f877 | 4885 c00f | 8430 0100 | 00a8 030f | 8508 0000 
  0x000001380ac69428: 0048 8b00 | e920 0100 | 00a8 010f | 8509 0000 | 0048 8b40 | fee9 0f01 | 0000 488b | 40ff 4180 
  0x000001380ac69448: 7f40 000f | 8400 0100 | 0048 83f8 | 000f 84f6 | 0000 0049 | 8b4f 2848 | 83f9 000f | 8414 0000 
  0x000001380ac69468: 0048 83e9 | 0849 894f | 2849 034f | 3848 8901 | e9d4 0000 | 0048 83ec | 7048 8904 | 2448 894c 
  0x000001380ac69488: 2408 4889 | 5424 104c | 8944 2418 | 4c89 4c24 | 204c 8954 | 2428 4c89 | 5c24 30c5 | fb11 4424 
  0x000001380ac694a8: 40c5 fb11 | 4c24 48c5 | fb11 5424 | 50c5 fb11 | 5c24 58c5 | fb11 6424 | 60c5 fb11 | 6c24 6849 
  0x000001380ac694c8: 8bd7 488b | c848 83ec | 2040 f6c4 | 0f0f 8419 | 0000 0048 

  0x000001380ac694dc: ;   {runtime_call}
  0x000001380ac694dc: 83ec 0848 | b820 a418 | c6fa 7f00 | 00ff d048 | 83c4 08e9 | 0c00 0000 

  0x000001380ac694f4: ;   {runtime_call}
  0x000001380ac694f4: 48b8 20a4 | 18c6 fa7f | 0000 ffd0 | 4883 c420 | c5fb 106c | 2468 c5fb | 1064 2460 | c5fb 105c 
  0x000001380ac69514: 2458 c5fb | 1054 2450 | c5fb 104c | 2448 c5fb | 1044 2440 | 4c8b 5c24 | 304c 8b54 | 2428 4c8b 
  0x000001380ac69534: 4c24 204c | 8b44 2418 | 488b 5424 | 1048 8b4c | 2408 488b | 0424 4883 | c470 c5f8 | 7749 8b8f 
  0x000001380ac69554: 3004 0000 | c781 0001 | 0000 0000 | 0000 c949 | 837f 0800 | 0f85 0100 

  0x000001380ac6956c: ;   {runtime_call StubRoutines (initial stubs)}
  0x000001380ac6956c: 0000 c3e9 | 8c79 a0ff | c5f8 7748 | 8945 f84c | 8be4 4883 | ec20 4883 

  0x000001380ac69584: ;   {runtime_call}
  0x000001380ac69584: e4f0 48b8 | 3022 5ac6 | fa7f 0000 | ffd0 498b | e44d 33e4 | 488b 45f8 | e9fe fdff | fff4 f4f4 
  0x000001380ac695a4: f4f4 f4f4 
[/MachCode]


Compiled method (c2) 169611 4703       4       java.security.SecureClassLoader::defineClass (16 bytes)
 total in heap  [0x000001380acbd210,0x000001380acc1530] = 17184
 relocation     [0x000001380acbd370,0x000001380acbd630] = 704
 main code      [0x000001380acbd640,0x000001380acbfb48] = 9480
 stub code      [0x000001380acbfb48,0x000001380acbfc60] = 280
 oops           [0x000001380acbfc60,0x000001380acbfc78] = 24
 metadata       [0x000001380acbfc78,0x000001380acbfe08] = 400
 scopes data    [0x000001380acbfe08,0x000001380acc0c20] = 3608
 scopes pcs     [0x000001380acc0c20,0x000001380acc11f0] = 1488
 dependencies   [0x000001380acc11f0,0x000001380acc1208] = 24
 handler table  [0x000001380acc1208,0x000001380acc14c0] = 696
 nul chk table  [0x000001380acc14c0,0x000001380acc1530] = 112

[Constant Pool (empty)]

[MachCode]
[Entry Point]
  # {method} {0x000001381604e0e8} 'defineClass' '(Ljava/lang/String;[BIILjava/security/CodeSource;)Ljava/lang/Class;' in 'java/security/SecureClassLoader'
  # this:     rdx:rdx   = 'java/security/SecureClassLoader'
  # parm0:    r8:r8     = 'java/lang/String'
  # parm1:    r9:r9     = '[B'
  # parm2:    rdi       = int
  # parm3:    rsi       = int
  # parm4:    rcx:rcx   = 'java/security/CodeSource'
  #           [sp+0xc0]  (sp of caller)
  0x000001380acbd640: 448b 5208 | 49bb 0000 | 0016 3801 | 0000 4d03 | d349 3bc2 

  0x000001380acbd654: ;   {runtime_call ic_miss_stub}
  0x000001380acbd654: 0f85 2611 | a0ff 6690 | 0f1f 4000 
[Verified Entry Point]
  0x000001380acbd660: 8984 2400 | 80ff ff55 | 4881 ecb0 | 0000 0090 | 4181 7f20 | 0900 0000 | 0f85 bc24 | 0000 8974 
  0x000001380acbd680: 2444 897c | 2440 4c89 | 4c24 384c | 8944 2430 | 4889 5424 | 2848 8be9 | 4885 c90f | 849b 1c00 
  0x000001380acbd6a0: 004d 8b87 | b801 0000 | 4d8b d049 | 83c2 104d | 3b97 c801 | 0000 0f83 | c514 0000 | 4d89 97b8 
  0x000001380acbd6c0: 0100 0041 | 0f18 8200 | 0100 0049 | c700 0100 

  0x000001380acbd6d0: ;   {metadata('java/security/SecureClassLoader$CodeSourceKey')}
  0x000001380acbd6d0: 0000 41c7 | 4008 b8b4 | 1100 4c8b | dd45 8958 | 0c4d 8b8f | b801 0000 | 4c8b 5424 | 2841 8b6a 
  0x000001380acbd6f0: 504d 8bd1 | 4983 c210 | 4d3b 97c8 | 0100 000f | 834f 1400 | 004d 8997 | b801 0000 | 410f 1882 
  0x000001380acbd710: 0001 0000 | 49c7 0101 

  0x000001380acbd718: ;   {metadata('java/security/SecureClassLoader$1')}
  0x000001380acbd718: 0000 0041 | c741 0850 | ba11 004c | 8b54 2428 | 4d8b da45 | 8959 0c44 

  0x000001380acbd730: ;   {metadata('java/util/concurrent/ConcurrentHashMap')}
  0x000001380acbd730: 8b5d 0841 | 81fb 8027 | 0600 0f85 | 7c19 0000 | 488b d590 

  0x000001380acbd744: ;   {optimized virtual_call}
  0x000001380acbd744: c5f8 77e8 

  0x000001380acbd748: ; ImmutableOopMap {[40]=Oop [48]=Oop [56]=Oop }
                      ;*invokeinterface computeIfAbsent {reexecute=0 rethrow=0 return_oop=1}
                      ; - java.security.SecureClassLoader::getProtectionDomain@28
                      ; - java.security.SecureClassLoader::defineClass@9
  0x000001380acbd748: b49d 17f9 

  0x000001380acbd74c: ;   {other}
  0x000001380acbd74c: 0f1f 8400 | 3c05 0000 

  0x000001380acbd754: ; implicit exception: dispatches to 0x000001380acbf898
  0x000001380acbd754: 448b 5008 

  0x000001380acbd758: ;   {metadata('java/security/ProtectionDomain')}
  0x000001380acbd758: 4181 fae8 | 5800 000f | 859f 2000 | 0048 8984 | 2490 0000 | 004c 8b54 | 2430 458b | 5214 458b 
  0x000001380acbd778: 5a0c 4585 | db0f 8685 | 1900 004c | 8b44 2430 | 450f be48 | 1045 85c9 | 0f85 f61a | 0000 c442 
  0x000001380acbd798: 32f7 cb45 | 3bcb 418b | d941 0f4f | db4d 8bc2 | c4c1 f96e | c04d 8d42 | 1085 db0f | 8ecf 0000 
  0x000001380acbd7b8: 0044 3bdb | 0f82 8a19 | 0000 b82f | 0000 0049 | 8bf8 8bd3 | 488b df83 | fa10 0f8c | 7900 0000 
  0x000001380acbd7d8: 83fa 200f | 8c36 0000 | 00c5 f96e | d0c4 e27d | 78d2 c5e5 | efdb 8bca | 83e1 e083 | e21f c5fe 
  0x000001380acbd7f8: 6f0b c5f5 | 74ca c4e2 | 7d17 d90f | 8369 0000 | 0048 83c3 | 2083 e920 | 75e4 e90d | 0000 00c5 
  0x000001380acbd818: f96e d0c5 | e1ef dbc4 | e269 00d3 | 83fa 100f | 8c24 0000 | 008b ca83 | e1f0 83e2 | 0fc5 fa6f 
  0x000001380acbd838: 0bc5 f174 | cac4 e279 | 17d9 0f83 | 2a00 0000 | 4883 c310 | 83e9 1075 | e485 d20f 

  0x000001380acbd854: ;   {no_reloc}
  0x000001380acbd854: 8412 0000 | 000f b60b | 3bc1 741c | 4883 c301 | 83ea 0174 | 02eb eebb | ffff ffff | eb0d c5fd 
  0x000001380acbd874: d7c9 0fbc | c148 03d8 | 482b df83 | fbff 0f85 | 601a 0000 | 410f b628 | 83fd 5b0f | 84db 1a00 
  0x000001380acbd894: 0041 8d49 | fb85 c97c | 0d41 0fbe | 1883 fb6a | 0f84 710d | 0000 488b | 5c24 2848 | 8b8c 2490 
  0x000001380acbd8b4: 0000 0044 | 8b71 1041 | 8d79 ff41 | 8d4b ff3b | f90f 4ff9 | 85ff 0f8c | 400f 0000 | 413b fb0f 
  0x000001380acbd8d4: 83bb 1700 | 0085 ff0f | 8e43 1800 | 008d 57ff | 33f6 c4c1 | f96e c845 | 0fbe 443a | 1041 83f8 
  0x000001380acbd8f4: 2e0f 84b9 | 0d00 00ff | cf3b fa7f | ea83 ff02 | 0f8e 8d00 | 0000 8d4f | fe83 ff02 | 0f4c ce81 
  0x000001380acbd914: f9a0 0f00 | 0041 b8a0 | 0f00 0041 | 0f47 c88b | c72b c166 | 0f1f 8400 | 0000 0000 | 4863 cf45 
  0x000001380acbd934: 0fbe 440a | 1041 83f8 | 2e0f 8483 | 0000 0041 | 0fbe 4c0a | 0f83 f92e | 747c 8d4f | fe41 0fbe 
  0x000001380acbd954: ;   {no_reloc}
  0x000001380acbd954: 540a 1083 | fa2e 7471 | 8d4f fd45 | 0fbe 440a | 1041 83f8 | 2e74 6283 | c7fc 3bf8 | 7fbe 498b 
  0x000001380acbd974: af58 0400 | 004c 8b44 | 2428 488b | 4c24 3048 | 8b94 2490 

  0x000001380acbd988: ; ImmutableOopMap {r10=NarrowOop r8=Oop rcx=Oop rbx=Oop rdx=Oop r14=NarrowOop xmm0=Oop xmm1=Derived_oop_xmm0 [40]=Oop [48]=Oop [56]=Oop [144]=Oop }
                      ;*goto {reexecute=1 rethrow=0 return_oop=0}
                      ; - (reexecute) java.lang.StringLatin1::lastIndexOf@35
                      ; - java.lang.String::lastIndexOf@13
                      ; - java.lang.String::lastIndexOf@8
                      ; - java.lang.ClassLoader::checkCerts@3
                      ; - java.lang.ClassLoader::preDefineClass@113
                      ; - java.lang.ClassLoader::defineClass@4
                      ; - java.security.SecureClassLoader::defineClass@12
                      ;   {poll}
  0x000001380acbd988: 0000 0085 | 4500 83ff | 020f 8f73 | ffff ff83 | ffff 7e20 | 410f be4c | 3a10 83f9 | 2e0f 8421 
  0x000001380acbd9a8: 1800 00ff | cf83 ffff | 7fea c4c1 | f97e c8e9 | 560e 0000 | c4c1 f97e | c8e9 4c0e | 0000 8bcf 
  0x000001380acbd9c8: eb03 8d4f | ffc4 c1f9 | 7ec8 83f9 | ff0f 846a | 1100 0085 | c90f 8cd9 | 1800 0041 | 3bc9 0f8f 
  0x000001380acbd9e8: fc19 0000 | 413b c90f | 841c 0c00 | 0085 c90f | 849f 1300 | 004d 8baf | b801 0000 | 4d8b cd49 
  0x000001380acbda08: 83c1 184d | 3b8f c801 | 0000 0f83 | a712 0000 | 4d89 8fb8 | 0100 0041 | 0f18 8100 | 0100 0049 
  0x000001380acbda28: c745 0001 

  0x000001380acbda2c: ;   {metadata('java/lang/String')}
  0x000001380acbda2c: 0000 0041 | c745 0878 | e800 0045 | 8965 0c4d | 8965 1041 | 3bcb 0f85 | cc00 0000 | 4963 eb41 
  0x000001380acbda4c: 81fb 0000 | 1000 0f87 | de14 0000 | 4c89 4424 | 5049 8bbf | b801 0000 | 4c8d 4517 | 4983 e0f8 
  0x000001380acbda6c: 4c8b cf4d | 03c8 4d3b | 8fc8 0100 | 000f 83b2 | 1400 004d | 898f b801 | 0000 410f | 1881 0001 
  0x000001380acbda8c: 0000 48c7 | 0701 0000 | 0041 0f18 | 8140 0100 

  0x000001380acbda9c: ;   {metadata({type array byte})}
  0x000001380acbda9c: 00c7 4708 | 1823 0000 | 4489 5f0c | 410f 1881 | 8001 0000 | 8974 2420 | 4889 5c24 | 5844 8974 
  0x000001380acbdabc: 2424 4c89 | 6c24 6048 | 896c 2468 | 488b d748 | 83c2 104c | 8b44 2468 | 4983 c007 | 49c1 e803 
  0x000001380acbdadc: 488b 4c24 | 50c5 f877 | 49ba 604b | 6a0a 3801 | 0000 41ff 

  0x000001380acbdaf0: ;   {other}
  0x000001380acbdaf0: d20f 1f84 | 0000 0000 | 008b 7424 | 2048 8b5c | 2458 448b | 7424 244c | 8b6c 2460 | 4c8b d7e9 
  0x000001380acbdb10: d300 0000 | 81f9 0000 | 1000 0f87 | b316 0000 | 4c63 c949 | 8bf8 443b | d941 8beb | 0f4f e944 
  0x000001380acbdb30: 3bdd 0f82 | 0f17 0000 | 3bcd 0f82 | 0717 0000 | 4983 c117 | 4d8b c149 | 83e0 f881 | f900 0010 
  0x000001380acbdb50: 000f 8754 | 1200 004d | 8b97 b801 | 0000 4d8b | da4d 03d8 | 4d3b 9fc8 | 0100 000f | 833a 1200 
  0x000001380acbdb70: 004d 899f | b801 0000 | 410f 1883 | 0001 0000 | 49c7 0201 | 0000 0041 | 0f18 8340 

  0x000001380acbdb8c: ;   {metadata({type array byte})}
  0x000001380acbdb8c: 0100 0041 | c742 0818 | 2300 0041 | 894a 0c41 | 0f18 8380 | 0100 0049 | 8bd2 4883 | c210 49c1 
  0x000001380acbdbac: e903 85ed | 0f84 2516 | 0000 3be9 | 0f8c 8f0d | 0000 498b | ea49 83c0 | f049 c1e8 | 0348 8bcf 
  0x000001380acbdbcc: c5f8 7749 | ba60 4b6a | 0a38 0100 | 0041 ffd2 

  0x000001380acbdbdc: ;   {other}
  0x000001380acbdbdc: 0f1f 8400 | 0000 0000 | 4c8b d541 | 807f 4000 | 0f85 4e0c | 0000 4d8b | dd4d 8bc2 | 4589 4514 
  0x000001380acbdbfc: 4d33 d349 | c1ea 144d | 85d2 741a | 49c1 eb09 | 48b9 0000 | 507f 3801 | 0000 4903 | cb80 3902 
  0x000001380acbdc1c: 0f85 510c | 0000 4588 | 6510 418b | 6e14 85ed | 0f85 5617 | 0000 418b | 6e10 85ed | 0f85 7a17 
  0x000001380acbdc3c: 0000 448b | 532c 4585 | d20f 8401 | 1400 0048 | 895c 2448 | 8974 2420 

  0x000001380acbdc54: ;   {oop(a 'java/security/cert/Certificate'[0] {0x00000000c0847020})}
  0x000001380acbdc54: 498b d249 | b920 7084 | c000 0000 | 00bf 0100 | 0000 4d8b | c566 6690 

  0x000001380acbdc6c: ;   {optimized virtual_call}
  0x000001380acbdc6c: c5f8 77e8 

  0x000001380acbdc70: ; ImmutableOopMap {[40]=Oop [48]=Oop [56]=Oop [72]=Oop [144]=Oop }
                      ;*invokevirtual putVal {reexecute=0 rethrow=0 return_oop=1}
                      ; - java.util.concurrent.ConcurrentHashMap::putIfAbsent@4
                      ; - java.lang.ClassLoader::checkCerts@62
                      ; - java.lang.ClassLoader::preDefineClass@113
                      ; - java.lang.ClassLoader::defineClass@4
                      ; - java.security.SecureClassLoader::defineClass@12
  0x000001380acbdc70: cc2e 3300 

  0x000001380acbdc74: ;   {other}
  0x000001380acbdc74: 0f1f 8400 | 640a 0002 | 4885 c074 | 1c44 8b50 

  0x000001380acbdc84: ;   {metadata('java/security/cert/Certificate'[])}
  0x000001380acbdc84: 0841 81fa | 2029 1000 | 0f85 a61b | 0000 8b68 | 0c85 ed0f | 877f 1700 | 004c 8b8c | 2490 0000 
  0x000001380acbdca4: 0045 8b59 | 1041 8b6b | 0c44 8b5d | 3845 85db | 0f84 aa13 | 0000 48ff | b424 9000 | 0000 488f 
  0x000001380acbdcc4: 4424 4849 | 8bd3 4c8b | c566 6690 

  0x000001380acbdcd0: ;   {optimized virtual_call}
  0x000001380acbdcd0: c5f8 77e8 

  0x000001380acbdcd4: ; ImmutableOopMap {[40]=Oop [48]=Oop [56]=Oop [72]=Oop [144]=Oop }
                      ;*invokevirtual toExternalForm {reexecute=0 rethrow=0 return_oop=1}
                      ; - java.net.URL::toExternalForm@5
                      ; - java.net.URL::toString@1
                      ; - java.lang.ClassLoader::defineClassSourceLocation@22
                      ; - java.lang.ClassLoader::defineClass@12
                      ; - java.security.SecureClassLoader::defineClass@12
  0x000001380acbdcd4: 4846 1400 

  0x000001380acbdcd8: ;   {other}
  0x000001380acbdcd8: 0f1f 8400 | c80a 0003 | 488b 5424 | 284c 8b44 | 2430 4c8b | 4c24 388b | 7c24 408b | 7424 4448 
  0x000001380acbdcf8: 8b8c 2490 | 0000 0048 | 8904 2490 

  0x000001380acbdd04: ;   {static_call}
  0x000001380acbdd04: c5f8 77e8 

  0x000001380acbdd08: ; ImmutableOopMap {[40]=Oop [72]=Oop [144]=Oop }
                      ;*invokestatic defineClass1 {reexecute=0 rethrow=0 return_oop=1}
                      ; - java.lang.ClassLoader::defineClass@27
                      ; - java.security.SecureClassLoader::defineClass@12
  0x000001380acbdd08: d4b4 faff 

  0x000001380acbdd0c: ;   {other}
  0x000001380acbdd0c: 0f1f 8400 | fc0a 0004 | 4889 4424 | 3044 8b58 | 3c45 85db | 7417 498b | db49 ba00 | 0050 7f38 
  0x000001380acbdd2c: 0100 004c | 8954 2468 | e9f7 0300 | 004c 8b50 | 1045 8b42 | 0845 85c0 | 0f8c 4214 | 0000 448b 
  0x000001380acbdd4c: 582c 4585 | db0f 8421 | 0900 0049 | 8bc3 448b | 4814 418b | 790c 440f | be40 10c4 | e23a f7cf 
  0x000001380acbdd6c: 448d 59ff | 4585 c00f | 85f3 1700 | 004d 8bd1 | 4c89 9424 | 8800 0000 | 448d 47ff | 453b c345 
  0x000001380acbdd8c: 0f4f c345 | 85c0 0f8c | 840a 0000 | 85ff 0f86 | c813 0000 | 443b c70f | 83bf 1300 | 0045 85c0 
  0x000001380acbddac: 0f8e f613 | 0000 458d 

  0x000001380acbddb4: ;   {oop(""{0x00000000c05ee948})}
  0x000001380acbddb4: 50ff 48bb | 48e9 5ec0 | 0000 0000 | 49bb 0000 | 507f 3801 | 0000 4c89 | 5c24 6847 | 0fbe 5c01 
  0x000001380acbddd4: 1041 83fb | 2e0f 8429 | 0a00 0041 | ffc8 453b | c27f e841 | 83f8 020f | 8e8a 0000 | 0041 8d50 
  0x000001380acbddf4: fe41 83f8 | 020f 4c54 | 2420 81fa | a00f 0000 | 41ba a00f | 0000 410f | 47d2 458b | d044 2bd2 
  0x000001380acbde14: 660f 1f44 | 0000 660f | 1f44 0000 | 4d63 d843 | 0fbe 5419 | 1083 fa2e | 7478 470f | be5c 190f 
  0x000001380acbde34: 4183 fb2e | 7471 458d | 58fe 430f | be54 1910 | 83fa 2e74 | 6645 8d58 | fd43 0fbe | 7419 1083 
  0x000001380acbde54: fe2e 7457 | 4183 c0fc | 453b c27f | bf4d 8baf | 5804 0000 | 4c8b 5424 

  0x000001380acbde6c: ; ImmutableOopMap {r10=Oop r9=NarrowOop rbx=Oop rax=Oop [40]=Oop [48]=Oop [72]=Oop [136]=Oop }
                      ;*goto {reexecute=1 rethrow=0 return_oop=0}
                      ; - (reexecute) java.lang.StringLatin1::lastIndexOf@35
                      ; - java.lang.String::lastIndexOf@13
                      ; - java.lang.String::lastIndexOf@8
                      ; - java.lang.Class::getPackageName@47
                      ; - java.lang.ClassLoader::postDefineClass@2
                      ; - java.lang.ClassLoader::defineClass@37
                      ; - java.security.SecureClassLoader::defineClass@12
                      ;   {poll}
  0x000001380acbde6c: 3041 8545 | 0041 83f8 | 020f 8f76 | ffff ff41 | 83f8 ff0f | 8eb0 0900 | 0066 6690 | 470f be54 
  0x000001380acbde8c: 0110 4183 | fa2e 0f84 | 2c16 0000 | 41ff c841 | 83f8 ff7f | e7e9 8f09 | 0000 458b | d8eb 0445 
  0x000001380acbdeac: 8d58 ff41 | 83fb ff0f | 8432 0200 | 0045 85db | 0f8c 0217 | 0000 443b | d90f 8f2d | 1700 0044 
  0x000001380acbdecc: 3bd9 0f84 | d807 0000 | 4585 db0f | 84fc 0f00 | 0049 8b9f | b801 0000 | 4c8b d349 | 83c2 184d 
  0x000001380acbdeec: 3b97 c801 | 0000 0f83 | 670f 0000 | 4d89 97b8 | 0100 0041 | 0f18 8200 | 0100 0048 | c703 0100 
  0x000001380acbdf0c: ;   {metadata('java/lang/String')}
  0x000001380acbdf0c: 0000 c743 | 0878 e800 | 0044 8963 | 0c4c 8963 | 104d 8d51 | 1044 3bdf | 0f85 8d00 | 0000 4c63 
  0x000001380acbdf2c: c781 ff00 | 0010 000f | 87b6 1000 | 0049 8bb7 | b801 0000 | 4d8d 5817 | 4983 e3f8 | 488b ce49 
  0x000001380acbdf4c: 03cb 493b | 8fc8 0100 | 000f 8394 | 1000 0049 | 898f b801 | 0000 0f18 | 8100 0100 | 0048 c706 
  0x000001380acbdf6c: 0100 0000 | 0f18 8140 

  0x000001380acbdf74: ;   {metadata({type array byte})}
  0x000001380acbdf74: 0100 00c7 | 4608 1823 | 0000 897e | 0c0f 1881 | 8001 0000 | 488b d648 | 83c2 1049 | 83c0 0749 
  0x000001380acbdf94: c1e8 0349 | 8bca c5f8 | 7749 ba60 | 4b6a 0a38 | 0100 0041 

  0x000001380acbdfa8: ;   {other}
  0x000001380acbdfa8: ffd2 0f1f | 8400 0000 | 0000 e9d2 | 0000 0041 | 81fb 0000 | 1000 0f87 | 0815 0000 | 4963 cb41 
  0x000001380acbdfc8: 3bfb 8bef | 410f 4feb | 3bfd 0f82 | 6515 0000 | 443b dd0f | 825c 1500 | 0048 83c1 | 1748 8bf9 
  0x000001380acbdfe8: 4883 e7f8 | 4181 fb00 | 0010 000f | 878b 0f00 | 0049 8bb7 | b801 0000 | 4c8b c64c | 03c7 4d3b 
  0x000001380acbe008: 87c8 0100 | 000f 8371 | 0f00 004d | 8987 b801 | 0000 410f | 1880 0001 | 0000 48c7 | 0601 0000 
  0x000001380acbe028: 0041 0f18 | 8040 0100 

  0x000001380acbe030: ;   {metadata({type array byte})}
  0x000001380acbe030: 00c7 4608 | 1823 0000 | 4489 5e0c | 410f 1880 | 8001 0000 | 4c8b ce49 | 83c1 1048 | c1e9 0385 
  0x000001380acbe050: ed0f 847d | 1400 0041 | 3beb 0f8c | 430a 0000 | 4883 c7f0 | 48c1 ef03 | 498b ca49 | 8bd1 4c8b 
  0x000001380acbe070: c7c5 f877 | 49ba 604b | 6a0a 3801 | 0000 41ff 

  0x000001380acbe080: ;   {other}
  0x000001380acbe080: d20f 1f84 | 0000 0000 | 0041 807f | 4000 0f85 | 8b09 0000 | 4c8b d34c | 8bc6 4489 | 4314 4c8b 
  0x000001380acbe0a0: de4d 33da | 49c1 eb14 | 4d85 db74 | 1a49 c1ea | 0948 b900 | 0050 7f38 | 0100 0049 | 03ca 8039 
  0x000001380acbe0c0: 020f 858b | 0900 0044 | 8863 1048 | 8bd3 4c8b | 5424 304c | 8954 2420 

  0x000001380acbe0d8: ;   {optimized virtual_call}
  0x000001380acbe0d8: c5f8 77e8 

  0x000001380acbe0dc: ; ImmutableOopMap {[32]=Oop [40]=Oop [48]=Oop [72]=Oop }
                      ;*invokevirtual intern {reexecute=0 rethrow=0 return_oop=1}
                      ; - java.lang.Class::getPackageName@65
                      ; - java.lang.ClassLoader::postDefineClass@2
                      ; - java.lang.ClassLoader::defineClass@37
                      ; - java.security.SecureClassLoader::defineClass@12
  0x000001380acbe0dc: 8099 f6ff 

  0x000001380acbe0e0: ;   {other}
  0x000001380acbe0e0: 0f1f 8400 | d00e 0006 | 488b d841 | 807f 4000 | 0f85 ce07 | 0000 4c8b | db4c 8b54 | 2430 4589 
  0x000001380acbe100: 5a3c 4c8b | db4d 33da | 49c1 eb14 | 4d85 db74 | 1f48 85db | 741a 49c1 | ea09 48b9 | 0000 507f 
  0x000001380acbe120: 3801 0000 | 4903 ca80 | 3902 0f85 | cc07 0000 | 4c8b 5424 | 2845 8b5a | 3845 85db | 0f84 3a0f 
  0x000001380acbe140: 0000 4c8b | cb8b 430c | 4c8b 5424 | 3045 8b42 | 3085 c075 | 5e44 0fb6 | 5311 4585 | d20f 85db 
  0x000001380acbe160: 0900 0044 | 8b53 1449 | 8beb 498b | d280 7b10 | 000f 85e6 | 0b00 0044 | 8944 243c | 4489 5c24 
  0x000001380acbe180: 3848 895c | 2420 6690 

  0x000001380acbe188: ;   {static_call}
  0x000001380acbe188: c5f8 77e8 

  0x000001380acbe18c: ; ImmutableOopMap {rbp=Oop [32]=Oop [40]=Oop [48]=Oop [56]=NarrowOop [60]=NarrowOop [72]=Oop }
                      ;*invokestatic hashCode {reexecute=0 rethrow=0 return_oop=0}
                      ; - java.lang.String::hashCode@27
                      ; - java.util.concurrent.ConcurrentHashMap::get@1
                      ; - java.lang.ClassLoader::getNamedPackage@5
                      ; - java.lang.ClassLoader::postDefineClass@9
                      ; - java.lang.ClassLoader::defineClass@37
                      ; - java.security.SecureClassLoader::defineClass@12
  0x000001380acbe18c: f00e a0ff 

  0x000001380acbe190: ;   {other}
  0x000001380acbe190: 0f1f 8400 | 800f 0007 | 85c0 0f84 | e10b 0000 | 4c8b 4c24 | 2041 8941 | 0c44 8b5c | 2438 448b 
  0x000001380acbe1b0: 4424 3c41 | 8b5b 2885 | db0f 846f | 0200 0044 | 8b5b 0c45 | 85db 0f86 | 3c11 0000 | 448b d041 
  0x000001380acbe1d0: c1ea 1044 | 33d0 41ff | cb41 81e2 | ffff ff7f | 4523 da4d | 63db 468b | 6c9b 1045 | 85ed 0f84 
  0x000001380acbe1f0: 3a02 0000 | 418b 6d0c | 413b ea0f | 8402 0100 | 0085 ed0f | 8c7f 1400 | 0041 8b4d | 1885 c90f 
  0x000001380acbe210: 8419 0200 | 0048 8bf9 | 8b5f 0c49 | 8b97 5804 

  0x000001380acbe220: ; ImmutableOopMap {r8=NarrowOop r9=Oop rdi=Oop [40]=Oop [48]=Oop [72]=Oop }
                      ;*if_icmpne {reexecute=1 rethrow=0 return_oop=0}
                      ; - (reexecute) java.util.concurrent.ConcurrentHashMap::get@127
                      ; - java.lang.ClassLoader::getNamedPackage@5
                      ; - java.lang.ClassLoader::postDefineClass@9
                      ; - java.lang.ClassLoader::defineClass@37
                      ; - java.security.SecureClassLoader::defineClass@12
                      ;   {poll}
  0x000001380acbe220: 0000 8502 | 413b da74 | 1244 8b5f | 1845 85db | 0f84 f801 | 0000 498b | fbeb dd8b | 6f10 4c8b 
  0x000001380acbe240: dd4d 3bd9 | 744b 85ed | 0f84 ca14 | 0000 4889 | 7c24 4044 | 8954 243c | 4489 4424 | 384c 894c 
  0x000001380acbe260: 2420 4c8b | c549 8bd1 | 498b e990 

  0x000001380acbe26c: ;   {optimized virtual_call}
  0x000001380acbe26c: c5f8 77e8 

  0x000001380acbe270: ; ImmutableOopMap {rbp=Oop [32]=Oop [40]=Oop [48]=Oop [56]=NarrowOop [64]=Oop [72]=Oop }
                      ;*invokevirtual equals {reexecute=0 rethrow=0 return_oop=0}
                      ; - java.util.concurrent.ConcurrentHashMap::get@149
                      ; - java.lang.ClassLoader::getNamedPackage@5
                      ; - java.lang.ClassLoader::postDefineClass@9
                      ; - java.lang.ClassLoader::defineClass@37
                      ; - java.security.SecureClassLoader::defineClass@12
  0x000001380acbe270: cc5c 1900 

  0x000001380acbe274: ;   {other}
  0x000001380acbe274: 0f1f 8400 | 6410 0009 | 85c0 0f84 | c814 0000 | 4c8b cd44 | 8b44 2438 | 488b 7c24 | 408b 6f14 
  0x000001380acbe294: 85ed 0f84 | 9201 0000 | 448b 5508 | 49bb 0000 | 0016 3801 | 0000 4d03 | da4d 8b53 

  0x000001380acbe2b0: ;   {metadata('java/lang/NamedPackage')}
  0x000001380acbe2b0: 3849 bbe8 | c001 1638 | 0100 004d | 3bd3 0f85 | b00f 0000 | 4c8b 5424 | 4845 8b52 | 1041 8b6a 
  0x000001380acbe2d0: 1485 ed0f | 8577 1300 | 0041 8b6a | 1085 ed0f | 8587 1300 | 0048 8b44 | 2430 c5f8 | 7748 81c4 
  0x000001380acbe2f0: b000 0000 

  0x000001380acbe2f4: ;   {poll_return}
  0x000001380acbe2f4: 5d49 3ba7 | 5004 0000 | 0f87 2218 | 0000 c341 | 8b6d 104c | 8bdd 4d3b | d90f 840f | 0100 008b 
  0x000001380acbe314: 4d08 488b | dd4c 3bcb | 0f84 0001 

  0x000001380acbe320: ;   {metadata('java/lang/String')}
  0x000001380acbe320: 0000 81f9 | 78e8 0000 | 0f85 dbfe | ffff 450f | be59 100f | be6b 1044 | 3bdd 0f85 | a013 0000 
  0x000001380acbe340: 8b5b 1445 | 8b59 148b | 530c 418b | 4b0c 3bca | 0f85 b3fe | ffff 488b | fb48 8d73 | 1049 8bdb 
  0x000001380acbe360: 498d 7b10 | 85c9 0f84 | 9d00 0000 | 8bc1 83e0 | 1f83 e1e0 | 0f84 4b00 | 0000 488d | 3c0f 488d 
  0x000001380acbe380: 340e 48f7 | d9c5 fe6f | 040f c5fe | 6f0c 0ec5 | fdef c1c4 | e27d 17c0 | 0f85 7200 | 0000 4883 
  0x000001380acbe3a0: c120 75e1 | 85c0 0f84 | 5d00 0000 | c5fe 6f44 | 07e0 c5fe | 6f4c 06e0 | c5fd efc1 | c4e2 7d17 
  0x000001380acbe3c0: c075 4deb | 448b c883 | e1fc 7419 | 488d 3c0f | 488d 340e | 48f7 d98b | 1c0f 3b1c | 0e75 3148 
  0x000001380acbe3e0: 83c1 0475 | f2a8 0274 | 120f b71f | 0fb7 0e3b | d975 1d48 | 8d7f 0248 | 8d76 02a8 | 0174 0a0f 
  0x000001380acbe400: b61f 0fb6 | 0e3b d975 | 07b8 0100 | 0000 eb02 | 33c0 c5fd | efc0 c5f5 | efc9 85c0 | 0f84 e7fd 
  0x000001380acbe420: ;   {no_reloc}
  0x000001380acbe420: ffff 418b | 6d14 85ed | 0f85 6efe | ffff 498b | 87b8 0100 | 004c 8bd0 | 4983 c218 | 4d3b 97c8 
  0x000001380acbe440: 0100 000f | 8361 0a00 | 004d 8997 | b801 0000 | 410f 1882 | 0001 0000 | 48c7 0001 

  0x000001380acbe45c: ;   {metadata('java/lang/NamedPackage')}
  0x000001380acbe45c: 0000 00c7 | 4008 e8c0 | 0100 4489 | 600c 4c89 | 6010 4c89 | 4c24 2044 | 8944 2438 | 4889 4424 
  0x000001380acbe47c: 4048 8b54 | 2420 6690 

  0x000001380acbe484: ;   {optimized virtual_call}
  0x000001380acbe484: c5f8 77e8 

  0x000001380acbe488: ; ImmutableOopMap {[32]=Oop [40]=Oop [48]=Oop [56]=NarrowOop [64]=Oop [72]=Oop }
                      ;*invokevirtual isEmpty {reexecute=0 rethrow=0 return_oop=0}
                      ; - java.lang.NamedPackage::<init>@5
                      ; - java.lang.ClassLoader::getNamedPackage@22
                      ; - java.lang.ClassLoader::postDefineClass@9
                      ; - java.lang.ClassLoader::defineClass@37
                      ; - java.security.SecureClassLoader::defineClass@12
  0x000001380acbe488: b4c6 fcff 

  0x000001380acbe48c: ;   {other}
  0x000001380acbe48c: 0f1f 8400 | 7c12 000a | 85c0 0f84 | 1f02 0000 | 448b 5c24 | 3845 85db | 0f84 920f | 0000 4d8b 
  0x000001380acbe4ac: d34c 8954 | 2450 498b | d266 6690 

  0x000001380acbe4b8: ;   {optimized virtual_call}
  0x000001380acbe4b8: c5f8 77e8 

  0x000001380acbe4bc: ; ImmutableOopMap {[32]=Oop [40]=Oop [48]=Oop [56]=NarrowOop [64]=Oop [72]=Oop [80]=Oop }
                      ;*invokevirtual isNamed {reexecute=0 rethrow=0 return_oop=0}
                      ; - java.lang.NamedPackage::<init>@12
                      ; - java.lang.ClassLoader::getNamedPackage@22
                      ; - java.lang.ClassLoader::postDefineClass@9
                      ; - java.lang.ClassLoader::defineClass@37
                      ; - java.security.SecureClassLoader::defineClass@12
  0x000001380acbe4bc: 80b7 1a00 

  0x000001380acbe4c0: ;   {other}
  0x000001380acbe4c0: 0f1f 8400 | b012 000b | 85c0 0f84 | eb01 0000 | 498b 87b8 | 0100 004c | 8bd0 4983 | c228 4d3b 
  0x000001380acbe4e0: 97c8 0100 | 000f 83fd | 0900 004d | 8997 b801 | 0000 410f | 1882 0001 | 0000 48c7 | 0001 0000 
  0x000001380acbe500: ;   {metadata('java/lang/InternalError')}
  0x000001380acbe500: 00c7 4008 | 3807 0100 | 4489 600c | 4c89 6010 | 4c89 6018 | 4c89 6020 | 4889 4424 | 6849 8b87 
  0x000001380acbe520: b801 0000 | 4c8b d049 | 83c2 184d | 3b97 c801 | 0000 0f83 | d509 0000 | 4d89 97b8 | 0100 0041 
  0x000001380acbe540: 0f18 8200 | 0100 0048 | c700 0100 

  0x000001380acbe54c: ;   {metadata('java/lang/StringBuilder')}
  0x000001380acbe54c: 0000 c740 | 0840 8000 | 0044 8960 | 0c4c 8960 | 1048 8be8 | 488b d590 

  0x000001380acbe564: ;   {optimized virtual_call}
  0x000001380acbe564: c5f8 77e8 

  0x000001380acbe568: ; ImmutableOopMap {rbp=Oop [32]=Oop [40]=Oop [48]=Oop [56]=NarrowOop [64]=Oop [72]=Oop [80]=Oop [104]=Oop }
                      ;*invokespecial <init> {reexecute=0 rethrow=0 return_oop=0}
                      ; - java.lang.NamedPackage::<init>@26
                      ; - java.lang.ClassLoader::getNamedPackage@22
                      ; - java.lang.ClassLoader::postDefineClass@9
                      ; - java.lang.ClassLoader::defineClass@37
                      ; - java.security.SecureClassLoader::defineClass@12
  0x000001380acbe568: 1405 a0ff 

  0x000001380acbe56c: ;   {other}
  0x000001380acbe56c: 0f1f 8400 | 5c13 000c 

  0x000001380acbe574: ;   {oop("unnamed package in  "{0x00000000c0526518})}
  0x000001380acbe574: 49b8 1865 | 52c0 0000 | 0000 488b | d54c 8b54 | 2468 4c89 | 5424 6090 

  0x000001380acbe58c: ;   {optimized virtual_call}
  0x000001380acbe58c: c5f8 77e8 

  0x000001380acbe590: ; ImmutableOopMap {[32]=Oop [40]=Oop [48]=Oop [56]=NarrowOop [64]=Oop [72]=Oop [80]=Oop [96]=Oop [104]=Oop }
                      ;*invokevirtual append {reexecute=0 rethrow=0 return_oop=1}
                      ; - java.lang.NamedPackage::<init>@31
                      ; - java.lang.ClassLoader::getNamedPackage@22
                      ; - java.lang.ClassLoader::postDefineClass@9
                      ; - java.lang.ClassLoader::defineClass@37
                      ; - java.security.SecureClassLoader::defineClass@12
  0x000001380acbe590: ec04 a0ff 

  0x000001380acbe594: ;   {other}
  0x000001380acbe594: 0f1f 8400 | 8413 000d | 4885 c00f | 84ef 0e00 | 0048 8bd0 | 4c8b 4424 | 504c 8b54 | 2460 4c89 
  0x000001380acbe5b4: 5424 5090 

  0x000001380acbe5b8: ;   {optimized virtual_call}
  0x000001380acbe5b8: c5f8 77e8 

  0x000001380acbe5bc: ; ImmutableOopMap {[32]=Oop [40]=Oop [48]=Oop [56]=NarrowOop [64]=Oop [72]=Oop [80]=Oop [96]=Oop }
                      ;*invokevirtual append {reexecute=0 rethrow=0 return_oop=1}
                      ; - java.lang.NamedPackage::<init>@35
                      ; - java.lang.ClassLoader::getNamedPackage@22
                      ; - java.lang.ClassLoader::postDefineClass@9
                      ; - java.lang.ClassLoader::defineClass@37
                      ; - java.security.SecureClassLoader::defineClass@12
  0x000001380acbe5bc: c004 a0ff 

  0x000001380acbe5c0: ;   {other}
  0x000001380acbe5c0: 0f1f 8400 | b013 000e | 4885 c00f | 84db 0e00 | 0048 8bd0 

  0x000001380acbe5d4: ;   {optimized virtual_call}
  0x000001380acbe5d4: c5f8 77e8 

  0x000001380acbe5d8: ; ImmutableOopMap {[32]=Oop [40]=Oop [48]=Oop [56]=NarrowOop [64]=Oop [72]=Oop [80]=Oop }
                      ;*invokevirtual toString {reexecute=0 rethrow=0 return_oop=1}
                      ; - java.lang.NamedPackage::<init>@38
                      ; - java.lang.ClassLoader::getNamedPackage@22
                      ; - java.lang.ClassLoader::postDefineClass@9
                      ; - java.lang.ClassLoader::defineClass@37
                      ; - java.security.SecureClassLoader::defineClass@12
  0x000001380acbe5d8: a404 a0ff 

  0x000001380acbe5dc: ;   {other}
  0x000001380acbe5dc: 0f1f 8400 | cc13 000f | 488b 5424 | 504c 8bc0 

  0x000001380acbe5ec: ;   {optimized virtual_call}
  0x000001380acbe5ec: c5f8 77e8 

  0x000001380acbe5f0: ; ImmutableOopMap {[32]=Oop [40]=Oop [48]=Oop [56]=NarrowOop [64]=Oop [72]=Oop [80]=Oop }
                      ;*invokespecial <init> {reexecute=0 rethrow=0 return_oop=0}
                      ; - java.lang.NamedPackage::<init>@41
                      ; - java.lang.ClassLoader::getNamedPackage@22
                      ; - java.lang.ClassLoader::postDefineClass@9
                      ; - java.lang.ClassLoader::defineClass@37
                      ; - java.security.SecureClassLoader::defineClass@12
  0x000001380acbe5f0: 8c04 a0ff 

  0x000001380acbe5f4: ;   {other}
  0x000001380acbe5f4: 0f1f 8400 | e413 0010 | 488b 5424 | 50c5 f877 | 4881 c4b0 | 0000 005d 

  0x000001380acbe60c: ;   {runtime_call _rethrow_Java}
  0x000001380acbe60c: e96f 6eac | ff4c 8b6c | 2430 e90b | f6ff ff41 | 83fb 040f | 8697 1000 | 0041 807a | 1161 0f85 
  0x000001380acbe62c: 7af2 ffff | 4180 7a12 | 760f 856f | f2ff ff41 | 807a 1361 | 0f85 64f2 | ffff 4180 | 7a14 2e0f 
  0x000001380acbe64c: 8559 f2ff 

  0x000001380acbe650: ;   {oop(a 'jdk/internal/loader/ClassLoaders$PlatformClassLoader'{0x00000000c080ca58})}
  0x000001380acbe650: ff48 b958 | ca80 c000 | 0000 0048 | 8b5c 2428 | 483b d90f | 8577 1100 

  0x000001380acbe668: ;   {oop(a 'jdk/internal/loader/ClassLoaders$PlatformClassLoader'{0x00000000c080ca58})}
  0x000001380acbe668: 0048 bb58 | ca80 c000 | 0000 00e9 | 37f2 ffff | 488b d090 

  0x000001380acbe67c: ;   {optimized virtual_call}
  0x000001380acbe67c: c5f8 77e8 

  0x000001380acbe680: ; ImmutableOopMap {[40]=Oop [48]=Oop [72]=Oop [144]=Oop }
                      ;*invokevirtual initClassName {reexecute=0 rethrow=0 return_oop=1}
                      ; - java.lang.Class::getName@14
                      ; - java.lang.Class::getPackageName@40
                      ; - java.lang.ClassLoader::postDefineClass@2
                      ; - java.lang.ClassLoader::defineClass@37
                      ; - java.security.SecureClassLoader::defineClass@12
  0x000001380acbe680: 5c98 f8ff 

  0x000001380acbe684: ;   {other}
  0x000001380acbe684: 0f1f 8400 | 7414 0011 | 4885 c00f | 85c5 f6ff | ffba f6ff | ffff 6690 

  0x000001380acbe69c: ;   {runtime_call UncommonTrapBlob}
  0x000001380acbe69c: c5f8 77e8 

  0x000001380acbe6a0: ; ImmutableOopMap {}
                      ;*invokevirtual lastIndexOf {reexecute=0 rethrow=0 return_oop=0}
                      ; - java.lang.Class::getPackageName@47
                      ; - java.lang.ClassLoader::postDefineClass@2
                      ; - java.lang.ClassLoader::defineClass@37
                      ; - java.security.SecureClassLoader::defineClass@12
  0x000001380acbe6a0: dc5c a0ff 

  0x000001380acbe6a4: ;   {other}
  0x000001380acbe6a4: 0f1f 8400 | 9414 0012 | 488b d8e9 | 17fa ffff | 8bcf e912 | f3ff ff44 | 8b5c 2438 | 498b eb48 
  0x000001380acbe6c4: 8b54 2420 

  0x000001380acbe6c8: ;   {optimized virtual_call}
  0x000001380acbe6c8: c5f8 77e8 

  0x000001380acbe6cc: ; ImmutableOopMap {rbp=Oop [32]=Oop [40]=Oop [48]=Oop [56]=NarrowOop [64]=Oop [72]=Oop }
                      ;*invokevirtual intern {reexecute=0 rethrow=0 return_oop=1}
                      ; - java.lang.NamedPackage::<init>@47
                      ; - java.lang.ClassLoader::getNamedPackage@22
                      ; - java.lang.ClassLoader::postDefineClass@9
                      ; - java.lang.ClassLoader::defineClass@37
                      ; - java.security.SecureClassLoader::defineClass@12
  0x000001380acbe6cc: 9093 f6ff 

  0x000001380acbe6d0: ;   {other}
  0x000001380acbe6d0: 0f1f 8400 | c014 0013 | 488b d841 | 807f 4000 | 0f85 be04 | 0000 4c8b | 5424 404c | 8954 2458 
  0x000001380acbe6f0: 4c8b c34d | 8bd8 4c8b | 5424 5845 | 895a 0c4d | 8bd8 4d33 | da49 c1eb | 144d 85db | 741f 4d85 
  0x000001380acbe710: c074 1a49 | c1ea 0948 | b900 0050 | 7f38 0100 | 0049 03ca | 8039 020f | 85ec 0400 | 0041 807f 
  0x000001380acbe730: 4000 0f85 | a904 0000 | 448b 5c24 | 3844 895c | 2450 4c8b | 5424 5845 | 895a 104c | 8bd5 4c8b 
  0x000001380acbe750: 5c24 584d | 33d3 49c1 | ea14 4d85 | d274 2044 | 8b44 2438 | 4585 c074 | 1649 c1eb | 094c 8b44 
  0x000001380acbe770: 2468 4d03 | c341 8038 | 020f 85eb | 0400 004c | 8b54 2428 | 458b 5a38 | 4585 db0f | 84db 0f00 
  0x000001380acbe790: 0049 8bd3 | 4c8b 4424 | 204c 8b4c | 2458 488b | 6c24 3090 

  0x000001380acbe7a4: ;   {optimized virtual_call}
  0x000001380acbe7a4: c5f8 77e8 

  0x000001380acbe7a8: ; ImmutableOopMap {rbp=Oop [40]=Oop [48]=Oop [72]=Oop [80]=NarrowOop [88]=Oop }
                      ;*invokevirtual putIfAbsent {reexecute=0 rethrow=0 return_oop=1}
                      ; - java.lang.ClassLoader::getNamedPackage@32
                      ; - java.lang.ClassLoader::postDefineClass@9
                      ; - java.lang.ClassLoader::defineClass@37
                      ; - java.security.SecureClassLoader::defineClass@12
  0x000001380acbe7a8: 942b 0200 

  0x000001380acbe7ac: ;   {other}
  0x000001380acbe7ac: 0f1f 8400 | 9c15 0014 | 4885 c00f | 8407 fbff | ff44 8b58 | 0849 ba00 | 0000 1638 | 0100 004d 
  0x000001380acbe7cc: 03d3 4d8b 

  0x000001380acbe7d0: ;   {metadata('java/lang/NamedPackage')}
  0x000001380acbe7d0: 5238 49bb | e8c0 0116 | 3801 0000 | 4d3b d30f | 85a3 0f00 | 0048 8be8 | ba54 ffff | ff4c 8b54 
  0x000001380acbe7f0: 2448 4c89 | 5424 3890 

  0x000001380acbe7f8: ;   {runtime_call UncommonTrapBlob}
  0x000001380acbe7f8: c5f8 77e8 

  0x000001380acbe7fc: ; ImmutableOopMap {rbp=Oop [40]=Oop [48]=Oop [56]=Oop [80]=NarrowOop [88]=Oop }
                      ;*ifnull {reexecute=1 rethrow=0 return_oop=0}
                      ; - (reexecute) java.lang.ClassLoader::getNamedPackage@42
                      ; - java.lang.ClassLoader::postDefineClass@9
                      ; - java.lang.ClassLoader::defineClass@37
                      ; - java.security.SecureClassLoader::defineClass@12
  0x000001380acbe7fc: 805b a0ff 

  0x000001380acbe800: ;   {other}
  0x000001380acbe800: 0f1f 8400 | f015 0015 | 458b d8e9 | 9ff6 ffff | 33f6 b9ff | ffff ffe9 | b6f1 ffff 

  0x000001380acbe81c: ;   {oop(""{0x00000000c05ee948})}
  0x000001380acbe81c: 48bb 48e9 | 5ec0 0000 | 0000 49ba | 0000 507f | 3801 0000 | 4c89 5424 | 6841 bbff | ffff ffe9 
  0x000001380acbe83c: 6ff6 ffff | 458b 4514 | 4585 c00f | 84a5 f3ff | ff4d 8b5f | 2849 8bc8 | 4d85 db0f | 84f7 0b00 
  0x000001380acbe85c: 004d 8b47 | 384b 894c | 18f8 4983 | c3f8 4d89 | 5f28 e97f | f3ff ff4d | 8b57 484d | 8b5f 58f0 
  0x000001380acbe87c: 8344 24c0 | 0080 3900 | 0f84 98f3 | ffff 4488 | 214d 85d2 | 7520 498b | d7c5 f877 | 49ba 00a4 
  0x000001380acbe89c: 18c6 fa7f | 0000 41ff 

  0x000001380acbe8a4: ;   {other}
  0x000001380acbe8a4: d20f 1f84 | 0000 0000 | 00e9 70f3 | ffff 4b89 | 4c13 f849 | 83c2 f84d | 8957 48e9 | 5ef3 ffff 
  0x000001380acbe8c4: 4c8b 5424 | 3045 8b52 | 3c45 85d2 | 0f84 20f8 | ffff 4d8b | 5f28 498b | ca4d 85db | 0f84 be0c 
  0x000001380acbe8e4: 0000 4d8b | 5738 4b89 | 4c1a f849 | 83c3 f84d | 895f 28e9 | faf7 ffff | 4d8b 5758 | 4d8b 5f48 
  0x000001380acbe904: f083 4424 | c000 8039 | 000f 841d | f8ff ff44 | 8821 4d85 | db75 2049 | 8bd7 c5f8 | 7749 ba00 
  0x000001380acbe924: a418 c6fa | 7f00 0041 

  0x000001380acbe92c: ;   {other}
  0x000001380acbe92c: ffd2 0f1f | 8400 0000 | 0000 e9f5 | f7ff ff4b | 894c 1af8 | 4983 c3f8 | 4d89 5f48 | e9e3 f7ff 
  0x000001380acbe94c: ffc4 e1f9 | 6ec2 4c89 | 6c24 5044 | 8974 2448 | 4889 5c24 | 204c 8bdf | 448b f64c | 63c5 498d 
  0x000001380acbe96c: 4810 488b | d148 83e2 | f849 8bfa | 4803 fa49 | 8bea 48c1 | e903 4c2b | c949 8bc9 | 4833 c048 
  0x000001380acbe98c: 83f9 087f | 1048 ffc9 | 784f 4889 | 04cf 48ff | c97d f7eb | 44c5 f5ef | c9e9 0d00 | 0000 c5fe 
  0x000001380acbe9ac: 7f0f c5fe | 7f4f 2048 | 83c7 4048 | 83e9 087d | ed48 83c1 | 047c 0cc5 | fe7f 0f48 | 83c7 2048 
  0x000001380acbe9cc: 83e9 0448 | 83c1 047e | 1048 ffc9 | c5f9 d60f | 4883 c708 | 48ff c97d | f349 8bcb | c4e1 f97e 
  0x000001380acbe9ec: c2c5 f877 | 49ba c044 | 6a0a 3801 | 0000 41ff 

  0x000001380acbe9fc: ;   {other}
  0x000001380acbe9fc: d20f 1f84 | 0000 0000 | 0041 8bf6 | 488b 5c24 | 2044 8b74 | 2448 4c8b | 6c24 504c | 8bd5 e9c8 
  0x000001380acbea1c: f1ff ff44 | 8b53 1445 | 85d2 0f84 | 68f6 ffff | 4d8b 5f28 | 498b ca4d | 85db 0f84 | f40b 0000 
  0x000001380acbea3c: 4d8b 5738 | 4b89 4c1a | f849 83c3 | f84d 895f | 28e9 42f6 | ffff 4d8b | 5748 4d8b | 5f58 f083 
  0x000001380acbea5c: 4424 c000 | 8039 000f | 845e f6ff | ff44 8821 | 4d85 d275 | 2049 8bd7 | c5f8 7749 | ba00 a418 
  0x000001380acbea7c: c6fa 7f00 | 0041 ffd2 

  0x000001380acbea84: ;   {other}
  0x000001380acbea84: 0f1f 8400 | 0000 0000 | e936 f6ff | ff4b 894c | 13f8 4983 | c2f8 4d89 | 5748 e924 | f6ff ff4c 
  0x000001380acbeaa4: 63c5 4d8d | 5810 498b | d348 83e2 | f848 8bfe | 4803 fa49 | c1eb 0349 | 2bcb 4833 | c048 83f9 
  0x000001380acbeac4: 087f 1048 | ffc9 784f | 4889 04cf | 48ff c97d | f7eb 44c5 | fdef c0e9 | 0d00 0000 | c5fe 7f07 
  0x000001380acbeae4: c5fe 7f47 | 2048 83c7 | 4048 83e9 | 087d ed48 | 83c1 047c | 0cc5 fe7f | 0748 83c7 | 2048 83e9 
  0x000001380acbeb04: 0448 83c1 | 047e 1048 | ffc9 c5f9 | d607 4883 | c708 48ff | c97d f349 | 8bca 498b | d1c5 f877 
  0x000001380acbeb24: 49ba c044 | 6a0a 3801 | 0000 41ff 

  0x000001380acbeb30: ;   {other}
  0x000001380acbeb30: d20f 1f84 | 0000 0000 | 00e9 4bf5 | ffff 33c0 | e96e f6ff 

  0x000001380acbeb44: ;   {oop(""{0x00000000c05ee948})}
  0x000001380acbeb44: ff49 bd48 | e95e c000 | 0000 00e9 | d2f0 ffff 

  0x000001380acbeb54: ;   {metadata('java/security/SecureClassLoader$1')}
  0x000001380acbeb54: 48ba 50ba | 1116 3801 | 0000 4c89 | 4424 5090 

  0x000001380acbeb64: ;   {runtime_call _new_instance_Java}
  0x000001380acbeb64: c5f8 77e8 

  0x000001380acbeb68: ; ImmutableOopMap {rbp=NarrowOop [40]=Oop [48]=Oop [56]=Oop [80]=Oop }
                      ;*new {reexecute=0 rethrow=0 return_oop=1}
                      ; - java.security.SecureClassLoader::getProtectionDomain@20
                      ; - java.security.SecureClassLoader::defineClass@9
  0x000001380acbeb68: 1440 acff 

  0x000001380acbeb6c: ;   {other}
  0x000001380acbeb6c: 0f1f 8400 | 5c19 0016 | 4c8b c84c | 8b44 2450 | e9a2 ebff 

  0x000001380acbeb80: ;   {metadata('java/security/SecureClassLoader$CodeSourceKey')}
  0x000001380acbeb80: ff48 bab8 | b411 1638 | 0100 0090 

  0x000001380acbeb8c: ;   {runtime_call _new_instance_Java}
  0x000001380acbeb8c: c5f8 77e8 

  0x000001380acbeb90: ; ImmutableOopMap {rbp=Oop [40]=Oop [48]=Oop [56]=Oop }
                      ;*new {reexecute=0 rethrow=0 return_oop=1}
                      ; - java.security.SecureClassLoader::getProtectionDomain@6
                      ; - java.security.SecureClassLoader::defineClass@9
  0x000001380acbeb90: ec3f acff 

  0x000001380acbeb94: ;   {other}
  0x000001380acbeb94: 0f1f 8400 | 8419 0017 | 4c8b c0e9 | 36eb ffff | 4c8b 5424 | 404c 8954 | 2458 458b | 520c 4585 
  0x000001380acbebb4: d20f 8435 | fbff ff4d | 8b5f 2849 | 8bca 4d85 | db0f 84f5 | 0b00 004d | 8b57 384b | 894c 1af8 
  0x000001380acbebd4: 4983 c3f8 | 4d89 5f28 | e90f fbff | ff4c 8b54 | 2458 458b | 5a10 4585 | db0f 8445 | fbff ff4d 
  0x000001380acbebf4: 8b57 2849 | 8bcb 4d85 | d20f 849d | 0b00 004d | 8b5f 384b | 894c 13f8 | 4983 c2f8 | 4d89 5728 
  0x000001380acbec14: e91f fbff | ff4d 8b57 | 584d 8b5f | 48f0 8344 | 24c0 0080 | 3900 0f84 | fdfa ffff | 4488 214d 
  0x000001380acbec34: 85db 7520 | 498b d7c5 | f877 49ba | 00a4 18c6 | fa7f 0000 

  0x000001380acbec48: ;   {other}
  0x000001380acbec48: 41ff d20f | 1f84 0000 | 0000 00e9 | d5fa ffff | 4b89 4c1a | f849 83c3 | f84d 895f | 48e9 c3fa 
  0x000001380acbec68: ffff 4d8b | 5748 4d8b | 5f58 f083 | 4424 c000 | 4180 3800 | 0f84 fdfa | ffff 4588 | 204d 85d2 
  0x000001380acbec88: 7523 498b | c849 8bd7 | c5f8 7749 | ba00 a418 | c6fa 7f00 | 0041 ffd2 

  0x000001380acbeca0: ;   {other}
  0x000001380acbeca0: 0f1f 8400 | 0000 0000 | e9d2 faff | ff4f 8944 | 13f8 4983 | c2f8 4d89 | 5748 e9c0 | faff ff89 
  0x000001380acbecc0: 4c24 7844 | 8974 245c | 4889 5c24 | 704c 8944 | 2468 c5fb | 1144 2460 | 8974 2458 | 4489 5c24 
  0x000001380acbece0: 5444 8954 | 2450 4c8b | 9424 9000 | 0000 4c89 | 5424 484c | 8b54 2430 | 4c89 5424 | 2048 8b6c 
  0x000001380acbed00: ;   {metadata('java/lang/String')}
  0x000001380acbed00: 2428 48ba | 78e8 0016 | 3801 0000 

  0x000001380acbed0c: ;   {runtime_call _new_instance_Java}
  0x000001380acbed0c: c5f8 77e8 

  0x000001380acbed10: ; ImmutableOopMap {rbp=Oop [32]=Oop [56]=Oop [72]=Oop [80]=NarrowOop [92]=NarrowOop [96]=Oop [104]=Derived_oop_[96] [112]=Oop [144]=Oop }
                      ;*new {reexecute=0 rethrow=0 return_oop=1}
                      ; - java.lang.StringLatin1::newString@7
                      ; - java.lang.String::substring@41
                      ; - java.lang.ClassLoader::checkCerts@21
                      ; - java.lang.ClassLoader::preDefineClass@113
                      ; - java.lang.ClassLoader::defineClass@4
                      ; - java.security.SecureClassLoader::defineClass@12
  0x000001380acbed10: 6c3e acff 

  0x000001380acbed14: ;   {other}
  0x000001380acbed14: 0f1f 8400 | 041b 0018 | 4889 6c24 | 284c 8b54 | 2420 4c89 | 5424 3044 | 8b54 2450 | 448b 5c24 
  0x000001380acbed34: 548b 7424 | 58c5 fb10 | 4424 604c | 8b4c 2468 | 488b 5c24 | 7044 8b74 | 245c 8b4c | 2478 4c8b 
  0x000001380acbed54: e84d 8bc1 | e9e2 ecff | ff44 8944 | 243c 4489 | 5c24 3848 | 895c 2420 

  0x000001380acbed6c: ;   {static_call}
  0x000001380acbed6c: c5f8 77e8 

  0x000001380acbed70: ; ImmutableOopMap {rbp=Oop [32]=Oop [40]=Oop [48]=Oop [56]=NarrowOop [60]=NarrowOop [72]=Oop }
                      ;*invokestatic hashCode {reexecute=0 rethrow=0 return_oop=0}
                      ; - java.lang.String::hashCode@37
                      ; - java.util.concurrent.ConcurrentHashMap::get@1
                      ; - java.lang.ClassLoader::getNamedPackage@5
                      ; - java.lang.ClassLoader::postDefineClass@9
                      ; - java.lang.ClassLoader::defineClass@37
                      ; - java.security.SecureClassLoader::defineClass@12
  0x000001380acbed70: 0c03 a0ff 

  0x000001380acbed74: ;   {other}
  0x000001380acbed74: 0f1f 8400 | 641b 0019 | e917 f4ff | ff4c 8b4c | 2420 41c6 | 4111 0133 | c044 8b5c | 2438 448b 
  0x000001380acbed94: 4424 3ce9 | 17f4 ffff 

  0x000001380acbed9c: ;   {oop(""{0x00000000c05ee948})}
  0x000001380acbed9c: 49bd 48e9 | 5ec0 0000 | 0000 e97b | eeff ff4c | 8984 2488 | 0000 004c | 898c 2480 | 0000 004c 
  0x000001380acbedbc: 896c 2478 | 894c 2470 | 4489 7424 | 5448 895c | 2468 4889 | 7c24 60c5 | fb11 4424 | 5889 7424 
  0x000001380acbeddc: 504c 8b94 | 2490 0000 | 004c 8954 | 2448 4c8b | 5424 284c | 8954 2420 

  0x000001380acbedf4: ;   {metadata({type array byte})}
  0x000001380acbedf4: 48ba 1823 | 0016 3801 | 0000 448b | c166 6690 

  0x000001380acbee04: ;   {runtime_call _new_array_nozero_Java}
  0x000001380acbee04: c5f8 77e8 

  0x000001380acbee08: ; ImmutableOopMap {[32]=Oop [48]=Oop [56]=Oop [72]=Oop [84]=NarrowOop [88]=Oop [96]=Derived_oop_[88] [104]=Oop [120]=Oop }
                      ;*newarray {reexecute=0 rethrow=0 return_oop=1}
                      ; - java.util.Arrays::copyOfRangeByte@10
                      ; - java.util.Arrays::copyOfRange@13
                      ; - java.lang.StringLatin1::newString@16
                      ; - java.lang.String::substring@41
                      ; - java.lang.ClassLoader::checkCerts@21
                      ; - java.lang.ClassLoader::preDefineClass@113
                      ; - java.lang.ClassLoader::defineClass@4
                      ; - java.security.SecureClassLoader::defineClass@12
  0x000001380acbee08: 7443 acff 

  0x000001380acbee0c: ;   {other}
  0x000001380acbee0c: 0f1f 8400 | fc1b 001a | 4c8b 5c24 | 204c 895c | 2428 4c8b | 5c24 484c | 899c 2490 | 0000 008b 
  0x000001380acbee2c: 7424 5048 | 8b7c 2460 | 488b 5c24 | 6844 8b74 | 2454 8b4c | 2470 4c8b | 6c24 784c | 8b8c 2480 
  0x000001380acbee4c: 0000 004c | 8b84 2488 | 0000 004c | 8bd0 e944 | edff ff44 | 895c 2440 | 897c 243c | 4489 4c24 
  0x000001380acbee6c: 384c 8b54 | 2430 4c89 

  0x000001380acbee74: ;   {metadata('java/lang/String')}
  0x000001380acbee74: 5424 2048 | ba78 e800 | 1638 0100 | 0066 6690 

  0x000001380acbee84: ;   {runtime_call _new_instance_Java}
  0x000001380acbee84: c5f8 77e8 

  0x000001380acbee88: ; ImmutableOopMap {[32]=Oop [40]=Oop [48]=Oop [56]=NarrowOop [72]=Oop [136]=Oop }
                      ;*new {reexecute=0 rethrow=0 return_oop=1}
                      ; - java.lang.StringLatin1::newString@7
                      ; - java.lang.String::substring@41
                      ; - java.lang.Class::getPackageName@62
                      ; - java.lang.ClassLoader::postDefineClass@2
                      ; - java.lang.ClassLoader::defineClass@37
                      ; - java.security.SecureClassLoader::defineClass@12
  0x000001380acbee88: f43c acff 

  0x000001380acbee8c: ;   {other}
  0x000001380acbee8c: 0f1f 8400 | 7c1c 001b | 448b 4c24 | 388b 7c24 | 3c44 8b5c | 2440 488b | d8e9 73f0 | ffff 4489 
  0x000001380acbeeac: 4424 384c | 894c 2420 

  0x000001380acbeeb4: ;   {metadata('java/lang/NamedPackage')}
  0x000001380acbeeb4: 48ba e8c0 | 0116 3801 | 0000 488b | 6c24 3090 

  0x000001380acbeec4: ;   {runtime_call _new_instance_Java}
  0x000001380acbeec4: c5f8 77e8 

  0x000001380acbeec8: ; ImmutableOopMap {rbp=Oop [32]=Oop [40]=Oop [48]=Oop [56]=NarrowOop [72]=Oop }
                      ;*new {reexecute=0 rethrow=0 return_oop=1}
                      ; - java.lang.ClassLoader::getNamedPackage@16
                      ; - java.lang.ClassLoader::postDefineClass@9
                      ; - java.lang.ClassLoader::defineClass@37
                      ; - java.security.SecureClassLoader::defineClass@12
  0x000001380acbeec8: b43c acff 

  0x000001380acbeecc: ;   {other}
  0x000001380acbeecc: 0f1f 8400 | bc1c 001c | e99f f5ff 

  0x000001380acbeed8: ;   {oop(""{0x00000000c05ee948})}
  0x000001380acbeed8: ff48 bb48 | e95e c000 | 0000 00e9 | e3f1 ffff 

  0x000001380acbeee8: ;   {metadata('java/lang/InternalError')}
  0x000001380acbeee8: 48ba 3807 | 0116 3801 | 0000 488b | 6c24 3090 

  0x000001380acbeef8: ;   {runtime_call _new_instance_Java}
  0x000001380acbeef8: c5f8 77e8 

  0x000001380acbeefc: ; ImmutableOopMap {rbp=Oop [32]=Oop [40]=Oop [48]=Oop [56]=NarrowOop [64]=Oop [72]=Oop [80]=Oop }
                      ;*new {reexecute=0 rethrow=0 return_oop=1}
                      ; - java.lang.NamedPackage::<init>@18
                      ; - java.lang.ClassLoader::getNamedPackage@22
                      ; - java.lang.ClassLoader::postDefineClass@9
                      ; - java.lang.ClassLoader::defineClass@37
                      ; - java.security.SecureClassLoader::defineClass@12
  0x000001380acbeefc: 803c acff 

  0x000001380acbef00: ;   {other}
  0x000001380acbef00: 0f1f 8400 | f01c 001d | e90b f6ff 

  0x000001380acbef0c: ;   {metadata('java/lang/StringBuilder')}
  0x000001380acbef0c: ff48 ba40 | 8000 1638 | 0100 0048 | 8b6c 2430 

  0x000001380acbef1c: ;   {runtime_call _new_instance_Java}
  0x000001380acbef1c: c5f8 77e8 

  0x000001380acbef20: ; ImmutableOopMap {rbp=Oop [32]=Oop [40]=Oop [48]=Oop [56]=NarrowOop [64]=Oop [72]=Oop [80]=Oop [104]=Oop }
                      ;*new {reexecute=0 rethrow=0 return_oop=1}
                      ; - java.lang.NamedPackage::<init>@22
                      ; - java.lang.ClassLoader::getNamedPackage@22
                      ; - java.lang.ClassLoader::postDefineClass@9
                      ; - java.lang.ClassLoader::defineClass@37
                      ; - java.security.SecureClassLoader::defineClass@12
  0x000001380acbef20: 5c3c acff 

  0x000001380acbef24: ;   {other}
  0x000001380acbef24: 0f1f 8400 | 141d 001e | e92c f6ff | ff4c 8b44 | 2450 4889 | 6c24 684c | 896c 2460 | 4489 7424 
  0x000001380acbef44: 2448 895c | 2458 4c89 | 4424 50c5 | fb11 4424 | 4889 7424 | 2041 8bea 

  0x000001380acbef5c: ;   {metadata({type array byte})}
  0x000001380acbef5c: 48ba 1823 | 0016 3801 | 0000 458b | c366 6690 

  0x000001380acbef6c: ;   {runtime_call _new_array_nozero_Java}
  0x000001380acbef6c: c5f8 77e8 

  0x000001380acbef70: ; ImmutableOopMap {rbp=NarrowOop [36]=NarrowOop [40]=Oop [48]=Oop [56]=Oop [72]=Oop [80]=Derived_oop_[72] [88]=Oop [96]=Oop [144]=Oop }
                      ;*invokevirtual clone {reexecute=1 rethrow=0 return_oop=1}
                      ; - (reexecute) java.util.Arrays::copyOfRange@18
                      ; - java.lang.StringLatin1::newString@16
                      ; - java.lang.String::substring@41
                      ; - java.lang.ClassLoader::checkCerts@21
                      ; - java.lang.ClassLoader::preDefineClass@113
                      ; - java.lang.ClassLoader::defineClass@4
                      ; - java.security.SecureClassLoader::defineClass@12
  0x000001380acbef70: 0c42 acff 

  0x000001380acbef74: ;   {other}
  0x000001380acbef74: 0f1f 8400 | 641d 001f | 488b f8e9 | 44eb ffff | 4889 7c24 | 6048 894c | 2458 4c89 | 5424 5048 
  0x000001380acbef94: 895c 2440 | 4489 5c24 | 384c 8b54 | 2468 4c89 

  0x000001380acbefa4: ;   {metadata({type array byte})}
  0x000001380acbefa4: 5424 2048 | ba18 2300 | 1638 0100 | 0045 8bc3 

  0x000001380acbefb4: ;   {runtime_call _new_array_nozero_Java}
  0x000001380acbefb4: c5f8 77e8 

  0x000001380acbefb8: ; ImmutableOopMap {[40]=Oop [48]=Oop [64]=Oop [72]=Oop [136]=Oop [80]=Derived_oop_[136] }
                      ;*newarray {reexecute=0 rethrow=0 return_oop=1}
                      ; - java.util.Arrays::copyOfRangeByte@10
                      ; - java.util.Arrays::copyOfRange@13
                      ; - java.lang.StringLatin1::newString@16
                      ; - java.lang.String::substring@41
                      ; - java.lang.Class::getPackageName@62
                      ; - java.lang.ClassLoader::postDefineClass@2
                      ; - java.lang.ClassLoader::defineClass@37
                      ; - java.security.SecureClassLoader::defineClass@12
  0x000001380acbefb8: c441 acff 

  0x000001380acbefbc: ;   {other}
  0x000001380acbefbc: 0f1f 8400 | ac1d 0020 | 4c8b 5424 | 204c 8954 | 2468 448b | 5c24 3848 | 8b5c 2440 | 4c8b 5424 
  0x000001380acbefdc: 5048 8b4c | 2458 488b | 7c24 6048 | 8bf0 e955 | f0ff ff4c | 8944 2458 | 4c89 5424 | 5048 895c 
  0x000001380acbeffc: 2440 4489 | 4c24 384c | 8b5c 2430 | 4c89 5c24 | 2048 8b6c 

  0x000001380acbf010: ;   {metadata({type array byte})}
  0x000001380acbf010: 2468 48ba | 1823 0016 | 3801 0000 | 448b c790 

  0x000001380acbf020: ;   {runtime_call _new_array_nozero_Java}
  0x000001380acbf020: c5f8 77e8 

  0x000001380acbf024: ; ImmutableOopMap {[32]=Oop [40]=Oop [48]=Oop [56]=NarrowOop [64]=Oop [72]=Oop [136]=Oop [80]=Derived_oop_[136] }
                      ;*invokevirtual clone {reexecute=1 rethrow=0 return_oop=1}
                      ; - (reexecute) java.util.Arrays::copyOfRange@18
                      ; - java.lang.StringLatin1::newString@16
                      ; - java.lang.String::substring@41
                      ; - java.lang.Class::getPackageName@62
                      ; - java.lang.ClassLoader::postDefineClass@2
                      ; - java.lang.ClassLoader::defineClass@37
                      ; - java.security.SecureClassLoader::defineClass@12
  0x000001380acbf024: 5841 acff 

  0x000001380acbf028: ;   {other}
  0x000001380acbf028: 0f1f 8400 | 181e 0021 | 4889 6c24 | 6848 8b5c | 2440 4c8b | 5424 504c | 8b44 2458 | 488b f0e9 
  0x000001380acbf048: 3cef ffff | baf6 ffff | ff49 8bed 

  0x000001380acbf054: ;   {runtime_call UncommonTrapBlob}
  0x000001380acbf054: c5f8 77e8 

  0x000001380acbf058: ; ImmutableOopMap {rbp=Oop }
                      ;*invokevirtual putIfAbsent {reexecute=0 rethrow=0 return_oop=0}
                      ; - java.lang.ClassLoader::checkCerts@62
                      ; - java.lang.ClassLoader::preDefineClass@113
                      ; - java.lang.ClassLoader::defineClass@4
                      ; - java.security.SecureClassLoader::defineClass@12
  0x000001380acbf058: 2453 a0ff 

  0x000001380acbf05c: ;   {other}
  0x000001380acbf05c: 0f1f 8400 | 4c1e 0022 | baf6 ffff | ff66 6690 

  0x000001380acbf06c: ;   {runtime_call UncommonTrapBlob}
  0x000001380acbf06c: c5f8 77e8 

  0x000001380acbf070: ; ImmutableOopMap {rbp=NarrowOop }
                      ;*invokevirtual toExternalForm {reexecute=0 rethrow=0 return_oop=0}
                      ; - java.net.URL::toExternalForm@5
                      ; - java.net.URL::toString@1
                      ; - java.lang.ClassLoader::defineClassSourceLocation@22
                      ; - java.lang.ClassLoader::defineClass@12
                      ; - java.security.SecureClassLoader::defineClass@12
  0x000001380acbf070: 0c53 a0ff 

  0x000001380acbf074: ;   {other}
  0x000001380acbf074: 0f1f 8400 | 641e 0023 | baf6 ffff | ff48 8beb 

  0x000001380acbf084: ;   {runtime_call UncommonTrapBlob}
  0x000001380acbf084: c5f8 77e8 

  0x000001380acbf088: ; ImmutableOopMap {rbp=Oop }
                      ;*invokevirtual get {reexecute=0 rethrow=0 return_oop=0}
                      ; - java.lang.ClassLoader::getNamedPackage@5
                      ; - java.lang.ClassLoader::postDefineClass@9
                      ; - java.lang.ClassLoader::defineClass@37
                      ; - java.security.SecureClassLoader::defineClass@12
  0x000001380acbf088: f452 a0ff 

  0x000001380acbf08c: ;   {other}
  0x000001380acbf08c: 0f1f 8400 | 7c1e 0024 | ba76 ffff | ff41 8bea | 897c 2424 | 4889 5c24 | 5044 8974 | 2460 6690 
  0x000001380acbf0ac: ;   {runtime_call UncommonTrapBlob}
  0x000001380acbf0ac: c5f8 77e8 

  0x000001380acbf0b0: ; ImmutableOopMap {rbp=NarrowOop [40]=Oop [48]=Oop [56]=Oop [80]=Oop [96]=NarrowOop [144]=Oop }
                      ;*iflt {reexecute=1 rethrow=0 return_oop=0}
                      ; - (reexecute) java.lang.StringLatin1::lastIndexOf@19
                      ; - java.lang.String::lastIndexOf@13
                      ; - java.lang.String::lastIndexOf@8
                      ; - java.lang.ClassLoader::checkCerts@3
                      ; - java.lang.ClassLoader::preDefineClass@113
                      ; - java.lang.ClassLoader::defineClass@4
                      ; - java.security.SecureClassLoader::defineClass@12
  0x000001380acbf0b0: cc52 a0ff 

  0x000001380acbf0b4: ;   {other}
  0x000001380acbf0b4: 0f1f 8400 | a41e 0025 | bade ffff | ff4c 8954 | 2420 4c8b | 5424 304c | 8954 2428 | 4c8b 5424 
  0x000001380acbf0d4: 384c 8954 | 2430 448b | 5c24 4044 | 895c 2438 | 448b 5424 | 4444 8954 | 243c 4c89 | 4424 404c 
  0x000001380acbf0f4: 894c 2448 

  0x000001380acbf0f8: ;   {runtime_call UncommonTrapBlob}
  0x000001380acbf0f8: c5f8 77e8 

  0x000001380acbf0fc: ; ImmutableOopMap {rbp=NarrowOop [32]=Oop [40]=Oop [48]=Oop [64]=Oop [72]=Oop }
                      ;*invokeinterface computeIfAbsent {reexecute=0 rethrow=0 return_oop=0}
                      ; - java.security.SecureClassLoader::getProtectionDomain@28
                      ; - java.security.SecureClassLoader::defineClass@9
  0x000001380acbf0fc: 8052 a0ff 

  0x000001380acbf100: ;   {other}
  0x000001380acbf100: 0f1f 8400 | f01e 0026 | ba45 ffff | ff48 8b6c | 2428 6690 

  0x000001380acbf114: ;   {runtime_call UncommonTrapBlob}
  0x000001380acbf114: c5f8 77e8 

  0x000001380acbf118: ; ImmutableOopMap {rbp=Oop [48]=Oop [56]=Oop [144]=Oop }
                      ;*ifeq {reexecute=1 rethrow=0 return_oop=0}
                      ; - (reexecute) java.lang.ClassLoader::checkName@8
                      ; - java.lang.ClassLoader::preDefineClass@1
                      ; - java.lang.ClassLoader::defineClass@4
                      ; - java.security.SecureClassLoader::defineClass@12
  0x000001380acbf118: 6452 a0ff 

  0x000001380acbf11c: ;   {other}
  0x000001380acbf11c: 0f1f 8400 | 0c1f 0027 | ba6e ffff | ff41 8bea | 897c 2424 | 4889 5c24 | 5044 8974 | 2460 6690 
  0x000001380acbf13c: ;   {runtime_call UncommonTrapBlob}
  0x000001380acbf13c: c5f8 77e8 

  0x000001380acbf140: ; ImmutableOopMap {rbp=NarrowOop [40]=Oop [48]=Oop [56]=Oop [80]=Oop [96]=NarrowOop [144]=Oop }
                      ;*iflt {reexecute=1 rethrow=0 return_oop=0}
                      ; - (reexecute) java.lang.StringLatin1::lastIndexOf@19
                      ; - java.lang.String::lastIndexOf@13
                      ; - java.lang.String::lastIndexOf@8
                      ; - java.lang.ClassLoader::checkCerts@3
                      ; - java.lang.ClassLoader::preDefineClass@113
                      ; - java.lang.ClassLoader::defineClass@4
                      ; - java.security.SecureClassLoader::defineClass@12
  0x000001380acbf140: 3c52 a0ff 

  0x000001380acbf144: ;   {other}
  0x000001380acbf144: 0f1f 8400 | 341f 0028 | bace ffff | ff41 8bea | 895c 2460 

  0x000001380acbf158: ;   {runtime_call UncommonTrapBlob}
  0x000001380acbf158: c5f8 77e8 

  0x000001380acbf15c: ; ImmutableOopMap {rbp=NarrowOop [40]=Oop [48]=Oop [56]=Oop [144]=Oop }
                      ;*invokestatic indexOfChar {reexecute=0 rethrow=0 return_oop=0}
                      ; - java.lang.StringLatin1::indexOf@33
                      ; - java.lang.String::indexOf@17
                      ; - java.lang.String::indexOf@3
                      ; - java.lang.ClassLoader::checkName@16
                      ; - java.lang.ClassLoader::preDefineClass@1
                      ; - java.lang.ClassLoader::defineClass@4
                      ; - java.security.SecureClassLoader::defineClass@12
  0x000001380acbf15c: 2052 a0ff 

  0x000001380acbf160: ;   {other}
  0x000001380acbf160: 0f1f 8400 | 501f 0029 | ba76 ffff | ff41 8be9 | 4489 4424 | 2448 8944 | 2458 6690 

  0x000001380acbf17c: ;   {runtime_call UncommonTrapBlob}
  0x000001380acbf17c: c5f8 77e8 

  0x000001380acbf180: ; ImmutableOopMap {rbp=NarrowOop [40]=Oop [48]=Oop [88]=Oop [144]=Oop }
                      ;*iflt {reexecute=1 rethrow=0 return_oop=0}
                      ; - (reexecute) java.lang.StringLatin1::lastIndexOf@19
                      ; - java.lang.String::lastIndexOf@13
                      ; - java.lang.String::lastIndexOf@8
                      ; - java.lang.Class::getPackageName@47
                      ; - java.lang.ClassLoader::postDefineClass@2
                      ; - java.lang.ClassLoader::defineClass@37
                      ; - java.security.SecureClassLoader::defineClass@12
  0x000001380acbf180: fc51 a0ff 

  0x000001380acbf184: ;   {other}
  0x000001380acbf184: 0f1f 8400 | 741f 002a | ba45 ffff | ff48 8944 | 2440 6690 

  0x000001380acbf198: ;   {runtime_call UncommonTrapBlob}
  0x000001380acbf198: c5f8 77e8 

  0x000001380acbf19c: ; ImmutableOopMap {[40]=Oop [48]=Oop [64]=Oop [144]=Oop }
                      ;*ifeq {reexecute=1 rethrow=0 return_oop=0}
                      ; - (reexecute) java.lang.Class::getPackageName@13
                      ; - java.lang.ClassLoader::postDefineClass@2
                      ; - java.lang.ClassLoader::defineClass@37
                      ; - java.security.SecureClassLoader::defineClass@12
  0x000001380acbf19c: e051 a0ff 

  0x000001380acbf1a0: ;   {other}
  0x000001380acbf1a0: 0f1f 8400 | 901f 002b | ba6e ffff | ff41 8be9 | 4489 4424 | 2448 8944 | 2458 6690 

  0x000001380acbf1bc: ;   {runtime_call UncommonTrapBlob}
  0x000001380acbf1bc: c5f8 77e8 

  0x000001380acbf1c0: ; ImmutableOopMap {rbp=NarrowOop [40]=Oop [48]=Oop [88]=Oop [144]=Oop }
                      ;*iflt {reexecute=1 rethrow=0 return_oop=0}
                      ; - (reexecute) java.lang.StringLatin1::lastIndexOf@19
                      ; - java.lang.String::lastIndexOf@13
                      ; - java.lang.String::lastIndexOf@8
                      ; - java.lang.Class::getPackageName@47
                      ; - java.lang.ClassLoader::postDefineClass@2
                      ; - java.lang.ClassLoader::defineClass@37
                      ; - java.security.SecureClassLoader::defineClass@12
  0x000001380acbf1c0: bc51 a0ff 

  0x000001380acbf1c4: ;   {other}
  0x000001380acbf1c4: 0f1f 8400 | b41f 002c | 8bcf e9fa | e7ff ff4c | 63c9 e948 | e9ff ff49 | 83c1 fe49 | 8bc9 488b 
  0x000001380acbf1e4: fa48 33c0 | 4883 f908 | 7f10 48ff | c978 4f48 | 8904 cf48 | ffc9 7df7 | eb44 c5fd | efc0 e90d 
  0x000001380acbf204: 0000 00c5 | fe7f 07c5 | fe7f 4720 | 4883 c740 | 4883 e908 | 7ded 4883 | c104 7c0c | c5fe 7f07 
  0x000001380acbf224: 4883 c720 | 4883 e904 | 4883 c104 | 7e10 48ff | c9c5 f9d6 | 0748 83c7 | 0848 ffc9 | 7df3 e9a0 
  0x000001380acbf244: e9ff ffba | ccff ffff | 418b ea89 | 4c24 2448 | 895c 2450 | 4489 7424 | 604c 896c | 2470 6690 
  0x000001380acbf264: ;   {runtime_call UncommonTrapBlob}
  0x000001380acbf264: c5f8 77e8 

  0x000001380acbf268: ; ImmutableOopMap {rbp=NarrowOop [40]=Oop [48]=Oop [56]=Oop [80]=Oop [96]=NarrowOop [112]=Oop [144]=Oop }
                      ;*newarray {reexecute=1 rethrow=0 return_oop=0}
                      ; - (reexecute) java.util.Arrays::copyOfRangeByte@10
                      ; - java.util.Arrays::copyOfRange@13
                      ; - java.lang.StringLatin1::newString@16
                      ; - java.lang.String::substring@41
                      ; - java.lang.ClassLoader::checkCerts@21
                      ; - java.lang.ClassLoader::preDefineClass@113
                      ; - java.lang.ClassLoader::defineClass@4
                      ; - java.security.SecureClassLoader::defineClass@12
  0x000001380acbf268: 1451 a0ff 

  0x000001380acbf26c: ;   {other}
  0x000001380acbf26c: 0f1f 8400 | 5c20 002d | bade ffff | ff66 6690 

  0x000001380acbf27c: ;   {runtime_call UncommonTrapBlob}
  0x000001380acbf27c: c5f8 77e8 

  0x000001380acbf280: ; ImmutableOopMap {rbp=NarrowOop }
                      ;*checkcast {reexecute=0 rethrow=0 return_oop=0}
                      ; - java.lang.ClassLoader::getNamedPackage@8
                      ; - java.lang.ClassLoader::postDefineClass@9
                      ; - java.lang.ClassLoader::defineClass@37
                      ; - java.security.SecureClassLoader::defineClass@12
  0x000001380acbf280: fc50 a0ff 

  0x000001380acbf284: ;   {other}
  0x000001380acbf284: 0f1f 8400 | 7420 002e | 4533 d245 | 85c9 410f | 94c2 ba45 | ffff ff48 | 8b6c 2428 | 4c89 4424 
  0x000001380acbf2a4: 2044 8954 | 2460 6690 

  0x000001380acbf2ac: ;   {runtime_call UncommonTrapBlob}
  0x000001380acbf2ac: c5f8 77e8 

  0x000001380acbf2b0: ; ImmutableOopMap {rbp=Oop [32]=Oop [56]=Oop [144]=Oop }
                      ;*ifeq {reexecute=1 rethrow=0 return_oop=0}
                      ; - (reexecute) java.lang.String::indexOf@4
                      ; - java.lang.String::indexOf@3
                      ; - java.lang.ClassLoader::checkName@16
                      ; - java.lang.ClassLoader::preDefineClass@1
                      ; - java.lang.ClassLoader::defineClass@4
                      ; - java.security.SecureClassLoader::defineClass@12
  0x000001380acbf2b0: cc50 a0ff 

  0x000001380acbf2b4: ;   {other}
  0x000001380acbf2b4: 0f1f 8400 | a420 002f | ba45 ffff | ff89 4c24 | 2089 4c24 | 2448 895c | 2450 4489 | 7424 6044 
  0x000001380acbf2d4: 894c 2470 

  0x000001380acbf2d8: ;   {runtime_call UncommonTrapBlob}
  0x000001380acbf2d8: c5f8 77e8 

  0x000001380acbf2dc: ; ImmutableOopMap {[40]=Oop [48]=Oop [56]=Oop [80]=Oop [96]=NarrowOop [144]=Oop }
                      ;*if_icmpgt {reexecute=1 rethrow=0 return_oop=0}
                      ; - (reexecute) jdk.internal.util.Preconditions::checkFromToIndex@6
                      ; - java.lang.String::checkBoundsBeginEnd@6
                      ; - java.lang.String::substring@8
                      ; - java.lang.ClassLoader::checkCerts@21
                      ; - java.lang.ClassLoader::preDefineClass@113
                      ; - java.lang.ClassLoader::defineClass@4
                      ; - java.security.SecureClassLoader::defineClass@12
  0x000001380acbf2dc: a050 a0ff 

  0x000001380acbf2e0: ;   {other}
  0x000001380acbf2e0: 0f1f 8400 | d020 0030 | ba45 ffff | ff48 8b6c | 2428 895c | 2450 6690 

  0x000001380acbf2f8: ;   {runtime_call UncommonTrapBlob}
  0x000001380acbf2f8: c5f8 77e8 

  0x000001380acbf2fc: ; ImmutableOopMap {rbp=Oop [48]=Oop [56]=Oop [144]=Oop }
                      ;*if_icmpne {reexecute=1 rethrow=0 return_oop=0}
                      ; - (reexecute) java.lang.ClassLoader::checkName@20
                      ; - java.lang.ClassLoader::preDefineClass@1
                      ; - java.lang.ClassLoader::defineClass@4
                      ; - java.security.SecureClassLoader::defineClass@12
  0x000001380acbf2fc: 8050 a0ff 

  0x000001380acbf300: ;   {other}
  0x000001380acbf300: 0f1f 8400 | f020 0031 | ba45 ffff | ff48 8b6c | 2430 4c8b | 5424 484c | 8954 2438 | 4c89 4c24 
  0x000001380acbf320: 4044 8944 | 2448 4489 | 5c24 4c90 

  0x000001380acbf32c: ;   {runtime_call UncommonTrapBlob}
  0x000001380acbf32c: c5f8 77e8 

  0x000001380acbf330: ; ImmutableOopMap {rbp=Oop [40]=Oop [56]=Oop [64]=Oop [72]=NarrowOop }
                      ;*ifle {reexecute=1 rethrow=0 return_oop=0}
                      ; - (reexecute) java.util.concurrent.ConcurrentHashMap::get@23
                      ; - java.lang.ClassLoader::getNamedPackage@5
                      ; - java.lang.ClassLoader::postDefineClass@9
                      ; - java.lang.ClassLoader::defineClass@37
                      ; - java.security.SecureClassLoader::defineClass@12
  0x000001380acbf330: 4c50 a0ff 

  0x000001380acbf334: ;   {other}
  0x000001380acbf334: 0f1f 8400 | 2421 0032 | ba45 ffff | ff4c 8b54 | 2428 4c89 | 5424 204c | 8944 2428 | 4c89 4c24 
  0x000001380acbf354: 3089 7c24 | 3889 7424 | 3c66 6690 

  0x000001380acbf360: ;   {runtime_call UncommonTrapBlob}
  0x000001380acbf360: c5f8 77e8 

  0x000001380acbf364: ; ImmutableOopMap {rbp=Oop [32]=Oop [40]=Oop [48]=Oop }
                      ;*ifnonnull {reexecute=1 rethrow=0 return_oop=0}
                      ; - (reexecute) java.security.SecureClassLoader::getProtectionDomain@1
                      ; - java.security.SecureClassLoader::defineClass@9
  0x000001380acbf364: 1850 a0ff 

  0x000001380acbf368: ;   {other}
  0x000001380acbf368: 0f1f 8400 | 5821 0033 | ba45 ffff | ff66 6690 

  0x000001380acbf378: ;   {runtime_call UncommonTrapBlob}
  0x000001380acbf378: c5f8 77e8 

  0x000001380acbf37c: ; ImmutableOopMap {[40]=Oop [48]=Oop [56]=Oop [144]=Oop }
                      ;*if_icmpne {reexecute=1 rethrow=0 return_oop=0}
                      ; - (reexecute) java.lang.ClassLoader::checkName@30
                      ; - java.lang.ClassLoader::preDefineClass@1
                      ; - java.lang.ClassLoader::defineClass@4
                      ; - java.security.SecureClassLoader::defineClass@12
  0x000001380acbf37c: 0050 a0ff 

  0x000001380acbf380: ;   {other}
  0x000001380acbf380: 0f1f 8400 | 7021 0034 | ba45 ffff | ff4c 8b54 | 2428 4c89 | 5424 2048 | 895c 2450 | 4c89 6c24 
  0x000001380acbf3a0: 5844 8974 | 2460 6690 

  0x000001380acbf3a8: ;   {runtime_call UncommonTrapBlob}
  0x000001380acbf3a8: c5f8 77e8 

  0x000001380acbf3ac: ; ImmutableOopMap {rbp=NarrowOop [32]=Oop [48]=Oop [56]=Oop [80]=Oop [88]=Oop [96]=NarrowOop [144]=Oop }
                      ;*ifnull {reexecute=1 rethrow=0 return_oop=0}
                      ; - (reexecute) java.security.CodeSource::getCertificates@4
                      ; - java.lang.ClassLoader::checkCerts@34
                      ; - java.lang.ClassLoader::preDefineClass@113
                      ; - java.lang.ClassLoader::defineClass@4
                      ; - java.security.SecureClassLoader::defineClass@12
  0x000001380acbf3ac: d04f a0ff 

  0x000001380acbf3b0: ;   {other}
  0x000001380acbf3b0: 0f1f 8400 | a021 0035 | ba45 ffff | ff4c 8b54 | 2428 4c89 | 5424 2048 | 895c 2450 | 4c89 6c24 
  0x000001380acbf3d0: 5844 8974 | 2460 6690 

  0x000001380acbf3d8: ;   {runtime_call UncommonTrapBlob}
  0x000001380acbf3d8: c5f8 77e8 

  0x000001380acbf3dc: ; ImmutableOopMap {rbp=NarrowOop [32]=Oop [48]=Oop [56]=Oop [80]=Oop [88]=Oop [96]=NarrowOop [144]=Oop }
                      ;*ifnull {reexecute=1 rethrow=0 return_oop=0}
                      ; - (reexecute) java.security.CodeSource::getCertificates@22
                      ; - java.lang.ClassLoader::checkCerts@34
                      ; - java.lang.ClassLoader::preDefineClass@113
                      ; - java.lang.ClassLoader::defineClass@4
                      ; - java.security.SecureClassLoader::defineClass@12
  0x000001380acbf3dc: a04f a0ff 

  0x000001380acbf3e0: ;   {other}
  0x000001380acbf3e0: 0f1f 8400 | d021 0036 | ba45 ffff | ff89 4c24 | 2089 4c24 | 2448 895c | 2450 4489 | 7424 6044 
  0x000001380acbf400: 894c 2470 | 4489 4c24 | 7466 6690 

  0x000001380acbf40c: ;   {runtime_call UncommonTrapBlob}
  0x000001380acbf40c: c5f8 77e8 

  0x000001380acbf410: ; ImmutableOopMap {[40]=Oop [48]=Oop [56]=Oop [80]=Oop [96]=NarrowOop [144]=Oop }
                      ;*if_icmple {reexecute=1 rethrow=0 return_oop=0}
                      ; - (reexecute) jdk.internal.util.Preconditions::checkFromToIndex@11
                      ; - java.lang.String::checkBoundsBeginEnd@6
                      ; - java.lang.String::substring@8
                      ; - java.lang.ClassLoader::checkCerts@21
                      ; - java.lang.ClassLoader::preDefineClass@113
                      ; - java.lang.ClassLoader::defineClass@4
                      ; - java.security.SecureClassLoader::defineClass@12
  0x000001380acbf410: 6c4f a0ff 

  0x000001380acbf414: ;   {other}
  0x000001380acbf414: 0f1f 8400 | 0422 0037 | ba45 ffff | ff4c 8b54 | 2428 4c89 | 5424 2090 

  0x000001380acbf42c: ;   {runtime_call UncommonTrapBlob}
  0x000001380acbf42c: c5f8 77e8 

  0x000001380acbf430: ; ImmutableOopMap {[32]=Oop [48]=Oop [56]=Oop [144]=Oop }
                      ;*ifne {reexecute=1 rethrow=0 return_oop=0}
                      ; - (reexecute) java.lang.ClassLoader::compareCerts@7
                      ; - java.lang.ClassLoader::checkCerts@80
                      ; - java.lang.ClassLoader::preDefineClass@113
                      ; - java.lang.ClassLoader::defineClass@4
                      ; - java.security.SecureClassLoader::defineClass@12
  0x000001380acbf430: 4c4f a0ff 

  0x000001380acbf434: ;   {other}
  0x000001380acbf434: 0f1f 8400 | 2422 0038 | baf6 ffff | ff66 6690 

  0x000001380acbf444: ;   {runtime_call UncommonTrapBlob}
  0x000001380acbf444: c5f8 77e8 

  0x000001380acbf448: ; ImmutableOopMap {}
                      ;*invokevirtual isNamed {reexecute=0 rethrow=0 return_oop=0}
                      ; - java.lang.NamedPackage::<init>@12
                      ; - java.lang.ClassLoader::getNamedPackage@22
                      ; - java.lang.ClassLoader::postDefineClass@9
                      ; - java.lang.ClassLoader::defineClass@37
                      ; - java.security.SecureClassLoader::defineClass@12
  0x000001380acbf448: 344f a0ff 

  0x000001380acbf44c: ;   {other}
  0x000001380acbf44c: 0f1f 8400 | 3c22 0039 | 4c89 5424 | 484c 896c | 2420 488b | eb44 8bee | 498b d7c5 | f877 49ba 
  0x000001380acbf46c: 20a4 18c6 | fa7f 0000 

  0x000001380acbf474: ;   {other}
  0x000001380acbf474: 41ff d20f | 1f84 0000 | 0000 0041 | 8bf5 488b | dd4c 8b6c | 2420 4c8b | 5424 48e9 | 5ee7 ffff 
  0x000001380acbf494: baf6 ffff | ff66 6690 

  0x000001380acbf49c: ;   {runtime_call UncommonTrapBlob}
  0x000001380acbf49c: c5f8 77e8 

  0x000001380acbf4a0: ; ImmutableOopMap {[56]=NarrowOop }
                      ;*invokevirtual append {reexecute=0 rethrow=0 return_oop=0}
                      ; - java.lang.NamedPackage::<init>@35
                      ; - java.lang.ClassLoader::getNamedPackage@22
                      ; - java.lang.ClassLoader::postDefineClass@9
                      ; - java.lang.ClassLoader::defineClass@37
                      ; - java.security.SecureClassLoader::defineClass@12
  0x000001380acbf4a0: dc4e a0ff 

  0x000001380acbf4a4: ;   {other}
  0x000001380acbf4a4: 0f1f 8400 | 9422 003a | baf6 ffff | ff66 6690 

  0x000001380acbf4b4: ;   {runtime_call UncommonTrapBlob}
  0x000001380acbf4b4: c5f8 77e8 

  0x000001380acbf4b8: ; ImmutableOopMap {}
                      ;*invokevirtual toString {reexecute=0 rethrow=0 return_oop=0}
                      ; - java.lang.NamedPackage::<init>@38
                      ; - java.lang.ClassLoader::getNamedPackage@22
                      ; - java.lang.ClassLoader::postDefineClass@9
                      ; - java.lang.ClassLoader::defineClass@37
                      ; - java.security.SecureClassLoader::defineClass@12
  0x000001380acbf4b8: c44e a0ff 

  0x000001380acbf4bc: ;   {other}
  0x000001380acbf4bc: 0f1f 8400 | ac22 003b | 458b d8e9 | e3e9 ffff | 4963 cbe9 | f3ea ffff | 4883 c1fe | 498b f948 
  0x000001380acbf4dc: 33c0 4883 | f908 7f10 | 48ff c978 | 4f48 8904 | cf48 ffc9 | 7df7 eb44 | c5fd efc0 | e90d 0000 
  0x000001380acbf4fc: 00c5 fe7f | 07c5 fe7f | 4720 4883 | c740 4883 | e908 7ded | 4883 c104 | 7c0c c5fe | 7f07 4883 
  0x000001380acbf51c: c720 4883 | e904 4883 | c104 7e10 | 48ff c9c5 | f9d6 0748 | 83c7 0848 | ffc9 7df3 | e94c ebff 
  0x000001380acbf53c: ffba ccff | ffff 418b | e944 895c | 2424 4c8b | 5424 484c | 8954 2440 | 4889 5c24 | 6066 6690 
  0x000001380acbf55c: ;   {runtime_call UncommonTrapBlob}
  0x000001380acbf55c: c5f8 77e8 

  0x000001380acbf560: ; ImmutableOopMap {rbp=NarrowOop [40]=Oop [48]=Oop [64]=Oop [96]=Oop }
                      ;*newarray {reexecute=1 rethrow=0 return_oop=0}
                      ; - (reexecute) java.util.Arrays::copyOfRangeByte@10
                      ; - java.util.Arrays::copyOfRange@13
                      ; - java.lang.StringLatin1::newString@16
                      ; - java.lang.String::substring@41
                      ; - java.lang.Class::getPackageName@62
                      ; - java.lang.ClassLoader::postDefineClass@2
                      ; - java.lang.ClassLoader::defineClass@37
                      ; - java.security.SecureClassLoader::defineClass@12
  0x000001380acbf560: 1c4e a0ff 

  0x000001380acbf564: ;   {other}
  0x000001380acbf564: 0f1f 8400 | 5423 003c | 4585 c044 | 8b44 2420 | 410f 94c0 | ba45 ffff | ff48 8b6c | 2430 4889 
  0x000001380acbf584: 4424 5044 | 895c 2458 | 4489 4424 | 5c66 6690 

  0x000001380acbf594: ;   {runtime_call UncommonTrapBlob}
  0x000001380acbf594: c5f8 77e8 

  0x000001380acbf598: ; ImmutableOopMap {rbp=Oop [40]=Oop [80]=Oop [144]=Oop }
                      ;*ifeq {reexecute=1 rethrow=0 return_oop=0}
                      ; - (reexecute) java.lang.String::lastIndexOf@4
                      ; - java.lang.String::lastIndexOf@8
                      ; - java.lang.Class::getPackageName@47
                      ; - java.lang.ClassLoader::postDefineClass@2
                      ; - java.lang.ClassLoader::defineClass@37
                      ; - java.security.SecureClassLoader::defineClass@12
  0x000001380acbf598: e44d a0ff 

  0x000001380acbf59c: ;   {other}
  0x000001380acbf59c: 0f1f 8400 | 8c23 003d | 498b d7c5 | f877 49ba | 20a4 18c6 | fa7f 0000 

  0x000001380acbf5b4: ;   {other}
  0x000001380acbf5b4: 41ff d20f | 1f84 0000 | 0000 00e9 | 32eb ffff | ba45 ffff | ff44 895c | 2420 4489 | 5c24 244c 
  0x000001380acbf5d4: 8b54 2448 | 4c89 5424 | 4048 8944 | 2458 894c | 2464 6690 

  0x000001380acbf5e8: ;   {runtime_call UncommonTrapBlob}
  0x000001380acbf5e8: c5f8 77e8 

  0x000001380acbf5ec: ; ImmutableOopMap {[40]=Oop [48]=Oop [64]=Oop [88]=Oop }
                      ;*if_icmpgt {reexecute=1 rethrow=0 return_oop=0}
                      ; - (reexecute) jdk.internal.util.Preconditions::checkFromToIndex@6
                      ; - java.lang.String::checkBoundsBeginEnd@6
                      ; - java.lang.String::substring@8
                      ; - java.lang.Class::getPackageName@62
                      ; - java.lang.ClassLoader::postDefineClass@2
                      ; - java.lang.ClassLoader::defineClass@37
                      ; - java.security.SecureClassLoader::defineClass@12
  0x000001380acbf5ec: 904d a0ff 

  0x000001380acbf5f0: ;   {other}
  0x000001380acbf5f0: 0f1f 8400 | e023 003e | ba45 ffff | ff44 895c | 2420 4489 | 5c24 244c | 8b54 2448 | 4c89 5424 
  0x000001380acbf610: 4048 8944 | 2458 894c | 2464 894c | 2468 6690 

  0x000001380acbf620: ;   {runtime_call UncommonTrapBlob}
  0x000001380acbf620: c5f8 77e8 

  0x000001380acbf624: ; ImmutableOopMap {[40]=Oop [48]=Oop [64]=Oop [88]=Oop }
                      ;*if_icmple {reexecute=1 rethrow=0 return_oop=0}
                      ; - (reexecute) jdk.internal.util.Preconditions::checkFromToIndex@11
                      ; - java.lang.String::checkBoundsBeginEnd@6
                      ; - java.lang.String::substring@8
                      ; - java.lang.Class::getPackageName@62
                      ; - java.lang.ClassLoader::postDefineClass@2
                      ; - java.lang.ClassLoader::defineClass@37
                      ; - java.security.SecureClassLoader::defineClass@12
  0x000001380acbf624: 584d a0ff 

  0x000001380acbf628: ;   {other}
  0x000001380acbf628: 0f1f 8400 | 1824 003f | 498b d7c5 | f877 49ba | 20a4 18c6 | fa7f 0000 

  0x000001380acbf640: ;   {other}
  0x000001380acbf640: 41ff d20f | 1f84 0000 | 0000 00e9 | 44ea ffff | ba45 ffff | ff44 8954 | 2438 6690 

  0x000001380acbf65c: ;   {runtime_call UncommonTrapBlob}
  0x000001380acbf65c: c5f8 77e8 

  0x000001380acbf660: ; ImmutableOopMap {rbp=NarrowOop [40]=Oop [48]=Oop [56]=NarrowOop }
                      ;*ifnull {reexecute=1 rethrow=0 return_oop=0}
                      ; - (reexecute) java.security.CodeSource::getCertificates@4
                      ; - java.lang.ClassLoader::postDefineClass@24
                      ; - java.lang.ClassLoader::defineClass@37
                      ; - java.security.SecureClassLoader::defineClass@12
  0x000001380acbf660: 1c4d a0ff 

  0x000001380acbf664: ;   {other}
  0x000001380acbf664: 0f1f 8400 | 5424 0040 | ba45 ffff | ff44 8954 | 2438 6690 

  0x000001380acbf678: ;   {runtime_call UncommonTrapBlob}
  0x000001380acbf678: c5f8 77e8 

  0x000001380acbf67c: ; ImmutableOopMap {rbp=NarrowOop [40]=Oop [48]=Oop [56]=NarrowOop }
                      ;*ifnull {reexecute=1 rethrow=0 return_oop=0}
                      ; - (reexecute) java.security.CodeSource::getCertificates@22
                      ; - java.lang.ClassLoader::postDefineClass@24
                      ; - java.lang.ClassLoader::defineClass@37
                      ; - java.security.SecureClassLoader::defineClass@12
  0x000001380acbf67c: 004d a0ff 

  0x000001380acbf680: ;   {other}
  0x000001380acbf680: 0f1f 8400 | 7024 0041 | ba45 ffff | ff4c 8b5c | 2448 4c89 | 5c24 3844 | 8944 2450 | 4c89 4c24 
  0x000001380acbf6a0: 5844 896c | 2454 4489 | 5424 6090 

  0x000001380acbf6ac: ;   {runtime_call UncommonTrapBlob}
  0x000001380acbf6ac: c5f8 77e8 

  0x000001380acbf6b0: ; ImmutableOopMap {[40]=Oop [48]=Oop [56]=Oop [80]=NarrowOop [84]=NarrowOop [88]=Oop }
                      ;*ifge {reexecute=1 rethrow=0 return_oop=0}
                      ; - (reexecute) java.util.concurrent.ConcurrentHashMap::get@86
                      ; - java.lang.ClassLoader::getNamedPackage@5
                      ; - java.lang.ClassLoader::postDefineClass@9
                      ; - java.lang.ClassLoader::defineClass@37
                      ; - java.security.SecureClassLoader::defineClass@12
  0x000001380acbf6b0: cc4c a0ff 

  0x000001380acbf6b4: ;   {other}
  0x000001380acbf6b4: 0f1f 8400 | a424 0042 | bae4 ffff | ff44 8954 | 2420 448b | 5c24 4044 | 895c 2424 

  0x000001380acbf6d0: ;   {runtime_call UncommonTrapBlob}
  0x000001380acbf6d0: c5f8 77e8 

  0x000001380acbf6d4: ; ImmutableOopMap {[32]=NarrowOop [40]=Oop [48]=Oop [56]=Oop [144]=Oop }
                      ;*baload {reexecute=0 rethrow=0 return_oop=0}
                      ; - jdk.internal.util.ArraysSupport::mismatch@82
                      ; - java.lang.String::startsWith@70
                      ; - java.lang.String::startsWith@3
                      ; - java.lang.ClassLoader::preDefineClass@43
                      ; - java.lang.ClassLoader::defineClass@4
                      ; - java.security.SecureClassLoader::defineClass@12
  0x000001380acbf6d4: a84c a0ff 

  0x000001380acbf6d8: ;   {other}
  0x000001380acbf6d8: 0f1f 8400 | c824 0043 | ba45 ffff | ff48 8b4c | 2448 4889 | 4c24 3844 | 8944 2450 | 4c89 4c24 
  0x000001380acbf6f8: 5844 896c | 2454 4489 | 5424 6044 | 895c 2464 

  0x000001380acbf708: ;   {runtime_call UncommonTrapBlob}
  0x000001380acbf708: c5f8 77e8 

  0x000001380acbf70c: ; ImmutableOopMap {[40]=Oop [48]=Oop [56]=Oop [80]=NarrowOop [84]=NarrowOop [88]=Oop }
                      ;*if_icmpne {reexecute=1 rethrow=0 return_oop=0}
                      ; - (reexecute) java.lang.String::equals@33
                      ; - java.util.concurrent.ConcurrentHashMap::get@73
                      ; - java.lang.ClassLoader::getNamedPackage@5
                      ; - java.lang.ClassLoader::postDefineClass@9
                      ; - java.lang.ClassLoader::defineClass@37
                      ; - java.security.SecureClassLoader::defineClass@12
  0x000001380acbf70c: 704c a0ff 

  0x000001380acbf710: ;   {other}
  0x000001380acbf710: 0f1f 8400 | 0025 0044 | ba45 ffff | ff4c 8b5c | 2448 4c89 | 5c24 3844 | 8944 2450 | 4c89 4c24 
  0x000001380acbf730: 5848 897c | 2460 4489 | 5424 5490 

  0x000001380acbf73c: ;   {runtime_call UncommonTrapBlob}
  0x000001380acbf73c: c5f8 77e8 

  0x000001380acbf740: ; ImmutableOopMap {rbp=NarrowOop [40]=Oop [48]=Oop [56]=Oop [80]=NarrowOop [88]=Oop [96]=Oop }
                      ;*ifnull {reexecute=1 rethrow=0 return_oop=0}
                      ; - (reexecute) java.util.concurrent.ConcurrentHashMap::get@143
                      ; - java.lang.ClassLoader::getNamedPackage@5
                      ; - java.lang.ClassLoader::postDefineClass@9
                      ; - java.lang.ClassLoader::defineClass@37
                      ; - java.security.SecureClassLoader::defineClass@12
  0x000001380acbf740: 3c4c a0ff 

  0x000001380acbf744: ;   {other}
  0x000001380acbf744: 0f1f 8400 | 3425 0045 | ba45 ffff | ff48 8b6c | 2430 8944 | 2460 6690 

  0x000001380acbf75c: ;   {runtime_call UncommonTrapBlob}
  0x000001380acbf75c: c5f8 77e8 

  0x000001380acbf760: ; ImmutableOopMap {rbp=Oop [32]=Oop [40]=Oop [56]=NarrowOop [64]=Oop [72]=Oop }
                      ;*ifeq {reexecute=1 rethrow=0 return_oop=0}
                      ; - (reexecute) java.util.concurrent.ConcurrentHashMap::get@152
                      ; - java.lang.ClassLoader::getNamedPackage@5
                      ; - java.lang.ClassLoader::postDefineClass@9
                      ; - java.lang.ClassLoader::defineClass@37
                      ; - java.security.SecureClassLoader::defineClass@12
  0x000001380acbf760: 1c4c a0ff 

  0x000001380acbf764: ;   {other}
  0x000001380acbf764: 0f1f 8400 | 5425 0046 | baf6 ffff | ff48 8b6c | 2420 6690 

  0x000001380acbf778: ;   {runtime_call UncommonTrapBlob}
  0x000001380acbf778: c5f8 77e8 

  0x000001380acbf77c: ; ImmutableOopMap {rbp=Oop [88]=Oop }
                      ;*invokevirtual putIfAbsent {reexecute=0 rethrow=0 return_oop=0}
                      ; - java.lang.ClassLoader::getNamedPackage@32
                      ; - java.lang.ClassLoader::postDefineClass@9
                      ; - java.lang.ClassLoader::defineClass@37
                      ; - java.security.SecureClassLoader::defineClass@12
  0x000001380acbf77c: 004c a0ff 

  0x000001380acbf780: ;   {other}
  0x000001380acbf780: 0f1f 8400 | 7025 0047 | bade ffff | ff48 8be8 

  0x000001380acbf790: ;   {runtime_call UncommonTrapBlob}
  0x000001380acbf790: c5f8 77e8 

  0x000001380acbf794: ; ImmutableOopMap {rbp=Oop }
                      ;*checkcast {reexecute=0 rethrow=0 return_oop=0}
                      ; - java.lang.ClassLoader::getNamedPackage@35
                      ; - java.lang.ClassLoader::postDefineClass@9
                      ; - java.lang.ClassLoader::defineClass@37
                      ; - java.security.SecureClassLoader::defineClass@12
  0x000001380acbf794: e84b a0ff 

  0x000001380acbf798: ;   {other}
  0x000001380acbf798: 0f1f 8400 | 8825 0048 | 498b d7c5 | f877 49ba | 20a4 18c6 | fa7f 0000 

  0x000001380acbf7b0: ;   {other}
  0x000001380acbf7b0: 41ff d20f | 1f84 0000 | 0000 00e9 | 78ef ffff | 498b d7c5 | f877 49ba | 20a4 18c6 | fa7f 0000 
  0x000001380acbf7d0: ;   {other}
  0x000001380acbf7d0: 41ff d20f | 1f84 0000 | 0000 00e9 | 10ef ffff | ba37 0100 | 0048 8beb | 4c8b 5424 | 384c 8954 
  0x000001380acbf7f0: 2428 6690 

  0x000001380acbf7f4: ;   {runtime_call UncommonTrapBlob}
  0x000001380acbf7f4: c5f8 77e8 

  0x000001380acbf7f8: ; ImmutableOopMap {rbp=Oop [40]=Oop [48]=Oop }
                      ;*new {reexecute=0 rethrow=0 return_oop=0}
                      ; - java.lang.ClassLoader::preDefineClass@56
                      ; - java.lang.ClassLoader::defineClass@4
                      ; - java.security.SecureClassLoader::defineClass@12
  0x000001380acbf7f8: 844b a0ff 

  0x000001380acbf7fc: ;   {other}
  0x000001380acbf7fc: 0f1f 8400 | ec25 0049 | bade ffff | ff48 8b6c | 2428 4c8b | 5424 304c | 8954 2420 | 4c8b 5424 
  0x000001380acbf81c: 384c 8954 | 2428 4889 | 4424 3890 

  0x000001380acbf828: ;   {runtime_call UncommonTrapBlob}
  0x000001380acbf828: c5f8 77e8 

  0x000001380acbf82c: ; ImmutableOopMap {rbp=Oop [32]=Oop [40]=Oop [56]=Oop }
                      ;*checkcast {reexecute=0 rethrow=0 return_oop=0}
                      ; - java.security.SecureClassLoader::getProtectionDomain@33
                      ; - java.security.SecureClassLoader::defineClass@9
  0x000001380acbf82c: 504b a0ff 

  0x000001380acbf830: ;   {other}
  0x000001380acbf830: 0f1f 8400 | 2026 004a | bade ffff | ff48 8b6c | 2428 4c8b | 5424 384c | 8954 2428 | 448b 5c24 
  0x000001380acbf850: 4044 895c | 2438 448b | 5424 4444 | 8954 243c | 4889 4424 | 5066 6690 

  0x000001380acbf868: ;   {runtime_call UncommonTrapBlob}
  0x000001380acbf868: c5f8 77e8 

  0x000001380acbf86c: ; ImmutableOopMap {rbp=Oop [40]=Oop [48]=Oop [72]=Oop [80]=Oop [144]=Oop }
                      ;*checkcast {reexecute=0 rethrow=0 return_oop=0}
                      ; - java.lang.ClassLoader::checkCerts@65
                      ; - java.lang.ClassLoader::preDefineClass@113
                      ; - java.lang.ClassLoader::defineClass@4
                      ; - java.security.SecureClassLoader::defineClass@12
  0x000001380acbf86c: 104b a0ff 

  0x000001380acbf870: ;   {other}
  0x000001380acbf870: 0f1f 8400 | 6026 004b | baf6 ffff | ff49 8be8 | 4c89 4c24 | 2066 6690 

  0x000001380acbf888: ;   {runtime_call UncommonTrapBlob}
  0x000001380acbf888: c5f8 77e8 

  0x000001380acbf88c: ; ImmutableOopMap {rbp=Oop [32]=Oop }
                      ;*invokeinterface computeIfAbsent {reexecute=0 rethrow=0 return_oop=0}
                      ; - java.security.SecureClassLoader::getProtectionDomain@28
                      ; - java.security.SecureClassLoader::defineClass@9
  0x000001380acbf88c: f04a a0ff 

  0x000001380acbf890: ;   {other}
  0x000001380acbf890: 0f1f 8400 | 8026 004c | baf4 ffff | ff48 8b6c | 2428 4c8b | 5424 304c | 8954 2420 

  0x000001380acbf8ac: ;   {runtime_call UncommonTrapBlob}
  0x000001380acbf8ac: c5f8 77e8 

  0x000001380acbf8b0: ; ImmutableOopMap {rbp=Oop [32]=Oop [56]=Oop }
                      ;*checkcast {reexecute=0 rethrow=0 return_oop=0}
                      ; - java.security.SecureClassLoader::getProtectionDomain@33
                      ; - java.security.SecureClassLoader::defineClass@9
  0x000001380acbf8b0: cc4a a0ff 

  0x000001380acbf8b4: ;   {other}
  0x000001380acbf8b4: 0f1f 8400 | a426 004d | baf6 ffff | ff66 6690 

  0x000001380acbf8c4: ;   {runtime_call UncommonTrapBlob}
  0x000001380acbf8c4: c5f8 77e8 

  0x000001380acbf8c8: ; ImmutableOopMap {}
                      ;*arraylength {reexecute=0 rethrow=0 return_oop=0}
                      ; - java.lang.String::isEmpty@4
                      ; - java.lang.ClassLoader::checkName@5
                      ; - java.lang.ClassLoader::preDefineClass@1
                      ; - java.lang.ClassLoader::defineClass@4
                      ; - java.security.SecureClassLoader::defineClass@12
  0x000001380acbf8c8: b44a a0ff 

  0x000001380acbf8cc: ;   {other}
  0x000001380acbf8cc: 0f1f 8400 | bc26 004e | baf6 ffff | ff66 6690 

  0x000001380acbf8dc: ;   {runtime_call UncommonTrapBlob}
  0x000001380acbf8dc: c5f8 77e8 

  0x000001380acbf8e0: ; ImmutableOopMap {}
                      ;*invokevirtual getPackageName {reexecute=0 rethrow=0 return_oop=0}
                      ; - java.lang.ClassLoader::postDefineClass@2
                      ; - java.lang.ClassLoader::defineClass@37
                      ; - java.security.SecureClassLoader::defineClass@12
  0x000001380acbf8e0: 9c4a a0ff 

  0x000001380acbf8e4: ;   {other}
  0x000001380acbf8e4: 0f1f 8400 | d426 004f | baf6 ffff | ff66 6690 

  0x000001380acbf8f4: ;   {runtime_call UncommonTrapBlob}
  0x000001380acbf8f4: c5f8 77e8 

  0x000001380acbf8f8: ; ImmutableOopMap {}
                      ;*invokevirtual hashCode {reexecute=0 rethrow=0 return_oop=0}
                      ; - java.util.concurrent.ConcurrentHashMap::get@1
                      ; - java.lang.ClassLoader::getNamedPackage@5
                      ; - java.lang.ClassLoader::postDefineClass@9
                      ; - java.lang.ClassLoader::defineClass@37
                      ; - java.security.SecureClassLoader::defineClass@12
  0x000001380acbf8f8: 844a a0ff 

  0x000001380acbf8fc: ;   {other}
  0x000001380acbf8fc: 0f1f 8400 | ec26 0050 | 4d85 d244 | 8b54 2420 | 410f 94c2 | ba45 ffff | ff48 8944 | 2440 4489 
  0x000001380acbf91c: 5424 4890 

  0x000001380acbf920: ;   {runtime_call UncommonTrapBlob}
  0x000001380acbf920: c5f8 77e8 

  0x000001380acbf924: ; ImmutableOopMap {[40]=Oop [48]=Oop [64]=Oop [144]=Oop }
                      ;*ifeq {reexecute=1 rethrow=0 return_oop=0}
                      ; - (reexecute) java.lang.Class::getPackageName@29
                      ; - java.lang.ClassLoader::postDefineClass@2
                      ; - java.lang.ClassLoader::defineClass@37
                      ; - java.security.SecureClassLoader::defineClass@12
  0x000001380acbf924: 584a a0ff 

  0x000001380acbf928: ;   {other}
  0x000001380acbf928: 0f1f 8400 | 1827 0051 | baf6 ffff | ff66 6690 

  0x000001380acbf938: ;   {runtime_call UncommonTrapBlob}
  0x000001380acbf938: c5f8 77e8 

  0x000001380acbf93c: ; ImmutableOopMap {}
                      ;*arraylength {reexecute=0 rethrow=0 return_oop=0}
                      ; - java.lang.String::length@4
                      ; - java.lang.String::lastIndexOf@3
                      ; - java.lang.Class::getPackageName@47
                      ; - java.lang.ClassLoader::postDefineClass@2
                      ; - java.lang.ClassLoader::defineClass@37
                      ; - java.security.SecureClassLoader::defineClass@12
  0x000001380acbf93c: 404a a0ff 

  0x000001380acbf940: ;   {other}
  0x000001380acbf940: 0f1f 8400 | 3027 0052 | ba45 ffff | ff48 8b6c | 2428 4c8b | 5424 304c | 8954 2420 

  0x000001380acbf95c: ;   {runtime_call UncommonTrapBlob}
  0x000001380acbf95c: c5f8 77e8 

  0x000001380acbf960: ; ImmutableOopMap {rbp=Oop [32]=Oop [56]=Oop [144]=Oop }
                      ;*ifnull {reexecute=1 rethrow=0 return_oop=0}
                      ; - (reexecute) java.lang.ClassLoader::checkName@1
                      ; - java.lang.ClassLoader::preDefineClass@1
                      ; - java.lang.ClassLoader::defineClass@4
                      ; - java.security.SecureClassLoader::defineClass@12
  0x000001380acbf960: 1c4a a0ff 

  0x000001380acbf964: ;   {other}
  0x000001380acbf964: 0f1f 8400 | 5427 0053 | ba45 ffff | ff48 8b6c | 2428 4c8b | 5424 384c | 8954 2428 | 448b 5424 
  0x000001380acbf984: 4044 8954 | 2438 448b | 5424 4444 | 8954 243c | 4889 5c24 | 484c 896c | 2458 4489 | 7424 5490 
  0x000001380acbf9a4: ;   {runtime_call UncommonTrapBlob}
  0x000001380acbf9a4: c5f8 77e8 

  0x000001380acbf9a8: ; ImmutableOopMap {rbp=Oop [40]=Oop [48]=Oop [72]=Oop [84]=NarrowOop [88]=Oop [144]=Oop }
                      ;*ifnull {reexecute=1 rethrow=0 return_oop=0}
                      ; - (reexecute) java.lang.ClassLoader::checkCerts@30
                      ; - java.lang.ClassLoader::preDefineClass@113
                      ; - java.lang.ClassLoader::defineClass@4
                      ; - java.security.SecureClassLoader::defineClass@12
  0x000001380acbf9a8: d449 a0ff 

  0x000001380acbf9ac: ;   {other}
  0x000001380acbf9ac: 0f1f 8400 | 9c27 0054 | ba45 ffff | ff48 8b6c | 2428 4c8b | 5424 304c | 8954 2420 | 4c8b 5424 
  0x000001380acbf9cc: 384c 8954 | 2428 448b | 5424 4044 | 8954 2430 | 448b 4424 | 4444 8944 | 2434 4489 | 5c24 4490 
  0x000001380acbf9ec: ;   {runtime_call UncommonTrapBlob}
  0x000001380acbf9ec: c5f8 77e8 

  0x000001380acbf9f0: ; ImmutableOopMap {rbp=Oop [32]=Oop [40]=Oop [68]=NarrowOop [144]=Oop }
                      ;*ifnull {reexecute=1 rethrow=0 return_oop=0}
                      ; - (reexecute) java.lang.ClassLoader::defineClassSourceLocation@8
                      ; - java.lang.ClassLoader::defineClass@12
                      ; - java.security.SecureClassLoader::defineClass@12
  0x000001380acbf9f0: 8c49 a0ff 

  0x000001380acbf9f4: ;   {other}
  0x000001380acbf9f4: 0f1f 8400 | e427 0055 | ba45 ffff | ff4c 8b54 | 2428 4c89 | 5424 204c | 8b54 2430 | 4c89 5424 
  0x000001380acbfa14: 284c 8b54 | 2438 4c89 | 5424 3044 | 8b54 2440 | 4489 5424 | 3844 8b5c | 2444 4489 | 5c24 3c90 
  0x000001380acbfa34: ;   {runtime_call UncommonTrapBlob}
  0x000001380acbfa34: c5f8 77e8 

  0x000001380acbfa38: ; ImmutableOopMap {rbp=NarrowOop [32]=Oop [40]=Oop [48]=Oop [144]=Oop }
                      ;*ifnull {reexecute=1 rethrow=0 return_oop=0}
                      ; - (reexecute) java.lang.ClassLoader::defineClassSourceLocation@15
                      ; - java.lang.ClassLoader::defineClass@12
                      ; - java.security.SecureClassLoader::defineClass@12
  0x000001380acbfa38: 4449 a0ff 

  0x000001380acbfa3c: ;   {other}
  0x000001380acbfa3c: 0f1f 8400 | 2c28 0056 | ba45 ffff | ff48 8b6c | 2430 4489 | 5424 2090 

  0x000001380acbfa54: ;   {runtime_call UncommonTrapBlob}
  0x000001380acbfa54: c5f8 77e8 

  0x000001380acbfa58: ; ImmutableOopMap {rbp=Oop [32]=NarrowOop }
                      ;*ifnull {reexecute=1 rethrow=0 return_oop=0}
                      ; - (reexecute) java.lang.ClassLoader::postDefineClass@17
                      ; - java.lang.ClassLoader::defineClass@37
                      ; - java.security.SecureClassLoader::defineClass@12
  0x000001380acbfa58: 2449 a0ff 

  0x000001380acbfa5c: ;   {other}
  0x000001380acbfa5c: 0f1f 8400 | 4c28 0057 | ba45 ffff | ff4c 8b5c | 2448 4c89 | 5c24 3844 | 8944 2450 | 4c89 4c24 
  0x000001380acbfa7c: 5844 896c | 2454 4489 | 5424 6090 

  0x000001380acbfa88: ;   {runtime_call UncommonTrapBlob}
  0x000001380acbfa88: c5f8 77e8 

  0x000001380acbfa8c: ; ImmutableOopMap {rbp=NarrowOop [40]=Oop [48]=Oop [56]=Oop [80]=NarrowOop [84]=NarrowOop [88]=Oop }
                      ;*ifnull {reexecute=1 rethrow=0 return_oop=0}
                      ; - (reexecute) java.util.concurrent.ConcurrentHashMap::get@67
                      ; - java.lang.ClassLoader::getNamedPackage@5
                      ; - java.lang.ClassLoader::postDefineClass@9
                      ; - java.lang.ClassLoader::defineClass@37
                      ; - java.security.SecureClassLoader::defineClass@12
  0x000001380acbfa8c: f048 a0ff 

  0x000001380acbfa90: ;   {other}
  0x000001380acbfa90: 0f1f 8400 | 8028 0058 | ba97 ffff | ff44 8b54 | 2440 4489 | 5424 204c | 8b54 2458 | 4c89 5424 
  0x000001380acbfab0: 5066 6690 

  0x000001380acbfab4: ;   {runtime_call UncommonTrapBlob}
  0x000001380acbfab4: c5f8 77e8 

  0x000001380acbfab8: ; ImmutableOopMap {rbp=NarrowOop [36]=NarrowOop [40]=Oop [48]=Oop [56]=Oop [80]=Oop [96]=Oop [144]=Oop }
                      ;*invokevirtual clone {reexecute=1 rethrow=0 return_oop=0}
                      ; - (reexecute) java.util.Arrays::copyOfRange@18
                      ; - java.lang.StringLatin1::newString@16
                      ; - java.lang.String::substring@41
                      ; - java.lang.ClassLoader::checkCerts@21
                      ; - java.lang.ClassLoader::preDefineClass@113
                      ; - java.lang.ClassLoader::defineClass@4
                      ; - java.security.SecureClassLoader::defineClass@12
  0x000001380acbfab8: c448 a0ff 

  0x000001380acbfabc: ;   {other}
  0x000001380acbfabc: 0f1f 8400 | ac28 0059 | eb32 eb30 | eb2e eb2c | eb2a eb28 | eb26 eb24 | eb22 eb20 | eb1e eb1c 
  0x000001380acbfadc: eb1a eb18 | eb16 eb14 | eb12 eb10 | eb0e eb0c | eb0a eb08 | eb06 eb04 | eb02 eb00 | 488b d0e9 
  0x000001380acbfafc: 01eb ffff | ba97 ffff | ff8b 6c24 | 384c 8b54 | 2448 4c89 | 5424 3890 

  0x000001380acbfb14: ;   {runtime_call UncommonTrapBlob}
  0x000001380acbfb14: c5f8 77e8 

  0x000001380acbfb18: ; ImmutableOopMap {rbp=NarrowOop [32]=Oop [40]=Oop [56]=Oop [64]=Oop }
                      ;*invokevirtual clone {reexecute=1 rethrow=0 return_oop=0}
                      ; - (reexecute) java.util.Arrays::copyOfRange@18
                      ; - java.lang.StringLatin1::newString@16
                      ; - java.lang.String::substring@41
                      ; - java.lang.Class::getPackageName@62
                      ; - java.lang.ClassLoader::postDefineClass@2
                      ; - java.lang.ClassLoader::defineClass@37
                      ; - java.security.SecureClassLoader::defineClass@12
  0x000001380acbfb18: 6448 a0ff 

  0x000001380acbfb1c: ;   {other}
  0x000001380acbfb1c: 0f1f 8400 | 0c29 005a 

  0x000001380acbfb24: ;   {internal_word}
  0x000001380acbfb24: 49ba f5e2 | cb0a 3801 | 0000 4d89 | 9768 0400 

  0x000001380acbfb34: ;   {runtime_call SafepointBlob}
  0x000001380acbfb34: 00e9 4659 

  0x000001380acbfb38: ;   {runtime_call StubRoutines (final stubs)}
  0x000001380acbfb38: a0ff e861 | 699e ffe9 | 3adb ffff | f4f4 f4f4 
[Stub Code]
  0x000001380acbfb48: ;   {no_reloc}
  0x000001380acbfb48: 48bb 0000 | 0000 0000 

  0x000001380acbfb50: ;   {runtime_call nmethod}
  0x000001380acbfb50: 0000 e9fb 

  0x000001380acbfb54: ;   {static_stub}
  0x000001380acbfb54: ffff ff48 | bb00 0000 | 0000 0000 

  0x000001380acbfb60: ;   {runtime_call nmethod}
  0x000001380acbfb60: 00e9 fbff 

  0x000001380acbfb64: ;   {static_stub}
  0x000001380acbfb64: ffff 48bb | 0000 0000 | 0000 0000 

  0x000001380acbfb70: ;   {runtime_call nmethod}
  0x000001380acbfb70: e9fb ffff 

  0x000001380acbfb74: ;   {static_stub}
  0x000001380acbfb74: ff48 bb70 | 5540 1638 

  0x000001380acbfb7c: ;   {runtime_call I2C/C2I adapters}
  0x000001380acbfb7c: 0100 00e9 | 6a5a 9dff 

  0x000001380acbfb84: ;   {static_stub}
  0x000001380acbfb84: 48bb 0000 | 0000 0000 

  0x000001380acbfb8c: ;   {runtime_call nmethod}
  0x000001380acbfb8c: 0000 e9fb 

  0x000001380acbfb90: ;   {static_stub}
  0x000001380acbfb90: ffff ff48 | bb00 0000 | 0000 0000 

  0x000001380acbfb9c: ;   {runtime_call nmethod}
  0x000001380acbfb9c: 00e9 fbff 

  0x000001380acbfba0: ;   {static_stub}
  0x000001380acbfba0: ffff 48bb | 0000 0000 | 0000 0000 

  0x000001380acbfbac: ;   {runtime_call nmethod}
  0x000001380acbfbac: e9fb ffff 

  0x000001380acbfbb0: ;   {static_stub}
  0x000001380acbfbb0: ff48 bb00 | 0000 0000 

  0x000001380acbfbb8: ;   {runtime_call nmethod}
  0x000001380acbfbb8: 0000 00e9 | fbff ffff 

  0x000001380acbfbc0: ;   {static_stub}
  0x000001380acbfbc0: 48bb 0000 | 0000 0000 

  0x000001380acbfbc8: ;   {runtime_call nmethod}
  0x000001380acbfbc8: 0000 e9fb 

  0x000001380acbfbcc: ;   {static_stub}
  0x000001380acbfbcc: ffff ff48 | bb00 0000 | 0000 0000 

  0x000001380acbfbd8: ;   {runtime_call nmethod}
  0x000001380acbfbd8: 00e9 fbff 

  0x000001380acbfbdc: ;   {static_stub}
  0x000001380acbfbdc: ffff 48bb | 0000 0000 | 0000 0000 

  0x000001380acbfbe8: ;   {runtime_call nmethod}
  0x000001380acbfbe8: e9fb ffff 

  0x000001380acbfbec: ;   {static_stub}
  0x000001380acbfbec: ff48 bb00 | 0000 0000 

  0x000001380acbfbf4: ;   {runtime_call nmethod}
  0x000001380acbfbf4: 0000 00e9 | fbff ffff 

  0x000001380acbfbfc: ;   {static_stub}
  0x000001380acbfbfc: 48bb 0000 | 0000 0000 

  0x000001380acbfc04: ;   {runtime_call nmethod}
  0x000001380acbfc04: 0000 e9fb 

  0x000001380acbfc08: ;   {static_stub}
  0x000001380acbfc08: ffff ff48 | bb00 0000 | 0000 0000 

  0x000001380acbfc14: ;   {runtime_call nmethod}
  0x000001380acbfc14: 00e9 fbff 

  0x000001380acbfc18: ;   {static_stub}
  0x000001380acbfc18: ffff 48bb | 0000 0000 | 0000 0000 

  0x000001380acbfc24: ;   {runtime_call nmethod}
  0x000001380acbfc24: e9fb ffff 

  0x000001380acbfc28: ;   {static_stub}
  0x000001380acbfc28: ff48 bb00 | 0000 0000 

  0x000001380acbfc30: ;   {runtime_call nmethod}
  0x000001380acbfc30: 0000 00e9 | fbff ffff 

  0x000001380acbfc38: ;   {static_stub}
  0x000001380acbfc38: 48bb 0000 | 0000 0000 

  0x000001380acbfc40: ;   {runtime_call nmethod}
  0x000001380acbfc40: 0000 e9fb 

  0x000001380acbfc44: ;   {runtime_call ExceptionBlob}
  0x000001380acbfc44: ffff ffe9 | 3496 abff 
[Deopt Handler Code]
  0x000001380acbfc4c: e800 0000 | 0048 832c 

  0x000001380acbfc54: ;   {runtime_call DeoptimizationBlob}
  0x000001380acbfc54: 2405 e9c5 | 4aa0 fff4 | f4f4 f4f4 
[/MachCode]


Compiled method (c1) 169925 4253   !   3       java.net.URLClassLoader::defineClass (224 bytes)
 total in heap  [0x00000138039ab290,0x00000138039adc30] = 10656
 relocation     [0x00000138039ab3f0,0x00000138039ab6b0] = 704
 main code      [0x00000138039ab6c0,0x00000138039ad100] = 6720
 stub code      [0x00000138039ad100,0x00000138039ad2a0] = 416
 oops           [0x00000138039ad2a0,0x00000138039ad2a8] = 8
 metadata       [0x00000138039ad2a8,0x00000138039ad338] = 144
 scopes data    [0x00000138039ad338,0x00000138039ad810] = 1240
 scopes pcs     [0x00000138039ad810,0x00000138039adba0] = 912
 dependencies   [0x00000138039adba0,0x00000138039adbb0] = 16
 handler table  [0x00000138039adbb0,0x00000138039adbf8] = 72
 nul chk table  [0x00000138039adbf8,0x00000138039adc30] = 56

[Constant Pool (empty)]

[MachCode]
[Entry Point]
  # {method} {0x000001385705d260} 'defineClass' '(Ljava/lang/String;Ljdk/internal/loader/Resource;)Ljava/lang/Class;' in 'java/net/URLClassLoader'
  # this:     rdx:rdx   = 'java/net/URLClassLoader'
  # parm0:    r8:r8     = 'java/lang/String'
  # parm1:    r9:r9     = 'jdk/internal/loader/Resource'
  #           [sp+0x150]  (sp of caller)
  0x00000138039ab6c0: 448b 5208 | 49bb 0000 | 0016 3801 | 0000 4d03 | d34c 3bd0 

  0x00000138039ab6d4: ;   {runtime_call ic_miss_stub}
  0x00000138039ab6d4: 0f85 a630 | d106 660f | 1f44 0000 
[Verified Entry Point]
  0x00000138039ab6e0: 8984 2400 | 80ff ff55 | 4881 ec40 | 0100 0090 | 4181 7f20 | 0900 0000 

  0x00000138039ab6f8: ;   {runtime_call StubRoutines (final stubs)}
  0x00000138039ab6f8: 7405 e8a1 | adcf 0648 | 8994 24b8 | 0000 004c | 8984 24a8 | 0000 004c | 898c 24b0 

  0x00000138039ab714: ;   {metadata(method data for {method} {0x000001385705d260} 'defineClass' '(Ljava/lang/String;Ljdk/internal/loader/Resource;)Ljava/lang/Class;' in 'java/net/URLClassLoader')}
  0x00000138039ab714: 0000 0048 | be18 0814 | 5738 0100 | 008b becc | 0000 0083 | c702 89be | cc00 0000 | 81e7 fe07 
  0x00000138039ab734: 0000 85ff | 0f84 6b16 

  0x00000138039ab73c: ;   {metadata(method data for {method} {0x000001385705d260} 'defineClass' '(Ljava/lang/String;Ljdk/internal/loader/Resource;)Ljava/lang/Class;' in 'java/net/URLClassLoader')}
  0x00000138039ab73c: 0000 48be | 1808 1457 | 3801 0000 | 4883 8610 | 0100 0001 

  0x00000138039ab750: ;   {runtime_call}
  0x00000138039ab750: 48b8 d030 | 53c6 fa7f | 0000 ffd0 

  0x00000138039ab75c: ;   {other}
  0x00000138039ab75c: 0f1f 8400 | 0000 0000 | 4889 8424 | c000 0000 | 4c8b 8424 | a800 0000 

  0x00000138039ab774: ; implicit exception: dispatches to 0x00000138039acdca
  0x00000138039ab774: 493b 0049 

  0x00000138039ab778: ;   {metadata(method data for {method} {0x000001385705d260} 'defineClass' '(Ljava/lang/String;Ljdk/internal/loader/Resource;)Ljava/lang/Class;' in 'java/net/URLClassLoader')}
  0x00000138039ab778: 8bc8 48ba | 1808 1457 | 3801 0000 | 4883 8220 | 0100 0001 

  0x00000138039ab78c: ;   {metadata(method data for {method} {0x0000013816453a10} 'lastIndexOf' '(I)I' in 'java/lang/String')}
  0x00000138039ab78c: 48b9 9869 | 0657 3801 | 0000 8b91 | cc00 0000 | 83c2 0289 | 91cc 0000 | 0081 e2fe | ff1f 0085 
  0x00000138039ab7ac: d20f 841c | 1600 0049 

  0x00000138039ab7b4: ;   {metadata(method data for {method} {0x0000013816453a10} 'lastIndexOf' '(I)I' in 'java/lang/String')}
  0x00000138039ab7b4: 8bc8 48ba | 9869 0657 | 3801 0000 | 4883 8210 | 0100 0001 

  0x00000138039ab7c8: ;   {metadata(method data for {method} {0x000001381600ee90} 'length' '()I' in 'java/lang/String')}
  0x00000138039ab7c8: 48b9 38f5 | 0057 3801 | 0000 8b91 | cc00 0000 | 83c2 0289 | 91cc 0000 | 0081 e2fe | ff1f 0085 
  0x00000138039ab7e8: d20f 8401 | 1600 0041 | 8b70 148b | 560c 498b 

  0x00000138039ab7f8: ;   {metadata(method data for {method} {0x000001381600ee90} 'length' '()I' in 'java/lang/String')}
  0x00000138039ab7f8: c849 b938 | f500 5738 | 0100 0049 | 8381 1001 

  0x00000138039ab808: ;   {metadata(method data for {method} {0x0000013816454cf8} 'coder' '()B' in 'java/lang/String')}
  0x00000138039ab808: 0000 0148 | b9c0 f300 | 5738 0100 | 0044 8b89 | cc00 0000 | 4183 c102 | 4489 89cc | 0000 0041 
  0x00000138039ab828: 81e1 feff | 1f00 4585 | c90f 84df 

  0x00000138039ab834: ;   {metadata(method data for {method} {0x0000013816454cf8} 'coder' '()B' in 'java/lang/String')}
  0x00000138039ab834: 1500 0048 | b9c0 f300 | 5738 0100 | 00ff 8120 | 0100 0045 | 0fbe 4810 

  0x00000138039ab84c: ;   {metadata(method data for {method} {0x0000013816454cf8} 'coder' '()B' in 'java/lang/String')}
  0x00000138039ab84c: 48b9 c0f3 | 0057 3801 | 0000 ff81 | 3001 0000 | 498b c9c1 | e118 c1f9 | 18d3 fa48 | 8bfa ffcf 
  0x00000138039ab86c: ;   {metadata(method data for {method} {0x0000013816453a10} 'lastIndexOf' '(I)I' in 'java/lang/String')}
  0x00000138039ab86c: 498b d048 | bb98 6906 | 5738 0100 | 0048 8383 | 4801 0000 

  0x00000138039ab880: ;   {metadata(method data for {method} {0x0000013816453960} 'lastIndexOf' '(II)I' in 'java/lang/String')}
  0x00000138039ab880: 0148 bac0 | 2806 5738 | 0100 008b | 9acc 0000 | 0083 c302 | 899a cc00 | 0000 81e3 | feff 1f00 
  0x00000138039ab8a0: 85db 0f84 | 8f15 0000 

  0x00000138039ab8a8: ;   {metadata(method data for {method} {0x0000013816453960} 'lastIndexOf' '(II)I' in 'java/lang/String')}
  0x00000138039ab8a8: 498b d048 | bbc0 2806 | 5738 0100 | 0048 8383 | 1001 0000 

  0x00000138039ab8bc: ;   {metadata(method data for {method} {0x00000138164540f0} 'isLatin1' '()Z' in 'java/lang/String')}
  0x00000138039ab8bc: 0148 bae8 | 9200 5738 | 0100 008b | 9acc 0000 | 0083 c302 | 899a cc00 | 0000 81e3 | feff 1f00 
  0x00000138039ab8dc: 85db 0f84 | 7415 0000 

  0x00000138039ab8e4: ;   {metadata(method data for {method} {0x00000138164540f0} 'isLatin1' '()Z' in 'java/lang/String')}
  0x00000138039ab8e4: 48ba e892 | 0057 3801 | 0000 ff82 | 2001 0000 

  0x00000138039ab8f4: ;   {metadata(method data for {method} {0x00000138164540f0} 'isLatin1' '()Z' in 'java/lang/String')}
  0x00000138039ab8f4: 4585 c948 | bae8 9200 | 5738 0100 | 0049 c7c1 | 3001 0000 | 7507 49c7 | c140 0100 | 004a 8b1c 
  0x00000138039ab914: 0a48 8d5b | 014a 891c | 0a0f 851a 

  0x00000138039ab920: ;   {metadata(method data for {method} {0x00000138164540f0} 'isLatin1' '()Z' in 'java/lang/String')}
  0x00000138039ab920: 0000 0048 | bae8 9200 | 5738 0100 | 00ff 8250 | 0100 00ba | 0100 0000 | e905 0000 | 00ba 0000 
  0x00000138039ab940: 0000 83e2 

  0x00000138039ab944: ;   {metadata(method data for {method} {0x0000013816453960} 'lastIndexOf' '(II)I' in 'java/lang/String')}
  0x00000138039ab944: 0185 d248 | bac0 2806 | 5738 0100 | 0049 c7c1 | 4801 0000 | 7407 49c7 | c158 0100 | 004a 8b1c 
  0x00000138039ab964: 0a48 8d5b | 014a 891c | 0a0f 8446 

  0x00000138039ab970: ;   {metadata(method data for {method} {0x0000013816453960} 'lastIndexOf' '(II)I' in 'java/lang/String')}
  0x00000138039ab970: 0000 0048 | bac0 2806 | 5738 0100 | 0048 8382 | 6801 0000 | 0148 8bd6 | 41b8 2e00 | 0000 4c8b 
  0x00000138039ab990: cf66 0f1f 

  0x00000138039ab994: ;   {static_call}
  0x00000138039ab994: 4400 00e8 

  0x00000138039ab998: ; ImmutableOopMap {[168]=Oop [176]=Oop [184]=Oop }
                      ;*invokestatic lastIndexOf {reexecute=0 rethrow=0 return_oop=0}
                      ; - java.lang.String::lastIndexOf@13
                      ; - java.lang.String::lastIndexOf@8
                      ; - java.net.URLClassLoader::defineClass@7
  0x00000138039ab998: 848c 2807 

  0x00000138039ab99c: ;   {other}
  0x00000138039ab99c: 0f1f 8400 | 0c07 0000 

  0x00000138039ab9a4: ;   {metadata(method data for {method} {0x0000013816453960} 'lastIndexOf' '(II)I' in 'java/lang/String')}
  0x00000138039ab9a4: 48ba c028 | 0657 3801 | 0000 ff82 | 7801 0000 | e92b 0000 

  0x00000138039ab9b8: ;   {metadata(method data for {method} {0x0000013816453960} 'lastIndexOf' '(II)I' in 'java/lang/String')}
  0x00000138039ab9b8: 0048 bac0 | 2806 5738 | 0100 0048 | 8382 9001 | 0000 0148 | 8bd6 41b8 | 2e00 0000 

  0x00000138039ab9d4: ;   {static_call}
  0x00000138039ab9d4: 4c8b cfe8 

  0x00000138039ab9d8: ; ImmutableOopMap {[168]=Oop [176]=Oop [184]=Oop }
                      ;*invokestatic lastIndexOf {reexecute=0 rethrow=0 return_oop=0}
                      ; - java.lang.String::lastIndexOf@25
                      ; - java.lang.String::lastIndexOf@8
                      ; - java.net.URLClassLoader::defineClass@7
  0x00000138039ab9d8: a436 d106 

  0x00000138039ab9dc: ;   {other}
  0x00000138039ab9dc: 0f1f 8400 | 4c07 0001 | 8984 24c8 | 0000 004c | 8b8c 24b0 | 0000 0049 | 3b01 498b 

  0x00000138039ab9f8: ;   {metadata(method data for {method} {0x000001385705d260} 'defineClass' '(Ljava/lang/String;Ljdk/internal/loader/Resource;)Ljava/lang/Class;' in 'java/net/URLClassLoader')}
  0x00000138039ab9f8: d148 be18 | 0814 5738 | 0100 008b | 5208 49ba | 0000 0016 | 3801 0000 | 4903 d248 | 3b96 6801 
  0x00000138039aba18: 0000 750d | 4883 8670 | 0100 0001 | e960 0000 | 0048 3b96 | 7801 0000 | 750d 4883 | 8680 0100 
  0x00000138039aba38: 0001 e94a | 0000 0048 | 83be 6801 | 0000 0075 | 1748 8996 | 6801 0000 | 48c7 8670 | 0100 0001 
  0x00000138039aba58: 0000 00e9 | 2900 0000 | 4883 be78 | 0100 0000 | 7517 4889 | 9678 0100 | 0048 c786 | 8001 0000 
  0x00000138039aba78: 0100 0000 | e908 0000 | 0048 8386 | 5801 0000 | 0149 8bd1 | 9048 b8ff | ffff ffff 

  0x00000138039aba94: ;   {virtual_call}
  0x00000138039aba94: ffff ffe8 

  0x00000138039aba98: ; ImmutableOopMap {[168]=Oop [176]=Oop [184]=Oop }
                      ;*invokevirtual getCodeSourceURL {reexecute=0 rethrow=0 return_oop=0}
                      ; - java.net.URLClassLoader::defineClass@13
  0x00000138039aba98: bcc6 dd06 

  0x00000138039aba9c: ;   {other}
  0x00000138039aba9c: 0f1f 8400 | 0c08 0002 | 4889 8424 | d000 0000 | 448b 8c24 | c800 0000 | 4183 f9ff 

  0x00000138039abab8: ;   {metadata(method data for {method} {0x000001385705d260} 'defineClass' '(Ljava/lang/String;Ljdk/internal/loader/Resource;)Ljava/lang/Class;' in 'java/net/URLClassLoader')}
  0x00000138039abab8: 49b8 1808 | 1457 3801 | 0000 48c7 | c290 0100 | 0074 0748 | c7c2 a001 | 0000 498b | 3410 488d 
  0x00000138039abad8: 7601 4989 | 3410 0f84 | 1f04 0000 | 4c8b 8424 | a800 0000 

  0x00000138039abaec: ;   {metadata(method data for {method} {0x000001385705d260} 'defineClass' '(Ljava/lang/String;Ljdk/internal/loader/Resource;)Ljava/lang/Class;' in 'java/net/URLClassLoader')}
  0x00000138039abaec: 48ba 1808 | 1457 3801 | 0000 4883 | 82b0 0100 | 0001 41b8 | 0000 0000 | 488b 9424 | a800 0000 
  0x00000138039abb0c: ;   {optimized virtual_call}
  0x00000138039abb0c: 6666 90e8 

  0x00000138039abb10: ; ImmutableOopMap {[168]=Oop [176]=Oop [184]=Oop [208]=Oop }
                      ;*invokevirtual substring {reexecute=0 rethrow=0 return_oop=0}
                      ; - java.net.URLClassLoader::defineClass@28
  0x00000138039abb10: 6cea 3007 

  0x00000138039abb14: ;   {other}
  0x00000138039abb14: 0f1f 8400 | 8408 0003 | 4889 8424 | d800 0000 | 4c8b 8c24 | b000 0000 

  0x00000138039abb2c: ;   {metadata(method data for {method} {0x000001385705d260} 'defineClass' '(Ljava/lang/String;Ljdk/internal/loader/Resource;)Ljava/lang/Class;' in 'java/net/URLClassLoader')}
  0x00000138039abb2c: 48ba 1808 | 1457 3801 | 0000 458b | 4908 49ba | 0000 0016 | 3801 0000 | 4d03 ca4c | 3b8a f801 
  0x00000138039abb4c: 0000 750d | 4883 8200 | 0200 0001 | e960 0000 | 004c 3b8a | 0802 0000 | 750d 4883 | 8210 0200 
  0x00000138039abb6c: 0001 e94a | 0000 0048 | 83ba f801 | 0000 0075 | 174c 898a | f801 0000 | 48c7 8200 | 0200 0001 
  0x00000138039abb8c: 0000 00e9 | 2900 0000 | 4883 ba08 | 0200 0000 | 7517 4c89 | 8a08 0200 | 0048 c782 | 1002 0000 
  0x00000138039abbac: 0100 0000 | e908 0000 | 0048 8382 | e801 0000 | 0148 8b94 | 24b0 0000 | 0048 b830 | 2421 1638 
  0x00000138039abbcc: ;   {virtual_call}
  0x00000138039abbcc: 0100 00e8 

  0x00000138039abbd0: ; ImmutableOopMap {[168]=Oop [176]=Oop [184]=Oop [208]=Oop [216]=Oop }
                      ;*invokevirtual getManifest {reexecute=0 rethrow=0 return_oop=0}
                      ; - java.net.URLClassLoader::defineClass@34
  0x00000138039abbd0: 0c2c 0000 

  0x00000138039abbd4: ;   {other}
  0x00000138039abbd4: 0f1f 8400 | 4409 0004 | 4889 8424 | e000 0000 | 488b 9424 | b800 0000 

  0x00000138039abbec: ;   {metadata(method data for {method} {0x000001385705d260} 'defineClass' '(Ljava/lang/String;Ljdk/internal/loader/Resource;)Ljava/lang/Class;' in 'java/net/URLClassLoader')}
  0x00000138039abbec: 49b8 1808 | 1457 3801 | 0000 4983 | 8020 0200 | 0001 4c8b | 8424 d800 | 0000 4c8b | c848 8bbc 
  0x00000138039abc0c: 24d0 0000 | 0048 8b94 | 24b8 0000 | 0066 0f1f 

  0x00000138039abc1c: ;   {optimized virtual_call}
  0x00000138039abc1c: 4400 00e8 

  0x00000138039abc20: ; ImmutableOopMap {[168]=Oop [176]=Oop [184]=Oop [208]=Oop [216]=Oop [224]=Oop }
                      ;*invokevirtual getAndVerifyPackage {reexecute=0 rethrow=0 return_oop=0}
                      ; - java.net.URLClassLoader::defineClass@46
  0x00000138039abc20: fceb 94ff 

  0x00000138039abc24: ;   {other}
  0x00000138039abc24: 0f1f 8400 | 9409 0005 

  0x00000138039abc2c: ;   {metadata(method data for {method} {0x000001385705d260} 'defineClass' '(Ljava/lang/String;Ljdk/internal/loader/Resource;)Ljava/lang/Class;' in 'java/net/URLClassLoader')}
  0x00000138039abc2c: 4885 c049 | b818 0814 | 5738 0100 | 0049 c7c1 | 5802 0000 | 7507 49c7 | c168 0200 | 004b 8b3c 
  0x00000138039abc4c: 0848 8d7f | 014b 893c | 080f 85a8 | 0200 0048 | 8b84 24e0 | 0000 0048 

  0x00000138039abc64: ;   {metadata(method data for {method} {0x000001385705d260} 'defineClass' '(Ljava/lang/String;Ljdk/internal/loader/Resource;)Ljava/lang/Class;' in 'java/net/URLClassLoader')}
  0x00000138039abc64: 85c0 49b8 | 1808 1457 | 3801 0000 | 49c7 c178 | 0200 0074 | 0749 c7c1 | 8802 0000 | 4b8b 3c08 
  0x00000138039abc84: 488d 7f01 | 4b89 3c08 | 488b 9424 | b800 0000 | 0f84 d000 

  0x00000138039abc98: ;   {metadata(method data for {method} {0x000001385705d260} 'defineClass' '(Ljava/lang/String;Ljdk/internal/loader/Resource;)Ljava/lang/Class;' in 'java/net/URLClassLoader')}
  0x00000138039abc98: 0000 49b8 | 1808 1457 | 3801 0000 | 8b52 0849 | ba00 0000 | 1638 0100 | 0049 03d2 | 493b 90a8 
  0x00000138039abcb8: 0200 0075 | 0d49 8380 | b002 0000 | 01e9 6000 | 0000 493b | 90b8 0200 | 0075 0d49 | 8380 c002 
  0x00000138039abcd8: 0000 01e9 | 4a00 0000 | 4983 b8a8 | 0200 0000 | 7517 4989 | 90a8 0200 | 0049 c780 | b002 0000 
  0x00000138039abcf8: 0100 0000 | e929 0000 | 0049 83b8 | b802 0000 | 0075 1749 | 8990 b802 | 0000 49c7 | 80c0 0200 
  0x00000138039abd18: 0001 0000 | 00e9 0800 | 0000 4983 | 8098 0200 | 0001 4c8b | 8424 d800 | 0000 4c8b | c848 8bbc 
  0x00000138039abd38: 24d0 0000 | 0048 8b94 | 24b8 0000 

  0x00000138039abd44: ;   {optimized virtual_call}
  0x00000138039abd44: 0066 90e8 

  0x00000138039abd48: ; ImmutableOopMap {[168]=Oop [176]=Oop [184]=Oop [208]=Oop [216]=Oop [224]=Oop }
                      ;*invokevirtual definePackage {reexecute=0 rethrow=0 return_oop=0}
                      ; - java.net.URLClassLoader::defineClass@64
  0x00000138039abd48: 54aa aeff 

  0x00000138039abd4c: ;   {other}
  0x00000138039abd4c: 0f1f 8400 | bc0a 0006 

  0x00000138039abd54: ;   {metadata(method data for {method} {0x000001385705d260} 'defineClass' '(Ljava/lang/String;Ljdk/internal/loader/Resource;)Ljava/lang/Class;' in 'java/net/URLClassLoader')}
  0x00000138039abd54: 49b8 1808 | 1457 3801 | 0000 41ff | 80d0 0200 | 00e9 f200 

  0x00000138039abd68: ;   {metadata(method data for {method} {0x000001385705d260} 'defineClass' '(Ljava/lang/String;Ljdk/internal/loader/Resource;)Ljava/lang/Class;' in 'java/net/URLClassLoader')}
  0x00000138039abd68: 0000 49b8 | 1808 1457 | 3801 0000 | 8b52 0849 | ba00 0000 | 1638 0100 | 0049 03d2 | 493b 90f8 
  0x00000138039abd88: 0200 0075 | 0d49 8380 | 0003 0000 | 01e9 6000 | 0000 493b | 9008 0300 | 0075 0d49 | 8380 1003 
  0x00000138039abda8: 0000 01e9 | 4a00 0000 | 4983 b8f8 | 0200 0000 | 7517 4989 | 90f8 0200 | 0049 c780 | 0003 0000 
  0x00000138039abdc8: 0100 0000 | e929 0000 | 0049 83b8 | 0803 0000 | 0075 1749 | 8990 0803 | 0000 49c7 | 8010 0300 
  0x00000138039abde8: 0001 0000 | 00e9 0800 | 0000 4983 | 80e8 0200 | 0001 4c8b | 8424 d800 

  0x00000138039abe00: ;   {oop(nullptr)}
  0x00000138039abe00: 0000 49b9 | 0000 0000 | 0000 0000 

  0x00000138039abe0c: ;   {oop(nullptr)}
  0x00000138039abe0c: 48bf 0000 | 0000 0000 

  0x00000138039abe14: ;   {oop(nullptr)}
  0x00000138039abe14: 0000 48be | 0000 0000 | 0000 0000 

  0x00000138039abe20: ;   {oop(nullptr)}
  0x00000138039abe20: 48b9 0000 | 0000 0000 | 0000 4d33 | d24c 8914 | 244d 33d2 | 4c89 5424 | 084d 33d2 | 4c89 5424 
  0x00000138039abe40: 1048 8b94 | 24b8 0000 | 0066 0f1f 

  0x00000138039abe4c: ;   {optimized virtual_call}
  0x00000138039abe4c: 4400 00e8 

  0x00000138039abe50: ; ImmutableOopMap {[168]=Oop [176]=Oop [184]=Oop [208]=Oop [216]=Oop [224]=Oop }
                      ;*invokevirtual definePackage {reexecute=0 rethrow=0 return_oop=0}
                      ; - java.net.URLClassLoader::defineClass@81
  0x00000138039abe50: 2c2c d106 

  0x00000138039abe54: ;   {other}
  0x00000138039abe54: 0f1f 8400 | c40b 0007 

  0x00000138039abe5c: ;   {metadata(method data for {method} {0x000001385705d260} 'defineClass' '(Ljava/lang/String;Ljdk/internal/loader/Resource;)Ljava/lang/Class;' in 'java/net/URLClassLoader')}
  0x00000138039abe5c: 48b8 1808 | 1457 3801 | 0000 ff80 | 2003 0000 | e992 0000 | 004c 8b8c | 24e0 0000 | 0049 8b87 
  0x00000138039abe7c: 0005 0000 | 4d33 d24d | 8997 0005 | 0000 4d33 | d24d 8997 | 0805 0000 | 488b 9424 | b800 0000 
  0x00000138039abe9c: ;   {metadata(method data for {method} {0x000001385705d260} 'defineClass' '(Ljava/lang/String;Ljdk/internal/loader/Resource;)Ljava/lang/Class;' in 'java/net/URLClassLoader')}
  0x00000138039abe9c: 49b8 1808 | 1457 3801 | 0000 4983 | 8038 0300 | 0001 4c8b | 8424 d800 | 0000 488b | bc24 d000 
  0x00000138039abebc: 0000 488b | 9424 b800 

  0x00000138039abec4: ;   {optimized virtual_call}
  0x00000138039abec4: 0000 90e8 

  0x00000138039abec8: ; ImmutableOopMap {[168]=Oop [176]=Oop [184]=Oop [208]=Oop [216]=Oop }
                      ;*invokevirtual getAndVerifyPackage {reexecute=0 rethrow=0 return_oop=0}
                      ; - java.net.URLClassLoader::defineClass@97
  0x00000138039abec8: b42b d106 

  0x00000138039abecc: ;   {other}
  0x00000138039abecc: 0f1f 8400 | 3c0c 0008 

  0x00000138039abed4: ;   {metadata(method data for {method} {0x000001385705d260} 'defineClass' '(Ljava/lang/String;Ljdk/internal/loader/Resource;)Ljava/lang/Class;' in 'java/net/URLClassLoader')}
  0x00000138039abed4: 4885 c048 | b818 0814 | 5738 0100 | 0048 c7c2 | 8003 0000 | 7407 48c7 | c270 0300 | 0048 8b34 
  0x00000138039abef4: 1048 8d76 | 0148 8934 | 100f 84bf | 0a00 004c | 8b8c 24b0 | 0000 0049 

  0x00000138039abf0c: ;   {metadata(method data for {method} {0x000001385705d260} 'defineClass' '(Ljava/lang/String;Ljdk/internal/loader/Resource;)Ljava/lang/Class;' in 'java/net/URLClassLoader')}
  0x00000138039abf0c: 8bc1 48ba | 1808 1457 | 3801 0000 | 8b40 0849 | ba00 0000 | 1638 0100 | 0049 03c2 | 483b 8268 
  0x00000138039abf2c: 0400 0075 | 0d48 8382 | 7004 0000 | 01e9 6000 | 0000 483b | 8278 0400 | 0075 0d48 | 8382 8004 
  0x00000138039abf4c: 0000 01e9 | 4a00 0000 | 4883 ba68 | 0400 0000 | 7517 4889 | 8268 0400 | 0048 c782 | 7004 0000 
  0x00000138039abf6c: 0100 0000 | e929 0000 | 0048 83ba | 7804 0000 | 0075 1748 | 8982 7804 | 0000 48c7 | 8280 0400 
  0x00000138039abf8c: 0001 0000 | 00e9 0800 | 0000 4883 | 8258 0400 

  0x00000138039abf9c: ;   {metadata(method data for {method} {0x00000138161700b0} 'getByteBuffer' '()Ljava/nio/ByteBuffer;' in 'jdk/internal/loader/Resource')}
  0x00000138039abf9c: 0001 48b8 | 0817 1957 | 3801 0000 | 8b90 cc00 | 0000 83c2 | 0289 90cc | 0000 0081 | e2fe ff1f 
  0x00000138039abfbc: 0085 d20f | 84b9 0e00 | 0049 8bc1 

  0x00000138039abfc8: ;   {metadata(method data for {method} {0x00000138161700b0} 'getByteBuffer' '()Ljava/nio/ByteBuffer;' in 'jdk/internal/loader/Resource')}
  0x00000138039abfc8: 48ba 0817 | 1957 3801 | 0000 4883 | 8210 0100 | 0001 488d | 9424 2001 | 0000 4c89 | 4a08 498b 
  0x00000138039abfe8: 0148 83c8 | 0148 8902 | f049 0fb1 | 110f 8412 | 0000 0048 | 2bc4 4825 | 07f0 ffff | 4889 020f 
  0x00000138039ac008: 8592 0e00 | 0049 ff87 | 5005 0000 

  0x00000138039ac014: ;   {metadata(method data for {method} {0x0000013816170370} 'cachedInputStream' '()Ljava/io/InputStream;' in 'jdk/internal/loader/Resource')}
  0x00000138039ac014: 48ba 20fc | 0e57 3801 | 0000 8bb2 | cc00 0000 | 83c6 0289 | b2cc 0000 | 0081 e6fe | ff1f 0085 
  0x00000138039ac034: f60f 8477 | 0e00 0041 | 8b51 0c48 

  0x00000138039ac040: ;   {metadata(method data for {method} {0x0000013816170370} 'cachedInputStream' '()Ljava/io/InputStream;' in 'jdk/internal/loader/Resource')}
  0x00000138039ac040: 85d2 48ba | 20fc 0e57 | 3801 0000 | 48c7 c610 | 0100 0075 | 0748 c7c6 | 2001 0000 | 488b 3c32 
  0x00000138039ac060: 488d 7f01 | 4889 3c32 | 0f85 de00 | 0000 498b 

  0x00000138039ac070: ;   {metadata(method data for {method} {0x0000013816170370} 'cachedInputStream' '()Ljava/io/InputStream;' in 'jdk/internal/loader/Resource')}
  0x00000138039ac070: d148 be20 | fc0e 5738 | 0100 008b | 5208 49ba | 0000 0016 | 3801 0000 | 4903 d248 | 3b96 4001 
  0x00000138039ac090: 0000 750d | 4883 8648 | 0100 0001 | e960 0000 | 0048 3b96 | 5001 0000 | 750d 4883 | 8658 0100 
  0x00000138039ac0b0: 0001 e94a | 0000 0048 | 83be 4001 | 0000 0075 | 1748 8996 | 4001 0000 | 48c7 8648 | 0100 0001 
  0x00000138039ac0d0: 0000 00e9 | 2900 0000 | 4883 be50 | 0100 0000 | 7517 4889 | 9650 0100 | 0048 c786 | 5801 0000 
  0x00000138039ac0f0: 0100 0000 | e908 0000 | 0048 8386 | 3001 0000 | 0149 8bd1 | 9048 b8ff | ffff ffff 

  0x00000138039ac10c: ;   {virtual_call}
  0x00000138039ac10c: ffff ffe8 

  0x00000138039ac110: ; ImmutableOopMap {[168]=Oop [176]=Oop [184]=Oop [208]=Oop [296]=Oop }
                      ;*invokevirtual getInputStream {reexecute=0 rethrow=0 return_oop=0}
                      ; - jdk.internal.loader.Resource::cachedInputStream@9
                      ; - jdk.internal.loader.Resource::getByteBuffer@1
                      ; - java.net.URLClassLoader::defineClass@132
  0x00000138039ac110: 74bb dd06 

  0x00000138039ac114: ;   {other}
  0x00000138039ac114: 0f1f 8400 | 840e 0009 | 410f be57 | 4085 d24c | 8b8c 24b0 | 0000 000f | 85a2 0d00 | 004c 8bd0 
  0x00000138039ac134: 4589 510c | 498b d148 | 33d0 48c1 | ea14 4883 | fa00 0f85 | a30d 0000 | 418b 510c | 488d 8424 
  0x00000138039ac154: 2001 0000 | 488b 3048 | 85f6 0f84 | 0f00 0000 | 488b 7808 | f048 0fb1 | 370f 8594 | 0d00 0049 
  0x00000138039ac174: ff8f 5005 | 0000 4885 

  0x00000138039ac17c: ;   {metadata(method data for {method} {0x00000138161700b0} 'getByteBuffer' '()Ljava/nio/ByteBuffer;' in 'jdk/internal/loader/Resource')}
  0x00000138039ac17c: d275 1648 | bb08 1719 | 5738 0100 | 0080 8b41 | 0100 0001 | e9e7 0000 

  0x00000138039ac194: ;   {metadata('sun/nio/ByteBuffered')}
  0x00000138039ac194: 0048 b878 | 3336 1638 | 0100 008b | 5a08 49ba | 0000 0016 | 3801 0000 | 4903 da48 | 3b43 200f 
  0x00000138039ac1b4: 841a 0000 | 0048 3bd8 | 0f84 1100 | 0000 5350 

  0x00000138039ac1c4: ;   {runtime_call slow_subtype_check Runtime1 stub}
  0x00000138039ac1c4: e8b7 00dd | 065b 5b85 | db0f 848d 

  0x00000138039ac1d0: ;   {metadata(method data for {method} {0x00000138161700b0} 'getByteBuffer' '()Ljava/nio/ByteBuffer;' in 'jdk/internal/loader/Resource')}
  0x00000138039ac1d0: 0000 0048 | bb08 1719 | 5738 0100 | 008b 4208 | 49ba 0000 | 0016 3801 | 0000 4903 | c248 3b83 
  0x00000138039ac1f0: 5801 0000 | 750d 4883 | 8360 0100 | 0001 e97e | 0000 0048 | 3b83 6801 | 0000 750d | 4883 8370 
  0x00000138039ac210: 0100 0001 | e968 0000 | 0048 83bb | 5801 0000 | 0075 1748 | 8983 5801 | 0000 48c7 | 8360 0100 
  0x00000138039ac230: 0001 0000 | 00e9 4700 | 0000 4883 | bb68 0100 | 0000 7517 | 4889 8368 | 0100 0048 | c783 7001 
  0x00000138039ac250: 0000 0100 | 0000 e926 | 0000 00e9 | 2100 0000 

  0x00000138039ac260: ;   {metadata(method data for {method} {0x00000138161700b0} 'getByteBuffer' '()Ljava/nio/ByteBuffer;' in 'jdk/internal/loader/Resource')}
  0x00000138039ac260: 48bb 0817 | 1957 3801 | 0000 4883 | ab48 0100 | 0001 e905 | 0000 00e9 | 0500 0000 | 4833 f6eb 
  0x00000138039ac280: 0748 c7c6 | 0100 0000 

  0x00000138039ac288: ;   {metadata(method data for {method} {0x00000138161700b0} 'getByteBuffer' '()Ljava/nio/ByteBuffer;' in 'jdk/internal/loader/Resource')}
  0x00000138039ac288: 85f6 48be | 0817 1957 | 3801 0000 | 48c7 c780 | 0100 0074 | 0748 c7c7 | 9001 0000 | 488b 1c3e 
  0x00000138039ac2a8: 488d 5b01 | 4889 1c3e | 0f84 bb01 | 0000 4885 

  0x00000138039ac2b8: ;   {metadata(method data for {method} {0x00000138161700b0} 'getByteBuffer' '()Ljava/nio/ByteBuffer;' in 'jdk/internal/loader/Resource')}
  0x00000138039ac2b8: d275 1648 | bf08 1719 | 5738 0100 | 0080 8f99 | 0100 0001 | e9e7 0000 

  0x00000138039ac2d0: ;   {metadata('sun/nio/ByteBuffered')}
  0x00000138039ac2d0: 0048 bb78 | 3336 1638 | 0100 008b | 7a08 49ba | 0000 0016 | 3801 0000 | 4903 fa48 | 3b5f 200f 
  0x00000138039ac2f0: 841a 0000 | 0048 3bfb | 0f84 1100 | 0000 5753 

  0x00000138039ac300: ;   {runtime_call slow_subtype_check Runtime1 stub}
  0x00000138039ac300: e87b ffdc | 065f 5f85 | ff0f 848d 

  0x00000138039ac30c: ;   {metadata(method data for {method} {0x00000138161700b0} 'getByteBuffer' '()Ljava/nio/ByteBuffer;' in 'jdk/internal/loader/Resource')}
  0x00000138039ac30c: 0000 0048 | bf08 1719 | 5738 0100 | 008b 5a08 | 49ba 0000 | 0016 3801 | 0000 4903 | da48 3b9f 
  0x00000138039ac32c: b001 0000 | 750d 4883 | 87b8 0100 | 0001 e979 | 0000 0048 | 3b9f c001 | 0000 750d | 4883 87c8 
  0x00000138039ac34c: 0100 0001 | e963 0000 | 0048 83bf | b001 0000 | 0075 1748 | 899f b001 | 0000 48c7 | 87b8 0100 
  0x00000138039ac36c: 0001 0000 | 00e9 4200 | 0000 4883 | bfc0 0100 | 0000 7517 | 4889 9fc0 | 0100 0048 | c787 c801 
  0x00000138039ac38c: 0000 0100 | 0000 e921 | 0000 00e9 | 1c00 0000 

  0x00000138039ac39c: ;   {metadata(method data for {method} {0x00000138161700b0} 'getByteBuffer' '()Ljava/nio/ByteBuffer;' in 'jdk/internal/loader/Resource')}
  0x00000138039ac39c: 48bf 0817 | 1957 3801 | 0000 4883 | afa0 0100 | 0001 e96a | 0b00 00e9 | 0000 0000 

  0x00000138039ac3b8: ; implicit exception: dispatches to 0x00000138039acf26
  0x00000138039ac3b8: 483b 0248 

  0x00000138039ac3bc: ;   {metadata(method data for {method} {0x00000138161700b0} 'getByteBuffer' '()Ljava/nio/ByteBuffer;' in 'jdk/internal/loader/Resource')}
  0x00000138039ac3bc: 8bf2 48bf | 0817 1957 | 3801 0000 | 8b76 0849 | ba00 0000 | 1638 0100 | 0049 03f2 | 483b b7e8 
  0x00000138039ac3dc: 0100 0075 | 0d48 8387 | f001 0000 | 01e9 6000 | 0000 483b | b7f8 0100 | 0075 0d48 | 8387 0002 
  0x00000138039ac3fc: 0000 01e9 | 4a00 0000 | 4883 bfe8 | 0100 0000 | 7517 4889 | b7e8 0100 | 0048 c787 | f001 0000 
  0x00000138039ac41c: 0100 0000 | e929 0000 | 0048 83bf | f801 0000 | 0075 1748 | 89b7 f801 | 0000 48c7 | 8700 0200 
  0x00000138039ac43c: 0001 0000 | 00e9 0800 | 0000 4883 | 87d8 0100 | 0001 0f1f | 8000 0000 | 0048 b8ff | ffff ffff 
  0x00000138039ac45c: ;   {virtual_call}
  0x00000138039ac45c: ffff ffe8 

  0x00000138039ac460: ; ImmutableOopMap {[168]=Oop [176]=Oop [184]=Oop [208]=Oop }
                      ;*invokeinterface getByteBuffer {reexecute=0 rethrow=0 return_oop=0}
                      ; - jdk.internal.loader.Resource::getByteBuffer@16
                      ; - java.net.URLClassLoader::defineClass@132
  0x00000138039ac460: 1c29 d106 

  0x00000138039ac464: ;   {other}
  0x00000138039ac464: 0f1f 8400 | d411 000a | e90a 0000 

  0x00000138039ac470: ;   {oop(nullptr)}
  0x00000138039ac470: 0048 b800 | 0000 0000 | 0000 0048 

  0x00000138039ac47c: ;   {metadata(method data for {method} {0x000001385705d260} 'defineClass' '(Ljava/lang/String;Ljdk/internal/loader/Resource;)Ljava/lang/Class;' in 'java/net/URLClassLoader')}
  0x00000138039ac47c: 85c0 48ba | 1808 1457 | 3801 0000 | 48c7 c690 | 0400 0074 | 0748 c7c6 | a004 0000 | 488b 3c32 
  0x00000138039ac49c: 488d 7f01 | 4889 3c32 | 0f84 3002 | 0000 4889 | 8424 e800 | 0000 4c8b | 8c24 b000 

  0x00000138039ac4b8: ;   {metadata(method data for {method} {0x000001385705d260} 'defineClass' '(Ljava/lang/String;Ljdk/internal/loader/Resource;)Ljava/lang/Class;' in 'java/net/URLClassLoader')}
  0x00000138039ac4b8: 0000 48ba | 1808 1457 | 3801 0000 | 458b 4908 | 49ba 0000 | 0016 3801 | 0000 4d03 | ca4c 3b8a 
  0x00000138039ac4d8: c004 0000 | 750d 4883 | 82c8 0400 | 0001 e960 | 0000 004c | 3b8a d004 | 0000 750d | 4883 82d8 
  0x00000138039ac4f8: 0400 0001 | e94a 0000 | 0048 83ba | c004 0000 | 0075 174c | 898a c004 | 0000 48c7 | 82c8 0400 
  0x00000138039ac518: 0001 0000 | 00e9 2900 | 0000 4883 | bad0 0400 | 0000 7517 | 4c89 8ad0 | 0400 0048 | c782 d804 
  0x00000138039ac538: 0000 0100 | 0000 e908 | 0000 0048 | 8382 b004 | 0000 0148 | 8b94 24b0 | 0000 0066 | 9048 b8ff 
  0x00000138039ac558: ffff ffff 

  0x00000138039ac55c: ;   {virtual_call}
  0x00000138039ac55c: ffff ffe8 

  0x00000138039ac560: ; ImmutableOopMap {[168]=Oop [184]=Oop [208]=Oop [232]=Oop }
                      ;*invokevirtual getCodeSigners {reexecute=0 rethrow=0 return_oop=0}
                      ; - java.net.URLClassLoader::defineClass@143
  0x00000138039ac560: 1c28 d106 

  0x00000138039ac564: ;   {other}
  0x00000138039ac564: 0f1f 8400 | d412 000b 

  0x00000138039ac56c: ;   {metadata('java/security/CodeSource')}
  0x00000138039ac56c: 4c8b c848 | ba28 5c00 | 1638 0100 | 0049 8b87 | b801 0000 | 488d 7828 | 493b bfc8 | 0100 000f 
  0x00000138039ac58c: 879a 0900 | 0049 89bf | b801 0000 | 48c7 0001 | 0000 0048 | 8bca 49ba | 0000 0016 | 3801 0000 
  0x00000138039ac5ac: 492b ca89 | 4808 4833 | c989 480c | 4833 c948 | 8948 1048 | 8948 1848 | 8948 204c 

  0x00000138039ac5c8: ;   {metadata(method data for {method} {0x000001385705d260} 'defineClass' '(Ljava/lang/String;Ljdk/internal/loader/Resource;)Ljava/lang/Class;' in 'java/net/URLClassLoader')}
  0x00000138039ac5c8: 8bc0 48ba | 1808 1457 | 3801 0000 | 4883 82e8 | 0400 0001 | 4c8b 8424 | d000 0000 | 488b d048 
  0x00000138039ac5e8: 8984 24f0 

  0x00000138039ac5ec: ;   {optimized virtual_call}
  0x00000138039ac5ec: 0000 00e8 

  0x00000138039ac5f0: ; ImmutableOopMap {[168]=Oop [184]=Oop [232]=Oop [240]=Oop }
                      ;*invokespecial <init> {reexecute=0 rethrow=0 return_oop=0}
                      ; - java.net.URLClassLoader::defineClass@156
  0x00000138039ac5f0: 8c24 d106 

  0x00000138039ac5f4: ;   {other}
  0x00000138039ac5f4: 0f1f 8400 | 6413 000c 

  0x00000138039ac5fc: ;   {metadata(method data for {method} {0x000001385705d260} 'defineClass' '(Ljava/lang/String;Ljdk/internal/loader/Resource;)Ljava/lang/Class;' in 'java/net/URLClassLoader')}
  0x00000138039ac5fc: 49b8 1808 | 1457 3801 | 0000 4983 | 80f8 0400 

  0x00000138039ac60c: ;   {metadata(method data for {method} {0x00000138161042a8} 'getReadClassBytesTime' '()Ljdk/internal/perf/PerfCounter;' in 'jdk/internal/perf/PerfCounter')}
  0x00000138039ac60c: 0001 49b8 | 48d9 1657 | 3801 0000 | 418b 90cc | 0000 0083 | c202 4189 | 90cc 0000 | 0081 e2fe 
  0x00000138039ac62c: ff1f 0085 | d20f 8401 

  0x00000138039ac634: ;   {oop(a 'jdk/internal/perf/PerfCounter'{0x00000000c0512748})}
  0x00000138039ac634: 0900 0048 | ba48 2751 | c000 0000 | 004c 8bc2 

  0x00000138039ac644: ;   {metadata(method data for {method} {0x000001385705d260} 'defineClass' '(Ljava/lang/String;Ljdk/internal/loader/Resource;)Ljava/lang/Class;' in 'java/net/URLClassLoader')}
  0x00000138039ac644: 48be 1808 | 1457 3801 

  0x00000138039ac64c: ;   {metadata('jdk/internal/perf/PerfCounter')}
  0x00000138039ac64c: 0000 49ba | 6036 1016 | 3801 0000 | 4c89 9618 | 0500 0048 | 8386 2005 | 0000 014c | 8b84 24c0 
  0x00000138039ac66c: ;   {optimized virtual_call}
  0x00000138039ac66c: 0000 00e8 

  0x00000138039ac670: ; ImmutableOopMap {[168]=Oop [184]=Oop [232]=Oop [240]=Oop }
                      ;*invokevirtual addElapsedTimeFrom {reexecute=0 rethrow=0 return_oop=0}
                      ; - java.net.URLClassLoader::defineClass@165
  0x00000138039ac670: 0c24 d106 

  0x00000138039ac674: ;   {other}
  0x00000138039ac674: 0f1f 8400 | e413 000d | 488b 9424 | b800 0000 

  0x00000138039ac684: ;   {metadata(method data for {method} {0x000001385705d260} 'defineClass' '(Ljava/lang/String;Ljdk/internal/loader/Resource;)Ljava/lang/Class;' in 'java/net/URLClassLoader')}
  0x00000138039ac684: 49b8 1808 | 1457 3801 | 0000 4983 | 8040 0500 | 0001 4c8b | 8424 a800 | 0000 4c8b | 8c24 e800 
  0x00000138039ac6a4: 0000 488b | bc24 f000 | 0000 488b | 9424 b800 

  0x00000138039ac6b4: ;   {optimized virtual_call}
  0x00000138039ac6b4: 0000 90e8 

  0x00000138039ac6b8: ; ImmutableOopMap {}
                      ;*invokevirtual defineClass {reexecute=0 rethrow=0 return_oop=0}
                      ; - java.net.URLClassLoader::defineClass@174
  0x00000138039ac6b8: c423 d106 

  0x00000138039ac6bc: ;   {other}
  0x00000138039ac6bc: 0f1f 8400 | 2c14 000e | 4881 c440 | 0100 005d 

  0x00000138039ac6cc: ;   {poll_return}
  0x00000138039ac6cc: 493b a750 | 0400 000f | 8780 0800 | 00c3 4c8b | 8c24 b000 | 0000 498b 

  0x00000138039ac6e4: ;   {metadata(method data for {method} {0x000001385705d260} 'defineClass' '(Ljava/lang/String;Ljdk/internal/loader/Resource;)Ljava/lang/Class;' in 'java/net/URLClassLoader')}
  0x00000138039ac6e4: f948 bb18 | 0814 5738 | 0100 008b | 7f08 49ba | 0000 0016 | 3801 0000 | 4903 fa48 | 3bbb 8805 
  0x00000138039ac704: 0000 750d | 4883 8390 | 0500 0001 | e960 0000 | 0048 3bbb | 9805 0000 | 750d 4883 | 83a0 0500 
  0x00000138039ac724: 0001 e94a | 0000 0048 | 83bb 8805 | 0000 0075 | 1748 89bb | 8805 0000 | 48c7 8390 | 0500 0001 
  0x00000138039ac744: 0000 00e9 | 2900 0000 | 4883 bb98 | 0500 0000 | 7517 4889 | bb98 0500 | 0048 c783 | a005 0000 
  0x00000138039ac764: 0100 0000 | e908 0000 | 0048 8383 | 7805 0000 | 0149 8bd1 | 0f1f 4400 | 0048 b8ff | ffff ffff 
  0x00000138039ac784: ;   {virtual_call}
  0x00000138039ac784: ffff ffe8 

  0x00000138039ac788: ; ImmutableOopMap {[168]=Oop [176]=Oop [184]=Oop [208]=Oop }
                      ;*invokevirtual getBytes {reexecute=0 rethrow=0 return_oop=0}
                      ; - java.net.URLClassLoader::defineClass@179
  0x00000138039ac788: 2cb5 dd06 

  0x00000138039ac78c: ;   {other}
  0x00000138039ac78c: 0f1f 8400 | fc14 000f | 4c8b 8c24 | b000 0000 

  0x00000138039ac79c: ;   {metadata(method data for {method} {0x000001385705d260} 'defineClass' '(Ljava/lang/String;Ljdk/internal/loader/Resource;)Ljava/lang/Class;' in 'java/net/URLClassLoader')}
  0x00000138039ac79c: 48ba 1808 | 1457 3801 | 0000 458b | 4908 49ba | 0000 0016 | 3801 0000 | 4d03 ca4c | 3b8a c005 
  0x00000138039ac7bc: 0000 750d | 4883 82c8 | 0500 0001 | e960 0000 | 004c 3b8a | d005 0000 | 750d 4883 | 82d8 0500 
  0x00000138039ac7dc: 0001 e94a | 0000 0048 | 83ba c005 | 0000 0075 | 174c 898a | c005 0000 | 48c7 82c8 | 0500 0001 
  0x00000138039ac7fc: 0000 00e9 | 2900 0000 | 4883 bad0 | 0500 0000 | 7517 4c89 | 8ad0 0500 | 0048 c782 | d805 0000 
  0x00000138039ac81c: 0100 0000 | e908 0000 | 0048 8382 | b005 0000 | 0148 8b94 | 24b0 0000 | 0048 8984 | 24f8 0000 
  0x00000138039ac83c: 0048 b8ff | ffff ffff 

  0x00000138039ac844: ;   {virtual_call}
  0x00000138039ac844: ffff ffe8 

  0x00000138039ac848: ; ImmutableOopMap {[168]=Oop [184]=Oop [208]=Oop [248]=Oop }
                      ;*invokevirtual getCodeSigners {reexecute=0 rethrow=0 return_oop=0}
                      ; - java.net.URLClassLoader::defineClass@185
  0x00000138039ac848: 8cb7 dd06 

  0x00000138039ac84c: ;   {other}
  0x00000138039ac84c: 0f1f 8400 | bc15 0010 

  0x00000138039ac854: ;   {metadata('java/security/CodeSource')}
  0x00000138039ac854: 4c8b c848 | ba28 5c00 | 1638 0100 | 0049 8b87 | b801 0000 | 488d 7828 | 493b bfc8 | 0100 000f 
  0x00000138039ac874: 87f6 0600 | 0049 89bf | b801 0000 | 48c7 0001 | 0000 0048 | 8bca 49ba | 0000 0016 | 3801 0000 
  0x00000138039ac894: 492b ca89 | 4808 4833 | c989 480c | 4833 c948 | 8948 1048 | 8948 1848 | 8948 204c 

  0x00000138039ac8b0: ;   {metadata(method data for {method} {0x000001385705d260} 'defineClass' '(Ljava/lang/String;Ljdk/internal/loader/Resource;)Ljava/lang/Class;' in 'java/net/URLClassLoader')}
  0x00000138039ac8b0: 8bc0 48ba | 1808 1457 | 3801 0000 | 4883 82e8 | 0500 0001 | 4c8b 8424 | d000 0000 | 488b d048 
  0x00000138039ac8d0: 8984 2400 

  0x00000138039ac8d4: ;   {optimized virtual_call}
  0x00000138039ac8d4: 0100 00e8 

  0x00000138039ac8d8: ; ImmutableOopMap {[168]=Oop [184]=Oop [248]=Oop [256]=Oop }
                      ;*invokespecial <init> {reexecute=0 rethrow=0 return_oop=0}
                      ; - java.net.URLClassLoader::defineClass@198
  0x00000138039ac8d8: 0477 3107 

  0x00000138039ac8dc: ;   {other}
  0x00000138039ac8dc: 0f1f 8400 | 4c16 0011 

  0x00000138039ac8e4: ;   {metadata(method data for {method} {0x000001385705d260} 'defineClass' '(Ljava/lang/String;Ljdk/internal/loader/Resource;)Ljava/lang/Class;' in 'java/net/URLClassLoader')}
  0x00000138039ac8e4: 49b8 1808 | 1457 3801 | 0000 4983 | 80f8 0500 

  0x00000138039ac8f4: ;   {metadata(method data for {method} {0x00000138161042a8} 'getReadClassBytesTime' '()Ljdk/internal/perf/PerfCounter;' in 'jdk/internal/perf/PerfCounter')}
  0x00000138039ac8f4: 0001 49b8 | 48d9 1657 | 3801 0000 | 418b 90cc | 0000 0083 | c202 4189 | 90cc 0000 | 0081 e2fe 
  0x00000138039ac914: ff1f 0085 | d20f 845d 

  0x00000138039ac91c: ;   {oop(a 'jdk/internal/perf/PerfCounter'{0x00000000c0512748})}
  0x00000138039ac91c: 0600 0048 | ba48 2751 | c000 0000 | 004c 8bc2 

  0x00000138039ac92c: ;   {metadata(method data for {method} {0x000001385705d260} 'defineClass' '(Ljava/lang/String;Ljdk/internal/loader/Resource;)Ljava/lang/Class;' in 'java/net/URLClassLoader')}
  0x00000138039ac92c: 48be 1808 | 1457 3801 | 0000 4883 | 8620 0600 | 0001 4c8b | 8424 c000 

  0x00000138039ac944: ;   {optimized virtual_call}
  0x00000138039ac944: 0000 90e8 

  0x00000138039ac948: ; ImmutableOopMap {[168]=Oop [184]=Oop [248]=Oop [256]=Oop }
                      ;*invokevirtual addElapsedTimeFrom {reexecute=0 rethrow=0 return_oop=0}
                      ; - java.net.URLClassLoader::defineClass@207
  0x00000138039ac948: f4dd 3f07 

  0x00000138039ac94c: ;   {other}
  0x00000138039ac94c: 0f1f 8400 | bc16 0012 | 488b 8424 | f800 0000 

  0x00000138039ac95c: ; implicit exception: dispatches to 0x00000138039acf9d
  0x00000138039ac95c: 8b70 0c48 | 8b94 24b8 

  0x00000138039ac964: ;   {metadata(method data for {method} {0x000001385705d260} 'defineClass' '(Ljava/lang/String;Ljdk/internal/loader/Resource;)Ljava/lang/Class;' in 'java/net/URLClassLoader')}
  0x00000138039ac964: 0000 0049 | b818 0814 | 5738 0100 | 0049 8380 | 4006 0000 | 014c 8b84 | 24a8 0000 | 004c 8bc8 
  0x00000138039ac984: bf00 0000 | 0048 8b8c | 2400 0100 | 0048 8b94 | 24b8 0000 | 0066 0f1f 

  0x00000138039ac99c: ;   {optimized virtual_call}
  0x00000138039ac99c: 4400 00e8 

  0x00000138039ac9a0: ; ImmutableOopMap {}
                      ;*invokevirtual defineClass {reexecute=0 rethrow=0 return_oop=0}
                      ; - java.net.URLClassLoader::defineClass@220
  0x00000138039ac9a0: bc0c 3107 

  0x00000138039ac9a4: ;   {other}
  0x00000138039ac9a4: 0f1f 8400 | 1417 0013 | 4881 c440 | 0100 005d 

  0x00000138039ac9b4: ;   {poll_return}
  0x00000138039ac9b4: 493b a750 | 0400 000f | 87e1 0500 | 00c3 660f | 1f44 0000 

  0x00000138039ac9c8: ;   {no_reloc}
  0x00000138039ac9c8: e9fa 0500 | 0000 0000 | 0000 80ba | 3101 0000 | 040f 85f7 | 0500 0049 | 8b87 b801 | 0000 488d 
  0x00000138039ac9e8: 7828 493b | bfc8 0100 | 000f 87df | 0500 0049 | 89bf b801 | 0000 48c7 | 0001 0000 | 0048 8bca 
  0x00000138039aca08: 49ba 0000 | 0016 3801 | 0000 492b | ca89 4808 | 4833 c989 | 480c 4833 | c948 8948 | 1048 8948 
  0x00000138039aca28: 1848 8948 | 2066 6690 

  0x00000138039aca30: ;   {no_reloc}
  0x00000138039aca30: e9bd 0500 | 0000 0000 | 0000 4889 | 8424 1001 | 0000 498b | 87b8 0100 | 0048 8d78 | 1849 3bbf 
  0x00000138039aca50: c801 0000 | 0f87 a205 | 0000 4989 | bfb8 0100 | 0048 c700 | 0100 0000 | 488b ca49 | ba00 0000 
  0x00000138039aca70: 1638 0100 | 0049 2bca | 8948 0848 | 33c9 8948 | 0c48 33c9 | 4889 4810 

  0x00000138039aca88: ;   {metadata(method data for {method} {0x000001385705d260} 'defineClass' '(Ljava/lang/String;Ljdk/internal/loader/Resource;)Ljava/lang/Class;' in 'java/net/URLClassLoader')}
  0x00000138039aca88: 4c8b c048 | ba18 0814 | 5738 0100 | 0048 8382 | 9003 0000 

  0x00000138039aca9c: ;   {metadata(method data for {method} {0x00000138164619d8} '<init>' '()V' in 'java/lang/StringBuilder')}
  0x00000138039aca9c: 0149 b810 | af00 5738 | 0100 0041 | 8b90 cc00 | 0000 83c2 | 0241 8990 | cc00 0000 | 81e2 feff 
  0x00000138039acabc: 1f00 85d2 | 0f84 4305 | 0000 4c8b 

  0x00000138039acac8: ;   {metadata(method data for {method} {0x00000138164619d8} '<init>' '()V' in 'java/lang/StringBuilder')}
  0x00000138039acac8: c048 ba10 | af00 5738 | 0100 0048 | 8382 1001 | 0000 0141 | b810 0000 | 0048 8bd0 | 4889 8424 
  0x00000138039acae8: 0801 0000 

  0x00000138039acaec: ;   {optimized virtual_call}
  0x00000138039acaec: 6666 90e8 

  0x00000138039acaf0: ; ImmutableOopMap {[216]=Oop [264]=Oop [272]=Oop }
                      ;*invokespecial <init> {reexecute=0 rethrow=0 return_oop=0}
                      ; - java.lang.StringBuilder::<init>@3
                      ; - java.net.URLClassLoader::defineClass@111
  0x00000138039acaf0: 8c1f d106 

  0x00000138039acaf4: ;   {other}
  0x00000138039acaf4: 0f1f 8400 | 6418 0014 | 488b 8424 | 0801 0000 

  0x00000138039acb04: ;   {metadata(method data for {method} {0x000001385705d260} 'defineClass' '(Ljava/lang/String;Ljdk/internal/loader/Resource;)Ljava/lang/Class;' in 'java/net/URLClassLoader')}
  0x00000138039acb04: 49b8 1808 | 1457 3801 | 0000 4983 | 80a0 0300 

  0x00000138039acb14: ;   {metadata(method data for {method} {0x00000138164617c8} 'append' '(Ljava/lang/String;)Ljava/lang/StringBuilder;' in 'java/lang/StringBuilder')}
  0x00000138039acb14: 0001 49b8 | 30b2 0057 | 3801 0000 | 418b 90cc | 0000 0083 | c202 4189 | 90cc 0000 | 0081 e2fe 
  0x00000138039acb34: ff1f 0085 | d20f 84eb | 0400 0048 | 8b84 2408 

  0x00000138039acb44: ;   {metadata(method data for {method} {0x00000138164617c8} 'append' '(Ljava/lang/String;)Ljava/lang/StringBuilder;' in 'java/lang/StringBuilder')}
  0x00000138039acb44: 0100 0049 | b830 b200 | 5738 0100 | 0049 8380 | 1001 0000 

  0x00000138039acb58: ;   {oop("Cannot find package "{0x00000000c0504110})}
  0x00000138039acb58: 0149 b810 | 4150 c000 | 0000 0048 | 8b94 2408 | 0100 000f 

  0x00000138039acb6c: ;   {optimized virtual_call}
  0x00000138039acb6c: 1f40 00e8 

  0x00000138039acb70: ; ImmutableOopMap {[216]=Oop [264]=Oop [272]=Oop }
                      ;*invokespecial append {reexecute=0 rethrow=0 return_oop=0}
                      ; - java.lang.StringBuilder::append@2
                      ; - java.net.URLClassLoader::defineClass@116
  0x00000138039acb70: 0c1f d106 

  0x00000138039acb74: ;   {other}
  0x00000138039acb74: 0f1f 8400 | e418 0015 | 488b 8424 | 0801 0000 

  0x00000138039acb84: ;   {metadata(method data for {method} {0x000001385705d260} 'defineClass' '(Ljava/lang/String;Ljdk/internal/loader/Resource;)Ljava/lang/Class;' in 'java/net/URLClassLoader')}
  0x00000138039acb84: 49b8 1808 | 1457 3801 | 0000 4983 | 80d8 0300 

  0x00000138039acb94: ;   {metadata(method data for {method} {0x00000138164617c8} 'append' '(Ljava/lang/String;)Ljava/lang/StringBuilder;' in 'java/lang/StringBuilder')}
  0x00000138039acb94: 0001 49b8 | 30b2 0057 | 3801 0000 | 418b 90cc | 0000 0083 | c202 4189 | 90cc 0000 | 0081 e2fe 
  0x00000138039acbb4: ff1f 0085 | d20f 848c | 0400 0048 | 8b84 2408 

  0x00000138039acbc4: ;   {metadata(method data for {method} {0x00000138164617c8} 'append' '(Ljava/lang/String;)Ljava/lang/StringBuilder;' in 'java/lang/StringBuilder')}
  0x00000138039acbc4: 0100 0049 | b830 b200 | 5738 0100 | 0049 8380 | 1001 0000 | 014c 8b84 | 24d8 0000 | 0048 8b94 
  0x00000138039acbe4: 2408 0100 | 0066 0f1f 

  0x00000138039acbec: ;   {optimized virtual_call}
  0x00000138039acbec: 4400 00e8 

  0x00000138039acbf0: ; ImmutableOopMap {[264]=Oop [272]=Oop }
                      ;*invokespecial append {reexecute=0 rethrow=0 return_oop=0}
                      ; - java.lang.StringBuilder::append@2
                      ; - java.net.URLClassLoader::defineClass@121
  0x00000138039acbf0: 8c1e d106 

  0x00000138039acbf4: ;   {other}
  0x00000138039acbf4: 0f1f 8400 | 6419 0016 | 488b 8424 | 0801 0000 

  0x00000138039acc04: ;   {metadata(method data for {method} {0x000001385705d260} 'defineClass' '(Ljava/lang/String;Ljdk/internal/loader/Resource;)Ljava/lang/Class;' in 'java/net/URLClassLoader')}
  0x00000138039acc04: 48ba 1808 | 1457 3801 | 0000 4883 | 8210 0400 

  0x00000138039acc14: ;   {metadata(method data for {method} {0x0000013816008958} 'toString' '()Ljava/lang/String;' in 'java/lang/StringBuilder')}
  0x00000138039acc14: 0001 48ba | b8b9 0057 | 3801 0000 | 8bb2 cc00 | 0000 83c6 | 0289 b2cc | 0000 0081 | e6fe ff1f 
  0x00000138039acc34: 0085 f60f | 842f 0400 

  0x00000138039acc3c: ;   {metadata('java/lang/String')}
  0x00000138039acc3c: 0048 ba78 | e800 1638 | 0100 0049 | 8b87 b801 | 0000 488d | 7818 493b | bfc8 0100 | 000f 872e 
  0x00000138039acc5c: 0400 0049 | 89bf b801 | 0000 48c7 | 0001 0000 | 0048 8bca | 49ba 0000 | 0016 3801 | 0000 492b 
  0x00000138039acc7c: ca89 4808 | 4833 c989 | 480c 4833 | c948 8948 | 104c 8bc0 

  0x00000138039acc90: ;   {metadata(method data for {method} {0x0000013816008958} 'toString' '()Ljava/lang/String;' in 'java/lang/StringBuilder')}
  0x00000138039acc90: 49b9 b8b9 | 0057 3801 | 0000 4983 | 8110 0100 

  0x00000138039acca0: ;   {metadata(method data for {method} {0x0000013816455ab8} '<init>' '(Ljava/lang/StringBuilder;)V' in 'java/lang/String')}
  0x00000138039acca0: 0001 49b8 | 00bb 0057 | 3801 0000 | 458b 88cc | 0000 0041 | 83c1 0245 | 8988 cc00 | 0000 4181 
  0x00000138039accc0: e1fe ff1f | 0045 85c9 | 0f84 cc03 | 0000 4c8b 

  0x00000138039accd0: ;   {metadata(method data for {method} {0x0000013816455ab8} '<init>' '(Ljava/lang/StringBuilder;)V' in 'java/lang/String')}
  0x00000138039accd0: c049 b900 | bb00 5738 | 0100 0049 | 8381 1001 | 0000 014c | 8b84 2408 

  0x00000138039acce8: ;   {oop(nullptr)}
  0x00000138039acce8: 0100 0049 | b900 0000 | 0000 0000 | 0048 8bd0 | 4889 8424 | 1801 0000 | 0f1f 8000 

  0x00000138039acd04: ;   {optimized virtual_call}
  0x00000138039acd04: 0000 00e8 

  0x00000138039acd08: ; ImmutableOopMap {[272]=Oop [280]=Oop }
                      ;*invokespecial <init> {reexecute=0 rethrow=0 return_oop=0}
                      ; - java.lang.String::<init>@3
                      ; - java.lang.StringBuilder::toString@5
                      ; - java.net.URLClassLoader::defineClass@124
  0x00000138039acd08: 741d d106 

  0x00000138039acd0c: ;   {other}
  0x00000138039acd0c: 0f1f 8400 | 7c1a 0017 | 488b 8424 | 1001 0000 

  0x00000138039acd1c: ;   {metadata(method data for {method} {0x000001385705d260} 'defineClass' '(Ljava/lang/String;Ljdk/internal/loader/Resource;)Ljava/lang/Class;' in 'java/net/URLClassLoader')}
  0x00000138039acd1c: 49b8 1808 | 1457 3801 | 0000 4983 | 8048 0400 | 0001 4c8b | 8424 1801 | 0000 488b | 9424 1001 
  0x00000138039acd3c: ;   {optimized virtual_call}
  0x00000138039acd3c: 0000 90e8 

  0x00000138039acd40: ; ImmutableOopMap {[272]=Oop }
                      ;*invokespecial <init> {reexecute=0 rethrow=0 return_oop=0}
                      ; - java.net.URLClassLoader::defineClass@127
  0x00000138039acd40: 3c1d d106 

  0x00000138039acd44: ;   {other}
  0x00000138039acd44: 0f1f 8400 | b41a 0018 | 488b 8424 | 1001 0000 | e995 0300 | 0049 8b87 | 0005 0000 | 4d33 d24d 
  0x00000138039acd64: 8997 0005 | 0000 4d33 | d24d 8997 | 0805 0000 | 488b f048 | 8d84 2420 | 0100 0048 | 8b38 4885 
  0x00000138039acd84: ff0f 840f | 0000 0048 | 8b58 08f0 | 480f b13b | 0f85 2103 | 0000 49ff | 8f50 0500 | 0048 8bc6 
  0x00000138039acda4: e945 0300 

  0x00000138039acda8: ;   {metadata({method} {0x000001385705d260} 'defineClass' '(Ljava/lang/String;Ljdk/internal/loader/Resource;)Ljava/lang/Class;' in 'java/net/URLClassLoader')}
  0x00000138039acda8: 0049 ba58 | d205 5738 | 0100 004c | 8954 2408 | 48c7 0424 | ffff ffff 

  0x00000138039acdc0: ;   {runtime_call counter_overflow Runtime1 stub}
  0x00000138039acdc0: e8bb 1bdd 

  0x00000138039acdc4: ; ImmutableOopMap {rdx=Oop r8=Oop r9=Oop [168]=Oop [176]=Oop [184]=Oop }
                      ;*synchronization entry
                      ; - java.net.URLClassLoader::defineClass@-1
  0x00000138039acdc4: 06e9 74e9 

  0x00000138039acdc8: ;   {runtime_call throw_null_pointer_exception Runtime1 stub}
  0x00000138039acdc8: ffff e8b1 

  0x00000138039acdcc: ; ImmutableOopMap {r8=Oop [168]=Oop [176]=Oop [184]=Oop }
                      ;*invokevirtual lastIndexOf {reexecute=0 rethrow=0 return_oop=0}
                      ; - java.net.URLClassLoader::defineClass@7
                      ;   {metadata({method} {0x0000013816453a10} 'lastIndexOf' '(I)I' in 'java/lang/String')}
  0x00000138039acdcc: cadc 0649 | ba08 3a45 | 1638 0100 | 004c 8954 | 2408 48c7 | 0424 ffff 

  0x00000138039acde4: ;   {runtime_call counter_overflow Runtime1 stub}
  0x00000138039acde4: ffff e895 

  0x00000138039acde8: ; ImmutableOopMap {r8=Oop [168]=Oop [176]=Oop [184]=Oop }
                      ;*synchronization entry
                      ; - java.lang.String::lastIndexOf@-1
                      ; - java.net.URLClassLoader::defineClass@7
  0x00000138039acde8: 1bdd 06e9 | c3e9 ffff 

  0x00000138039acdf0: ;   {metadata({method} {0x000001381600ee90} 'length' '()I' in 'java/lang/String')}
  0x00000138039acdf0: 49ba 88ee | 0016 3801 | 0000 4c89 | 5424 0848 | c704 24ff 

  0x00000138039ace04: ;   {runtime_call counter_overflow Runtime1 stub}
  0x00000138039ace04: ffff ffe8 

  0x00000138039ace08: ; ImmutableOopMap {r8=Oop [168]=Oop [176]=Oop [184]=Oop }
                      ;*synchronization entry
                      ; - java.lang.String::length@-1
                      ; - java.lang.String::lastIndexOf@3
                      ; - java.net.URLClassLoader::defineClass@7
  0x00000138039ace08: 741b dd06 | e9de e9ff 

  0x00000138039ace10: ;   {runtime_call throw_null_pointer_exception Runtime1 stub}
  0x00000138039ace10: ffe8 6aca 

  0x00000138039ace14: ; ImmutableOopMap {r8=Oop rsi=Oop [168]=Oop [176]=Oop [184]=Oop }
                      ;*arraylength {reexecute=0 rethrow=0 return_oop=0}
                      ; - java.lang.String::length@4
                      ; - java.lang.String::lastIndexOf@3
                      ; - java.net.URLClassLoader::defineClass@7
                      ;   {metadata({method} {0x0000013816454cf8} 'coder' '()B' in 'java/lang/String')}
  0x00000138039ace14: dc06 49ba | f04c 4516 | 3801 0000 | 4c89 5424 | 0848 c704 | 24ff ffff 

  0x00000138039ace2c: ;   {runtime_call counter_overflow Runtime1 stub}
  0x00000138039ace2c: ffe8 4e1b 

  0x00000138039ace30: ; ImmutableOopMap {r8=Oop rsi=Oop [168]=Oop [176]=Oop [184]=Oop }
                      ;*synchronization entry
                      ; - java.lang.String::coder@-1
                      ; - java.lang.String::length@6
                      ; - java.lang.String::lastIndexOf@3
                      ; - java.net.URLClassLoader::defineClass@7
  0x00000138039ace30: dd06 e900 

  0x00000138039ace34: ;   {metadata({method} {0x0000013816453960} 'lastIndexOf' '(II)I' in 'java/lang/String')}
  0x00000138039ace34: eaff ff49 | ba58 3945 | 1638 0100 | 004c 8954 | 2408 48c7 | 0424 ffff 

  0x00000138039ace4c: ;   {runtime_call counter_overflow Runtime1 stub}
  0x00000138039ace4c: ffff e82d 

  0x00000138039ace50: ; ImmutableOopMap {r8=Oop rsi=Oop [168]=Oop [176]=Oop [184]=Oop }
                      ;*synchronization entry
                      ; - java.lang.String::lastIndexOf@-1
                      ; - java.lang.String::lastIndexOf@8
                      ; - java.net.URLClassLoader::defineClass@7
  0x00000138039ace50: 1bdd 06e9 | 50ea ffff 

  0x00000138039ace58: ;   {metadata({method} {0x00000138164540f0} 'isLatin1' '()Z' in 'java/lang/String')}
  0x00000138039ace58: 49ba e840 | 4516 3801 | 0000 4c89 | 5424 0848 | c704 24ff 

  0x00000138039ace6c: ;   {runtime_call counter_overflow Runtime1 stub}
  0x00000138039ace6c: ffff ffe8 

  0x00000138039ace70: ; ImmutableOopMap {r8=Oop rsi=Oop [168]=Oop [176]=Oop [184]=Oop }
                      ;*synchronization entry
                      ; - java.lang.String::isLatin1@-1
                      ; - java.lang.String::lastIndexOf@1
                      ; - java.lang.String::lastIndexOf@8
                      ; - java.net.URLClassLoader::defineClass@7
  0x00000138039ace70: 0c1b dd06 | e96b eaff 

  0x00000138039ace78: ;   {runtime_call throw_null_pointer_exception Runtime1 stub}
  0x00000138039ace78: ffe8 02ca 

  0x00000138039ace7c: ; ImmutableOopMap {r9=Oop [168]=Oop [176]=Oop [184]=Oop }
                      ;*invokevirtual getCodeSourceURL {reexecute=0 rethrow=0 return_oop=0}
                      ; - java.net.URLClassLoader::defineClass@13
                      ;   {metadata({method} {0x00000138161700b0} 'getByteBuffer' '()Ljava/nio/ByteBuffer;' in 'jdk/internal/loader/Resource')}
  0x00000138039ace7c: dc06 49ba | a800 1716 | 3801 0000 | 4c89 5424 | 0848 c704 | 24ff ffff 

  0x00000138039ace94: ;   {runtime_call counter_overflow Runtime1 stub}
  0x00000138039ace94: ffe8 e61a 

  0x00000138039ace98: ; ImmutableOopMap {r9=Oop [168]=Oop [176]=Oop [184]=Oop [208]=Oop }
                      ;*synchronization entry
                      ; - jdk.internal.loader.Resource::getByteBuffer@-1
                      ; - java.net.URLClassLoader::defineClass@132
  0x00000138039ace98: dd06 e926 | f1ff ff4c | 894c 2408 | 4889 1424 

  0x00000138039acea8: ;   {runtime_call monitorenter_nofpu Runtime1 stub}
  0x00000138039acea8: e8d3 f9dc 

  0x00000138039aceac: ; ImmutableOopMap {r9=Oop [168]=Oop [176]=Oop [184]=Oop [208]=Oop [296]=Oop }
                      ;*synchronization entry
                      ; - jdk.internal.loader.Resource::cachedInputStream@-1
                      ; - jdk.internal.loader.Resource::getByteBuffer@1
                      ; - java.net.URLClassLoader::defineClass@132
  0x00000138039aceac: 06e9 62f1 

  0x00000138039aceb0: ;   {metadata({method} {0x0000013816170370} 'cachedInputStream' '()Ljava/io/InputStream;' in 'jdk/internal/loader/Resource')}
  0x00000138039aceb0: ffff 49ba | 6803 1716 | 3801 0000 | 4c89 5424 | 0848 c704 | 24ff ffff 

  0x00000138039acec8: ;   {runtime_call counter_overflow Runtime1 stub}
  0x00000138039acec8: ffe8 b21a 

  0x00000138039acecc: ; ImmutableOopMap {r9=Oop [168]=Oop [176]=Oop [184]=Oop [208]=Oop [296]=Oop }
                      ;*synchronization entry
                      ; - jdk.internal.loader.Resource::cachedInputStream@-1
                      ; - jdk.internal.loader.Resource::getByteBuffer@1
                      ; - java.net.URLClassLoader::defineClass@132
  0x00000138039acecc: dd06 e968 | f1ff ff41 | 8b51 0c48 | 83fa 000f | 8450 f2ff | ff48 8914 

  0x00000138039acee4: ;   {runtime_call g1_pre_barrier_slow}
  0x00000138039acee4: 24e8 9620 | dd06 e942 | f2ff ff48 | 83f8 000f | 8453 f2ff | ff4c 890c 

  0x00000138039acefc: ;   {runtime_call g1_post_barrier_slow}
  0x00000138039acefc: 24e8 7e23 | dd06 e945 | f2ff ff48 | 8d84 2420 | 0100 0048 

  0x00000138039acf10: ;   {runtime_call monitorexit_nofpu Runtime1 stub}
  0x00000138039acf10: 8904 24e8 | 68ff dc06 | e95d f2ff | ff48 8914 

  0x00000138039acf20: ;   {runtime_call throw_class_cast_exception Runtime1 stub}
  0x00000138039acf20: 24e8 5aed 

  0x00000138039acf24: ; ImmutableOopMap {[168]=Oop [176]=Oop [184]=Oop [208]=Oop }
                      ;*checkcast {reexecute=0 rethrow=0 return_oop=0}
                      ; - jdk.internal.loader.Resource::getByteBuffer@13
                      ; - java.net.URLClassLoader::defineClass@132
                      ;   {runtime_call throw_null_pointer_exception Runtime1 stub}
  0x00000138039acf24: dc06 e855 

  0x00000138039acf28: ; ImmutableOopMap {rdx=Oop [168]=Oop [176]=Oop [184]=Oop [208]=Oop }
                      ;*invokeinterface getByteBuffer {reexecute=0 rethrow=0 return_oop=0}
                      ; - jdk.internal.loader.Resource::getByteBuffer@16
                      ; - java.net.URLClassLoader::defineClass@132
  0x00000138039acf28: c9dc 0648 

  0x00000138039acf2c: ;   {runtime_call fast_new_instance Runtime1 stub}
  0x00000138039acf2c: 8bd2 e84d 

  0x00000138039acf30: ; ImmutableOopMap {r9=Oop [168]=Oop [184]=Oop [208]=Oop [232]=Oop }
                      ;*new {reexecute=0 rethrow=0 return_oop=0}
                      ; - java.net.URLClassLoader::defineClass@148
  0x00000138039acf30: d2dc 06e9 | 8ff6 ffff 

  0x00000138039acf38: ;   {metadata({method} {0x00000138161042a8} 'getReadClassBytesTime' '()Ljdk/internal/perf/PerfCounter;' in 'jdk/internal/perf/PerfCounter')}
  0x00000138039acf38: 49ba a042 | 1016 3801 | 0000 4c89 | 5424 0848 | c704 24ff 

  0x00000138039acf4c: ;   {runtime_call counter_overflow Runtime1 stub}
  0x00000138039acf4c: ffff ffe8 

  0x00000138039acf50: ; ImmutableOopMap {[168]=Oop [184]=Oop [232]=Oop [240]=Oop }
                      ;*synchronization entry
                      ; - jdk.internal.perf.PerfCounter::getReadClassBytesTime@-1
                      ; - java.net.URLClassLoader::defineClass@161
  0x00000138039acf50: 2c1a dd06 | e9de f6ff 

  0x00000138039acf58: ;   {internal_word}
  0x00000138039acf58: ff49 bacc | c69a 0338 | 0100 004d | 8997 6804 

  0x00000138039acf68: ;   {runtime_call SafepointBlob}
  0x00000138039acf68: 0000 e911 | 85d1 0648 

  0x00000138039acf70: ;   {runtime_call fast_new_instance Runtime1 stub}
  0x00000138039acf70: 8bd2 e809 

  0x00000138039acf74: ; ImmutableOopMap {r9=Oop [168]=Oop [184]=Oop [208]=Oop [248]=Oop }
                      ;*new {reexecute=0 rethrow=0 return_oop=0}
                      ; - java.net.URLClassLoader::defineClass@190
  0x00000138039acf74: d2dc 06e9 | 33f9 ffff 

  0x00000138039acf7c: ;   {metadata({method} {0x00000138161042a8} 'getReadClassBytesTime' '()Ljdk/internal/perf/PerfCounter;' in 'jdk/internal/perf/PerfCounter')}
  0x00000138039acf7c: 49ba a042 | 1016 3801 | 0000 4c89 | 5424 0848 | c704 24ff 

  0x00000138039acf90: ;   {runtime_call counter_overflow Runtime1 stub}
  0x00000138039acf90: ffff ffe8 

  0x00000138039acf94: ; ImmutableOopMap {[168]=Oop [184]=Oop [248]=Oop [256]=Oop }
                      ;*synchronization entry
                      ; - jdk.internal.perf.PerfCounter::getReadClassBytesTime@-1
                      ; - java.net.URLClassLoader::defineClass@203
  0x00000138039acf94: e819 dd06 | e982 f9ff 

  0x00000138039acf9c: ;   {runtime_call throw_null_pointer_exception Runtime1 stub}
  0x00000138039acf9c: ffe8 dec8 

  0x00000138039acfa0: ; ImmutableOopMap {rax=Oop [168]=Oop [184]=Oop [256]=Oop }
                      ;*arraylength {reexecute=0 rethrow=0 return_oop=0}
                      ; - java.net.URLClassLoader::defineClass@217
                      ;   {internal_word}
  0x00000138039acfa0: dc06 49ba | b4c9 9a03 | 3801 0000 | 4d89 9768 

  0x00000138039acfb0: ;   {runtime_call SafepointBlob}
  0x00000138039acfb0: 0400 00e9 | c884 d106 

  0x00000138039acfb8: ;   {metadata(nullptr)}
  0x00000138039acfb8: 48ba 0000 | 0000 0000 | 0000 b800 

  0x00000138039acfc4: ;   {runtime_call load_klass_patching Runtime1 stub}
  0x00000138039acfc4: 0f05 0ae8 

  0x00000138039acfc8: ; ImmutableOopMap {[216]=Oop }
                      ;*new {reexecute=1 rethrow=0 return_oop=0}
                      ; - (reexecute) java.net.URLClassLoader::defineClass@103
  0x00000138039acfc8: 3409 dd06 | e9f7 f9ff 

  0x00000138039acfd0: ;   {runtime_call throw_null_pointer_exception Runtime1 stub}
  0x00000138039acfd0: ffe8 aac8 

  0x00000138039acfd4: ; ImmutableOopMap {[216]=Oop }
                      ;*new {reexecute=0 rethrow=0 return_oop=0}
                      ; - java.net.URLClassLoader::defineClass@103
  0x00000138039acfd4: dc06 488b 

  0x00000138039acfd8: ;   {runtime_call fast_new_instance_init_check Runtime1 stub}
  0x00000138039acfd8: d2e8 a2d4 

  0x00000138039acfdc: ; ImmutableOopMap {[216]=Oop }
                      ;*new {reexecute=0 rethrow=0 return_oop=0}
                      ; - java.net.URLClassLoader::defineClass@103
  0x00000138039acfdc: dc06 e94a 

  0x00000138039acfe0: ;   {metadata(nullptr)}
  0x00000138039acfe0: faff ff48 | ba00 0000 | 0000 0000 | 00b8 000f 

  0x00000138039acff0: ;   {runtime_call load_klass_patching Runtime1 stub}
  0x00000138039acff0: 050a e809 

  0x00000138039acff4: ; ImmutableOopMap {rax=Oop [216]=Oop }
                      ;*new {reexecute=1 rethrow=0 return_oop=0}
                      ; - (reexecute) java.net.URLClassLoader::defineClass@107
  0x00000138039acff4: 09dd 06e9 | 34fa ffff 

  0x00000138039acffc: ;   {runtime_call fast_new_instance Runtime1 stub}
  0x00000138039acffc: 488b d2e8 

  0x00000138039ad000: ; ImmutableOopMap {[216]=Oop [272]=Oop }
                      ;*new {reexecute=0 rethrow=0 return_oop=0}
                      ; - java.net.URLClassLoader::defineClass@107
  0x00000138039ad000: 7cd1 dc06 | e97f faff 

  0x00000138039ad008: ;   {metadata({method} {0x00000138164619d8} '<init>' '()V' in 'java/lang/StringBuilder')}
  0x00000138039ad008: ff49 bad0 | 1946 1638 | 0100 004c | 8954 2408 | 48c7 0424 | ffff ffff 

  0x00000138039ad020: ;   {runtime_call counter_overflow Runtime1 stub}
  0x00000138039ad020: e85b 19dd 

  0x00000138039ad024: ; ImmutableOopMap {rax=Oop [216]=Oop [272]=Oop }
                      ;*synchronization entry
                      ; - java.lang.StringBuilder::<init>@-1
                      ; - java.net.URLClassLoader::defineClass@111
  0x00000138039ad024: 06e9 9cfa 

  0x00000138039ad028: ;   {metadata({method} {0x00000138164617c8} 'append' '(Ljava/lang/String;)Ljava/lang/StringBuilder;' in 'java/lang/StringBuilder')}
  0x00000138039ad028: ffff 49ba | c017 4616 | 3801 0000 | 4c89 5424 | 0848 c704 | 24ff ffff 

  0x00000138039ad040: ;   {runtime_call counter_overflow Runtime1 stub}
  0x00000138039ad040: ffe8 3a19 

  0x00000138039ad044: ; ImmutableOopMap {[216]=Oop [264]=Oop [272]=Oop }
                      ;*synchronization entry
                      ; - java.lang.StringBuilder::append@-1
                      ; - java.net.URLClassLoader::defineClass@116
  0x00000138039ad044: dd06 e9f4 

  0x00000138039ad048: ;   {metadata({method} {0x00000138164617c8} 'append' '(Ljava/lang/String;)Ljava/lang/StringBuilder;' in 'java/lang/StringBuilder')}
  0x00000138039ad048: faff ff49 | bac0 1746 | 1638 0100 | 004c 8954 | 2408 48c7 | 0424 ffff 

  0x00000138039ad060: ;   {runtime_call counter_overflow Runtime1 stub}
  0x00000138039ad060: ffff e819 

  0x00000138039ad064: ; ImmutableOopMap {[216]=Oop [264]=Oop [272]=Oop }
                      ;*synchronization entry
                      ; - java.lang.StringBuilder::append@-1
                      ; - java.net.URLClassLoader::defineClass@121
  0x00000138039ad064: 19dd 06e9 | 53fb ffff 

  0x00000138039ad06c: ;   {metadata({method} {0x0000013816008958} 'toString' '()Ljava/lang/String;' in 'java/lang/StringBuilder')}
  0x00000138039ad06c: 49ba 5089 | 0016 3801 | 0000 4c89 | 5424 0848 | c704 24ff 

  0x00000138039ad080: ;   {runtime_call counter_overflow Runtime1 stub}
  0x00000138039ad080: ffff ffe8 

  0x00000138039ad084: ; ImmutableOopMap {[264]=Oop [272]=Oop }
                      ;*synchronization entry
                      ; - java.lang.StringBuilder::toString@-1
                      ; - java.net.URLClassLoader::defineClass@124
  0x00000138039ad084: f818 dd06 | e9b0 fbff | ff48 8bd2 

  0x00000138039ad090: ;   {runtime_call fast_new_instance Runtime1 stub}
  0x00000138039ad090: e8eb d0dc 

  0x00000138039ad094: ; ImmutableOopMap {[264]=Oop [272]=Oop }
                      ;*new {reexecute=0 rethrow=0 return_oop=0}
                      ; - java.lang.StringBuilder::toString@0
                      ; - java.net.URLClassLoader::defineClass@124
  0x00000138039ad094: 06e9 f3fb 

  0x00000138039ad098: ;   {metadata({method} {0x0000013816455ab8} '<init>' '(Ljava/lang/StringBuilder;)V' in 'java/lang/String')}
  0x00000138039ad098: ffff 49ba | b05a 4516 | 3801 0000 | 4c89 5424 | 0848 c704 | 24ff ffff 

  0x00000138039ad0b0: ;   {runtime_call counter_overflow Runtime1 stub}
  0x00000138039ad0b0: ffe8 ca18 

  0x00000138039ad0b4: ; ImmutableOopMap {rax=Oop [264]=Oop [272]=Oop }
                      ;*synchronization entry
                      ; - java.lang.String::<init>@-1
                      ; - java.lang.StringBuilder::toString@5
                      ; - java.net.URLClassLoader::defineClass@124
  0x00000138039ad0b4: dd06 e913 | fcff ff48 | 8d84 2420 | 0100 0048 

  0x00000138039ad0c4: ;   {runtime_call monitorexit_nofpu Runtime1 stub}
  0x00000138039ad0c4: 8904 24e8 | b4fd dc06 | e9d0 fcff | ff49 8b87 | 0005 0000 | 49c7 8700 | 0500 0000 | 0000 0049 
  0x00000138039ad0e4: c787 0805 | 0000 0000 | 0000 4881 | c440 0100 

  0x00000138039ad0f4: ;   {runtime_call unwind_exception Runtime1 stub}
  0x00000138039ad0f4: 005d e985 | bedc 06f4 | f4f4 f4f4 
[Stub Code]
  0x00000138039ad100: ;   {no_reloc}
  0x00000138039ad100: 0f1f 4400 

  0x00000138039ad104: ;   {static_stub}
  0x00000138039ad104: 0048 bb00 | 0000 0000 

  0x00000138039ad10c: ;   {runtime_call nmethod}
  0x00000138039ad10c: 0000 00e9 | fbff ffff 

  0x00000138039ad114: ;   {static_stub}
  0x00000138039ad114: 9048 bb00 | 0000 0000 

  0x00000138039ad11c: ;   {runtime_call nmethod}
  0x00000138039ad11c: 0000 00e9 | fbff ffff 

  0x00000138039ad124: ;   {static_stub}
  0x00000138039ad124: 9048 bb00 | 0000 0000 

  0x00000138039ad12c: ;   {runtime_call nmethod}
  0x00000138039ad12c: 0000 00e9 | fbff ffff 

  0x00000138039ad134: ;   {static_stub}
  0x00000138039ad134: 9048 bb00 | 0000 0000 

  0x00000138039ad13c: ;   {runtime_call nmethod}
  0x00000138039ad13c: 0000 00e9 | fbff ffff 

  0x00000138039ad144: ;   {static_stub}
  0x00000138039ad144: 9048 bb00 | 0000 0000 

  0x00000138039ad14c: ;   {runtime_call nmethod}
  0x00000138039ad14c: 0000 00e9 | fbff ffff 

  0x00000138039ad154: ;   {static_stub}
  0x00000138039ad154: 9048 bb00 | 0000 0000 

  0x00000138039ad15c: ;   {runtime_call nmethod}
  0x00000138039ad15c: 0000 00e9 | fbff ffff 

  0x00000138039ad164: ;   {static_stub}
  0x00000138039ad164: 9048 bb00 | 0000 0000 

  0x00000138039ad16c: ;   {runtime_call nmethod}
  0x00000138039ad16c: 0000 00e9 | fbff ffff 

  0x00000138039ad174: ;   {static_stub}
  0x00000138039ad174: 9048 bb00 | 0000 0000 

  0x00000138039ad17c: ;   {runtime_call nmethod}
  0x00000138039ad17c: 0000 00e9 | fbff ffff 

  0x00000138039ad184: ;   {static_stub}
  0x00000138039ad184: 9048 bb00 | 0000 0000 

  0x00000138039ad18c: ;   {runtime_call nmethod}
  0x00000138039ad18c: 0000 00e9 | fbff ffff 

  0x00000138039ad194: ;   {static_stub}
  0x00000138039ad194: 9048 bb00 | 0000 0000 

  0x00000138039ad19c: ;   {runtime_call nmethod}
  0x00000138039ad19c: 0000 00e9 | fbff ffff 

  0x00000138039ad1a4: ;   {static_stub}
  0x00000138039ad1a4: 9048 bb00 | 0000 0000 

  0x00000138039ad1ac: ;   {runtime_call nmethod}
  0x00000138039ad1ac: 0000 00e9 | fbff ffff 

  0x00000138039ad1b4: ;   {static_stub}
  0x00000138039ad1b4: 9048 bb00 | 0000 0000 

  0x00000138039ad1bc: ;   {runtime_call nmethod}
  0x00000138039ad1bc: 0000 00e9 | fbff ffff 

  0x00000138039ad1c4: ;   {static_stub}
  0x00000138039ad1c4: 9048 bb00 | 0000 0000 

  0x00000138039ad1cc: ;   {runtime_call nmethod}
  0x00000138039ad1cc: 0000 00e9 | fbff ffff 

  0x00000138039ad1d4: ;   {static_stub}
  0x00000138039ad1d4: 9048 bb00 | 0000 0000 

  0x00000138039ad1dc: ;   {runtime_call nmethod}
  0x00000138039ad1dc: 0000 00e9 | fbff ffff 

  0x00000138039ad1e4: ;   {static_stub}
  0x00000138039ad1e4: 48bb 0000 | 0000 0000 

  0x00000138039ad1ec: ;   {runtime_call nmethod}
  0x00000138039ad1ec: 0000 e9fb 

  0x00000138039ad1f0: ;   {static_stub}
  0x00000138039ad1f0: ffff ff48 | bb00 0000 | 0000 0000 

  0x00000138039ad1fc: ;   {runtime_call nmethod}
  0x00000138039ad1fc: 00e9 fbff 

  0x00000138039ad200: ;   {static_stub}
  0x00000138039ad200: ffff 48bb | 0000 0000 | 0000 0000 

  0x00000138039ad20c: ;   {runtime_call nmethod}
  0x00000138039ad20c: e9fb ffff 

  0x00000138039ad210: ;   {static_stub}
  0x00000138039ad210: ff48 bb00 | 0000 0000 

  0x00000138039ad218: ;   {runtime_call nmethod}
  0x00000138039ad218: 0000 00e9 | fbff ffff 

  0x00000138039ad220: ;   {static_stub}
  0x00000138039ad220: 48bb 0000 | 0000 0000 

  0x00000138039ad228: ;   {runtime_call nmethod}
  0x00000138039ad228: 0000 e9fb 

  0x00000138039ad22c: ;   {static_stub}
  0x00000138039ad22c: ffff ff48 | bb00 0000 | 0000 0000 

  0x00000138039ad238: ;   {runtime_call nmethod}
  0x00000138039ad238: 00e9 fbff 

  0x00000138039ad23c: ;   {static_stub}
  0x00000138039ad23c: ffff 48bb | 0000 0000 | 0000 0000 

  0x00000138039ad248: ;   {runtime_call nmethod}
  0x00000138039ad248: e9fb ffff 

  0x00000138039ad24c: ;   {static_stub}
  0x00000138039ad24c: ff48 bb00 | 0000 0000 

  0x00000138039ad254: ;   {runtime_call nmethod}
  0x00000138039ad254: 0000 00e9 | fbff ffff 

  0x00000138039ad25c: ;   {static_stub}
  0x00000138039ad25c: 48bb 0000 | 0000 0000 

  0x00000138039ad264: ;   {runtime_call nmethod}
  0x00000138039ad264: 0000 e9fb 

  0x00000138039ad268: ;   {runtime_call handle_exception_from_callee Runtime1 stub}
  0x00000138039ad268: ffff ffe8 | 10e4 dc06 

  0x00000138039ad270: ;   {external_word}
  0x00000138039ad270: 48b9 5063 | 86c6 fa7f | 0000 4883 

  0x00000138039ad27c: ;   {runtime_call}
  0x00000138039ad27c: e4f0 48b8 | c0c9 48c6 | fa7f 0000 

  0x00000138039ad288: ;   {section_word}
  0x00000138039ad288: ffd0 f449 | ba8b d29a | 0338 0100 

  0x00000138039ad294: ;   {runtime_call DeoptimizationBlob}
  0x00000138039ad294: 0041 52e9 | 8474 d106 | f4f4 f4f4 
[/MachCode]


---------------  P R O C E S S  ---------------

Threads class SMR info:
_java_thread_list=0x000001385df96ab0, length=56, elements={
0x000001387f502100, 0x0000013815917bf0, 0x0000013815919370, 0x000001381591cb00,
0x000001381591d560, 0x000001381591dfc0, 0x000001381591ea20, 0x00000138159211f0,
0x0000013815927dc0, 0x0000013815b6f7f0, 0x0000013815b16280, 0x000001385c7aac50,
0x000001385c6a5140, 0x000001385bb98090, 0x000001385b98df00, 0x000001385c4d1eb0,
0x000001385baa0d40, 0x000001385baa2780, 0x000001385baa2e10, 0x000001385baa20f0,
0x000001385ba9f990, 0x000001385baa0020, 0x000001385baa06b0, 0x000001385baa13d0,
0x000001385baa1a60, 0x000001385cdff6c0, 0x000001385cdff030, 0x000001385cdfe9a0,
0x000001385cdfdc80, 0x000001385cdffd50, 0x000001385cdfc8d0, 0x000001385ce003e0,
0x000001385cdfe310, 0x000001385ce00a70, 0x000001385cdfd5f0, 0x000001385ce03860,
0x000001385ce031d0, 0x000001385ce024b0, 0x000001385e5cc740, 0x000001385e5ce810,
0x000001385e5cf530, 0x000001385e5ccdd0, 0x000001385e5cc0b0, 0x000001385e5ceea0,
0x000001385e5d0250, 0x000001385e5cfbc0, 0x000001385e5cdaf0, 0x000001385e5d08e0,
0x000001385e5cd460, 0x000001385e5d0f70, 0x000001385e5d1600, 0x000001385e5ce180,
0x000001385e5d1c90, 0x000001385e5d2320, 0x000001385e5d29b0, 0x000001385e5d3040
}

Java Threads: ( => current thread )
  0x000001387f502100 JavaThread "main"                              [_thread_blocked, id=25736, stack(0x0000001d41600000,0x0000001d41700000) (1024K)]
  0x0000013815917bf0 JavaThread "Reference Handler"          daemon [_thread_blocked, id=24448, stack(0x0000001d41e00000,0x0000001d41f00000) (1024K)]
  0x0000013815919370 JavaThread "Finalizer"                  daemon [_thread_blocked, id=16120, stack(0x0000001d41f00000,0x0000001d42000000) (1024K)]
  0x000001381591cb00 JavaThread "Signal Dispatcher"          daemon [_thread_blocked, id=31640, stack(0x0000001d42000000,0x0000001d42100000) (1024K)]
  0x000001381591d560 JavaThread "Attach Listener"            daemon [_thread_blocked, id=30980, stack(0x0000001d42100000,0x0000001d42200000) (1024K)]
  0x000001381591dfc0 JavaThread "Service Thread"             daemon [_thread_blocked, id=25980, stack(0x0000001d42200000,0x0000001d42300000) (1024K)]
  0x000001381591ea20 JavaThread "Monitor Deflation Thread"   daemon [_thread_blocked, id=15196, stack(0x0000001d42300000,0x0000001d42400000) (1024K)]
  0x00000138159211f0 JavaThread "C2 CompilerThread0"         daemon [_thread_blocked, id=9356, stack(0x0000001d42400000,0x0000001d42500000) (1024K)]
  0x0000013815927dc0 JavaThread "C1 CompilerThread0"         daemon [_thread_in_vm, id=28840, stack(0x0000001d42500000,0x0000001d42600000) (1024K)]
  0x0000013815b6f7f0 JavaThread "Common-Cleaner"             daemon [_thread_blocked, id=1804, stack(0x0000001d42600000,0x0000001d42700000) (1024K)]
  0x0000013815b16280 JavaThread "Notification Thread"        daemon [_thread_blocked, id=7836, stack(0x0000001d42700000,0x0000001d42800000) (1024K)]
  0x000001385c7aac50 JavaThread "Daemon health stats"               [_thread_blocked, id=6408, stack(0x0000001d42c00000,0x0000001d42d00000) (1024K)]
  0x000001385c6a5140 JavaThread "Incoming local TCP Connector on port 7705"        [_thread_in_native, id=6992, stack(0x0000001d42d00000,0x0000001d42e00000) (1024K)]
  0x000001385bb98090 JavaThread "Daemon periodic checks"            [_thread_blocked, id=9552, stack(0x0000001d42e00000,0x0000001d42f00000) (1024K)]
  0x000001385b98df00 JavaThread "Daemon"                            [_thread_blocked, id=28248, stack(0x0000001d42f00000,0x0000001d43000000) (1024K)]
  0x000001385c4d1eb0 JavaThread "Handler for socket connection from /127.0.0.1:7705 to /127.0.0.1:7707"        [_thread_in_native, id=10112, stack(0x0000001d43000000,0x0000001d43100000) (1024K)]
  0x000001385baa0d40 JavaThread "Cancel handler"                    [_thread_blocked, id=6220, stack(0x0000001d43100000,0x0000001d43200000) (1024K)]
=>0x000001385baa2780 JavaThread "Daemon worker"                     [_thread_in_vm, id=8244, stack(0x0000001d43200000,0x0000001d43300000) (1024K)]
  0x000001385baa2e10 JavaThread "Asynchronous log dispatcher for DefaultDaemonConnection: socket connection from /127.0.0.1:7705 to /127.0.0.1:7707"        [_thread_blocked, id=23448, stack(0x0000001d43300000,0x0000001d43400000) (1024K)]
  0x000001385baa20f0 JavaThread "Stdin handler"                     [_thread_blocked, id=7160, stack(0x0000001d43400000,0x0000001d43500000) (1024K)]
  0x000001385ba9f990 JavaThread "Daemon client event forwarder"        [_thread_blocked, id=18480, stack(0x0000001d43500000,0x0000001d43600000) (1024K)]
  0x000001385baa0020 JavaThread "Cache worker for journal cache (C:\Users\LENOVO\.gradle\caches\journal-1)"        [_thread_blocked, id=3036, stack(0x0000001d43600000,0x0000001d43700000) (1024K)]
  0x000001385baa06b0 JavaThread "File lock request listener"        [_thread_in_native, id=23892, stack(0x0000001d43700000,0x0000001d43800000) (1024K)]
  0x000001385baa13d0 JavaThread "Cache worker for file hash cache (C:\Users\LENOVO\.gradle\caches\8.14\fileHashes)"        [_thread_blocked, id=28488, stack(0x0000001d43b00000,0x0000001d43c00000) (1024K)]
  0x000001385baa1a60 JavaThread "File lock release action executor"        [_thread_blocked, id=2756, stack(0x0000001d43c00000,0x0000001d43d00000) (1024K)]
  0x000001385cdff6c0 JavaThread "Cache worker for file hash cache (C:\Users\LENOVO\Desktop\HeliBoard-main\.gradle\8.14\fileHashes)"        [_thread_blocked, id=25588, stack(0x0000001d41300000,0x0000001d41400000) (1024K)]
  0x000001385cdff030 JavaThread "Cache worker for Build Output Cleanup Cache (C:\Users\LENOVO\Desktop\HeliBoard-main\.gradle\buildOutputCleanup)"        [_thread_blocked, id=15352, stack(0x0000001d43e00000,0x0000001d43f00000) (1024K)]
  0x000001385cdfe9a0 JavaThread "File watcher server"        daemon [_thread_in_native, id=25512, stack(0x0000001d43f00000,0x0000001d44000000) (1024K)]
  0x000001385cdfdc80 JavaThread "File watcher consumer"      daemon [_thread_blocked, id=16576, stack(0x0000001d44000000,0x0000001d44100000) (1024K)]
  0x000001385cdffd50 JavaThread "jar transforms"                    [_thread_blocked, id=23656, stack(0x0000001d41400000,0x0000001d41500000) (1024K)]
  0x000001385cdfc8d0 JavaThread "jar transforms Thread 2"           [_thread_blocked, id=26412, stack(0x0000001d41500000,0x0000001d41600000) (1024K)]
  0x000001385ce003e0 JavaThread "Cache worker for checksums cache (C:\Users\LENOVO\Desktop\HeliBoard-main\.gradle\8.14\checksums)"        [_thread_blocked, id=5244, stack(0x0000001d44100000,0x0000001d44200000) (1024K)]
  0x000001385cdfe310 JavaThread "Cache worker for file content cache (C:\Users\LENOVO\.gradle\caches\8.14\fileContent)"        [_thread_blocked, id=20908, stack(0x0000001d44200000,0x0000001d44300000) (1024K)]
  0x000001385ce00a70 JavaThread "Cache worker for cache directory md-supplier (C:\Users\LENOVO\.gradle\caches\8.14\md-supplier)"        [_thread_blocked, id=11884, stack(0x0000001d44300000,0x0000001d44400000) (1024K)]
  0x000001385cdfd5f0 JavaThread "Cache worker for cache directory md-rule (C:\Users\LENOVO\.gradle\caches\8.14\md-rule)"        [_thread_blocked, id=26644, stack(0x0000001d44400000,0x0000001d44500000) (1024K)]
  0x000001385ce03860 JavaThread "Unconstrained build operations"        [_thread_blocked, id=2916, stack(0x0000001d44500000,0x0000001d44600000) (1024K)]
  0x000001385ce031d0 JavaThread "Unconstrained build operations Thread 2"        [_thread_blocked, id=15444, stack(0x0000001d44600000,0x0000001d44700000) (1024K)]
  0x000001385ce024b0 JavaThread "Unconstrained build operations Thread 3"        [_thread_blocked, id=9336, stack(0x0000001d44700000,0x0000001d44800000) (1024K)]
  0x000001385e5cc740 JavaThread "Unconstrained build operations Thread 4"        [_thread_blocked, id=25532, stack(0x0000001d44800000,0x0000001d44900000) (1024K)]
  0x000001385e5ce810 JavaThread "Unconstrained build operations Thread 5"        [_thread_blocked, id=27644, stack(0x0000001d44900000,0x0000001d44a00000) (1024K)]
  0x000001385e5cf530 JavaThread "Unconstrained build operations Thread 6"        [_thread_blocked, id=10876, stack(0x0000001d44a00000,0x0000001d44b00000) (1024K)]
  0x000001385e5ccdd0 JavaThread "Unconstrained build operations Thread 7"        [_thread_blocked, id=24328, stack(0x0000001d44b00000,0x0000001d44c00000) (1024K)]
  0x000001385e5cc0b0 JavaThread "Unconstrained build operations Thread 8"        [_thread_blocked, id=20168, stack(0x0000001d44c00000,0x0000001d44d00000) (1024K)]
  0x000001385e5ceea0 JavaThread "Unconstrained build operations Thread 9"        [_thread_blocked, id=13416, stack(0x0000001d44d00000,0x0000001d44e00000) (1024K)]
  0x000001385e5d0250 JavaThread "Unconstrained build operations Thread 10"        [_thread_blocked, id=25576, stack(0x0000001d44e00000,0x0000001d44f00000) (1024K)]
  0x000001385e5cfbc0 JavaThread "Unconstrained build operations Thread 11"        [_thread_blocked, id=10888, stack(0x0000001d44f00000,0x0000001d45000000) (1024K)]
  0x000001385e5cdaf0 JavaThread "Unconstrained build operations Thread 12"        [_thread_blocked, id=23320, stack(0x0000001d45000000,0x0000001d45100000) (1024K)]
  0x000001385e5d08e0 JavaThread "Unconstrained build operations Thread 13"        [_thread_blocked, id=17612, stack(0x0000001d45100000,0x0000001d45200000) (1024K)]
  0x000001385e5cd460 JavaThread "Unconstrained build operations Thread 14"        [_thread_blocked, id=23832, stack(0x0000001d45200000,0x0000001d45300000) (1024K)]
  0x000001385e5d0f70 JavaThread "Unconstrained build operations Thread 15"        [_thread_blocked, id=31532, stack(0x0000001d45300000,0x0000001d45400000) (1024K)]
  0x000001385e5d1600 JavaThread "Unconstrained build operations Thread 16"        [_thread_blocked, id=12636, stack(0x0000001d45400000,0x0000001d45500000) (1024K)]
  0x000001385e5ce180 JavaThread "Unconstrained build operations Thread 17"        [_thread_blocked, id=24700, stack(0x0000001d45500000,0x0000001d45600000) (1024K)]
  0x000001385e5d1c90 JavaThread "Unconstrained build operations Thread 18"        [_thread_blocked, id=2204, stack(0x0000001d45600000,0x0000001d45700000) (1024K)]
  0x000001385e5d2320 JavaThread "Unconstrained build operations Thread 19"        [_thread_blocked, id=22540, stack(0x0000001d45700000,0x0000001d45800000) (1024K)]
  0x000001385e5d29b0 JavaThread "Unconstrained build operations Thread 20"        [_thread_blocked, id=18544, stack(0x0000001d45800000,0x0000001d45900000) (1024K)]
  0x000001385e5d3040 JavaThread "Unconstrained build operations Thread 21"        [_thread_blocked, id=3336, stack(0x0000001d45900000,0x0000001d45a00000) (1024K)]
Total: 56

Other Threads:
  0x00000138158fb120 VMThread "VM Thread"                           [id=13116, stack(0x0000001d41d00000,0x0000001d41e00000) (1024K)]
  0x00000138158e8f50 WatcherThread "VM Periodic Task Thread"        [id=26824, stack(0x0000001d41c00000,0x0000001d41d00000) (1024K)]
  0x000001387f53a670 WorkerThread "GC Thread#0"                     [id=27796, stack(0x0000001d41700000,0x0000001d41800000) (1024K)]
  0x0000013815c1eb80 WorkerThread "GC Thread#1"                     [id=12800, stack(0x0000001d42800000,0x0000001d42900000) (1024K)]
  0x0000013815db5810 WorkerThread "GC Thread#2"                     [id=25932, stack(0x0000001d42900000,0x0000001d42a00000) (1024K)]
  0x000001385bab3a80 WorkerThread "GC Thread#3"                     [id=10544, stack(0x0000001d42a00000,0x0000001d42b00000) (1024K)]
  0x000001385bab3e30 WorkerThread "GC Thread#4"                     [id=20760, stack(0x0000001d42b00000,0x0000001d42c00000) (1024K)]
  0x000001385c747010 WorkerThread "GC Thread#5"                     [id=24048, stack(0x0000001d43800000,0x0000001d43900000) (1024K)]
  0x0000013815ca3b00 WorkerThread "GC Thread#6"                     [id=19104, stack(0x0000001d43900000,0x0000001d43a00000) (1024K)]
  0x0000013815ca3eb0 WorkerThread "GC Thread#7"                     [id=7524, stack(0x0000001d43a00000,0x0000001d43b00000) (1024K)]
  0x000001387f541560 ConcurrentGCThread "G1 Main Marker"            [id=21040, stack(0x0000001d41800000,0x0000001d41900000) (1024K)]
  0x000001387d28cff0 WorkerThread "G1 Conc#0"                       [id=1728, stack(0x0000001d41900000,0x0000001d41a00000) (1024K)]
  0x000001385e4c7360 WorkerThread "G1 Conc#1"                       [id=14092, stack(0x0000001d43d00000,0x0000001d43e00000) (1024K)]
  0x000001387f5b52a0 ConcurrentGCThread "G1 Refine#0"               [id=11552, stack(0x0000001d41a00000,0x0000001d41b00000) (1024K)]
  0x00000138157c10a0 ConcurrentGCThread "G1 Service"                [id=20548, stack(0x0000001d41b00000,0x0000001d41c00000) (1024K)]
Total: 15

Threads with active compile tasks:
C1 CompilerThread0  170033 8477   !   3       org.gradle.internal.concurrent.AbstractManagedExecutor$1::run (57 bytes)
Total: 1

VM state: not at safepoint (normal execution)

VM Mutex/Monitor currently owned by a thread:  ([mutex/lock_event])
[0x00007ffac6b1d530] Metaspace_lock - owner thread: 0x000001385baa2780

Heap address: 0x00000000c0000000, size: 1024 MB, Compressed Oops mode: 32-bit

CDS archive(s) mapped at: [0x0000013816000000-0x0000013816ba0000-0x0000013816ba0000), size 12189696, SharedBaseAddress: 0x0000013816000000, ArchiveRelocationMode: 1.
Compressed class space mapped at: 0x0000013817000000-0x0000013857000000, reserved size: 1073741824
Narrow klass base: 0x0000013816000000, Narrow klass shift: 0, Narrow klass range: 0x100000000

GC Precious Log:
 CardTable entry size: 512
 Card Set container configuration: InlinePtr #cards 5 size 8 Array Of Cards #cards 12 size 40 Howl #buckets 4 coarsen threshold 1843 Howl Bitmap #cards 512 size 80 coarsen threshold 460 Card regions per heap region 1 cards per card region 2048
 CPUs: 8 total, 8 available
 Memory: 5965M
 Large Page Support: Disabled
 NUMA Support: Disabled
 Compressed Oops: Enabled (32-bit)
 Heap Region Size: 1M
 Heap Min Capacity: 8M
 Heap Initial Capacity: 94M
 Heap Max Capacity: 1G
 Pre-touch: Disabled
 Parallel Workers: 8
 Concurrent Workers: 2
 Concurrent Refinement Workers: 8
 Periodic GC: Disabled

Heap:
 garbage-first heap   total 88064K, used 63095K [0x00000000c0000000, 0x0000000100000000)
  region size 1024K, 18 young (18432K), 2 survivors (2048K)
 Metaspace       used 55049K, committed 56704K, reserved 1114112K
  class space    used 7875K, committed 8704K, reserved 1048576K

Heap Regions: E=young(eden), S=young(survivor), O=old, HS=humongous(starts), HC=humongous(continues), CS=collection set, F=free, TAMS=top-at-mark-start, PB=parsable bottom
|   0|0x00000000c0000000, 0x00000000c0100000, 0x00000000c0100000|100%|HS|  |TAMS 0x00000000c0000000| PB 0x00000000c0000000| Complete 
|   1|0x00000000c0100000, 0x00000000c0200000, 0x00000000c0200000|100%|HC|  |TAMS 0x00000000c0100000| PB 0x00000000c0100000| Complete 
|   2|0x00000000c0200000, 0x00000000c0300000, 0x00000000c0300000|100%|HC|  |TAMS 0x00000000c0200000| PB 0x00000000c0200000| Complete 
|   3|0x00000000c0300000, 0x00000000c0400000, 0x00000000c0400000|100%| O|  |TAMS 0x00000000c0300000| PB 0x00000000c0300000| Untracked 
|   4|0x00000000c0400000, 0x00000000c0500000, 0x00000000c0500000|100%| O|  |TAMS 0x00000000c0400000| PB 0x00000000c0400000| Untracked 
|   5|0x00000000c0500000, 0x00000000c0600000, 0x00000000c0600000|100%| O|  |TAMS 0x00000000c0500000| PB 0x00000000c0500000| Untracked 
|   6|0x00000000c0600000, 0x00000000c0700000, 0x00000000c0700000|100%|HS|  |TAMS 0x00000000c0600000| PB 0x00000000c0600000| Complete 
|   7|0x00000000c0700000, 0x00000000c0800000, 0x00000000c0800000|100%| O|  |TAMS 0x00000000c0700000| PB 0x00000000c0700000| Untracked 
|   8|0x00000000c0800000, 0x00000000c0900000, 0x00000000c0900000|100%| O|  |TAMS 0x00000000c0800000| PB 0x00000000c0800000| Untracked 
|   9|0x00000000c0900000, 0x00000000c0a00000, 0x00000000c0a00000|100%| O|  |TAMS 0x00000000c0900000| PB 0x00000000c0900000| Untracked 
|  10|0x00000000c0a00000, 0x00000000c0b00000, 0x00000000c0b00000|100%| O|  |TAMS 0x00000000c0a00000| PB 0x00000000c0a00000| Untracked 
|  11|0x00000000c0b00000, 0x00000000c0c00000, 0x00000000c0c00000|100%| O|  |TAMS 0x00000000c0b00000| PB 0x00000000c0b00000| Untracked 
|  12|0x00000000c0c00000, 0x00000000c0d00000, 0x00000000c0d00000|100%| O|  |TAMS 0x00000000c0c00000| PB 0x00000000c0c00000| Untracked 
|  13|0x00000000c0d00000, 0x00000000c0e00000, 0x00000000c0e00000|100%| O|  |TAMS 0x00000000c0d00000| PB 0x00000000c0d00000| Untracked 
|  14|0x00000000c0e00000, 0x00000000c0f00000, 0x00000000c0f00000|100%| O|  |TAMS 0x00000000c0e00000| PB 0x00000000c0e00000| Untracked 
|  15|0x00000000c0f00000, 0x00000000c1000000, 0x00000000c1000000|100%| O|  |TAMS 0x00000000c0f00000| PB 0x00000000c0f00000| Untracked 
|  16|0x00000000c1000000, 0x00000000c1100000, 0x00000000c1100000|100%| O|  |TAMS 0x00000000c1000000| PB 0x00000000c1000000| Untracked 
|  17|0x00000000c1100000, 0x00000000c1200000, 0x00000000c1200000|100%| O|  |TAMS 0x00000000c1100000| PB 0x00000000c1100000| Untracked 
|  18|0x00000000c1200000, 0x00000000c1300000, 0x00000000c1300000|100%| O|  |TAMS 0x00000000c1200000| PB 0x00000000c1200000| Untracked 
|  19|0x00000000c1300000, 0x00000000c1400000, 0x00000000c1400000|100%| O|  |TAMS 0x00000000c1300000| PB 0x00000000c1300000| Untracked 
|  20|0x00000000c1400000, 0x00000000c1500000, 0x00000000c1500000|100%| O|  |TAMS 0x00000000c1400000| PB 0x00000000c1400000| Untracked 
|  21|0x00000000c1500000, 0x00000000c1600000, 0x00000000c1600000|100%| O|  |TAMS 0x00000000c1500000| PB 0x00000000c1500000| Untracked 
|  22|0x00000000c1600000, 0x00000000c1700000, 0x00000000c1700000|100%| O|  |TAMS 0x00000000c1600000| PB 0x00000000c1600000| Untracked 
|  23|0x00000000c1700000, 0x00000000c1800000, 0x00000000c1800000|100%| O|  |TAMS 0x00000000c1700000| PB 0x00000000c1700000| Untracked 
|  24|0x00000000c1800000, 0x00000000c1900000, 0x00000000c1900000|100%| O|  |TAMS 0x00000000c1800000| PB 0x00000000c1800000| Untracked 
|  25|0x00000000c1900000, 0x00000000c1a00000, 0x00000000c1a00000|100%| O|  |TAMS 0x00000000c1900000| PB 0x00000000c1900000| Untracked 
|  26|0x00000000c1a00000, 0x00000000c1b00000, 0x00000000c1b00000|100%| O|  |TAMS 0x00000000c1a00000| PB 0x00000000c1a00000| Untracked 
|  27|0x00000000c1b00000, 0x00000000c1c00000, 0x00000000c1c00000|100%| O|  |TAMS 0x00000000c1b00000| PB 0x00000000c1b00000| Untracked 
|  28|0x00000000c1c00000, 0x00000000c1d00000, 0x00000000c1d00000|100%| O|  |TAMS 0x00000000c1c00000| PB 0x00000000c1c00000| Untracked 
|  29|0x00000000c1d00000, 0x00000000c1e00000, 0x00000000c1e00000|100%| O|  |TAMS 0x00000000c1d00000| PB 0x00000000c1d00000| Untracked 
|  30|0x00000000c1e00000, 0x00000000c1e36c60, 0x00000000c1f00000| 21%| O|  |TAMS 0x00000000c1e00000| PB 0x00000000c1e00000| Untracked 
|  31|0x00000000c1f00000, 0x00000000c2000000, 0x00000000c2000000|100%| O|  |TAMS 0x00000000c1f00000| PB 0x00000000c1f00000| Untracked 
|  32|0x00000000c2000000, 0x00000000c2000000, 0x00000000c2100000|  0%| F|  |TAMS 0x00000000c2000000| PB 0x00000000c2000000| Untracked 
|  33|0x00000000c2100000, 0x00000000c2200000, 0x00000000c2200000|100%| O|  |TAMS 0x00000000c2100000| PB 0x00000000c2100000| Untracked 
|  34|0x00000000c2200000, 0x00000000c2300000, 0x00000000c2300000|100%| O|  |TAMS 0x00000000c2200000| PB 0x00000000c2200000| Untracked 
|  35|0x00000000c2300000, 0x00000000c2400000, 0x00000000c2400000|100%| O|  |TAMS 0x00000000c2300000| PB 0x00000000c2300000| Untracked 
|  36|0x00000000c2400000, 0x00000000c2500000, 0x00000000c2500000|100%| O|  |TAMS 0x00000000c2400000| PB 0x00000000c2400000| Untracked 
|  37|0x00000000c2500000, 0x00000000c2600000, 0x00000000c2600000|100%| O|  |TAMS 0x00000000c2500000| PB 0x00000000c2500000| Untracked 
|  38|0x00000000c2600000, 0x00000000c2700000, 0x00000000c2700000|100%| O|Cm|TAMS 0x00000000c2600000| PB 0x00000000c2600000| Complete 
|  39|0x00000000c2700000, 0x00000000c2800000, 0x00000000c2800000|100%| O|  |TAMS 0x00000000c2700000| PB 0x00000000c2700000| Untracked 
|  40|0x00000000c2800000, 0x00000000c2900000, 0x00000000c2900000|100%| O|  |TAMS 0x00000000c2800000| PB 0x00000000c2800000| Untracked 
|  41|0x00000000c2900000, 0x00000000c2a00000, 0x00000000c2a00000|100%| O|  |TAMS 0x00000000c2900000| PB 0x00000000c2900000| Untracked 
|  42|0x00000000c2a00000, 0x00000000c2b00000, 0x00000000c2b00000|100%| O|Cm|TAMS 0x00000000c2a00000| PB 0x00000000c2a00000| Complete 
|  43|0x00000000c2b00000, 0x00000000c2c00000, 0x00000000c2c00000|100%| O|  |TAMS 0x00000000c2b00000| PB 0x00000000c2b00000| Untracked 
|  44|0x00000000c2c00000, 0x00000000c2d00000, 0x00000000c2d00000|100%| O|  |TAMS 0x00000000c2c00000| PB 0x00000000c2c00000| Untracked 
|  45|0x00000000c2d00000, 0x00000000c2e00000, 0x00000000c2e00000|100%| O|  |TAMS 0x00000000c2d00000| PB 0x00000000c2d00000| Untracked 
|  46|0x00000000c2e00000, 0x00000000c2e00000, 0x00000000c2f00000|  0%| F|  |TAMS 0x00000000c2e00000| PB 0x00000000c2e00000| Untracked 
|  47|0x00000000c2f00000, 0x00000000c2f00000, 0x00000000c3000000|  0%| F|  |TAMS 0x00000000c2f00000| PB 0x00000000c2f00000| Untracked 
|  48|0x00000000c3000000, 0x00000000c3000000, 0x00000000c3100000|  0%| F|  |TAMS 0x00000000c3000000| PB 0x00000000c3000000| Untracked 
|  49|0x00000000c3100000, 0x00000000c3100000, 0x00000000c3200000|  0%| F|  |TAMS 0x00000000c3100000| PB 0x00000000c3100000| Untracked 
|  50|0x00000000c3200000, 0x00000000c3200000, 0x00000000c3300000|  0%| F|  |TAMS 0x00000000c3200000| PB 0x00000000c3200000| Untracked 
|  51|0x00000000c3300000, 0x00000000c3300000, 0x00000000c3400000|  0%| F|  |TAMS 0x00000000c3300000| PB 0x00000000c3300000| Untracked 
|  52|0x00000000c3400000, 0x00000000c3400000, 0x00000000c3500000|  0%| F|  |TAMS 0x00000000c3400000| PB 0x00000000c3400000| Untracked 
|  53|0x00000000c3500000, 0x00000000c3567140, 0x00000000c3600000| 40%| S|CS|TAMS 0x00000000c3500000| PB 0x00000000c3500000| Complete 
|  54|0x00000000c3600000, 0x00000000c3700000, 0x00000000c3700000|100%| S|CS|TAMS 0x00000000c3600000| PB 0x00000000c3600000| Complete 
|  55|0x00000000c3700000, 0x00000000c3700000, 0x00000000c3800000|  0%| F|  |TAMS 0x00000000c3700000| PB 0x00000000c3700000| Untracked 
|  56|0x00000000c3800000, 0x00000000c3800000, 0x00000000c3900000|  0%| F|  |TAMS 0x00000000c3800000| PB 0x00000000c3800000| Untracked 
|  57|0x00000000c3900000, 0x00000000c3900000, 0x00000000c3a00000|  0%| F|  |TAMS 0x00000000c3900000| PB 0x00000000c3900000| Untracked 
|  58|0x00000000c3a00000, 0x00000000c3a00000, 0x00000000c3b00000|  0%| F|  |TAMS 0x00000000c3a00000| PB 0x00000000c3a00000| Untracked 
|  59|0x00000000c3b00000, 0x00000000c3b00000, 0x00000000c3c00000|  0%| F|  |TAMS 0x00000000c3b00000| PB 0x00000000c3b00000| Untracked 
|  60|0x00000000c3c00000, 0x00000000c3c00000, 0x00000000c3d00000|  0%| F|  |TAMS 0x00000000c3c00000| PB 0x00000000c3c00000| Untracked 
|  61|0x00000000c3d00000, 0x00000000c3d00000, 0x00000000c3e00000|  0%| F|  |TAMS 0x00000000c3d00000| PB 0x00000000c3d00000| Untracked 
|  62|0x00000000c3e00000, 0x00000000c3e00000, 0x00000000c3f00000|  0%| F|  |TAMS 0x00000000c3e00000| PB 0x00000000c3e00000| Untracked 
|  63|0x00000000c3f00000, 0x00000000c3f00000, 0x00000000c4000000|  0%| F|  |TAMS 0x00000000c3f00000| PB 0x00000000c3f00000| Untracked 
|  64|0x00000000c4000000, 0x00000000c4000000, 0x00000000c4100000|  0%| F|  |TAMS 0x00000000c4000000| PB 0x00000000c4000000| Untracked 
|  65|0x00000000c4100000, 0x00000000c4100000, 0x00000000c4200000|  0%| F|  |TAMS 0x00000000c4100000| PB 0x00000000c4100000| Untracked 
|  66|0x00000000c4200000, 0x00000000c4200000, 0x00000000c4300000|  0%| F|  |TAMS 0x00000000c4200000| PB 0x00000000c4200000| Untracked 
|  67|0x00000000c4300000, 0x00000000c4300000, 0x00000000c4400000|  0%| F|  |TAMS 0x00000000c4300000| PB 0x00000000c4300000| Untracked 
|  68|0x00000000c4400000, 0x00000000c4400000, 0x00000000c4500000|  0%| F|  |TAMS 0x00000000c4400000| PB 0x00000000c4400000| Untracked 
|  69|0x00000000c4500000, 0x00000000c45ff320, 0x00000000c4600000| 99%| E|  |TAMS 0x00000000c4500000| PB 0x00000000c4500000| Complete 
|  70|0x00000000c4600000, 0x00000000c4700000, 0x00000000c4700000|100%| E|CS|TAMS 0x00000000c4600000| PB 0x00000000c4600000| Complete 
|  71|0x00000000c4700000, 0x00000000c4800000, 0x00000000c4800000|100%| E|CS|TAMS 0x00000000c4700000| PB 0x00000000c4700000| Complete 
|  72|0x00000000c4800000, 0x00000000c4900000, 0x00000000c4900000|100%| E|CS|TAMS 0x00000000c4800000| PB 0x00000000c4800000| Complete 
|  73|0x00000000c4900000, 0x00000000c4a00000, 0x00000000c4a00000|100%| E|CS|TAMS 0x00000000c4900000| PB 0x00000000c4900000| Complete 
|  74|0x00000000c4a00000, 0x00000000c4b00000, 0x00000000c4b00000|100%| E|CS|TAMS 0x00000000c4a00000| PB 0x00000000c4a00000| Complete 
|  75|0x00000000c4b00000, 0x00000000c4c00000, 0x00000000c4c00000|100%| E|CS|TAMS 0x00000000c4b00000| PB 0x00000000c4b00000| Complete 
|  76|0x00000000c4c00000, 0x00000000c4d00000, 0x00000000c4d00000|100%| E|CS|TAMS 0x00000000c4c00000| PB 0x00000000c4c00000| Complete 
|  77|0x00000000c4d00000, 0x00000000c4e00000, 0x00000000c4e00000|100%| E|CS|TAMS 0x00000000c4d00000| PB 0x00000000c4d00000| Complete 
|  78|0x00000000c4e00000, 0x00000000c4f00000, 0x00000000c4f00000|100%| E|CS|TAMS 0x00000000c4e00000| PB 0x00000000c4e00000| Complete 
|  79|0x00000000c4f00000, 0x00000000c5000000, 0x00000000c5000000|100%| E|CS|TAMS 0x00000000c4f00000| PB 0x00000000c4f00000| Complete 
|  80|0x00000000c5000000, 0x00000000c5100000, 0x00000000c5100000|100%| E|CS|TAMS 0x00000000c5000000| PB 0x00000000c5000000| Complete 
|  81|0x00000000c5100000, 0x00000000c5200000, 0x00000000c5200000|100%| E|CS|TAMS 0x00000000c5100000| PB 0x00000000c5100000| Complete 
|  82|0x00000000c5200000, 0x00000000c5300000, 0x00000000c5300000|100%| E|CS|TAMS 0x00000000c5200000| PB 0x00000000c5200000| Complete 
|  83|0x00000000c5300000, 0x00000000c5400000, 0x00000000c5400000|100%| E|CS|TAMS 0x00000000c5300000| PB 0x00000000c5300000| Complete 
|  93|0x00000000c5d00000, 0x00000000c5e00000, 0x00000000c5e00000|100%| E|CS|TAMS 0x00000000c5d00000| PB 0x00000000c5d00000| Complete 
|1023|0x00000000fff00000, 0x0000000100000000, 0x0000000100000000|100%| O|  |TAMS 0x00000000fff00000| PB 0x00000000fff00000| Untracked 

Card table byte_map: [0x000001387fb00000,0x000001387fd00000] _byte_map_base: 0x000001387f500000

Marking Bits: (CMBitMap*) 0x000001387f53ac90
 Bits: [0x0000013812140000, 0x0000013813140000)

Polling page: 0x000001387ecc0000

Metaspace:

Usage:
  Non-class:     46.07 MB used.
      Class:      7.69 MB used.
       Both:     53.76 MB used.

Virtual space:
  Non-class space:       64.00 MB reserved,      46.88 MB ( 73%) committed,  1 nodes.
      Class space:        1.00 GB reserved,       8.50 MB ( <1%) committed,  1 nodes.
             Both:        1.06 GB reserved,      55.38 MB (  5%) committed. 

Chunk freelists:
   Non-Class:  368.00 KB
       Class:  7.50 MB
        Both:  7.86 MB

MaxMetaspaceSize: unlimited
CompressedClassSpaceSize: 1.00 GB
Initial GC threshold: 21.00 MB
Current GC threshold: 88.75 MB
CDS: on
 - commit_granule_bytes: 65536.
 - commit_granule_words: 8192.
 - virtual_space_node_default_size: 8388608.
 - enlarge_chunks_in_place: 1.
 - use_allocation_guard: 0.


Internal statistics:

num_allocs_failed_limit: 6.
num_arena_births: 3150.
num_arena_deaths: 0.
num_vsnodes_births: 2.
num_vsnodes_deaths: 0.
num_space_committed: 886.
num_space_uncommitted: 0.
num_chunks_returned_to_freelist: 6.
num_chunks_taken_from_freelist: 5789.
num_chunk_merges: 6.
num_chunk_splits: 3746.
num_chunks_enlarged: 2285.
num_inconsistent_stats: 0.

CodeHeap 'non-profiled nmethods': size=120000Kb used=3818Kb max_used=4105Kb free=116181Kb
 bounds [0x000001380ac10000, 0x000001380b020000, 0x0000013812140000]
CodeHeap 'profiled nmethods': size=120000Kb used=13129Kb max_used=14367Kb free=106870Kb
 bounds [0x0000013803140000, 0x0000013803f50000, 0x000001380a670000]
CodeHeap 'non-nmethods': size=5760Kb used=2621Kb max_used=2648Kb free=3138Kb
 bounds [0x000001380a670000, 0x000001380a920000, 0x000001380ac10000]
CodeCache: size=245760Kb, used=19568Kb, max_used=21120Kb, free=226189Kb
 total_blobs=8143, nmethods=7255, adapters=792, full_count=0
Compilation: enabled, stopped_count=0, restarted_count=0

Compilation events (20 events):
Event: 169.179 Thread 0x0000013815927dc0 8464       3       kotlin.reflect.jvm.internal.impl.name.ClassId::<init> (29 bytes)
Event: 169.180 Thread 0x0000013815927dc0 nmethod 8464 0x00000138036b8490 code [0x00000138036b87a0, 0x00000138036b9548]
Event: 169.201 Thread 0x0000013815927dc0 8465       3       java.util.LinkedHashMap::valuesToArray (80 bytes)
Event: 169.202 Thread 0x0000013815927dc0 nmethod 8465 0x0000013803196910 code [0x0000013803196b00, 0x0000013803197110]
Event: 169.203 Thread 0x0000013815927dc0 8466       3       kotlin.reflect.jvm.internal.impl.storage.LockBasedStorageManager::createConcurrentHashMap (11 bytes)
Event: 169.203 Thread 0x0000013815927dc0 nmethod 8466 0x0000013803169690 code [0x0000013803169860, 0x0000013803169a08]
Event: 169.203 Thread 0x0000013815927dc0 8467       3       kotlin.reflect.jvm.internal.impl.storage.LockBasedStorageManager$MapBasedMemoizedFunction::<init> (44 bytes)
Event: 169.203 Thread 0x0000013815927dc0 nmethod 8467 0x00000138031f8a10 code [0x00000138031f8be0, 0x00000138031f8f90]
Event: 169.204 Thread 0x0000013815927dc0 8468       3       kotlin.jvm.internal.Intrinsics::checkNotNull (8 bytes)
Event: 169.204 Thread 0x0000013815927dc0 nmethod 8468 0x00000138036a7790 code [0x00000138036a79a0, 0x00000138036a7e68]
Event: 169.215 Thread 0x0000013815927dc0 8469       3       java.util.Arrays$ArrayList::iterator (12 bytes)
Event: 169.215 Thread 0x0000013815927dc0 nmethod 8469 0x00000138032dbe10 code [0x00000138032dbfc0, 0x00000138032dc248]
Event: 169.215 Thread 0x0000013815927dc0 8470       3       java.util.Arrays$ArrayItr::<init> (10 bytes)
Event: 169.216 Thread 0x0000013815927dc0 nmethod 8470 0x00000138031c0010 code [0x00000138031c01c0, 0x00000138031c0378]
Event: 169.368 Thread 0x0000013815927dc0 8472       1       java.lang.Class::getClassLoader0 (5 bytes)
Event: 169.368 Thread 0x0000013815927dc0 nmethod 8472 0x000001380ad26b90 code [0x000001380ad26d20, 0x000001380ad26de8]
Event: 169.368 Thread 0x0000013815927dc0 8474       3       java.lang.ModuleLayer::boot (4 bytes)
Event: 169.368 Thread 0x00000138159211f0 8473       4       jdk.internal.misc.VM::isModuleSystemInited (13 bytes)
Event: 169.368 Thread 0x0000013815927dc0 nmethod 8474 0x0000013803435710 code [0x00000138034358a0, 0x0000013803435998]
Event: 169.368 Thread 0x00000138159211f0 nmethod 8473 0x000001380ae1ed10 code [0x000001380ae1eea0, 0x000001380ae1ef38]

GC Heap History (20 events):
Event: 90.671 GC heap before
{Heap before GC invocations=8 (full 0):
 garbage-first heap   total 86016K, used 51009K [0x00000000c0000000, 0x0000000100000000)
  region size 1024K, 26 young (26624K), 6 survivors (6144K)
 Metaspace       used 34895K, committed 35968K, reserved 1114112K
  class space    used 5027K, committed 5504K, reserved 1048576K
}
Event: 90.702 GC heap after
{Heap after GC invocations=9 (full 0):
 garbage-first heap   total 86016K, used 33317K [0x00000000c0000000, 0x0000000100000000)
  region size 1024K, 2 young (2048K), 2 survivors (2048K)
 Metaspace       used 34895K, committed 35968K, reserved 1114112K
  class space    used 5027K, committed 5504K, reserved 1048576K
}
Event: 100.088 GC heap before
{Heap before GC invocations=10 (full 0):
 garbage-first heap   total 86016K, used 79397K [0x00000000c0000000, 0x0000000100000000)
  region size 1024K, 42 young (43008K), 2 survivors (2048K)
 Metaspace       used 39683K, committed 41152K, reserved 1114112K
  class space    used 5741K, committed 6464K, reserved 1048576K
}
Event: 100.106 GC heap after
{Heap after GC invocations=11 (full 0):
 garbage-first heap   total 86016K, used 35840K [0x00000000c0000000, 0x0000000100000000)
  region size 1024K, 4 young (4096K), 4 survivors (4096K)
 Metaspace       used 39683K, committed 41152K, reserved 1114112K
  class space    used 5741K, committed 6464K, reserved 1048576K
}
Event: 108.486 GC heap before
{Heap before GC invocations=11 (full 0):
 garbage-first heap   total 86016K, used 76800K [0x00000000c0000000, 0x0000000100000000)
  region size 1024K, 43 young (44032K), 4 survivors (4096K)
 Metaspace       used 43687K, committed 45248K, reserved 1114112K
  class space    used 6287K, committed 7040K, reserved 1048576K
}
Event: 108.497 GC heap after
{Heap after GC invocations=12 (full 0):
 garbage-first heap   total 86016K, used 36275K [0x00000000c0000000, 0x0000000100000000)
  region size 1024K, 4 young (4096K), 4 survivors (4096K)
 Metaspace       used 43687K, committed 45248K, reserved 1114112K
  class space    used 6287K, committed 7040K, reserved 1048576K
}
Event: 116.918 GC heap before
{Heap before GC invocations=12 (full 0):
 garbage-first heap   total 86016K, used 76211K [0x00000000c0000000, 0x0000000100000000)
  region size 1024K, 43 young (44032K), 4 survivors (4096K)
 Metaspace       used 46500K, committed 48128K, reserved 1114112K
  class space    used 6766K, committed 7552K, reserved 1048576K
}
Event: 116.936 GC heap after
{Heap after GC invocations=13 (full 0):
 garbage-first heap   total 86016K, used 37961K [0x00000000c0000000, 0x0000000100000000)
  region size 1024K, 3 young (3072K), 3 survivors (3072K)
 Metaspace       used 46500K, committed 48128K, reserved 1114112K
  class space    used 6766K, committed 7552K, reserved 1048576K
}
Event: 134.006 GC heap before
{Heap before GC invocations=13 (full 0):
 garbage-first heap   total 86016K, used 76873K [0x00000000c0000000, 0x0000000100000000)
  region size 1024K, 41 young (41984K), 3 survivors (3072K)
 Metaspace       used 49825K, committed 51584K, reserved 1114112K
  class space    used 7214K, committed 8064K, reserved 1048576K
}
Event: 134.022 GC heap after
{Heap after GC invocations=14 (full 0):
 garbage-first heap   total 86016K, used 41651K [0x00000000c0000000, 0x0000000100000000)
  region size 1024K, 6 young (6144K), 6 survivors (6144K)
 Metaspace       used 49825K, committed 51584K, reserved 1114112K
  class space    used 7214K, committed 8064K, reserved 1048576K
}
Event: 137.464 GC heap before
{Heap before GC invocations=14 (full 0):
 garbage-first heap   total 86016K, used 75443K [0x00000000c0000000, 0x0000000100000000)
  region size 1024K, 40 young (40960K), 6 survivors (6144K)
 Metaspace       used 50847K, committed 52544K, reserved 1114112K
  class space    used 7336K, committed 8192K, reserved 1048576K
}
Event: 137.480 GC heap after
{Heap after GC invocations=15 (full 0):
 garbage-first heap   total 88064K, used 46248K [0x00000000c0000000, 0x0000000100000000)
  region size 1024K, 5 young (5120K), 5 survivors (5120K)
 Metaspace       used 50847K, committed 52544K, reserved 1114112K
  class space    used 7336K, committed 8192K, reserved 1048576K
}
Event: 158.071 GC heap before
{Heap before GC invocations=15 (full 0):
 garbage-first heap   total 88064K, used 76968K [0x00000000c0000000, 0x0000000100000000)
  region size 1024K, 36 young (36864K), 5 survivors (5120K)
 Metaspace       used 51205K, committed 52928K, reserved 1114112K
  class space    used 7362K, committed 8192K, reserved 1048576K
}
Event: 158.118 GC heap after
{Heap after GC invocations=16 (full 0):
 garbage-first heap   total 88064K, used 46927K [0x00000000c0000000, 0x0000000100000000)
  region size 1024K, 4 young (4096K), 4 survivors (4096K)
 Metaspace       used 51205K, committed 52928K, reserved 1114112K
  class space    used 7362K, committed 8192K, reserved 1048576K
}
Event: 160.498 GC heap before
{Heap before GC invocations=17 (full 0):
 garbage-first heap   total 88064K, used 77647K [0x00000000c0000000, 0x0000000100000000)
  region size 1024K, 34 young (34816K), 4 survivors (4096K)
 Metaspace       used 51256K, committed 52992K, reserved 1114112K
  class space    used 7362K, committed 8192K, reserved 1048576K
}
Event: 160.507 GC heap after
{Heap after GC invocations=18 (full 0):
 garbage-first heap   total 88064K, used 48162K [0x00000000c0000000, 0x0000000100000000)
  region size 1024K, 4 young (4096K), 4 survivors (4096K)
 Metaspace       used 51256K, committed 52992K, reserved 1114112K
  class space    used 7362K, committed 8192K, reserved 1048576K
}
Event: 161.165 GC heap before
{Heap before GC invocations=18 (full 0):
 garbage-first heap   total 88064K, used 76834K [0x00000000c0000000, 0x0000000100000000)
  region size 1024K, 33 young (33792K), 4 survivors (4096K)
 Metaspace       used 51262K, committed 52992K, reserved 1114112K
  class space    used 7362K, committed 8192K, reserved 1048576K
}
Event: 161.175 GC heap after
{Heap after GC invocations=19 (full 0):
 garbage-first heap   total 88064K, used 48441K [0x00000000c0000000, 0x0000000100000000)
  region size 1024K, 3 young (3072K), 3 survivors (3072K)
 Metaspace       used 51262K, committed 52992K, reserved 1114112K
  class space    used 7362K, committed 8192K, reserved 1048576K
}
Event: 165.773 GC heap before
{Heap before GC invocations=19 (full 0):
 garbage-first heap   total 88064K, used 77113K [0x00000000c0000000, 0x0000000100000000)
  region size 1024K, 32 young (32768K), 3 survivors (3072K)
 Metaspace       used 52788K, committed 54528K, reserved 1114112K
  class space    used 7571K, committed 8448K, reserved 1048576K
}
Event: 165.779 GC heap after
{Heap after GC invocations=20 (full 0):
 garbage-first heap   total 88064K, used 47735K [0x00000000c0000000, 0x0000000100000000)
  region size 1024K, 2 young (2048K), 2 survivors (2048K)
 Metaspace       used 52788K, committed 54528K, reserved 1114112K
  class space    used 7571K, committed 8448K, reserved 1048576K
}

Dll operation events (20 events):
Event: 0.377 Attempting to load shared library C:\Users\LENOVO\.antigravity-ide\extensions\redhat.java-1.56.0-win32-x64\jre\21.0.12.1-win32-x86_64\bin\nio.dll
Event: 0.378 Loaded shared library C:\Users\LENOVO\.antigravity-ide\extensions\redhat.java-1.56.0-win32-x64\jre\21.0.12.1-win32-x86_64\bin\nio.dll
Event: 0.403 Attempting to load shared library C:\Users\LENOVO\.antigravity-ide\extensions\redhat.java-1.56.0-win32-x64\jre\21.0.12.1-win32-x86_64\bin\zip.dll
Event: 0.403 Loaded shared library C:\Users\LENOVO\.antigravity-ide\extensions\redhat.java-1.56.0-win32-x64\jre\21.0.12.1-win32-x86_64\bin\zip.dll
Event: 1.311 Attempting to load shared library C:\Users\LENOVO\.antigravity-ide\extensions\redhat.java-1.56.0-win32-x64\jre\21.0.12.1-win32-x86_64\bin\jimage.dll
Event: 1.311 Loaded shared library C:\Users\LENOVO\.antigravity-ide\extensions\redhat.java-1.56.0-win32-x64\jre\21.0.12.1-win32-x86_64\bin\jimage.dll
Event: 1.883 Attempting to load shared library C:\Users\LENOVO\.antigravity-ide\extensions\redhat.java-1.56.0-win32-x64\jre\21.0.12.1-win32-x86_64\bin\verify.dll
Event: 1.885 Loaded shared library C:\Users\LENOVO\.antigravity-ide\extensions\redhat.java-1.56.0-win32-x64\jre\21.0.12.1-win32-x86_64\bin\verify.dll
Event: 2.123 Attempting to load shared library C:\Users\LENOVO\.gradle\native\1def1411415f61bf3af743bc5b6707747c0891f09f0c88961ee8f79bc544acac\windows-amd64\native-platform.dll
Event: 2.128 Loaded shared library C:\Users\LENOVO\.gradle\native\1def1411415f61bf3af743bc5b6707747c0891f09f0c88961ee8f79bc544acac\windows-amd64\native-platform.dll
Event: 2.154 Attempting to load shared library C:\Users\LENOVO\.gradle\native\0.2.7\x86_64-windows-gnu\gradle-fileevents.dll
Event: 2.163 Loaded shared library C:\Users\LENOVO\.gradle\native\0.2.7\x86_64-windows-gnu\gradle-fileevents.dll
Event: 7.706 Attempting to load shared library C:\Users\LENOVO\.antigravity-ide\extensions\redhat.java-1.56.0-win32-x64\jre\21.0.12.1-win32-x86_64\bin\management.dll
Event: 7.707 Loaded shared library C:\Users\LENOVO\.antigravity-ide\extensions\redhat.java-1.56.0-win32-x64\jre\21.0.12.1-win32-x86_64\bin\management.dll
Event: 7.714 Attempting to load shared library C:\Users\LENOVO\.antigravity-ide\extensions\redhat.java-1.56.0-win32-x64\jre\21.0.12.1-win32-x86_64\bin\management_ext.dll
Event: 7.716 Loaded shared library C:\Users\LENOVO\.antigravity-ide\extensions\redhat.java-1.56.0-win32-x64\jre\21.0.12.1-win32-x86_64\bin\management_ext.dll
Event: 9.313 Attempting to load shared library C:\Users\LENOVO\.antigravity-ide\extensions\redhat.java-1.56.0-win32-x64\jre\21.0.12.1-win32-x86_64\bin\extnet.dll
Event: 9.315 Loaded shared library C:\Users\LENOVO\.antigravity-ide\extensions\redhat.java-1.56.0-win32-x64\jre\21.0.12.1-win32-x86_64\bin\extnet.dll
Event: 12.607 Attempting to load shared library C:\Users\LENOVO\.antigravity-ide\extensions\redhat.java-1.56.0-win32-x64\jre\21.0.12.1-win32-x86_64\bin\sunmscapi.dll
Event: 12.656 Loaded shared library C:\Users\LENOVO\.antigravity-ide\extensions\redhat.java-1.56.0-win32-x64\jre\21.0.12.1-win32-x86_64\bin\sunmscapi.dll

Deoptimization events (20 events):
Event: 164.941 Thread 0x000001385baa2780 Uncommon trap: trap_request=0xffffff54 fr.pc=0x000001380acee9d8 relative=0x00000000000015d8
Event: 164.941 Thread 0x000001385baa2780 Uncommon trap: reason=speculate_null_assert action=make_not_entrant pc=0x000001380acee9d8 method=java.util.jar.JarFile.getVersionedEntry(Ljava/lang/String;Ljava/util/jar/JarEntry;)Ljava/util/jar/JarEntry; @ 115 c2
Event: 164.941 Thread 0x000001385baa2780 DEOPT PACKING pc=0x000001380acee9d8 sp=0x0000001d432f7e10
Event: 164.941 Thread 0x000001385baa2780 DEOPT UNPACKING pc=0x000001380a6c4422 sp=0x0000001d432f7e18 mode 2
Event: 164.941 Thread 0x000001385baa2780 Uncommon trap: trap_request=0xffffff45 fr.pc=0x000001380ac712c4 relative=0x0000000000000f64
Event: 164.941 Thread 0x000001385baa2780 Uncommon trap: reason=unstable_if action=reinterpret pc=0x000001380ac712c4 method=java.util.jar.JarFile.getEntry(Ljava/lang/String;)Ljava/util/zip/ZipEntry; @ 15 c2
Event: 164.941 Thread 0x000001385baa2780 DEOPT PACKING pc=0x000001380ac712c4 sp=0x0000001d432f7ee0
Event: 164.941 Thread 0x000001385baa2780 DEOPT UNPACKING pc=0x000001380a6c4422 sp=0x0000001d432f7ed8 mode 2
Event: 169.288 Thread 0x000001385baa2780 Uncommon trap: trap_request=0x0000002f fr.pc=0x000001380ae7b8ac relative=0x00000000000074cc
Event: 169.288 Thread 0x000001385baa2780 Uncommon trap: reason=unloaded action=reinterpret pc=0x000001380ae7b8ac method=java.net.URLClassLoader$1.run()Ljava/lang/Class; @ 48 c2
Event: 169.288 Thread 0x000001385baa2780 DEOPT PACKING pc=0x000001380ae7b8ac sp=0x0000001d432f76d0
Event: 169.288 Thread 0x000001385baa2780 DEOPT UNPACKING pc=0x000001380a6c4422 sp=0x0000001d432f76b8 mode 2
Event: 169.288 Thread 0x000001385baa2780 Uncommon trap: trap_request=0x00000091 fr.pc=0x000001380af049b0 relative=0x0000000000001890
Event: 169.288 Thread 0x000001385baa2780 Uncommon trap: reason=unloaded action=reinterpret pc=0x000001380af049b0 method=java.security.AccessController.wrapException(Ljava/lang/Exception;)Ljava/security/PrivilegedActionException; @ 0 c2
Event: 169.288 Thread 0x000001385baa2780 DEOPT PACKING pc=0x000001380af049b0 sp=0x0000001d432f77c0
Event: 169.288 Thread 0x000001385baa2780 DEOPT UNPACKING pc=0x000001380a6c4422 sp=0x0000001d432f7638 mode 2
Event: 169.295 Thread 0x000001385baa2780 Uncommon trap: trap_request=0xffffffde fr.pc=0x000001380af61834 relative=0x00000000000005d4
Event: 169.295 Thread 0x000001385baa2780 Uncommon trap: reason=class_check action=maybe_recompile pc=0x000001380af61834 method=java.lang.Throwable.<init>(Ljava/lang/String;Ljava/lang/Throwable;)V @ 24 c2
Event: 169.295 Thread 0x000001385baa2780 DEOPT PACKING pc=0x000001380af61834 sp=0x0000001d432f7530
Event: 169.295 Thread 0x000001385baa2780 DEOPT UNPACKING pc=0x000001380a6c4422 sp=0x0000001d432f74f8 mode 2

Classes loaded (20 events):
Event: 135.827 Loading class sun/nio/ch/ChannelInputStream
Event: 135.837 Loading class sun/nio/ch/ChannelInputStream done
Event: 156.857 Loading class java/lang/foreign/MemorySegment
Event: 157.040 Loading class java/lang/foreign/MemorySegment done
Event: 161.715 Loading class java/util/stream/SortedOps
Event: 161.724 Loading class java/util/stream/SortedOps done
Event: 161.724 Loading class java/util/stream/SortedOps$OfRef
Event: 161.734 Loading class java/util/stream/SortedOps$OfRef done
Event: 161.752 Loading class java/util/stream/SortedOps$SizedRefSortingSink
Event: 161.764 Loading class java/util/stream/SortedOps$AbstractRefSortingSink
Event: 161.765 Loading class java/util/stream/SortedOps$AbstractRefSortingSink done
Event: 161.765 Loading class java/util/stream/SortedOps$SizedRefSortingSink done
Event: 168.880 Loading class java/util/ArrayList$SubList$1
Event: 168.882 Loading class java/util/ArrayList$SubList$1 done
Event: 169.090 Loading class java/lang/Override
Event: 169.091 Loading class java/lang/Override done
Event: 169.286 Loading class java/util/zip/DataFormatException
Event: 169.287 Loading class java/util/zip/DataFormatException done
Event: 169.368 Loading class java/lang/StackTraceElement$HashedModules
Event: 169.368 Loading class java/lang/StackTraceElement$HashedModules done

Classes unloaded (0 events):
No events

Classes redefined (0 events):
No events

Internal exceptions (20 events):
Event: 112.632 Thread 0x000001385baa2780 Exception <a 'java/lang/NoSuchMethodError'{0x00000000c3bfd160}: 'java.lang.Object java.lang.invoke.DirectMethodHandle$Holder.invokeSpecial(java.lang.Object, java.lang.Object, java.lang.Object, java.lang.Object, long, java.lang.Object)'> (0x00000000c3bfd160) 
thrown [s\src\hotspot\share\interpreter\linkResolver.cpp, line 773]
Event: 112.633 Thread 0x000001385baa2780 Exception <a 'java/lang/NoSuchMethodError'{0x00000000c3a01a28}: 'java.lang.Object java.lang.invoke.Invokers$Holder.linkToTargetMethod(java.lang.Object, java.lang.Object, long, java.lang.Object, java.lang.Object)'> (0x00000000c3a01a28) 
thrown [s\src\hotspot\share\interpreter\linkResolver.cpp, line 773]
Event: 112.999 Thread 0x000001385baa2780 Exception <a 'java/lang/NoSuchMethodError'{0x00000000c384f438}: 'java.lang.Object java.lang.invoke.DirectMethodHandle$Holder.newInvokeSpecial(java.lang.Object, java.lang.Object, java.lang.Object, java.lang.Object, java.lang.Object, java.lang.Object, java.lang.Object, java.lang.Object, java.lang.Object, java.lang.Object, java.lang.Object, java.lang.Object, java.lang.Object, java.lang.Object, java.lang.Object, java.lang.Object, java.lang.Object, java.lang.Object, java.lang.Object, java.lang.Object, java.lang
Event: 116.616 Thread 0x000001385baa2780 Exception <a 'java/lang/NoSuchMethodError'{0x00000000c2d6a118}: 'java.lang.Object java.lang.invoke.DirectMethodHandle$Holder.newInvokeSpecial(java.lang.Object, int, java.lang.Object)'> (0x00000000c2d6a118) 
thrown [s\src\hotspot\share\interpreter\linkResolver.cpp, line 773]
Event: 122.324 Thread 0x000001385baa2780 Exception <a 'java/lang/NoSuchMethodError'{0x00000000c4b709c0}: 'java.lang.Object java.lang.invoke.DirectMethodHandle$Holder.invokeSpecial(java.lang.Object, java.lang.Object, long, java.lang.Object, java.lang.Object)'> (0x00000000c4b709c0) 
thrown [s\src\hotspot\share\interpreter\linkResolver.cpp, line 773]
Event: 122.467 Thread 0x000001385baa2780 Exception <a 'java/lang/NoSuchMethodError'{0x00000000c4a46fe0}: 'java.lang.Object java.lang.invoke.DirectMethodHandle$Holder.newInvokeSpecial(java.lang.Object, java.lang.Object, java.lang.Object, int, java.lang.Object)'> (0x00000000c4a46fe0) 
thrown [s\src\hotspot\share\interpreter\linkResolver.cpp, line 773]
Event: 122.472 Thread 0x000001385baa2780 Exception <a 'java/lang/NoSuchMethodError'{0x00000000c4a4b750}: 'java.lang.Object java.lang.invoke.Invokers$Holder.linkToTargetMethod(java.lang.Object, java.lang.Object, int, java.lang.Object, java.lang.Object)'> (0x00000000c4a4b750) 
thrown [s\src\hotspot\share\interpreter\linkResolver.cpp, line 773]
Event: 124.601 Thread 0x000001385baa2780 Exception <a 'java/lang/NoSuchMethodError'{0x00000000c45bf250}: 'int java.lang.invoke.DirectMethodHandle$Holder.invokeSpecialIFC(java.lang.Object, java.lang.Object, java.lang.Object)'> (0x00000000c45bf250) 
thrown [s\src\hotspot\share\interpreter\linkResolver.cpp, line 773]
Event: 130.261 Thread 0x000001385baa2780 Exception <a 'java/lang/NoSuchMethodError'{0x00000000c342f158}: 'int java.lang.invoke.DirectMethodHandle$Holder.invokeInterface(java.lang.Object, java.lang.Object, java.lang.Object, java.lang.Object, java.lang.Object)'> (0x00000000c342f158) 
thrown [s\src\hotspot\share\interpreter\linkResolver.cpp, line 773]
Event: 130.262 Thread 0x000001385baa2780 Exception <a 'java/lang/IncompatibleClassChangeError'{0x00000000c3433648}: Found class java.lang.Object, but interface was expected> (0x00000000c3433648) 
thrown [s\src\hotspot\share\interpreter\linkResolver.cpp, line 840]
Event: 130.584 Thread 0x000001385baa2780 Exception <a 'java/lang/NoSuchMethodError'{0x00000000c34d5018}: 'java.lang.Object java.lang.invoke.DirectMethodHandle$Holder.newInvokeSpecial(java.lang.Object, java.lang.Object, long, java.lang.Object)'> (0x00000000c34d5018) 
thrown [s\src\hotspot\share\interpreter\linkResolver.cpp, line 773]
Event: 130.585 Thread 0x000001385baa2780 Exception <a 'java/lang/NoSuchMethodError'{0x00000000c34d9d70}: 'java.lang.Object java.lang.invoke.DirectMethodHandle$Holder.invokeSpecial(java.lang.Object, java.lang.Object, java.lang.Object, long, java.lang.Object)'> (0x00000000c34d9d70) 
thrown [s\src\hotspot\share\interpreter\linkResolver.cpp, line 773]
Event: 130.585 Thread 0x000001385baa2780 Exception <a 'java/lang/NoSuchMethodError'{0x00000000c34de448}: 'java.lang.Object java.lang.invoke.Invokers$Holder.linkToTargetMethod(java.lang.Object, long, java.lang.Object, java.lang.Object)'> (0x00000000c34de448) 
thrown [s\src\hotspot\share\interpreter\linkResolver.cpp, line 773]
Event: 130.652 Thread 0x000001385baa2780 Exception <a 'java/lang/NoSuchMethodError'{0x00000000c3307fa0}: 'void java.lang.invoke.DirectMethodHandle$Holder.invokeStatic(java.lang.Object, java.lang.Object, java.lang.Object, int, java.lang.Object)'> (0x00000000c3307fa0) 
thrown [s\src\hotspot\share\interpreter\linkResolver.cpp, line 773]
Event: 134.636 Thread 0x000001385baa2780 Exception <a 'java/lang/NoSuchMethodError'{0x00000000c4e3ae58}: 'java.lang.Object java.lang.invoke.DirectMethodHandle$Holder.newInvokeSpecial(java.lang.Object, java.lang.Object, java.lang.Object, java.lang.Object, int, java.lang.Object)'> (0x00000000c4e3ae58) 
thrown [s\src\hotspot\share\interpreter\linkResolver.cpp, line 773]
Event: 134.638 Thread 0x000001385baa2780 Exception <a 'java/lang/NoSuchMethodError'{0x00000000c4e436c8}: 'java.lang.Object java.lang.invoke.Invokers$Holder.linkToTargetMethod(java.lang.Object, java.lang.Object, java.lang.Object, int, java.lang.Object, java.lang.Object)'> (0x00000000c4e436c8) 
thrown [s\src\hotspot\share\interpreter\linkResolver.cpp, line 773]
Event: 137.794 Thread 0x000001385baa2780 Exception <a 'java/lang/NoSuchMethodError'{0x00000000c4f19db0}: 'java.lang.Object java.lang.invoke.DirectMethodHandle$Holder.invokeSpecialIFC(java.lang.Object, java.lang.Object, java.lang.Object)'> (0x00000000c4f19db0) 
thrown [s\src\hotspot\share\interpreter\linkResolver.cpp, line 773]
Event: 169.285 Thread 0x000001385baa2780 Exception <a 'java/io/IOException'{0x00000000c4576368}> (0x00000000c4576368) 
thrown [s\src\hotspot\share\prims\jni.cpp, line 520]
Event: 169.295 Thread 0x000001385baa2780 Exception <a 'java/lang/NoClassDefFoundError'{0x00000000c457a2a0}: kotlin/reflect/jvm/internal/impl/metadata/jvm/JvmProtoBuf$StringTableTypes> (0x00000000c457a2a0) 
thrown [s\src\hotspot\share\classfile\systemDictionary.cpp, line 302]
Event: 169.333 Thread 0x000001385baa2780 Exception <a 'java/lang/NoSuchMethodError'{0x00000000c4595d58}: 'void java.lang.invoke.DirectMethodHandle$Holder.invokeInterface(java.lang.Object, java.lang.Object, java.lang.Object, java.lang.Object)'> (0x00000000c4595d58) 
thrown [s\src\hotspot\share\interpreter\linkResolver.cpp, line 773]

ZGC Phase Switch (0 events):
No events

VM Operations (20 events):
Event: 162.187 Executing safepoint VM operation: Cleanup
Event: 162.202 Executing safepoint VM operation: Cleanup done
Event: 163.205 Executing safepoint VM operation: Cleanup
Event: 163.205 Executing safepoint VM operation: Cleanup done
Event: 164.214 Executing safepoint VM operation: Cleanup
Event: 164.214 Executing safepoint VM operation: Cleanup done
Event: 165.225 Executing safepoint VM operation: Cleanup
Event: 165.241 Executing safepoint VM operation: Cleanup done
Event: 165.773 Executing safepoint VM operation: G1CollectForAllocation (G1 Evacuation Pause)
Event: 165.779 Executing safepoint VM operation: G1CollectForAllocation (G1 Evacuation Pause) done
Event: 165.840 Executing safepoint VM operation: G1PauseRemark
Event: 165.851 Executing safepoint VM operation: G1PauseRemark done
Event: 165.870 Executing safepoint VM operation: G1PauseCleanup
Event: 165.870 Executing safepoint VM operation: G1PauseCleanup done
Event: 168.882 Executing safepoint VM operation: Cleanup
Event: 168.882 Executing safepoint VM operation: Cleanup done
Event: 169.294 Executing non-safepoint VM operation: HandshakeAllThreads (Deoptimize)
Event: 169.294 Executing non-safepoint VM operation: HandshakeAllThreads (Deoptimize) done
Event: 169.354 Executing non-safepoint VM operation: HandshakeAllThreads (Deoptimize)
Event: 169.354 Executing non-safepoint VM operation: HandshakeAllThreads (Deoptimize) done

Memory protections (0 events):
No events

Nmethod flushes (20 events):
Event: 165.850 Thread 0x00000138158fb120 flushing  nmethod 0x000001380373ed90
Event: 165.850 Thread 0x00000138158fb120 flushing  nmethod 0x00000138037f1090
Event: 165.850 Thread 0x00000138158fb120 flushing  nmethod 0x00000138037f4b10
Event: 165.850 Thread 0x00000138158fb120 flushing  nmethod 0x000001380380f910
Event: 165.850 Thread 0x00000138158fb120 flushing  nmethod 0x0000013803810210
Event: 165.850 Thread 0x00000138158fb120 flushing  nmethod 0x0000013803811210
Event: 165.850 Thread 0x00000138158fb120 flushing  nmethod 0x0000013803ab3f90
Event: 165.850 Thread 0x00000138158fb120 flushing  nmethod 0x0000013803ab5590
Event: 165.850 Thread 0x00000138158fb120 flushing  nmethod 0x0000013803ab6190
Event: 165.850 Thread 0x00000138158fb120 flushing  nmethod 0x0000013803aba410
Event: 165.850 Thread 0x00000138158fb120 flushing  nmethod 0x0000013803ade110
Event: 165.850 Thread 0x00000138158fb120 flushing  nmethod 0x0000013803ade490
Event: 165.850 Thread 0x00000138158fb120 flushing  nmethod 0x0000013803adec10
Event: 165.850 Thread 0x00000138158fb120 flushing  nmethod 0x0000013803adf790
Event: 165.850 Thread 0x00000138158fb120 flushing  nmethod 0x0000013803b49610
Event: 165.850 Thread 0x00000138158fb120 flushing  nmethod 0x0000013803b53f10
Event: 165.850 Thread 0x00000138158fb120 flushing  nmethod 0x0000013803bcbe10
Event: 165.850 Thread 0x00000138158fb120 flushing  nmethod 0x0000013803cc7c10
Event: 165.850 Thread 0x00000138158fb120 flushing  nmethod 0x0000013803cca890
Event: 165.850 Thread 0x00000138158fb120 flushing  nmethod 0x0000013803d8a810

Events (20 events):
Event: 131.887 Thread 0x000001385baa2780 Thread added: 0x000001385ce031d0
Event: 131.887 Thread 0x000001385baa2780 Thread added: 0x000001385ce024b0
Event: 131.888 Thread 0x000001385baa2780 Thread added: 0x000001385e5cc740
Event: 131.893 Thread 0x000001385baa2780 Thread added: 0x000001385e5ce810
Event: 131.893 Thread 0x000001385baa2780 Thread added: 0x000001385e5cf530
Event: 131.900 Thread 0x000001385baa2780 Thread added: 0x000001385e5ccdd0
Event: 135.150 Thread 0x000001385baa2780 Thread added: 0x000001385e5cc0b0
Event: 135.183 Thread 0x000001385baa2780 Thread added: 0x000001385e5ceea0
Event: 135.206 Thread 0x000001385baa2780 Thread added: 0x000001385e5d0250
Event: 135.320 Thread 0x000001385baa2780 Thread added: 0x000001385e5cfbc0
Event: 135.353 Thread 0x000001385baa2780 Thread added: 0x000001385e5cdaf0
Event: 135.403 Thread 0x000001385baa2780 Thread added: 0x000001385e5d08e0
Event: 135.422 Thread 0x000001385baa2780 Thread added: 0x000001385e5cd460
Event: 137.807 Thread 0x000001385baa2780 Thread added: 0x000001385e5d0f70
Event: 137.811 Thread 0x000001385baa2780 Thread added: 0x000001385e5d1600
Event: 137.814 Thread 0x000001385baa2780 Thread added: 0x000001385e5ce180
Event: 137.820 Thread 0x000001385baa2780 Thread added: 0x000001385e5d1c90
Event: 137.824 Thread 0x000001385baa2780 Thread added: 0x000001385e5d2320
Event: 137.826 Thread 0x000001385baa2780 Thread added: 0x000001385e5d29b0
Event: 137.827 Thread 0x000001385baa2780 Thread added: 0x000001385e5d3040


Dynamic libraries:
0x00007ff69d5b0000 - 0x00007ff69d5be000 	C:\Users\LENOVO\.antigravity-ide\extensions\redhat.java-1.56.0-win32-x64\jre\21.0.12.1-win32-x86_64\bin\java.exe
0x00007ffba7f40000 - 0x00007ffba81a7000 	C:\WINDOWS\SYSTEM32\ntdll.dll
0x00007ffba6070000 - 0x00007ffba613b000 	C:\WINDOWS\System32\KERNEL32.DLL
0x00007ffba5490000 - 0x00007ffba5892000 	C:\WINDOWS\System32\KERNELBASE.dll
0x00007ffba5140000 - 0x00007ffba528c000 	C:\WINDOWS\System32\ucrtbase.dll
0x00007ffb86800000 - 0x00007ffb86818000 	C:\Users\LENOVO\.antigravity-ide\extensions\redhat.java-1.56.0-win32-x64\jre\21.0.12.1-win32-x86_64\bin\jli.dll
0x00007ffba5e00000 - 0x00007ffba5fcf000 	C:\WINDOWS\System32\USER32.dll
0x00007ffb8b2d0000 - 0x00007ffb8b2ee000 	C:\Users\LENOVO\.antigravity-ide\extensions\redhat.java-1.56.0-win32-x64\jre\21.0.12.1-win32-x86_64\bin\VCRUNTIME140.dll
0x00007ffba59e0000 - 0x00007ffba5a07000 	C:\WINDOWS\System32\win32u.dll
0x00007ffb8ec40000 - 0x00007ffb8eed0000 	C:\WINDOWS\WinSxS\amd64_microsoft.windows.common-controls_6595b64144ccf1df_6.0.26100.9278_none_3e0d1ba8e3303201\COMCTL32.dll
0x00007ffba6840000 - 0x00007ffba68e9000 	C:\WINDOWS\System32\msvcrt.dll
0x00007ffba5d80000 - 0x00007ffba5dab000 	C:\WINDOWS\System32\GDI32.dll
0x00007ffba52a0000 - 0x00007ffba53c9000 	C:\WINDOWS\System32\gdi32full.dll
0x00007ffba5930000 - 0x00007ffba59d3000 	C:\WINDOWS\System32\msvcp_win.dll
0x00007ffba5dc0000 - 0x00007ffba5df1000 	C:\WINDOWS\System32\IMM32.DLL
0x00007ffb933d0000 - 0x00007ffb933dc000 	C:\Users\LENOVO\.antigravity-ide\extensions\redhat.java-1.56.0-win32-x64\jre\21.0.12.1-win32-x86_64\bin\vcruntime140_1.dll
0x00007ffb4a830000 - 0x00007ffb4a8bd000 	C:\Users\LENOVO\.antigravity-ide\extensions\redhat.java-1.56.0-win32-x64\jre\21.0.12.1-win32-x86_64\bin\msvcp140.dll
0x00007ffac5e60000 - 0x00007ffac6c02000 	C:\Users\LENOVO\.antigravity-ide\extensions\redhat.java-1.56.0-win32-x64\jre\21.0.12.1-win32-x86_64\bin\server\jvm.dll
0x00007ffba66f0000 - 0x00007ffba67ac000 	C:\WINDOWS\System32\ADVAPI32.dll
0x00007ffba7e30000 - 0x00007ffba7ed9000 	C:\WINDOWS\System32\sechost.dll
0x00007ffba5c60000 - 0x00007ffba5d78000 	C:\WINDOWS\System32\RPCRT4.dll
0x00007ffba7090000 - 0x00007ffba7110000 	C:\WINDOWS\System32\WS2_32.dll
0x00007ffba4f90000 - 0x00007ffba4fee000 	C:\WINDOWS\SYSTEM32\POWRPROF.dll
0x00007ffb983b0000 - 0x00007ffb983e6000 	C:\WINDOWS\SYSTEM32\WINMM.dll
0x00007ffb93ff0000 - 0x00007ffb93ffb000 	C:\WINDOWS\SYSTEM32\VERSION.dll
0x00007ffba4f70000 - 0x00007ffba4f85000 	C:\WINDOWS\SYSTEM32\UMPDC.dll
0x00007ffba3dd0000 - 0x00007ffba3deb000 	C:\WINDOWS\SYSTEM32\kernel.appcore.dll
0x00007ffb8aef0000 - 0x00007ffb8aefa000 	C:\Users\LENOVO\.antigravity-ide\extensions\redhat.java-1.56.0-win32-x64\jre\21.0.12.1-win32-x86_64\bin\jimage.dll
0x00007ffba2480000 - 0x00007ffba26cc000 	C:\WINDOWS\SYSTEM32\DBGHELP.DLL
0x00007ffba7950000 - 0x00007ffba7cd5000 	C:\WINDOWS\System32\combase.dll
0x00007ffba62c0000 - 0x00007ffba6399000 	C:\WINDOWS\System32\OLEAUT32.dll
0x00007ffb8c4f0000 - 0x00007ffb8c52b000 	C:\WINDOWS\SYSTEM32\dbgcore.DLL
0x00007ffba5a10000 - 0x00007ffba5abc000 	C:\WINDOWS\System32\bcryptPrimitives.dll
0x00007ffb833e0000 - 0x00007ffb833ef000 	C:\Users\LENOVO\.antigravity-ide\extensions\redhat.java-1.56.0-win32-x64\jre\21.0.12.1-win32-x86_64\bin\instrument.dll
0x00007ffb85ab0000 - 0x00007ffb85ad0000 	C:\Users\LENOVO\.antigravity-ide\extensions\redhat.java-1.56.0-win32-x64\jre\21.0.12.1-win32-x86_64\bin\java.dll
0x00007ffba68f0000 - 0x00007ffba7088000 	C:\WINDOWS\System32\SHELL32.dll
0x00007ffba2b60000 - 0x00007ffba340e000 	C:\WINDOWS\SYSTEM32\windows.storage.dll
0x00007ffba7d30000 - 0x00007ffba7e2b000 	C:\WINDOWS\System32\SHCORE.dll
0x00007ffba67d0000 - 0x00007ffba6836000 	C:\WINDOWS\System32\shlwapi.dll
0x00007ffba5060000 - 0x00007ffba5089000 	C:\WINDOWS\SYSTEM32\profapi.dll
0x00007ffb72140000 - 0x00007ffb72158000 	C:\Users\LENOVO\.antigravity-ide\extensions\redhat.java-1.56.0-win32-x64\jre\21.0.12.1-win32-x86_64\bin\zip.dll
0x00007ffb833f0000 - 0x00007ffb83400000 	C:\Users\LENOVO\.antigravity-ide\extensions\redhat.java-1.56.0-win32-x64\jre\21.0.12.1-win32-x86_64\bin\net.dll
0x00007ffb9d7d0000 - 0x00007ffb9d8fa000 	C:\WINDOWS\SYSTEM32\WINHTTP.dll
0x00007ffba4370000 - 0x00007ffba43dc000 	C:\WINDOWS\system32\mswsock.dll
0x00007ffb721a0000 - 0x00007ffb721b6000 	C:\Users\LENOVO\.antigravity-ide\extensions\redhat.java-1.56.0-win32-x64\jre\21.0.12.1-win32-x86_64\bin\nio.dll
0x00007ffb72520000 - 0x00007ffb72530000 	C:\Users\LENOVO\.antigravity-ide\extensions\redhat.java-1.56.0-win32-x64\jre\21.0.12.1-win32-x86_64\bin\verify.dll
0x00007ffb4bb90000 - 0x00007ffb4bbb7000 	C:\Users\LENOVO\.gradle\native\1def1411415f61bf3af743bc5b6707747c0891f09f0c88961ee8f79bc544acac\windows-amd64\native-platform.dll
0x00007ffb48850000 - 0x00007ffb488c8000 	C:\Users\LENOVO\.gradle\native\0.2.7\x86_64-windows-gnu\gradle-fileevents.dll
0x00007ffb72160000 - 0x00007ffb7216a000 	C:\Users\LENOVO\.antigravity-ide\extensions\redhat.java-1.56.0-win32-x64\jre\21.0.12.1-win32-x86_64\bin\management.dll
0x00007ffb6c490000 - 0x00007ffb6c49c000 	C:\Users\LENOVO\.antigravity-ide\extensions\redhat.java-1.56.0-win32-x64\jre\21.0.12.1-win32-x86_64\bin\management_ext.dll
0x00007ffba5db0000 - 0x00007ffba5db8000 	C:\WINDOWS\System32\PSAPI.DLL
0x00007ffba3780000 - 0x00007ffba37b3000 	C:\WINDOWS\SYSTEM32\IPHLPAPI.DLL
0x00007ffba7120000 - 0x00007ffba712a000 	C:\WINDOWS\System32\NSI.dll
0x00007ffb66b60000 - 0x00007ffb66b69000 	C:\Users\LENOVO\.antigravity-ide\extensions\redhat.java-1.56.0-win32-x64\jre\21.0.12.1-win32-x86_64\bin\extnet.dll
0x00007ffba4790000 - 0x00007ffba47ab000 	C:\WINDOWS\SYSTEM32\CRYPTSP.dll
0x00007ffba3d30000 - 0x00007ffba3d69000 	C:\WINDOWS\system32\rsaenh.dll
0x00007ffba4420000 - 0x00007ffba4454000 	C:\WINDOWS\SYSTEM32\USERENV.dll
0x00007ffba5030000 - 0x00007ffba505a000 	C:\WINDOWS\SYSTEM32\bcrypt.dll
0x00007ffba45d0000 - 0x00007ffba45dc000 	C:\WINDOWS\SYSTEM32\CRYPTBASE.dll
0x00007ffb4be20000 - 0x00007ffb4be2e000 	C:\Users\LENOVO\.antigravity-ide\extensions\redhat.java-1.56.0-win32-x64\jre\21.0.12.1-win32-x86_64\bin\sunmscapi.dll
0x00007ffba5ad0000 - 0x00007ffba5c4e000 	C:\WINDOWS\System32\CRYPT32.dll
0x00007ffba4900000 - 0x00007ffba4930000 	C:\WINDOWS\SYSTEM32\ncrypt.dll
0x00007ffba48b0000 - 0x00007ffba48ef000 	C:\WINDOWS\SYSTEM32\NTASN1.dll
0x00007ffb7b120000 - 0x00007ffb7b128000 	C:\WINDOWS\system32\wshunix.dll

JVMTI agents:
C:\Users\LENOVO\.gradle\wrapper\dists\gradle-8.14-bin\38aieal9i53h9rfe7vjup95b9\gradle-8.14\lib\agents\gradle-instrumentation-agent-8.14.jar path:C:\Users\LENOVO\.antigravity-ide\extensions\redhat.java-1.56.0-win32-x64\jre\21.0.12.1-win32-x86_64\bin\instrument.dll, loaded, initialized, instrumentlib options:none

dbghelp: loaded successfully - version: 4.0.5 - missing functions: none
symbol engine: initialized successfully - sym options: 0x614 - pdb path: .;C:\Users\LENOVO\.antigravity-ide\extensions\redhat.java-1.56.0-win32-x64\jre\21.0.12.1-win32-x86_64\bin;C:\WINDOWS\SYSTEM32;C:\WINDOWS\WinSxS\amd64_microsoft.windows.common-controls_6595b64144ccf1df_6.0.26100.9278_none_3e0d1ba8e3303201;C:\Users\LENOVO\.antigravity-ide\extensions\redhat.java-1.56.0-win32-x64\jre\21.0.12.1-win32-x86_64\bin\server;C:\Users\LENOVO\.gradle\native\1def1411415f61bf3af743bc5b6707747c0891f09f0c88961ee8f79bc544acac\windows-amd64;C:\Users\LENOVO\.gradle\native\0.2.7\x86_64-windows-gnu

VM Arguments:
jvm_args: --add-opens=java.base/java.lang=ALL-UNNAMED --add-opens=java.base/java.lang.invoke=ALL-UNNAMED --add-opens=java.base/java.util=ALL-UNNAMED --add-opens=java.prefs/java.util.prefs=ALL-UNNAMED --add-exports=jdk.compiler/com.sun.tools.javac.api=ALL-UNNAMED --add-exports=jdk.compiler/com.sun.tools.javac.util=ALL-UNNAMED --add-opens=java.base/java.util=ALL-UNNAMED --add-opens=java.prefs/java.util.prefs=ALL-UNNAMED --add-opens=java.base/java.nio.charset=ALL-UNNAMED --add-opens=java.base/java.net=ALL-UNNAMED --add-opens=java.base/java.util.concurrent.atomic=ALL-UNNAMED --add-opens=java.xml/javax.xml.namespace=ALL-UNNAMED -Xmx1024m -Dfile.encoding=UTF-8 -Duser.country=US -Duser.language=en -Duser.variant -javaagent:C:\Users\LENOVO\.gradle\wrapper\dists\gradle-8.14-bin\38aieal9i53h9rfe7vjup95b9\gradle-8.14\lib\agents\gradle-instrumentation-agent-8.14.jar 
java_command: org.gradle.launcher.daemon.bootstrap.GradleDaemon 8.14
java_class_path (initial): C:\Users\LENOVO\.gradle\wrapper\dists\gradle-8.14-bin\38aieal9i53h9rfe7vjup95b9\gradle-8.14\lib\gradle-daemon-main-8.14.jar
Launcher Type: SUN_STANDARD

[Global flags]
     intx CICompilerCount                          = 4                                         {product} {ergonomic}
     uint ConcGCThreads                            = 2                                         {product} {ergonomic}
     uint G1ConcRefinementThreads                  = 8                                         {product} {ergonomic}
   size_t G1HeapRegionSize                         = 1048576                                   {product} {ergonomic}
    uintx GCDrainStackTargetSize                   = 64                                        {product} {ergonomic}
   size_t InitialHeapSize                          = 98566144                                  {product} {ergonomic}
   size_t MarkStackSize                            = 4194304                                   {product} {ergonomic}
   size_t MaxHeapSize                              = 1073741824                                {product} {command line}
   size_t MaxNewSize                               = 643825664                                 {product} {ergonomic}
   size_t MinHeapDeltaBytes                        = 1048576                                   {product} {ergonomic}
   size_t MinHeapSize                              = 8388608                                   {product} {ergonomic}
    uintx NonNMethodCodeHeapSize                   = 5839372                                {pd product} {ergonomic}
    uintx NonProfiledCodeHeapSize                  = 122909434                              {pd product} {ergonomic}
    uintx ProfiledCodeHeapSize                     = 122909434                              {pd product} {ergonomic}
    uintx ReservedCodeCacheSize                    = 251658240                              {pd product} {ergonomic}
     bool SegmentedCodeCache                       = true                                      {product} {ergonomic}
   size_t SoftMaxHeapSize                          = 1073741824                             {manageable} {ergonomic}
     bool UseCompressedOops                        = true                           {product lp64_product} {ergonomic}
     bool UseG1GC                                  = true                                      {product} {ergonomic}
     bool UseLargePagesIndividualAllocation        = false                                  {pd product} {ergonomic}

Logging:
Log output configuration:
 #0: stdout all=warning uptime,level,tags foldmultilines=false
 #1: stderr all=off uptime,level,tags foldmultilines=false

Release file:
JAVA_VERSION="21.0.12.1" 
MODULES="java.base java.compiler java.datatransfer java.xml java.prefs java.desktop java.instrument java.logging java.management java.security.sasl java.naming java.rmi java.management.rmi java.net.http java.scripting java.security.jgss java.transaction.xa java.sql java.sql.rowset java.xml.crypto java.se java.smartcardio jdk.accessibility jdk.internal.jvmstat jdk.attach jdk.charsets jdk.internal.opt jdk.zipfs jdk.compiler jdk.crypto.ec jdk.crypto.cryptoki jdk.crypto.mscapi jdk.dynalink jdk.internal.ed jdk.editpad jdk.hotspot.agent jdk.httpserver jdk.internal.le jdk.internal.vm.ci jdk.internal.vm.compiler jdk.internal.vm.compiler.management jdk.jartool jdk.javadoc jdk.jcmd jdk.management jdk.management.agent jdk.jconsole jdk.jdeps jdk.jdwp.agent jdk.jdi jdk.jfr jdk.jshell jdk.jsobject jdk.jstatd jdk.localedata jdk.management.jfr jdk.naming.dns jdk.naming.rmi jdk.net jdk.nio.mapmode jdk.random jdk.sctp jdk.security.auth jdk.security.jgss jdk.unsupported jdk.unsupported.desktop jdk.xml.dom" 

Environment Variables:
JAVA_HOME=C:\Program Files\Android\Android Studio\jbr
PATH=C:\WINDOWS\system32;C:\WINDOWS;C:\WINDOWS\System32\Wbem;C:\WINDOWS\System32\WindowsPowerShell\v1.0\;C:\WINDOWS\System32\OpenSSH\;C:\Program Files\Docker\Docker\resources\bin;C:\Program Files\nodejs\;C:\Program Files\Git\cmd;C:\Users\LENOVO\AppData\Local\Programs\Python\Python312\Scripts\;C:\Users\LENOVO\AppData\Local\Programs\Python\Python312\;C:\Users\LENOVO\AppData\Local\Programs\Python\Launcher\;C:\Users\LENOVO\AppData\Local\Programs\Python\Python314\Scripts\;C:\Users\LENOVO\AppData\Local\Programs\Python\Python314\;C:\Users\LENOVO\AppData\Local\Microsoft\WindowsApps;C:\Users\LENOVO\AppData\Local\Programs\Antigravity\bin;C:\Users\LENOVO\AppData\Roaming\npm;C:\ScrcpyLauncher by praveen;C:\Users\LENOVO\AppData\Local\PowerToys\DSCModules\;C:\Users\LENOVO\AppData\Local\Programs\Antigravity IDE\bin
USERNAME=LENOVO
OS=Windows_NT
PROCESSOR_IDENTIFIER=AMD64 Family 23 Model 160 Stepping 0, AuthenticAMD
TMP=C:\Users\LENOVO\AppData\Local\Temp
TEMP=C:\Users\LENOVO\AppData\Local\Temp




Periodic native trim disabled

---------------  S Y S T E M  ---------------

OS:
 Windows 11 , 64 bit Build 26100 (10.0.26100.9444)
OS uptime: 3 days 15:41 hours
Hyper-V role detected

CPU: total 8 (initial active 8) (8 cores per cpu, 2 threads per core) family 23 model 160 stepping 0 microcode 0x8a0000a, cx8, cmov, fxsr, ht, mmx, 3dnowpref, sse, sse2, sse3, ssse3, sse4a, sse4.1, sse4.2, popcnt, lzcnt, tsc, tscinvbit, avx, avx2, aes, clmul, bmi1, bmi2, adx, sha, fma, vzeroupper, clflush, clflushopt, hv, rdtscp, rdpid, f16c
Processor Information for the first 8 processors :
  Max Mhz: 2401, Current Mhz: 2401, Mhz Limit: 2401

Memory: 4k page, system-wide physical 5965M (192M free)
TotalPageFile size 24397M (AvailPageFile size 15M)
current process WorkingSet (physical memory assigned to process): 182M, peak: 182M
current process commit charge ("private bytes"): 296M, peak: 299M

vm_info: OpenJDK 64-Bit Server VM (21.0.12.1+1-LTS) for windows-amd64 JRE (21.0.12.1+1-LTS), built on 2026-08-18T00:00:00Z by "admin" with MS VC++ 17.12 (VS2022)

END.
