#
# There is insufficient memory for the Java Runtime Environment to continue.
# Native memory allocation (malloc) failed to allocate 770176 bytes. Error detail: Chunk::new
# Possible reasons:
#   The system is out of physical RAM or swap space
#   This process is running with CompressedOops enabled, and the Java Heap may be blocking the growth of the native heap
# Possible solutions:
#   Reduce memory load on the system
#   Increase physical memory or swap space
#   Check if swap backing store is full
#   Decrease Java heap size (-Xmx/-Xms)
#   Decrease number of Java threads
#   Decrease Java thread stack sizes (-Xss)
#   Set larger code cache with -XX:ReservedCodeCacheSize=
#   JVM is running with Unscaled Compressed Oops mode in which the Java heap is
#     placed in the first 4GB address space. The Java Heap base address is the
#     maximum limit for the native heap growth. Please use -XX:HeapBaseMinAddress
#     to set the Java Heap base and to place the Java Heap above 4GB virtual address.
# This output file may be truncated or incomplete.
#
#  Out of Memory Error (arena.cpp:168), pid=2496, tid=13800
#
# JRE version: OpenJDK Runtime Environment Temurin-21.0.12.1+1 (21.0.12.1+1) (build 21.0.12.1+1-LTS)
# Java VM: OpenJDK 64-Bit Server VM Temurin-21.0.12.1+1 (21.0.12.1+1-LTS, mixed mode, sharing, tiered, compressed oops, compressed class ptrs, parallel gc, windows-amd64)
# No core dump will be written. Minidumps are not enabled by default on client versions of Windows
#

---------------  S U M M A R Y ------------

Command Line: --add-modules=ALL-SYSTEM --add-opens=java.base/java.util=ALL-UNNAMED --add-opens=java.base/java.lang=ALL-UNNAMED --add-opens=java.base/sun.nio.fs=ALL-UNNAMED -Declipse.application=org.eclipse.jdt.ls.core.id1 -Dosgi.bundles.defaultStartLevel=4 -Declipse.product=org.eclipse.jdt.ls.core.product -Djava.import.generatesMetadataFilesAtProjectRoot=false -Dm2e.project.cache.size=50 -DDetectVMInstallationsJob.disabled=true -Dfile.encoding=utf8 -XX:+UseParallelGC -XX:GCTimeRatio=4 -XX:AdaptiveSizePolicyWeight=90 -Dsun.zip.disableMemoryMapping=true -Xmx2G -Xms100m -Xlog:disable -javaagent:c:\Users\LENOVO\.antigravity-ide\extensions\redhat.java-1.56.0-win32-x64\lombok\lombok-1.18.39-4050.jar -XX:+HeapDumpOnOutOfMemoryError -XX:HeapDumpPath=c:\Users\LENOVO\AppData\Roaming\Antigravity IDE\User\workspaceStorage\ba588fe01070c8c90e20898f4c050905\redhat.java -Daether.dependencyCollector.impl=bf c:\Users\LENOVO\.antigravity-ide\extensions\redhat.java-1.56.0-win32-x64\server\plugins\org.eclipse.equinox.launcher_1.8.0.v20260804-1928.jar -configuration c:\Users\LENOVO\AppData\Roaming\Antigravity IDE\User\globalStorage\redhat.java\1.56.0\config_win -data c:\Users\LENOVO\AppData\Roaming\Antigravity IDE\User\workspaceStorage\ba588fe01070c8c90e20898f4c050905\redhat.java\jdt_ws --stdio

Host: AMD Ryzen 3 7320U with Radeon Graphics         , 8 cores, 5G,  Windows 11 , 64 bit Build 26100 (10.0.26100.9444)
Time: Fri Oct  2 21:33:42 2026 Nepal Standard Time elapsed time: 3440.894850 seconds (0d 0h 57m 20s)

---------------  T H R E A D  ---------------

Current thread (0x000002a534f1a1b0):  JavaThread "C2 CompilerThread0" daemon [_thread_in_native, id=13800, stack(0x000000b9b2200000,0x000000b9b2300000) (1024K)]


Current CompileTask:
C2:3440894 18230       4       java.lang.Throwable::printEnclosedStackTrace (350 bytes)

Stack: [0x000000b9b2200000,0x000000b9b2300000]
Native frames: (J=compiled Java code, j=interpreted, Vv=VM code, C=native code)
V  [jvm.dll+0x6d83e9]
V  [jvm.dll+0x8b5736]
V  [jvm.dll+0x8b7cee]
V  [jvm.dll+0x8b83d3]
V  [jvm.dll+0x284596]
V  [jvm.dll+0xc685d]
V  [jvm.dll+0xc6da1]
V  [jvm.dll+0x2fb5ae]
V  [jvm.dll+0x5fee94]
V  [jvm.dll+0x255d67]
V  [jvm.dll+0x25612d]
V  [jvm.dll+0x24e6a0]
V  [jvm.dll+0x24bbe6]
V  [jvm.dll+0x1cb4ae]
V  [jvm.dll+0x25baad]
V  [jvm.dll+0x25a03a]
V  [jvm.dll+0x3f8aae]
V  [jvm.dll+0x8600cd]
V  [jvm.dll+0x6d6c1d]
C  [ucrtbase.dll+0x2cd30]
C  [KERNEL32.DLL+0x2cd87]
C  [ntdll.dll+0xacaec]


---------------  P R O C E S S  ---------------

Threads class SMR info:
_java_thread_list=0x000002a5c9027990, length=929, elements={
0x000002a534f99e00, 0x000002a53505a840, 0x000002a534f13fd0, 0x000002a534f17500,
0x000002a534f17f60, 0x000002a534f189c0, 0x000002a534f19420, 0x000002a534f1a1b0,
0x000002a58e24c850, 0x000002a58e3d7380, 0x000002a58e5449c0, 0x000002a58ecb5420,
0x000002a58ee02770, 0x000002a58eac5c80, 0x000002a58ebf9270, 0x000002a5935eb6d0,
0x000002a5935c1a40, 0x000002a58ed84ae0, 0x000002a593692db0, 0x000002a593695ba0,
0x000002a593696230, 0x000002a5936947f0, 0x000002a5957b4210, 0x000002a5957b48a0,
0x000002a5957b1420, 0x000002a5957b3b80, 0x000002a5957b55c0, 0x000002a5957b2140,
0x000002a5957b5c50, 0x000002a5957b2e60, 0x000002a5957b7690, 0x000002a5957b62e0,
0x000002a5957b83b0, 0x000002a5957b1ab0, 0x000002a5957b8a40, 0x000002a5957b7d20,
0x000002a5969f6370, 0x000002a5969f5ce0, 0x000002a5969f6a00, 0x000002a5969f3c10,
0x000002a5969f4fc0, 0x000002a5957b6970, 0x000002a58e3a75e0, 0x000002a58e3a4160,
0x000002a58e3a4e80, 0x000002a58e3a7c70, 0x000002a58e3a6230, 0x000002a58e3a8300,
0x000002a58e3a8990, 0x000002a58e3a5ba0, 0x000002a58e3a96b0, 0x000002a58e3ab0f0,
0x000002a58e3aaa60, 0x000002a58e3aa3d0, 0x000002a5969f42a0, 0x000002a5969f5650,
0x000002a597c62770, 0x000002a597c62e00, 0x000002a597c64ed0, 0x000002a597c65560,
0x000002a597c63b20, 0x000002a58e3a6f50, 0x000002a58e3a5510, 0x000002a596a8b530,
0x000002a596a89af0, 0x000002a596a8bbc0, 0x000002a596a88740, 0x000002a596a8aea0,
0x000002a596a8a810, 0x000002a596a8c8e0, 0x000002a596a8f6d0, 0x000002a596a8f040,
0x000002a597c65bf0, 0x000002a597c64840, 0x000002a596a8e320, 0x000002a58e3a9d40,
0x000002a58e6c4ca0, 0x000002a58e6c1eb0, 0x000002a58e6c3f80, 0x000002a58e6c2540,
0x000002a58e6c59c0, 0x000002a58e6c4610, 0x000002a58e6c6050, 0x000002a58e6c66e0,
0x000002a58e6c7400, 0x000002a58e6c7a90, 0x000002a58e6c8e40, 0x000002a58e6c8120,
0x000002a596a8d600, 0x000002a596a8a180, 0x000002a5971b77d0, 0x000002a5971b5070,
0x000002a5971b7e60, 0x000002a5971b84f0, 0x000002a5971b98a0, 0x000002a5971b8b80,
0x000002a5971b6420, 0x000002a5971b6ab0, 0x000002a5971bc690, 0x000002a5971bac50,
0x000002a5971b9f30, 0x000002a5971ba5c0, 0x000002a5971bb2e0, 0x000002a58e6c87b0,
0x000002a58e6c94d0, 0x000002a5971b9210, 0x000002a5971b7140, 0x000002a58e3a68c0,
0x000002a5969f3580, 0x000002a596a88dd0, 0x000002a596a8cf70, 0x000002a58e6c5330,
0x000002a58e6c38f0, 0x000002a58e3a47f0, 0x000002a5971bc000, 0x000002a597c641b0,
0x000002a58e6c6d70, 0x000002a596a880b0, 0x000002a5971bb970, 0x000002a59a256030,
0x000002a59a258100, 0x000002a59a2573e0, 0x000002a59a2566c0, 0x000002a59a25b580,
0x000002a59a25bc10, 0x000002a59a25c930, 0x000002a59a259b40, 0x000002a58e6c2bd0,
0x000002a59d52a850, 0x000002a59d52c290, 0x000002a59d528e10, 0x000002a59d52c920,
0x000002a59d5294a0, 0x000002a59d52cfb0, 0x000002a59d52e9f0, 0x000002a59a257a70,
0x000002a59a2559a0, 0x000002a59a258e20, 0x000002a59a25c2a0, 0x000002a59a25a1d0,
0x000002a59a25a860, 0x000002a59d52a1c0, 0x000002a59d5280f0, 0x000002a59d52f080,
0x000002a59d52dcd0, 0x000002a59a255310, 0x000002a59a25aef0, 0x000002a59a258790,
0x000002a59a256d50, 0x000002a59df4aa20, 0x000002a59df4b0b0, 0x000002a59df48950,
0x000002a59df4a390, 0x000002a59df4d180, 0x000002a59df4f250, 0x000002a59df4d810,
0x000002a59df4e530, 0x000002a59d52b570, 0x000002a59d529b30, 0x000002a59df4dea0,
0x000002a59df4f8e0, 0x000002a59df4bdd0, 0x000002a59df4c460, 0x000002a59d528780,
0x000002a59d52e360, 0x000002a59d52d640, 0x000002a59d52f710, 0x000002a59df4b740,
0x000002a59df49d00, 0x000002a59df48fe0, 0x000002a59df4caf0, 0x000002a59df4ebc0,
0x000002a59d52bc00, 0x000002a5a0927420, 0x000002a5a0928e60, 0x000002a5a0926700,
0x000002a5a0926d90, 0x000002a5a092af30, 0x000002a5a0927ab0, 0x000002a5a092b5c0,
0x000002a5a09294f0, 0x000002a5a092a210, 0x000002a5a0929b80, 0x000002a5a092dd20,
0x000002a5a092d000, 0x000002a5a0931ec0, 0x000002a5a09311a0, 0x000002a5a0933270,
0x000002a5a0933900, 0x000002a5a0932550, 0x000002a5a092f760, 0x000002a5a092fdf0,
0x000002a5a092e3b0, 0x000002a5a0930480, 0x000002a5a092d690, 0x000002a5a092f0d0,
0x000002a5a092c2e0, 0x000002a5a0933f90, 0x000002a5a0932be0, 0x000002a5a0931830,
0x000002a5a0930b10, 0x000002a5a171ec40, 0x000002a5a17213a0, 0x000002a5a1720680,
0x000002a5a1720d10, 0x000002a5a1721a30, 0x000002a5a171f2d0, 0x000002a5a171f960,
0x000002a5a1724190, 0x000002a5a1724eb0, 0x000002a5a1723b00, 0x000002a5a1725540,
0x000002a5a17220c0, 0x000002a5a1722de0, 0x000002a5a1723470, 0x000002a5a171fff0,
0x000002a5a1724820, 0x000002a5a092a8a0, 0x000002a5a0934cb0, 0x000002a5a2180000,
0x000002a5a217df30, 0x000002a5a217d8a0, 0x000002a5a217f2e0, 0x000002a5a217e5c0,
0x000002a5a217ec50, 0x000002a5a21841a0, 0x000002a5a21820d0, 0x000002a5a2183480,
0x000002a5a2180690, 0x000002a5a2186900, 0x000002a5a2182760, 0x000002a5a2186270,
0x000002a5a21889d0, 0x000002a5a2184830, 0x000002a5a21813b0, 0x000002a5a2187620,
0x000002a5a2185be0, 0x000002a5a2183b10, 0x000002a5a2180d20, 0x000002a5a2187cb0,
0x000002a5a218be50, 0x000002a5a2185550, 0x000002a5a2189060, 0x000002a5a2182df0,
0x000002a5a0928140, 0x000002a5a09287d0, 0x000002a5a092ea40, 0x000002a5a1725bd0,
0x000002a5a1722750, 0x000002a5a2181a40, 0x000002a5a218b7c0, 0x000002a5a2186f90,
0x000002a5a218aaa0, 0x000002a5a092c970, 0x000002a5a0934620, 0x000002a5a217d210,
0x000002a5a218a410, 0x000002a5a218b130, 0x000002a5a2188340, 0x000002a5957b34f0,
0x000002a5a092bc50, 0x000002a59df482c0, 0x000002a5a0926070, 0x000002a5ae93e1f0,
0x000002a5ae93db60, 0x000002a5ae93e880, 0x000002a5ae93ef10, 0x000002a5ae93f5a0,
0x000002a5ae93c120, 0x000002a5ae93fc30, 0x000002a5ae9402c0, 0x000002a5ae93ce40,
0x000002a5ae941670, 0x000002a5ae9430b0, 0x000002a5ae941d00, 0x000002a5ae940fe0,
0x000002a5ae942390, 0x000002a5ae942a20, 0x000002a5ae943740, 0x000002a5ade9e0e0,
0x000002a5adea1bf0, 0x000002a5adea0840, 0x000002a5adea2280, 0x000002a5adea2910,
0x000002a5ade9f490, 0x000002a5adea6420, 0x000002a5ade9d3c0, 0x000002a5ade9e770,
0x000002a5ade9ee00, 0x000002a5ade9fb20, 0x000002a5ade9cd30, 0x000002a5adea01b0,
0x000002a5adea0ed0, 0x000002a5ade9da50, 0x000002a5adea3630, 0x000002a5adea3cc0,
0x000002a5adea4350, 0x000002a5adea77d0, 0x000002a5adea6ab0, 0x000002a5adea84f0,
0x000002a5adea8b80, 0x000002a5adea5700, 0x000002a5adeab2e0, 0x000002a5adea5070,
0x000002a5adea7e60, 0x000002a5adea9210, 0x000002a5adea5d90, 0x000002a5adea98a0,
0x000002a5adea9f30, 0x000002a5adeab970, 0x000002a596a8e9b0, 0x000002a5af665d60,
0x000002a5af6684c0, 0x000002a5af665040, 0x000002a5af6677a0, 0x000002a5af6663f0,
0x000002a5af669f00, 0x000002a5af667110, 0x000002a5af66c660, 0x000002a5af66b2b0,
0x000002a5af66a590, 0x000002a5af66bfd0, 0x000002a5af6691e0, 0x000002a5af66d380,
0x000002a5af66da10, 0x000002a5af66fae0, 0x000002a5af66e730, 0x000002a5af66ac20,
0x000002a5af66edc0, 0x000002a5af666a80, 0x000002a5af672f60, 0x000002a5af672240,
0x000002a5af673c80, 0x000002a5af669870, 0x000002a5af670e90, 0x000002a5af66ccf0,
0x000002a5af6728d0, 0x000002a5af671520, 0x000002a5af671bb0, 0x000002a5af6735f0,
0x000002a5af677790, 0x000002a5af675030, 0x000002a5af6791d0, 0x000002a5af675d50,
0x000002a5af679860, 0x000002a5af6763e0, 0x000002a5af66b940, 0x000002a5af66f450,
0x000002a5af67a580, 0x000002a5af677e20, 0x000002a5af67e090, 0x000002a5af67c650,
0x000002a5af678b40, 0x000002a5af67fad0, 0x000002a5af6749a0, 0x000002a5af680160,
0x000002a5af6807f0, 0x000002a5af6828c0, 0x000002a5af684300, 0x000002a5af6835e0,
0x000002a5af683c70, 0x000002a5af680e80, 0x000002a5af681ba0, 0x000002a5ade9c6a0,
0x000002a5adea49e0, 0x000002a5a21896f0, 0x000002a5a2189d80, 0x000002a5ae93c7b0,
0x000002a5ae940950, 0x000002a597c63490, 0x000002a5adea7140, 0x000002a59df49670,
0x000002a593694160, 0x000002a5af67da00, 0x000002a5af67f440, 0x000002a5b8ed0500,
0x000002a5b8ecfe70, 0x000002a5b8ed1f40, 0x000002a5b8ed25d0, 0x000002a5b8ed2c60,
0x000002a5b8ecf7e0, 0x000002a5b8ed5a50, 0x000002a5b8ed4010, 0x000002a5b8ed3980,
0x000002a5b8ed32f0, 0x000002a5b8ed4d30, 0x000002a5b8ed18b0, 0x000002a5b8ed6e00,
0x000002a5b8ed53c0, 0x000002a5b8ed9560, 0x000002a5b8ed8ed0, 0x000002a5b8ed81b0,
0x000002a5b8eda280, 0x000002a5b8eda910, 0x000002a5b8edafa0, 0x000002a5b8edb630,
0x000002a5b8ed8840, 0x000002a5b8eddd90, 0x000002a5b8edd070, 0x000002a5b8ede420,
0x000002a5b8edc350, 0x000002a5b8edeab0, 0x000002a5b8edc9e0, 0x000002a5b8edf140,
0x000002a5b8edf7d0, 0x000002a5b8edfe60, 0x000002a5b8edd700, 0x000002a5b8ee04f0,
0x000002a5b8ee3970, 0x000002a5b8ee1f30, 0x000002a5b8ee0b80, 0x000002a5b8edbcc0,
0x000002a5b8ed9bf0, 0x000002a5b8ed7490, 0x000002a5b8ee4000, 0x000002a5b8ee4690,
0x000002a5b8ee18a0, 0x000002a5b8ee1210, 0x000002a5b8ed46a0, 0x000002a5b8ed1220,
0x000002a5b8ed60e0, 0x000002a5b8ee5a40, 0x000002a5b8ee4d20, 0x000002a5b8ee53b0,
0x000002a5af667e30, 0x000002a5af6656d0, 0x000002a5af66e0a0, 0x000002a5af670170,
0x000002a5af670800, 0x000002a5af6784b0, 0x000002a5af668b50, 0x000002a5af67ac10,
0x000002a5af679ef0, 0x000002a5af677100, 0x000002a5af67cce0, 0x000002a5af67d370,
0x000002a5af67edb0, 0x000002a5af681510, 0x000002a5af682f50, 0x000002a5b8eebcb0,
0x000002a5b8eec340, 0x000002a5b8eec9d0, 0x000002a5b8eea900, 0x000002a5b8eed060,
0x000002a5b8eed6f0, 0x000002a5b8eea270, 0x000002a5b8eee410, 0x000002a5b8eeaf90,
0x000002a5b8ee81a0, 0x000002a5b8ee7480, 0x000002a5b8ee6df0, 0x000002a5b8ee8ec0,
0x000002a5adea1560, 0x000002a5adea2fa0, 0x000002a5af67bfc0, 0x000002a5af682230,
0x000002a5af676a70, 0x000002a5af67b2a0, 0x000002a593693ad0, 0x000002a593693440,
0x000002a5adeaac50, 0x000002a5a0935340, 0x000002a5b8eeb620, 0x000002a58e3a9020,
0x000002a5ae93d4d0, 0x000002a5a217f970, 0x000002a5bc213790, 0x000002a5bc214b40,
0x000002a5bc213100, 0x000002a5bc215860, 0x000002a5bc213e20, 0x000002a5bc217930,
0x000002a5bc219a00, 0x000002a5bc217fc0, 0x000002a5bc218650, 0x000002a5bc21a090,
0x000002a5bc219370, 0x000002a5bc218ce0, 0x000002a5bc21a720, 0x000002a5bc2144b0,
0x000002a5bc21adb0, 0x000002a5bc21ef50, 0x000002a5bc21d510, 0x000002a5bc21e8c0,
0x000002a5bc21bad0, 0x000002a5bc220300, 0x000002a5bc216c10, 0x000002a5bc21c160,
0x000002a5bc220990, 0x000002a5bc21c7f0, 0x000002a5bc21fc70, 0x000002a5bc221020,
0x000002a5bc21dba0, 0x000002a5bc2251c0, 0x000002a5bc221d40, 0x000002a5bc225850,
0x000002a5bc2223d0, 0x000002a5bc223e10, 0x000002a5bc2230f0, 0x000002a5bc225ee0,
0x000002a5bc227fb0, 0x000002a5bc2244a0, 0x000002a5bc224b30, 0x000002a5bc2216b0,
0x000002a5bc228cd0, 0x000002a5bc228640, 0x000002a5bc226c00, 0x000002a5bc2299f0,
0x000002a5bc22a710, 0x000002a5bc22ada0, 0x000002a5bc227920, 0x000002a5bc22b430,
0x000002a5bc22bac0, 0x000002a5bc22fc60, 0x000002a5bc22a080, 0x000002a5bc22ef40,
0x000002a5bc22f5d0, 0x000002a5bc22e8b0, 0x000002a5bc231010, 0x000002a5bc22db90,
0x000002a5bc229360, 0x000002a5bc22ce70, 0x000002a5bc2316a0, 0x000002a5bc22e220,
0x000002a5bc231d30, 0x000002a5bc21b440, 0x000002a5bc21f5e0, 0x000002a5bc2323c0,
0x000002a5b8ee32e0, 0x000002a5b8ee7b10, 0x000002a5b8ee8830, 0x000002a5bc22d500,
0x000002a5bc2172a0, 0x000002a593694e80, 0x000002a5971b5d90, 0x000002a5bb69c500,
0x000002a5bb69b150, 0x000002a5bb69df40, 0x000002a5bb6a0d30, 0x000002a5bb69e5d0,
0x000002a5bb69f2f0, 0x000002a5bb69d220, 0x000002a5bb69ec60, 0x000002a5bb69f980,
0x000002a5bb6a0010, 0x000002a5bb6a3490, 0x000002a5bb6a3b20, 0x000002a5bb6a41b0,
0x000002a5bb69cb90, 0x000002a5bb6a20e0, 0x000002a5bb6a1a50, 0x000002a5bb6a7cc0,
0x000002a5bb6a8350, 0x000002a5bb6a89e0, 0x000002a5bb6a13c0, 0x000002a5bb6a9070,
0x000002a5bb6a5bf0, 0x000002a5bb6a9700, 0x000002a5bb6a6280, 0x000002a5bb6acb80,
0x000002a5bb6ac4f0, 0x000002a5bb6aaab0, 0x000002a5bb6abe60, 0x000002a5bb6ad210,
0x000002a5bb6aa420, 0x000002a5bb6a7630, 0x000002a5bb6a6fa0, 0x000002a5bb6a5560,
0x000002a5bb6ad8a0, 0x000002a5bb6ae5c0, 0x000002a5bb6aec50, 0x000002a5bb6b0000,
0x000002a5bb6ab7d0, 0x000002a5bb6b2760, 0x000002a5bb6b6270, 0x000002a5bb6b6900,
0x000002a5bb6b3480, 0x000002a5bb6b6f90, 0x000002a5bb6b4ec0, 0x000002a5bb6b4830,
0x000002a5bb69aac0, 0x000002a5bb6a4ed0, 0x000002a5b8ed0b90, 0x000002a5b8ed6770,
0x000002a5b8ee25c0, 0x000002a5b8ee60d0, 0x000002a5bc215ef0, 0x000002a5bc223780,
0x000002a5bc22c150, 0x000002a5bc22c7e0, 0x000002a5bc230980, 0x000002a5bb69b7e0,
0x000002a5bb699710, 0x000002a5cacfe8e0, 0x000002a5cad00320, 0x000002a5cacfef70,
0x000002a5cacfe250, 0x000002a5cacfdbc0, 0x000002a5cacff600, 0x000002a5cacfc180,
0x000002a5cacfc810, 0x000002a5cacfcea0, 0x000002a5cad009b0, 0x000002a5cacfd530,
0x000002a5cad02a80, 0x000002a5cad023f0, 0x000002a5cad03110, 0x000002a5cacffc90,
0x000002a5cad037a0, 0x000002a5cad03e30, 0x000002a5cad044c0, 0x000002a5cad07fd0,
0x000002a5cad08660, 0x000002a5cad05870, 0x000002a5cad07940, 0x000002a5cad051e0,
0x000002a5cad072b0, 0x000002a5cad04b50, 0x000002a5cad01d60, 0x000002a5cad05f00,
0x000002a5cad06590, 0x000002a5cad08cf0, 0x000002a5cad09380, 0x000002a5cad06c20,
0x000002a5cad0c800, 0x000002a5cad0c170, 0x000002a5cad0d520, 0x000002a5cad0dbb0,
0x000002a5cad0ce90, 0x000002a5cad0a730, 0x000002a5cad0adc0, 0x000002a5cad01040,
0x000002a5cad0a0a0, 0x000002a5cad0bae0, 0x000002a5cad0e240, 0x000002a5cad109a0,
0x000002a5cad0f5f0, 0x000002a5cad016d0, 0x000002a5cad0ef60, 0x000002a5cad116c0,
0x000002a5cad0fc80, 0x000002a5cad10310, 0x000002a5cad11d50, 0x000002a5cad11030,
0x000002a5cad0e8d0, 0x000002a5cad12a70, 0x000002a5cad13790, 0x000002a5cad123e0,
0x000002a5cad144b0, 0x000002a5cad13100, 0x000002a5cad15ef0, 0x000002a5cad14b40,
0x000002a5cad13e20, 0x000002a5cad151d0, 0x000002a5cad15860, 0x000002a5cad17930,
0x000002a5cad19370, 0x000002a5cad18650, 0x000002a5cad16580, 0x000002a5cad17fc0,
0x000002a5cad19a00, 0x000002a5cad16c10, 0x000002a5cad18ce0, 0x000002a5cad1a090,
0x000002a5cad1a720, 0x000002a5cad1d510, 0x000002a5cad1bad0, 0x000002a5cad1c160,
0x000002a5cad1c7f0, 0x000002a5cad1e230, 0x000002a5cad1ce80, 0x000002a5cad1b440,
0x000002a5cad1dba0, 0x000002a5cad1adb0, 0x000002a5cad216b0, 0x000002a5cad21d40,
0x000002a5cad1e8c0, 0x000002a5cad223d0, 0x000002a5cad20300, 0x000002a5cad1f5e0,
0x000002a5cad1fc70, 0x000002a5cad20990, 0x000002a5cad21020, 0x000002a5cad1ef50,
0x000002a5cad23e10, 0x000002a5cad244a0, 0x000002a5cad25850, 0x000002a5cad24b30,
0x000002a5cad25ee0, 0x000002a5cad22a60, 0x000002a5cad251c0, 0x000002a5cad0b450,
0x000002a5cad26570, 0x000002a5cad230f0, 0x000002a5cad26c00, 0x000002a5cad23780,
0x000002a5cad2a710, 0x000002a5cad27290, 0x000002a5cad28640, 0x000002a5cad28cd0,
0x000002a5cad2ada0, 0x000002a5cad27920, 0x000002a5cad2b430, 0x000002a5cad27fb0,
0x000002a5cad172a0, 0x000002a5cad2c150, 0x000002a5cad299f0, 0x000002a5cad2bac0,
0x000002a5cad2d500, 0x000002a5cad2c7e0, 0x000002a5cad33e00, 0x000002a5cad36560,
0x000002a5cad399e0, 0x000002a5cad3bab0, 0x000002a5bb6b5be0, 0x000002a5bb6b5550,
0x000002a5bb6b8340, 0x000002a5bb699da0, 0x000002a5bb69be70, 0x000002a5bb69a430,
0x000002a5bb699080, 0x000002a5bb69d8b0, 0x000002a5bb6a2770, 0x000002a5bb6a2e00,
0x000002a5bb6a9d90, 0x000002a5bb6b0d20, 0x000002a5bb6ab140, 0x000002a5bb6af2e0,
0x000002a5bb6a4840, 0x000002a5bb6af970, 0x000002a5bb6b13b0, 0x000002a5bb6b0690,
0x000002a5bb6adf30, 0x000002a5bb6b1a40, 0x000002a5bc216580, 0x000002a5bc222a60,
0x000002a5cad09a10, 0x000002a5cad31d30, 0x000002a5af6756c0, 0x000002a5af67e720,
0x000002a5a218c4e0, 0x000002a5cad3c7d0, 0x000002a5bb6b2df0, 0x000002a5adeaa5c0,
0x000002a5cb146200, 0x000002a5cb1447c0, 0x000002a5cb144130, 0x000002a5cb145b70,
0x000002a5cb148960, 0x000002a5cb1482d0, 0x000002a5cb147c40, 0x000002a5cb1454e0,
0x000002a5cb14b750, 0x000002a5cb14bde0, 0x000002a5cb14aa30, 0x000002a5cb14cb00,
0x000002a5cb1475b0, 0x000002a5cb144e50, 0x000002a5cb14b0c0, 0x000002a5cb14d190,
0x000002a5cb149d10, 0x000002a5cb14a3a0, 0x000002a5cb146f20, 0x000002a5cb14f260,
0x000002a5cb150610, 0x000002a5cb14deb0, 0x000002a5cb14f8f0, 0x000002a5cb14ff80,
0x000002a5cb14d820, 0x000002a5cb1519c0, 0x000002a5cb154120, 0x000002a5cb152d70,
0x000002a5cb1526e0, 0x000002a5cb14ebd0, 0x000002a5cb1547b0, 0x000002a5cb152050,
0x000002a5cb153a90, 0x000002a5cb1582c0, 0x000002a5cb1561f0, 0x000002a5cb1575a0,
0x000002a5cb150ca0, 0x000002a5cb156880, 0x000002a5cb158950, 0x000002a5cb1554d0,
0x000002a5cb155b60, 0x000002a5cb159d00, 0x000002a5cb159670, 0x000002a5cb157c30,
0x000002a5cb15dea0, 0x000002a5cb15aa20, 0x000002a5cb15b0b0, 0x000002a5cb15d810,
0x000002a5cb156f10, 0x000002a5cb15b740, 0x000002a5cb15d180, 0x000002a5cb15a390,
0x000002a5cb15ff70, 0x000002a5cb161320, 0x000002a5cb15e530, 0x000002a5cb15f8e0,
0x000002a5cb1626d0, 0x000002a5cb1647a0, 0x000002a5cb162d60, 0x000002a5cb164e30,
0x000002a5cb1619b0, 0x000002a5cb160c90, 0x000002a5cb162040, 0x000002a5cb160600,
0x000002a5cb165b50, 0x000002a5cb166870, 0x000002a5cb164110, 0x000002a5cb166f00,
0x000002a5cb1654c0, 0x000002a5cb168fd0, 0x000002a5cb167c20, 0x000002a5cb153400,
0x000002a5cb1633f0, 0x000002a5cb163a80, 0x000002a5cb167590, 0x000002a5cb12c490,
0x000002a5cb129d30, 0x000002a5cb12cb20, 0x000002a5cb12d840, 0x000002a5cb12d1b0,
0x000002a5cb12a3c0, 0x000002a5cb1682b0, 0x000002a5cb12ded0, 0x000002a5cb12be00,
0x000002a5cb131350, 0x000002a5cb12ebf0, 0x000002a5cb12f280, 0x000002a5cb1319e0,
0x000002a5cb1661e0, 0x000002a5cb12b770, 0x000002a5cb130630, 0x000002a5cb146890,
0x000002a5cb154e40, 0x000002a5cb15ebc0, 0x000002a5cb12b0e0, 0x000002a5cb12f910,
0x000002a5cb132d90, 0x000002a5cb130cc0, 0x000002a5cb12aa50, 0x000002a5cb133ab0,
0x000002a5cb135b80, 0x000002a5cb134140, 0x000002a5cb133420, 0x000002a5cb136f30,
0x000002a5cb1375c0, 0x000002a5cb137c50, 0x000002a5cb1354f0, 0x000002a5cb136210,
0x000002a5cb1368a0, 0x000002a5cb149680, 0x000002a5cb15bdd0, 0x000002a5cb14c470,
0x000002a5cb15c460, 0x000002a5cb158fe0, 0x000002a5cb12ffa0, 0x000002a5cb148ff0,
0x000002a5cb1347d0, 0x000002a5cb134e60, 0x000002a5cb13bdf0, 0x000002a5cb139000,
0x000002a5cb13a3b0, 0x000002a5cb139d20, 0x000002a5cb13b0d0, 0x000002a5cb139690,
0x000002a5cb13aa40, 0x000002a5cb15caf0, 0x000002a5cb15f250, 0x000002a5cb14e540,
0x000002a5cb138970, 0x000002a5cb13ebe0, 0x000002a5cb13f270, 0x000002a5cb151330,
0x000002a5cb13f900, 0x000002a5cb1382e0, 0x000002a5cb13e550, 0x000002a5cb13c480,
0x000002a5cb13ff90, 0x000002a5cb13cb10, 0x000002a5cb12e560, 0x000002a5cb132700,
0x000002a5cb13d1a0, 0x000002a5cb13b760, 0x000002a5cb140620, 0x000002a5cb140cb0,
0x000002a5cb13d830, 0x000002a5cb132070, 0x000002a5cb141340, 0x000002a5cb143410,
0x000002a5cb1419d0, 0x000002a5cb168940, 0x000002a5cb169660, 0x000002a5cad330e0,
0x000002a5cad32a50, 0x000002a5cad33770, 0x000002a5cad316a0, 0x000002a5cad35840,
0x000002a5cad35ed0, 0x000002a5cad37910, 0x000002a5cad351b0, 0x000002a5cad37280,
0x000002a5cad30980, 0x000002a5cad34b20, 0x000002a5cad3b420, 0x000002a5cad38630,
0x000002a5cad38cc0, 0x000002a5cad3c140, 0x000002a5cad3a700, 0x000002a5cad31010,
0x000002a5cad3a070, 0x000002a5cad3ad90, 0x000002a5cad36bf0, 0x000002a5cad34490,
0x000002a5cad29360, 0x000002a5cad2ce70, 0x000002a5cad323c0, 0x000002a5cad2a080,
0x000002a5cad2e220, 0x000002a5cad2e8b0, 0x000002a5cad2db90, 0x000002a5cad2fc60,
0x000002a5cad37fa0, 0x000002a5cad39350, 0x000002a5cad2ef40, 0x000002a5cad2f5d0,
0x000002a5cad302f0
}

Java Threads: ( => current thread )
  0x000002a534f99e00 JavaThread "main"                              [_thread_blocked, id=28456, stack(0x000000b9b1800000,0x000000b9b1900000) (1024K)]
  0x000002a53505a840 JavaThread "Reference Handler"          daemon [_thread_blocked, id=7100, stack(0x000000b9b1c00000,0x000000b9b1d00000) (1024K)]
  0x000002a534f13fd0 JavaThread "Finalizer"                  daemon [_thread_blocked, id=32204, stack(0x000000b9b1d00000,0x000000b9b1e00000) (1024K)]
  0x000002a534f17500 JavaThread "Signal Dispatcher"          daemon [_thread_blocked, id=12976, stack(0x000000b9b1e00000,0x000000b9b1f00000) (1024K)]
  0x000002a534f17f60 JavaThread "Attach Listener"            daemon [_thread_blocked, id=10656, stack(0x000000b9b1f00000,0x000000b9b2000000) (1024K)]
  0x000002a534f189c0 JavaThread "Service Thread"             daemon [_thread_blocked, id=20408, stack(0x000000b9b2000000,0x000000b9b2100000) (1024K)]
  0x000002a534f19420 JavaThread "Monitor Deflation Thread"   daemon [_thread_blocked, id=13128, stack(0x000000b9b2100000,0x000000b9b2200000) (1024K)]
=>0x000002a534f1a1b0 JavaThread "C2 CompilerThread0"         daemon [_thread_in_native, id=13800, stack(0x000000b9b2200000,0x000000b9b2300000) (1024K)]
  0x000002a58e24c850 JavaThread "C1 CompilerThread0"         daemon [_thread_blocked, id=22252, stack(0x000000b9b2300000,0x000000b9b2400000) (1024K)]
  0x000002a58e3d7380 JavaThread "Common-Cleaner"             daemon [_thread_blocked, id=16300, stack(0x000000b9b2400000,0x000000b9b2500000) (1024K)]
  0x000002a58e5449c0 JavaThread "Notification Thread"        daemon [_thread_blocked, id=31780, stack(0x000000b9b2500000,0x000000b9b2600000) (1024K)]
  0x000002a58ecb5420 JavaThread "Active Thread: Equinox Container: 71e5e5c9-906a-4527-9ca1-f39a369fb4aa"        [_thread_blocked, id=1724, stack(0x000000b9b2c00000,0x000000b9b2d00000) (1024K)]
  0x000002a58ee02770 JavaThread "Refresh Thread: Equinox Container: 71e5e5c9-906a-4527-9ca1-f39a369fb4aa" daemon [_thread_blocked, id=25460, stack(0x000000b9b2e00000,0x000000b9b2f00000) (1024K)]
  0x000002a58eac5c80 JavaThread "Framework Event Dispatcher: Equinox Container: 71e5e5c9-906a-4527-9ca1-f39a369fb4aa" daemon [_thread_blocked, id=13248, stack(0x000000b9b2f00000,0x000000b9b3000000) (1024K)]
  0x000002a58ebf9270 JavaThread "Start Level: Equinox Container: 71e5e5c9-906a-4527-9ca1-f39a369fb4aa" daemon [_thread_blocked, id=17968, stack(0x000000b9b3000000,0x000000b9b3100000) (1024K)]
  0x000002a5935eb6d0 JavaThread "Bundle File Closer"         daemon [_thread_blocked, id=24796, stack(0x000000b9b3100000,0x000000b9b3200000) (1024K)]
  0x000002a5935c1a40 JavaThread "SCR Component Actor"        daemon [_thread_blocked, id=23140, stack(0x000000b9b3200000,0x000000b9b3300000) (1024K)]
  0x000002a58ed84ae0 JavaThread "Worker-JM"                         [_thread_blocked, id=26572, stack(0x000000b9b3300000,0x000000b9b3400000) (1024K)]
  0x000002a593692db0 JavaThread "JNA Cleaner"                daemon [_thread_blocked, id=8716, stack(0x000000b9b3400000,0x000000b9b3500000) (1024K)]
  0x000002a593695ba0 JavaThread "Java indexing"              daemon [_thread_blocked, id=24764, stack(0x000000b9b3700000,0x000000b9b3800000) (1024K)]
  0x000002a593696230 JavaThread "Worker-3: Initialize workspace"        [_thread_blocked, id=26868, stack(0x000000b9b3c00000,0x000000b9b3d00000) (1024K)]
  0x000002a5936947f0 JavaThread "pool-2-thread-1"                   [_thread_blocked, id=3276, stack(0x000000b9b3f00000,0x000000b9b4000000) (1024K)]
  0x000002a5957b4210 JavaThread "Timer-0"                           [_thread_blocked, id=8020, stack(0x000000b9b4000000,0x000000b9b4100000) (1024K)]
  0x000002a5957b48a0 JavaThread "Timer-1"                           [_thread_blocked, id=1316, stack(0x000000b9b4100000,0x000000b9b4200000) (1024K)]
  0x000002a5957b1420 JavaThread "WorkspaceEventsHandler"            [_thread_blocked, id=18252, stack(0x000000b9b4200000,0x000000b9b4300000) (1024K)]
  0x000002a5957b3b80 JavaThread "pool-1-thread-1"                   [_thread_blocked, id=7216, stack(0x000000b9b4300000,0x000000b9b4400000) (1024K)]
  0x000002a5957b55c0 JavaThread "Timer-2"                           [_thread_blocked, id=29956, stack(0x000000b9b4600000,0x000000b9b4700000) (1024K)]
  0x000002a5957b2140 JavaThread "Timer-3"                           [_thread_blocked, id=18608, stack(0x000000b9b4400000,0x000000b9b4500000) (1024K)]
  0x000002a5957b5c50 JavaThread "Timer-4"                           [_thread_blocked, id=21432, stack(0x000000b9b4700000,0x000000b9b4800000) (1024K)]
  0x000002a5957b2e60 JavaThread "Timer-5"                           [_thread_blocked, id=10956, stack(0x000000b9b4800000,0x000000b9b4900000) (1024K)]
  0x000002a5957b7690 JavaThread "Timer-6"                           [_thread_blocked, id=11660, stack(0x000000b9b4900000,0x000000b9b4a00000) (1024K)]
  0x000002a5957b62e0 JavaThread "Timer-7"                           [_thread_blocked, id=24228, stack(0x000000b9b4a00000,0x000000b9b4b00000) (1024K)]
  0x000002a5957b83b0 JavaThread "Timer-8"                           [_thread_blocked, id=29572, stack(0x000000b9b4b00000,0x000000b9b4c00000) (1024K)]
  0x000002a5957b1ab0 JavaThread "Timer-9"                           [_thread_blocked, id=11072, stack(0x000000b9b4500000,0x000000b9b4600000) (1024K)]
  0x000002a5957b8a40 JavaThread "Timer-10"                          [_thread_blocked, id=21436, stack(0x000000b9b4d00000,0x000000b9b4e00000) (1024K)]
  0x000002a5957b7d20 JavaThread "Timer-11"                          [_thread_blocked, id=11896, stack(0x000000b9b4f00000,0x000000b9b5000000) (1024K)]
  0x000002a5969f6370 JavaThread "Timer-12"                          [_thread_blocked, id=27412, stack(0x000000b9b5000000,0x000000b9b5100000) (1024K)]
  0x000002a5969f5ce0 JavaThread "Timer-13"                          [_thread_blocked, id=17048, stack(0x000000b9b5100000,0x000000b9b5200000) (1024K)]
  0x000002a5969f6a00 JavaThread "Timer-14"                          [_thread_blocked, id=1816, stack(0x000000b9b5300000,0x000000b9b5400000) (1024K)]
  0x000002a5969f3c10 JavaThread "Timer-15"                          [_thread_blocked, id=20396, stack(0x000000b9b5200000,0x000000b9b5300000) (1024K)]
  0x000002a5969f4fc0 JavaThread "Timer-16"                          [_thread_blocked, id=30820, stack(0x000000b9b5400000,0x000000b9b5500000) (1024K)]
  0x000002a5957b6970 JavaThread "Timer-17"                          [_thread_blocked, id=9552, stack(0x000000b9b5800000,0x000000b9b5900000) (1024K)]
  0x000002a58e3a75e0 JavaThread "Timer-18"                          [_thread_blocked, id=15268, stack(0x000000b9b5900000,0x000000b9b5a00000) (1024K)]
  0x000002a58e3a4160 JavaThread "Timer-19"                          [_thread_blocked, id=30684, stack(0x000000b9b5a00000,0x000000b9b5b00000) (1024K)]
  0x000002a58e3a4e80 JavaThread "Timer-20"                          [_thread_blocked, id=14048, stack(0x000000b9b5b00000,0x000000b9b5c00000) (1024K)]
  0x000002a58e3a7c70 JavaThread "Timer-21"                          [_thread_blocked, id=18728, stack(0x000000b9b1600000,0x000000b9b1700000) (1024K)]
  0x000002a58e3a6230 JavaThread "Timer-22"                          [_thread_blocked, id=12460, stack(0x000000b9b5c00000,0x000000b9b5d00000) (1024K)]
  0x000002a58e3a8300 JavaThread "Timer-23"                          [_thread_blocked, id=20804, stack(0x000000b9b5600000,0x000000b9b5700000) (1024K)]
  0x000002a58e3a8990 JavaThread "Timer-24"                          [_thread_blocked, id=28484, stack(0x000000b9b5700000,0x000000b9b5800000) (1024K)]
  0x000002a58e3a5ba0 JavaThread "Timer-25"                          [_thread_blocked, id=2904, stack(0x000000b9b6100000,0x000000b9b6200000) (1024K)]
  0x000002a58e3a96b0 JavaThread "Timer-26"                          [_thread_blocked, id=20752, stack(0x000000b9b6300000,0x000000b9b6400000) (1024K)]
  0x000002a58e3ab0f0 JavaThread "Timer-27"                          [_thread_blocked, id=23476, stack(0x000000b9b6200000,0x000000b9b6300000) (1024K)]
  0x000002a58e3aaa60 JavaThread "Timer-28"                          [_thread_blocked, id=11324, stack(0x000000b9b6400000,0x000000b9b6500000) (1024K)]
  0x000002a58e3aa3d0 JavaThread "Timer-29"                          [_thread_blocked, id=19644, stack(0x000000b9b6000000,0x000000b9b6100000) (1024K)]
  0x000002a5969f42a0 JavaThread "Timer-30"                          [_thread_blocked, id=1400, stack(0x000000b9b6700000,0x000000b9b6800000) (1024K)]
  0x000002a5969f5650 JavaThread "Timer-31"                          [_thread_blocked, id=7992, stack(0x000000b9b6900000,0x000000b9b6a00000) (1024K)]
  0x000002a597c62770 JavaThread "Timer-32"                          [_thread_blocked, id=16840, stack(0x000000b9b6a00000,0x000000b9b6b00000) (1024K)]
  0x000002a597c62e00 JavaThread "Timer-33"                          [_thread_blocked, id=15804, stack(0x000000b9b6b00000,0x000000b9b6c00000) (1024K)]
  0x000002a597c64ed0 JavaThread "Timer-34"                          [_thread_blocked, id=21896, stack(0x000000b9b6c00000,0x000000b9b6d00000) (1024K)]
  0x000002a597c65560 JavaThread "Timer-35"                          [_thread_blocked, id=24828, stack(0x000000b9b5e00000,0x000000b9b5f00000) (1024K)]
  0x000002a597c63b20 JavaThread "Timer-36"                          [_thread_blocked, id=17112, stack(0x000000b9b6600000,0x000000b9b6700000) (1024K)]
  0x000002a58e3a6f50 JavaThread "Timer-37"                          [_thread_blocked, id=24364, stack(0x000000b9b6f00000,0x000000b9b7000000) (1024K)]
  0x000002a58e3a5510 JavaThread "Timer-38"                          [_thread_blocked, id=5128, stack(0x000000b9b7100000,0x000000b9b7200000) (1024K)]
  0x000002a596a8b530 JavaThread "Timer-39"                          [_thread_blocked, id=17896, stack(0x000000b9b7200000,0x000000b9b7300000) (1024K)]
  0x000002a596a89af0 JavaThread "Timer-40"                          [_thread_blocked, id=29436, stack(0x000000b9b7300000,0x000000b9b7400000) (1024K)]
  0x000002a596a8bbc0 JavaThread "Timer-41"                          [_thread_blocked, id=21944, stack(0x000000b9b7600000,0x000000b9b7700000) (1024K)]
  0x000002a596a88740 JavaThread "Timer-42"                          [_thread_blocked, id=9404, stack(0x000000b9b7800000,0x000000b9b7900000) (1024K)]
  0x000002a596a8aea0 JavaThread "Timer-43"                          [_thread_blocked, id=9184, stack(0x000000b9b7b00000,0x000000b9b7c00000) (1024K)]
  0x000002a596a8a810 JavaThread "Timer-44"                          [_thread_blocked, id=13504, stack(0x000000b9b7c00000,0x000000b9b7d00000) (1024K)]
  0x000002a596a8c8e0 JavaThread "Timer-45"                          [_thread_blocked, id=22776, stack(0x000000b9b1500000,0x000000b9b1600000) (1024K)]
  0x000002a596a8f6d0 JavaThread "Timer-46"                          [_thread_blocked, id=18004, stack(0x000000b9b1700000,0x000000b9b1800000) (1024K)]
  0x000002a596a8f040 JavaThread "Timer-47"                          [_thread_blocked, id=24656, stack(0x000000b9b7f00000,0x000000b9b8000000) (1024K)]
  0x000002a597c65bf0 JavaThread "Timer-48"                          [_thread_blocked, id=26204, stack(0x000000b9b7d00000,0x000000b9b7e00000) (1024K)]
  0x000002a597c64840 JavaThread "Timer-49"                          [_thread_blocked, id=25296, stack(0x000000b9b8100000,0x000000b9b8200000) (1024K)]
  0x000002a596a8e320 JavaThread "Timer-50"                          [_thread_blocked, id=22984, stack(0x000000b9b8300000,0x000000b9b8400000) (1024K)]
  0x000002a58e3a9d40 JavaThread "Timer-51"                          [_thread_blocked, id=26004, stack(0x000000b9b8200000,0x000000b9b8300000) (1024K)]
  0x000002a58e6c4ca0 JavaThread "Timer-52"                          [_thread_blocked, id=30296, stack(0x000000b9b8400000,0x000000b9b8500000) (1024K)]
  0x000002a58e6c1eb0 JavaThread "Timer-53"                          [_thread_blocked, id=30656, stack(0x000000b9b8600000,0x000000b9b8700000) (1024K)]
  0x000002a58e6c3f80 JavaThread "Timer-54"                          [_thread_blocked, id=1340, stack(0x000000b9b8700000,0x000000b9b8800000) (1024K)]
  0x000002a58e6c2540 JavaThread "Timer-55"                          [_thread_blocked, id=13236, stack(0x000000b9b7500000,0x000000b9b7600000) (1024K)]
  0x000002a58e6c59c0 JavaThread "Timer-56"                          [_thread_blocked, id=26756, stack(0x000000b9b7700000,0x000000b9b7800000) (1024K)]
  0x000002a58e6c4610 JavaThread "Timer-57"                          [_thread_blocked, id=12808, stack(0x000000b9b7e00000,0x000000b9b7f00000) (1024K)]
  0x000002a58e6c6050 JavaThread "Timer-58"                          [_thread_blocked, id=12704, stack(0x000000b9b8800000,0x000000b9b8900000) (1024K)]
  0x000002a58e6c66e0 JavaThread "Timer-59"                          [_thread_blocked, id=29440, stack(0x000000b9b8b00000,0x000000b9b8c00000) (1024K)]
  0x000002a58e6c7400 JavaThread "Timer-60"                          [_thread_blocked, id=30048, stack(0x000000b9b8d00000,0x000000b9b8e00000) (1024K)]
  0x000002a58e6c7a90 JavaThread "Worker-12: Initialize workspace"        [_thread_blocked, id=23176, stack(0x000000b9b8e00000,0x000000b9b8f00000) (1024K)]
  0x000002a58e6c8e40 JavaThread "Timer-61"                          [_thread_blocked, id=9984, stack(0x000000b9b8f00000,0x000000b9b9000000) (1024K)]
  0x000002a58e6c8120 JavaThread "Timer-62"                          [_thread_blocked, id=32180, stack(0x000000b9b9000000,0x000000b9b9100000) (1024K)]
  0x000002a596a8d600 JavaThread "Timer-63"                          [_thread_blocked, id=29716, stack(0x000000b9b7000000,0x000000b9b7100000) (1024K)]
  0x000002a596a8a180 JavaThread "Timer-64"                          [_thread_blocked, id=32500, stack(0x000000b9b9100000,0x000000b9b9200000) (1024K)]
  0x000002a5971b77d0 JavaThread "Timer-65"                          [_thread_blocked, id=32672, stack(0x000000b9b8a00000,0x000000b9b8b00000) (1024K)]
  0x000002a5971b5070 JavaThread "Timer-66"                          [_thread_blocked, id=7124, stack(0x000000b9b8c00000,0x000000b9b8d00000) (1024K)]
  0x000002a5971b7e60 JavaThread "Timer-67"                          [_thread_blocked, id=18856, stack(0x000000b9b9600000,0x000000b9b9700000) (1024K)]
  0x000002a5971b84f0 JavaThread "Timer-68"                          [_thread_blocked, id=16156, stack(0x000000b9b9800000,0x000000b9b9900000) (1024K)]
  0x000002a5971b98a0 JavaThread "Timer-69"                          [_thread_blocked, id=18916, stack(0x000000b9b9900000,0x000000b9b9a00000) (1024K)]
  0x000002a5971b8b80 JavaThread "Timer-70"                          [_thread_blocked, id=18364, stack(0x000000b9b9a00000,0x000000b9b9b00000) (1024K)]
  0x000002a5971b6420 JavaThread "Timer-71"                          [_thread_blocked, id=28140, stack(0x000000b9b3a00000,0x000000b9b3b00000) (1024K)]
  0x000002a5971b6ab0 JavaThread "Timer-72"                          [_thread_blocked, id=24640, stack(0x000000b9b4e00000,0x000000b9b4f00000) (1024K)]
  0x000002a5971bc690 JavaThread "Worker-14: Initialize workspace"        [_thread_blocked, id=16004, stack(0x000000b9b9200000,0x000000b9b9300000) (1024K)]
  0x000002a5971bac50 JavaThread "Timer-73"                          [_thread_blocked, id=4744, stack(0x000000b9b9400000,0x000000b9b9500000) (1024K)]
  0x000002a5971b9f30 JavaThread "Timer-74"                          [_thread_blocked, id=6040, stack(0x000000b9b9500000,0x000000b9b9600000) (1024K)]
  0x000002a5971ba5c0 JavaThread "Timer-75"                          [_thread_blocked, id=15344, stack(0x000000b9b9700000,0x000000b9b9800000) (1024K)]
  0x000002a5971bb2e0 JavaThread "Timer-76"                          [_thread_blocked, id=27964, stack(0x000000b9b9b00000,0x000000b9b9c00000) (1024K)]
  0x000002a58e6c87b0 JavaThread "Timer-77"                          [_thread_blocked, id=13964, stack(0x000000b9b5500000,0x000000b9b5600000) (1024K)]
  0x000002a58e6c94d0 JavaThread "Timer-78"                          [_thread_blocked, id=9492, stack(0x000000b9b9c00000,0x000000b9b9d00000) (1024K)]
  0x000002a5971b9210 JavaThread "Timer-79"                          [_thread_blocked, id=30908, stack(0x000000b9b9f00000,0x000000b9ba000000) (1024K)]
  0x000002a5971b7140 JavaThread "Timer-80"                          [_thread_blocked, id=29960, stack(0x000000b9ba000000,0x000000b9ba100000) (1024K)]
  0x000002a58e3a68c0 JavaThread "Timer-81"                          [_thread_blocked, id=22864, stack(0x000000b9ba100000,0x000000b9ba200000) (1024K)]
  0x000002a5969f3580 JavaThread "Timer-82"                          [_thread_blocked, id=14464, stack(0x000000b9b9d00000,0x000000b9b9e00000) (1024K)]
  0x000002a596a88dd0 JavaThread "Timer-83"                          [_thread_blocked, id=12316, stack(0x000000b9b6500000,0x000000b9b6600000) (1024K)]
  0x000002a596a8cf70 JavaThread "Timer-84"                          [_thread_blocked, id=23020, stack(0x000000b9b6d00000,0x000000b9b6e00000) (1024K)]
  0x000002a58e6c5330 JavaThread "Worker-16: Initialize workspace"        [_thread_blocked, id=28676, stack(0x000000b9b8900000,0x000000b9b8a00000) (1024K)]
  0x000002a58e6c38f0 JavaThread "Timer-85"                          [_thread_blocked, id=8364, stack(0x000000b9ba200000,0x000000b9ba300000) (1024K)]
  0x000002a58e3a47f0 JavaThread "Timer-86"                          [_thread_blocked, id=656, stack(0x000000b9ba300000,0x000000b9ba400000) (1024K)]
  0x000002a5971bc000 JavaThread "Timer-87"                          [_thread_blocked, id=31848, stack(0x000000b9ba400000,0x000000b9ba500000) (1024K)]
  0x000002a597c641b0 JavaThread "Timer-88"                          [_thread_blocked, id=8736, stack(0x000000b9ba500000,0x000000b9ba600000) (1024K)]
  0x000002a58e6c6d70 JavaThread "Timer-89"                          [_thread_blocked, id=24116, stack(0x000000b9b5d00000,0x000000b9b5e00000) (1024K)]
  0x000002a596a880b0 JavaThread "Timer-90"                          [_thread_blocked, id=4676, stack(0x000000b9b6e00000,0x000000b9b6f00000) (1024K)]
  0x000002a5971bb970 JavaThread "Timer-91"                          [_thread_blocked, id=13448, stack(0x000000b9b8500000,0x000000b9b8600000) (1024K)]
  0x000002a59a256030 JavaThread "Timer-92"                          [_thread_blocked, id=348, stack(0x000000b9ba700000,0x000000b9ba800000) (1024K)]
  0x000002a59a258100 JavaThread "Timer-93"                          [_thread_blocked, id=1728, stack(0x000000b9ba600000,0x000000b9ba700000) (1024K)]
  0x000002a59a2573e0 JavaThread "Timer-94"                          [_thread_blocked, id=12308, stack(0x000000b9ba800000,0x000000b9ba900000) (1024K)]
  0x000002a59a2566c0 JavaThread "Worker-17: Initialize workspace"        [_thread_blocked, id=1420, stack(0x000000b9b3900000,0x000000b9b3a00000) (1024K)]
  0x000002a59a25b580 JavaThread "Timer-95"                          [_thread_blocked, id=13444, stack(0x000000b9bae00000,0x000000b9baf00000) (1024K)]
  0x000002a59a25bc10 JavaThread "Timer-96"                          [_thread_blocked, id=19756, stack(0x000000b9bb200000,0x000000b9bb300000) (1024K)]
  0x000002a59a25c930 JavaThread "Timer-97"                          [_thread_blocked, id=16588, stack(0x000000b9b3b00000,0x000000b9b3c00000) (1024K)]
  0x000002a59a259b40 JavaThread "Timer-98"                          [_thread_blocked, id=26196, stack(0x000000b9bb600000,0x000000b9bb700000) (1024K)]
  0x000002a58e6c2bd0 JavaThread "Timer-99"                          [_thread_blocked, id=20860, stack(0x000000b9bb500000,0x000000b9bb600000) (1024K)]
  0x000002a59d52a850 JavaThread "Timer-100"                         [_thread_blocked, id=5676, stack(0x000000b9bb700000,0x000000b9bb800000) (1024K)]
  0x000002a59d52c290 JavaThread "Timer-101"                         [_thread_blocked, id=9088, stack(0x000000b9bb400000,0x000000b9bb500000) (1024K)]
  0x000002a59d528e10 JavaThread "Timer-102"                         [_thread_blocked, id=27956, stack(0x000000b9bb800000,0x000000b9bb900000) (1024K)]
  0x000002a59d52c920 JavaThread "Timer-103"                         [_thread_blocked, id=22280, stack(0x000000b9bb900000,0x000000b9bba00000) (1024K)]
  0x000002a59d5294a0 JavaThread "Timer-104"                         [_thread_blocked, id=26956, stack(0x000000b9bba00000,0x000000b9bbb00000) (1024K)]
  0x000002a59d52cfb0 JavaThread "Timer-105"                         [_thread_blocked, id=22700, stack(0x000000b9bbb00000,0x000000b9bbc00000) (1024K)]
  0x000002a59d52e9f0 JavaThread "Timer-106"                         [_thread_blocked, id=32000, stack(0x000000b9bbc00000,0x000000b9bbd00000) (1024K)]
  0x000002a59a257a70 JavaThread "Timer-107"                         [_thread_blocked, id=21180, stack(0x000000b9bc200000,0x000000b9bc300000) (1024K)]
  0x000002a59a2559a0 JavaThread "Timer-108"                         [_thread_blocked, id=26348, stack(0x000000b9bc400000,0x000000b9bc500000) (1024K)]
  0x000002a59a258e20 JavaThread "Timer-109"                         [_thread_blocked, id=31580, stack(0x000000b9bb000000,0x000000b9bb100000) (1024K)]
  0x000002a59a25c2a0 JavaThread "Timer-110"                         [_thread_blocked, id=12840, stack(0x000000b9bb100000,0x000000b9bb200000) (1024K)]
  0x000002a59a25a1d0 JavaThread "Timer-111"                         [_thread_blocked, id=3060, stack(0x000000b9bb300000,0x000000b9bb400000) (1024K)]
  0x000002a59a25a860 JavaThread "Timer-112"                         [_thread_blocked, id=18996, stack(0x000000b9bbf00000,0x000000b9bc000000) (1024K)]
  0x000002a59d52a1c0 JavaThread "Timer-113"                         [_thread_blocked, id=17648, stack(0x000000b9bad00000,0x000000b9bae00000) (1024K)]
  0x000002a59d5280f0 JavaThread "Timer-114"                         [_thread_blocked, id=16528, stack(0x000000b9bc100000,0x000000b9bc200000) (1024K)]
  0x000002a59d52f080 JavaThread "Timer-115"                         [_thread_blocked, id=12576, stack(0x000000b9bc500000,0x000000b9bc600000) (1024K)]
  0x000002a59d52dcd0 JavaThread "Timer-116"                         [_thread_blocked, id=31292, stack(0x000000b9bc600000,0x000000b9bc700000) (1024K)]
  0x000002a59a255310 JavaThread "Timer-117"                         [_thread_blocked, id=13544, stack(0x000000b9bc300000,0x000000b9bc400000) (1024K)]
  0x000002a59a25aef0 JavaThread "Timer-118"                         [_thread_blocked, id=29524, stack(0x000000b9bc700000,0x000000b9bc800000) (1024K)]
  0x000002a59a258790 JavaThread "Timer-119"                         [_thread_blocked, id=23392, stack(0x000000b9bc000000,0x000000b9bc100000) (1024K)]
  0x000002a59a256d50 JavaThread "Timer-120"                         [_thread_blocked, id=29932, stack(0x000000b9bc800000,0x000000b9bc900000) (1024K)]
  0x000002a59df4aa20 JavaThread "Timer-121"                         [_thread_blocked, id=25560, stack(0x000000b9bc900000,0x000000b9bca00000) (1024K)]
  0x000002a59df4b0b0 JavaThread "Timer-122"                         [_thread_blocked, id=10924, stack(0x000000b9bca00000,0x000000b9bcb00000) (1024K)]
  0x000002a59df48950 JavaThread "Timer-123"                         [_thread_blocked, id=20940, stack(0x000000b9bcb00000,0x000000b9bcc00000) (1024K)]
  0x000002a59df4a390 JavaThread "Timer-124"                         [_thread_blocked, id=29684, stack(0x000000b9bcc00000,0x000000b9bcd00000) (1024K)]
  0x000002a59df4d180 JavaThread "Timer-125"                         [_thread_blocked, id=18752, stack(0x000000b9bd000000,0x000000b9bd100000) (1024K)]
  0x000002a59df4f250 JavaThread "Timer-126"                         [_thread_blocked, id=9132, stack(0x000000b9bd200000,0x000000b9bd300000) (1024K)]
  0x000002a59df4d810 JavaThread "Timer-127"                         [_thread_blocked, id=13152, stack(0x000000b9bac00000,0x000000b9bad00000) (1024K)]
  0x000002a59df4e530 JavaThread "Timer-128"                         [_thread_blocked, id=10688, stack(0x000000b9bd400000,0x000000b9bd500000) (1024K)]
  0x000002a59d52b570 JavaThread "Timer-129"                         [_thread_blocked, id=18528, stack(0x000000b9bd600000,0x000000b9bd700000) (1024K)]
  0x000002a59d529b30 JavaThread "Timer-130"                         [_thread_blocked, id=11996, stack(0x000000b9bd700000,0x000000b9bd800000) (1024K)]
  0x000002a59df4dea0 JavaThread "Timer-131"                         [_thread_blocked, id=26960, stack(0x000000b9bbe00000,0x000000b9bbf00000) (1024K)]
  0x000002a59df4f8e0 JavaThread "Timer-132"                         [_thread_blocked, id=11692, stack(0x000000b9bcf00000,0x000000b9bd000000) (1024K)]
  0x000002a59df4bdd0 JavaThread "Timer-133"                         [_thread_blocked, id=21472, stack(0x000000b9bbd00000,0x000000b9bbe00000) (1024K)]
  0x000002a59df4c460 JavaThread "Timer-134"                         [_thread_blocked, id=28420, stack(0x000000b9bd500000,0x000000b9bd600000) (1024K)]
  0x000002a59d528780 JavaThread "Timer-135"                         [_thread_blocked, id=12776, stack(0x000000b9bd100000,0x000000b9bd200000) (1024K)]
  0x000002a59d52e360 JavaThread "Timer-136"                         [_thread_blocked, id=29320, stack(0x000000b9bd800000,0x000000b9bd900000) (1024K)]
  0x000002a59d52d640 JavaThread "Timer-137"                         [_thread_blocked, id=25212, stack(0x000000b9baa00000,0x000000b9bab00000) (1024K)]
  0x000002a59d52f710 JavaThread "Timer-138"                         [_thread_blocked, id=18708, stack(0x000000b9bab00000,0x000000b9bac00000) (1024K)]
  0x000002a59df4b740 JavaThread "Timer-139"                         [_thread_blocked, id=19744, stack(0x000000b9baf00000,0x000000b9bb000000) (1024K)]
  0x000002a59df49d00 JavaThread "Timer-140"                         [_thread_blocked, id=30520, stack(0x000000b9bd900000,0x000000b9bda00000) (1024K)]
  0x000002a59df48fe0 JavaThread "Timer-141"                         [_thread_blocked, id=17120, stack(0x000000b9bd300000,0x000000b9bd400000) (1024K)]
  0x000002a59df4caf0 JavaThread "Timer-142"                         [_thread_blocked, id=29640, stack(0x000000b9bda00000,0x000000b9bdb00000) (1024K)]
  0x000002a59df4ebc0 JavaThread "Timer-143"                         [_thread_blocked, id=30912, stack(0x000000b9bce00000,0x000000b9bcf00000) (1024K)]
  0x000002a59d52bc00 JavaThread "Timer-144"                         [_thread_blocked, id=29116, stack(0x000000b9bdc00000,0x000000b9bdd00000) (1024K)]
  0x000002a5a0927420 JavaThread "Timer-145"                         [_thread_blocked, id=4296, stack(0x000000b9bdd00000,0x000000b9bde00000) (1024K)]
  0x000002a5a0928e60 JavaThread "Timer-146"                         [_thread_blocked, id=9996, stack(0x000000b9bdf00000,0x000000b9be000000) (1024K)]
  0x000002a5a0926700 JavaThread "Timer-147"                         [_thread_blocked, id=11080, stack(0x000000b9bde00000,0x000000b9bdf00000) (1024K)]
  0x000002a5a0926d90 JavaThread "Timer-148"                         [_thread_blocked, id=27968, stack(0x000000b9be000000,0x000000b9be100000) (1024K)]
  0x000002a5a092af30 JavaThread "Timer-149"                         [_thread_blocked, id=24144, stack(0x000000b9be200000,0x000000b9be300000) (1024K)]
  0x000002a5a0927ab0 JavaThread "Timer-150"                         [_thread_blocked, id=8328, stack(0x000000b9ba900000,0x000000b9baa00000) (1024K)]
  0x000002a5a092b5c0 JavaThread "Timer-151"                         [_thread_blocked, id=13596, stack(0x000000b9be300000,0x000000b9be400000) (1024K)]
  0x000002a5a09294f0 JavaThread "Timer-152"                         [_thread_blocked, id=31332, stack(0x000000b9be600000,0x000000b9be700000) (1024K)]
  0x000002a5a092a210 JavaThread "Timer-153"                         [_thread_blocked, id=23136, stack(0x000000b9be400000,0x000000b9be500000) (1024K)]
  0x000002a5a0929b80 JavaThread "Timer-154"                         [_thread_blocked, id=1784, stack(0x000000b9be500000,0x000000b9be600000) (1024K)]
  0x000002a5a092dd20 JavaThread "Timer-155"                         [_thread_blocked, id=17064, stack(0x000000b9bf300000,0x000000b9bf400000) (1024K)]
  0x000002a5a092d000 JavaThread "Timer-156"                         [_thread_blocked, id=19912, stack(0x000000b9bf400000,0x000000b9bf500000) (1024K)]
  0x000002a5a0931ec0 JavaThread "Timer-157"                         [_thread_blocked, id=13292, stack(0x000000b9bf500000,0x000000b9bf600000) (1024K)]
  0x000002a5a09311a0 JavaThread "Timer-158"                         [_thread_blocked, id=11352, stack(0x000000b9bf700000,0x000000b9bf800000) (1024K)]
  0x000002a5a0933270 JavaThread "Timer-159"                         [_thread_blocked, id=24152, stack(0x000000b9bf800000,0x000000b9bf900000) (1024K)]
  0x000002a5a0933900 JavaThread "Timer-160"                         [_thread_blocked, id=24312, stack(0x000000b9bf900000,0x000000b9bfa00000) (1024K)]
  0x000002a5a0932550 JavaThread "Timer-161"                         [_thread_blocked, id=20276, stack(0x000000b9bfb00000,0x000000b9bfc00000) (1024K)]
  0x000002a5a092f760 JavaThread "Timer-162"                         [_thread_blocked, id=21760, stack(0x000000b9bfd00000,0x000000b9bfe00000) (1024K)]
  0x000002a5a092fdf0 JavaThread "Timer-163"                         [_thread_blocked, id=26152, stack(0x000000b9bec00000,0x000000b9bed00000) (1024K)]
  0x000002a5a092e3b0 JavaThread "Timer-164"                         [_thread_blocked, id=14400, stack(0x000000b9bed00000,0x000000b9bee00000) (1024K)]
  0x000002a5a0930480 JavaThread "Timer-165"                         [_thread_blocked, id=27132, stack(0x000000b9bef00000,0x000000b9bf000000) (1024K)]
  0x000002a5a092d690 JavaThread "Timer-166"                         [_thread_blocked, id=22756, stack(0x000000b9bf000000,0x000000b9bf100000) (1024K)]
  0x000002a5a092f0d0 JavaThread "Timer-167"                         [_thread_blocked, id=12520, stack(0x000000b9bee00000,0x000000b9bef00000) (1024K)]
  0x000002a5a092c2e0 JavaThread "Timer-168"                         [_thread_blocked, id=5520, stack(0x000000b9bf100000,0x000000b9bf200000) (1024K)]
  0x000002a5a0933f90 JavaThread "Timer-169"                         [_thread_blocked, id=14788, stack(0x000000b9bf200000,0x000000b9bf300000) (1024K)]
  0x000002a5a0932be0 JavaThread "Timer-170"                         [_thread_blocked, id=1644, stack(0x000000b9bf600000,0x000000b9bf700000) (1024K)]
  0x000002a5a0931830 JavaThread "Timer-171"                         [_thread_blocked, id=14768, stack(0x000000b9bfa00000,0x000000b9bfb00000) (1024K)]
  0x000002a5a0930b10 JavaThread "Timer-172"                         [_thread_blocked, id=12400, stack(0x000000b9bfc00000,0x000000b9bfd00000) (1024K)]
  0x000002a5a171ec40 JavaThread "Timer-173"                         [_thread_blocked, id=20692, stack(0x000000b9c0100000,0x000000b9c0200000) (1024K)]
  0x000002a5a17213a0 JavaThread "Timer-174"                         [_thread_blocked, id=32584, stack(0x000000b9c0500000,0x000000b9c0600000) (1024K)]
  0x000002a5a1720680 JavaThread "Timer-175"                         [_thread_blocked, id=11600, stack(0x000000b9c0600000,0x000000b9c0700000) (1024K)]
  0x000002a5a1720d10 JavaThread "Timer-176"                         [_thread_blocked, id=11468, stack(0x000000b9c0700000,0x000000b9c0800000) (1024K)]
  0x000002a5a1721a30 JavaThread "Timer-177"                         [_thread_blocked, id=6380, stack(0x000000b9c0800000,0x000000b9c0900000) (1024K)]
  0x000002a5a171f2d0 JavaThread "Timer-178"                         [_thread_blocked, id=16216, stack(0x000000b9c0900000,0x000000b9c0a00000) (1024K)]
  0x000002a5a171f960 JavaThread "Timer-179"                         [_thread_blocked, id=12552, stack(0x000000b9c0a00000,0x000000b9c0b00000) (1024K)]
  0x000002a5a1724190 JavaThread "Timer-180"                         [_thread_blocked, id=22824, stack(0x000000b9c0c00000,0x000000b9c0d00000) (1024K)]
  0x000002a5a1724eb0 JavaThread "Timer-181"                         [_thread_blocked, id=16144, stack(0x000000b9c0000000,0x000000b9c0100000) (1024K)]
  0x000002a5a1723b00 JavaThread "Timer-182"                         [_thread_blocked, id=18744, stack(0x000000b9c0200000,0x000000b9c0300000) (1024K)]
  0x000002a5a1725540 JavaThread "Timer-183"                         [_thread_blocked, id=3836, stack(0x000000b9bdb00000,0x000000b9bdc00000) (1024K)]
  0x000002a5a17220c0 JavaThread "Timer-184"                         [_thread_blocked, id=2916, stack(0x000000b9c0400000,0x000000b9c0500000) (1024K)]
  0x000002a5a1722de0 JavaThread "Timer-185"                         [_thread_blocked, id=32356, stack(0x000000b9be900000,0x000000b9bea00000) (1024K)]
  0x000002a5a1723470 JavaThread "Timer-186"                         [_thread_blocked, id=30864, stack(0x000000b9c0b00000,0x000000b9c0c00000) (1024K)]
  0x000002a5a171fff0 JavaThread "Timer-187"                         [_thread_blocked, id=25552, stack(0x000000b9c0d00000,0x000000b9c0e00000) (1024K)]
  0x000002a5a1724820 JavaThread "Timer-188"                         [_thread_blocked, id=19708, stack(0x000000b9c0e00000,0x000000b9c0f00000) (1024K)]
  0x000002a5a092a8a0 JavaThread "Timer-189"                         [_thread_blocked, id=27772, stack(0x000000b9c0f00000,0x000000b9c1000000) (1024K)]
  0x000002a5a0934cb0 JavaThread "Timer-190"                         [_thread_blocked, id=21020, stack(0x000000b9b9e00000,0x000000b9b9f00000) (1024K)]
  0x000002a5a2180000 JavaThread "Timer-191"                         [_thread_blocked, id=15036, stack(0x000000b9c1600000,0x000000b9c1700000) (1024K)]
  0x000002a5a217df30 JavaThread "Timer-192"                         [_thread_blocked, id=17208, stack(0x000000b9c1900000,0x000000b9c1a00000) (1024K)]
  0x000002a5a217d8a0 JavaThread "Timer-193"                         [_thread_blocked, id=9760, stack(0x000000b9c1a00000,0x000000b9c1b00000) (1024K)]
  0x000002a5a217f2e0 JavaThread "Timer-194"                         [_thread_blocked, id=30844, stack(0x000000b9c1b00000,0x000000b9c1c00000) (1024K)]
  0x000002a5a217e5c0 JavaThread "Timer-195"                         [_thread_blocked, id=836, stack(0x000000b9c1c00000,0x000000b9c1d00000) (1024K)]
  0x000002a5a217ec50 JavaThread "Timer-196"                         [_thread_blocked, id=16716, stack(0x000000b9c1d00000,0x000000b9c1e00000) (1024K)]
  0x000002a5a21841a0 JavaThread "Timer-197"                         [_thread_blocked, id=15564, stack(0x000000b9c1f00000,0x000000b9c2000000) (1024K)]
  0x000002a5a21820d0 JavaThread "Timer-198"                         [_thread_blocked, id=2876, stack(0x000000b9c2000000,0x000000b9c2100000) (1024K)]
  0x000002a5a2183480 JavaThread "Timer-199"                         [_thread_blocked, id=20732, stack(0x000000b9c1200000,0x000000b9c1300000) (1024K)]
  0x000002a5a2180690 JavaThread "Timer-200"                         [_thread_blocked, id=30580, stack(0x000000b9c2200000,0x000000b9c2300000) (1024K)]
  0x000002a5a2186900 JavaThread "Timer-201"                         [_thread_blocked, id=16788, stack(0x000000b9c1800000,0x000000b9c1900000) (1024K)]
  0x000002a5a2182760 JavaThread "Timer-202"                         [_thread_blocked, id=24132, stack(0x000000b9c2100000,0x000000b9c2200000) (1024K)]
  0x000002a5a2186270 JavaThread "Timer-203"                         [_thread_blocked, id=10840, stack(0x000000b9c2500000,0x000000b9c2600000) (1024K)]
  0x000002a5a21889d0 JavaThread "Timer-204"                         [_thread_blocked, id=25208, stack(0x000000b9c2700000,0x000000b9c2800000) (1024K)]
  0x000002a5a2184830 JavaThread "Timer-205"                         [_thread_blocked, id=17956, stack(0x000000b9c1e00000,0x000000b9c1f00000) (1024K)]
  0x000002a5a21813b0 JavaThread "Timer-206"                         [_thread_blocked, id=23888, stack(0x000000b9c2400000,0x000000b9c2500000) (1024K)]
  0x000002a5a2187620 JavaThread "Timer-207"                         [_thread_blocked, id=7656, stack(0x000000b9c2600000,0x000000b9c2700000) (1024K)]
  0x000002a5a2185be0 JavaThread "Timer-208"                         [_thread_blocked, id=27416, stack(0x000000b9c2900000,0x000000b9c2a00000) (1024K)]
  0x000002a5a2183b10 JavaThread "Timer-209"                         [_thread_blocked, id=30868, stack(0x000000b9be800000,0x000000b9be900000) (1024K)]
  0x000002a5a2180d20 JavaThread "Timer-210"                         [_thread_blocked, id=27980, stack(0x000000b9c2300000,0x000000b9c2400000) (1024K)]
  0x000002a5a2187cb0 JavaThread "Timer-211"                         [_thread_blocked, id=6560, stack(0x000000b9c1700000,0x000000b9c1800000) (1024K)]
  0x000002a5a218be50 JavaThread "Timer-212"                         [_thread_blocked, id=29680, stack(0x000000b9c2b00000,0x000000b9c2c00000) (1024K)]
  0x000002a5a2185550 JavaThread "Timer-213"                         [_thread_blocked, id=20600, stack(0x000000b9bcd00000,0x000000b9bce00000) (1024K)]
  0x000002a5a2189060 JavaThread "Timer-214"                         [_thread_blocked, id=28784, stack(0x000000b9c2800000,0x000000b9c2900000) (1024K)]
  0x000002a5a2182df0 JavaThread "Timer-215"                         [_thread_blocked, id=8908, stack(0x000000b9bea00000,0x000000b9beb00000) (1024K)]
  0x000002a5a0928140 JavaThread "Timer-216"                         [_thread_blocked, id=25544, stack(0x000000b9c3100000,0x000000b9c3200000) (1024K)]
  0x000002a5a09287d0 JavaThread "Timer-217"                         [_thread_blocked, id=4456, stack(0x000000b9beb00000,0x000000b9bec00000) (1024K)]
  0x000002a5a092ea40 JavaThread "Timer-218"                         [_thread_blocked, id=13840, stack(0x000000b9c3300000,0x000000b9c3400000) (1024K)]
  0x000002a5a1725bd0 JavaThread "Timer-219"                         [_thread_blocked, id=32380, stack(0x000000b9c1300000,0x000000b9c1400000) (1024K)]
  0x000002a5a1722750 JavaThread "Timer-220"                         [_thread_blocked, id=12720, stack(0x000000b9c3400000,0x000000b9c3500000) (1024K)]
  0x000002a5a2181a40 JavaThread "Timer-221"                         [_thread_blocked, id=20632, stack(0x000000b9be700000,0x000000b9be800000) (1024K)]
  0x000002a5a218b7c0 JavaThread "Timer-222"                         [_thread_blocked, id=24880, stack(0x000000b9c3700000,0x000000b9c3800000) (1024K)]
  0x000002a5a2186f90 JavaThread "Timer-223"                         [_thread_blocked, id=30984, stack(0x000000b9c2f00000,0x000000b9c3000000) (1024K)]
  0x000002a5a218aaa0 JavaThread "Timer-224"                         [_thread_blocked, id=10704, stack(0x000000b9c3600000,0x000000b9c3700000) (1024K)]
  0x000002a5a092c970 JavaThread "Timer-225"                         [_thread_blocked, id=21884, stack(0x000000b9c3800000,0x000000b9c3900000) (1024K)]
  0x000002a5a0934620 JavaThread "Timer-226"                         [_thread_blocked, id=10932, stack(0x000000b9c3900000,0x000000b9c3a00000) (1024K)]
  0x000002a5a217d210 JavaThread "Timer-227"                         [_thread_blocked, id=18796, stack(0x000000b9c0300000,0x000000b9c0400000) (1024K)]
  0x000002a5a218a410 JavaThread "Timer-228"                         [_thread_blocked, id=13644, stack(0x000000b9c1100000,0x000000b9c1200000) (1024K)]
  0x000002a5a218b130 JavaThread "Timer-229"                         [_thread_blocked, id=10400, stack(0x000000b9c2c00000,0x000000b9c2d00000) (1024K)]
  0x000002a5a2188340 JavaThread "Timer-230"                         [_thread_blocked, id=3452, stack(0x000000b9c3200000,0x000000b9c3300000) (1024K)]
  0x000002a5957b34f0 JavaThread "Timer-231"                         [_thread_blocked, id=22432, stack(0x000000b9c3b00000,0x000000b9c3c00000) (1024K)]
  0x000002a5a092bc50 JavaThread "Timer-232"                         [_thread_blocked, id=9728, stack(0x000000b9c3c00000,0x000000b9c3d00000) (1024K)]
  0x000002a59df482c0 JavaThread "Timer-233"                         [_thread_blocked, id=13356, stack(0x000000b9bff00000,0x000000b9c0000000) (1024K)]
  0x000002a5a0926070 JavaThread "Timer-234"                         [_thread_blocked, id=6524, stack(0x000000b9c3d00000,0x000000b9c3e00000) (1024K)]
  0x000002a5ae93e1f0 JavaThread "Timer-235"                         [_thread_blocked, id=7820, stack(0x000000b9c3f00000,0x000000b9c4000000) (1024K)]
  0x000002a5ae93db60 JavaThread "Timer-236"                         [_thread_blocked, id=2772, stack(0x000000b9c4000000,0x000000b9c4100000) (1024K)]
  0x000002a5ae93e880 JavaThread "Timer-237"                         [_thread_blocked, id=4584, stack(0x000000b9c4100000,0x000000b9c4200000) (1024K)]
  0x000002a5ae93ef10 JavaThread "Timer-238"                         [_thread_blocked, id=23224, stack(0x000000b9c4200000,0x000000b9c4300000) (1024K)]
  0x000002a5ae93f5a0 JavaThread "Timer-239"                         [_thread_blocked, id=31228, stack(0x000000b9c2d00000,0x000000b9c2e00000) (1024K)]
  0x000002a5ae93c120 JavaThread "Timer-240"                         [_thread_blocked, id=32164, stack(0x000000b9c3500000,0x000000b9c3600000) (1024K)]
  0x000002a5ae93fc30 JavaThread "Timer-241"                         [_thread_blocked, id=8164, stack(0x000000b9c4300000,0x000000b9c4400000) (1024K)]
  0x000002a5ae9402c0 JavaThread "Timer-242"                         [_thread_blocked, id=6368, stack(0x000000b9c4500000,0x000000b9c4600000) (1024K)]
  0x000002a5ae93ce40 JavaThread "Timer-243"                         [_thread_blocked, id=30640, stack(0x000000b9c4400000,0x000000b9c4500000) (1024K)]
  0x000002a5ae941670 JavaThread "Timer-244"                         [_thread_blocked, id=6008, stack(0x000000b9c4800000,0x000000b9c4900000) (1024K)]
  0x000002a5ae9430b0 JavaThread "Timer-245"                         [_thread_blocked, id=21624, stack(0x000000b9bfe00000,0x000000b9bff00000) (1024K)]
  0x000002a5ae941d00 JavaThread "Timer-246"                         [_thread_blocked, id=8432, stack(0x000000b9c1000000,0x000000b9c1100000) (1024K)]
  0x000002a5ae940fe0 JavaThread "Timer-247"                         [_thread_blocked, id=24180, stack(0x000000b9c2a00000,0x000000b9c2b00000) (1024K)]
  0x000002a5ae942390 JavaThread "Timer-248"                         [_thread_blocked, id=18940, stack(0x000000b9c4900000,0x000000b9c4a00000) (1024K)]
  0x000002a5ae942a20 JavaThread "Timer-249"                         [_thread_blocked, id=28152, stack(0x000000b9c4a00000,0x000000b9c4b00000) (1024K)]
  0x000002a5ae943740 JavaThread "Timer-250"                         [_thread_blocked, id=25864, stack(0x000000b9c4b00000,0x000000b9c4c00000) (1024K)]
  0x000002a5ade9e0e0 JavaThread "Timer-251"                         [_thread_blocked, id=18336, stack(0x000000b9c5700000,0x000000b9c5800000) (1024K)]
  0x000002a5adea1bf0 JavaThread "Timer-252"                         [_thread_blocked, id=14164, stack(0x000000b9c5a00000,0x000000b9c5b00000) (1024K)]
  0x000002a5adea0840 JavaThread "Timer-253"                         [_thread_blocked, id=31836, stack(0x000000b9c5d00000,0x000000b9c5e00000) (1024K)]
  0x000002a5adea2280 JavaThread "Timer-254"                         [_thread_blocked, id=8072, stack(0x000000b9c5e00000,0x000000b9c5f00000) (1024K)]
  0x000002a5adea2910 JavaThread "Timer-255"                         [_thread_blocked, id=17204, stack(0x000000b9c6000000,0x000000b9c6100000) (1024K)]
  0x000002a5ade9f490 JavaThread "Timer-256"                         [_thread_blocked, id=25908, stack(0x000000b9c6100000,0x000000b9c6200000) (1024K)]
  0x000002a5adea6420 JavaThread "Timer-257"                         [_thread_blocked, id=27480, stack(0x000000b9c6200000,0x000000b9c6300000) (1024K)]
  0x000002a5ade9d3c0 JavaThread "Timer-258"                         [_thread_blocked, id=5780, stack(0x000000b9c5400000,0x000000b9c5500000) (1024K)]
  0x000002a5ade9e770 JavaThread "Timer-259"                         [_thread_blocked, id=31548, stack(0x000000b9c5200000,0x000000b9c5300000) (1024K)]
  0x000002a5ade9ee00 JavaThread "Timer-260"                         [_thread_blocked, id=4520, stack(0x000000b9c5300000,0x000000b9c5400000) (1024K)]
  0x000002a5ade9fb20 JavaThread "Timer-261"                         [_thread_blocked, id=2728, stack(0x000000b9c5500000,0x000000b9c5600000) (1024K)]
  0x000002a5ade9cd30 JavaThread "Timer-262"                         [_thread_blocked, id=28552, stack(0x000000b9c5600000,0x000000b9c5700000) (1024K)]
  0x000002a5adea01b0 JavaThread "Timer-263"                         [_thread_blocked, id=24620, stack(0x000000b9c4c00000,0x000000b9c4d00000) (1024K)]
  0x000002a5adea0ed0 JavaThread "Timer-264"                         [_thread_blocked, id=1300, stack(0x000000b9c5800000,0x000000b9c5900000) (1024K)]
  0x000002a5ade9da50 JavaThread "Timer-265"                         [_thread_blocked, id=11760, stack(0x000000b9c5900000,0x000000b9c5a00000) (1024K)]
  0x000002a5adea3630 JavaThread "Timer-266"                         [_thread_blocked, id=21900, stack(0x000000b9c5c00000,0x000000b9c5d00000) (1024K)]
  0x000002a5adea3cc0 JavaThread "Timer-267"                         [_thread_blocked, id=8696, stack(0x000000b9c5b00000,0x000000b9c5c00000) (1024K)]
  0x000002a5adea4350 JavaThread "Timer-268"                         [_thread_blocked, id=13040, stack(0x000000b9c5f00000,0x000000b9c6000000) (1024K)]
  0x000002a5adea77d0 JavaThread "Timer-269"                         [_thread_blocked, id=21824, stack(0x000000b9c6700000,0x000000b9c6800000) (1024K)]
  0x000002a5adea6ab0 JavaThread "Timer-270"                         [_thread_blocked, id=25248, stack(0x000000b9c6a00000,0x000000b9c6b00000) (1024K)]
  0x000002a5adea84f0 JavaThread "Timer-271"                         [_thread_blocked, id=21924, stack(0x000000b9c6b00000,0x000000b9c6c00000) (1024K)]
  0x000002a5adea8b80 JavaThread "Timer-272"                         [_thread_blocked, id=27972, stack(0x000000b9c6c00000,0x000000b9c6d00000) (1024K)]
  0x000002a5adea5700 JavaThread "Timer-273"                         [_thread_blocked, id=31016, stack(0x000000b9c6d00000,0x000000b9c6e00000) (1024K)]
  0x000002a5adeab2e0 JavaThread "Timer-274"                         [_thread_blocked, id=28136, stack(0x000000b9c6e00000,0x000000b9c6f00000) (1024K)]
  0x000002a5adea5070 JavaThread "Timer-275"                         [_thread_blocked, id=30920, stack(0x000000b9c6500000,0x000000b9c6600000) (1024K)]
  0x000002a5adea7e60 JavaThread "Timer-276"                         [_thread_blocked, id=24020, stack(0x000000b9c6800000,0x000000b9c6900000) (1024K)]
  0x000002a5adea9210 JavaThread "Timer-277"                         [_thread_blocked, id=19168, stack(0x000000b9c6600000,0x000000b9c6700000) (1024K)]
  0x000002a5adea5d90 JavaThread "Timer-278"                         [_thread_blocked, id=9240, stack(0x000000b9c6900000,0x000000b9c6a00000) (1024K)]
  0x000002a5adea98a0 JavaThread "Timer-279"                         [_thread_blocked, id=23188, stack(0x000000b9c6f00000,0x000000b9c7000000) (1024K)]
  0x000002a5adea9f30 JavaThread "Timer-280"                         [_thread_blocked, id=24044, stack(0x000000b9c7000000,0x000000b9c7100000) (1024K)]
  0x000002a5adeab970 JavaThread "Timer-281"                         [_thread_blocked, id=20100, stack(0x000000b9c7400000,0x000000b9c7500000) (1024K)]
  0x000002a596a8e9b0 JavaThread "Timer-282"                         [_thread_blocked, id=5432, stack(0x000000b9c7600000,0x000000b9c7700000) (1024K)]
  0x000002a5af665d60 JavaThread "Timer-283"                         [_thread_blocked, id=26072, stack(0x000000b9c7800000,0x000000b9c7900000) (1024K)]
  0x000002a5af6684c0 JavaThread "Timer-284"                         [_thread_blocked, id=27204, stack(0x000000b9c7a00000,0x000000b9c7b00000) (1024K)]
  0x000002a5af665040 JavaThread "Timer-285"                         [_thread_blocked, id=27848, stack(0x000000b9c7b00000,0x000000b9c7c00000) (1024K)]
  0x000002a5af6677a0 JavaThread "Timer-286"                         [_thread_blocked, id=9732, stack(0x000000b9c7c00000,0x000000b9c7d00000) (1024K)]
  0x000002a5af6663f0 JavaThread "Timer-287"                         [_thread_blocked, id=14124, stack(0x000000b9c7e00000,0x000000b9c7f00000) (1024K)]
  0x000002a5af669f00 JavaThread "Timer-288"                         [_thread_blocked, id=30764, stack(0x000000b9c8000000,0x000000b9c8100000) (1024K)]
  0x000002a5af667110 JavaThread "Timer-289"                         [_thread_blocked, id=31976, stack(0x000000b9c7500000,0x000000b9c7600000) (1024K)]
  0x000002a5af66c660 JavaThread "Timer-290"                         [_thread_blocked, id=7440, stack(0x000000b9c7700000,0x000000b9c7800000) (1024K)]
  0x000002a5af66b2b0 JavaThread "Timer-291"                         [_thread_blocked, id=20364, stack(0x000000b9c7900000,0x000000b9c7a00000) (1024K)]
  0x000002a5af66a590 JavaThread "Timer-292"                         [_thread_blocked, id=12396, stack(0x000000b9c7d00000,0x000000b9c7e00000) (1024K)]
  0x000002a5af66bfd0 JavaThread "Timer-293"                         [_thread_blocked, id=14392, stack(0x000000b9c4d00000,0x000000b9c4e00000) (1024K)]
  0x000002a5af6691e0 JavaThread "Timer-294"                         [_thread_blocked, id=24100, stack(0x000000b9c8200000,0x000000b9c8300000) (1024K)]
  0x000002a5af66d380 JavaThread "Timer-295"                         [_thread_blocked, id=31088, stack(0x000000b9b8000000,0x000000b9b8100000) (1024K)]
  0x000002a5af66da10 JavaThread "Timer-296"                         [_thread_blocked, id=8016, stack(0x000000b9c8600000,0x000000b9c8700000) (1024K)]
  0x000002a5af66fae0 JavaThread "Timer-297"                         [_thread_blocked, id=32108, stack(0x000000b9c4600000,0x000000b9c4700000) (1024K)]
  0x000002a5af66e730 JavaThread "Timer-298"                         [_thread_blocked, id=8344, stack(0x000000b9c8700000,0x000000b9c8800000) (1024K)]
  0x000002a5af66ac20 JavaThread "Timer-299"                         [_thread_blocked, id=13272, stack(0x000000b9c7f00000,0x000000b9c8000000) (1024K)]
  0x000002a5af66edc0 JavaThread "Timer-300"                         [_thread_blocked, id=27668, stack(0x000000b9c8300000,0x000000b9c8400000) (1024K)]
  0x000002a5af666a80 JavaThread "Timer-301"                         [_thread_blocked, id=8244, stack(0x000000b9c7300000,0x000000b9c7400000) (1024K)]
  0x000002a5af672f60 JavaThread "Timer-302"                         [_thread_blocked, id=30976, stack(0x000000b9c8d00000,0x000000b9c8e00000) (1024K)]
  0x000002a5af672240 JavaThread "Timer-303"                         [_thread_blocked, id=23264, stack(0x000000b9c8e00000,0x000000b9c8f00000) (1024K)]
  0x000002a5af673c80 JavaThread "Timer-304"                         [_thread_blocked, id=22768, stack(0x000000b9c8f00000,0x000000b9c9000000) (1024K)]
  0x000002a5af669870 JavaThread "Timer-305"                         [_thread_blocked, id=29180, stack(0x000000b9c8400000,0x000000b9c8500000) (1024K)]
  0x000002a5af670e90 JavaThread "Timer-306"                         [_thread_blocked, id=24992, stack(0x000000b9c8500000,0x000000b9c8600000) (1024K)]
  0x000002a5af66ccf0 JavaThread "Worker-22: Initialize workspace"        [_thread_blocked, id=11360, stack(0x000000b9c8a00000,0x000000b9c8b00000) (1024K)]
  0x000002a5af6728d0 JavaThread "Timer-307"                         [_thread_blocked, id=26444, stack(0x000000b9c8c00000,0x000000b9c8d00000) (1024K)]
  0x000002a5af671520 JavaThread "Timer-308"                         [_thread_blocked, id=32608, stack(0x000000b9c9000000,0x000000b9c9100000) (1024K)]
  0x000002a5af671bb0 JavaThread "Timer-309"                         [_thread_blocked, id=12264, stack(0x000000b9c9100000,0x000000b9c9200000) (1024K)]
  0x000002a5af6735f0 JavaThread "Timer-310"                         [_thread_blocked, id=21408, stack(0x000000b9c9200000,0x000000b9c9300000) (1024K)]
  0x000002a5af677790 JavaThread "Timer-311"                         [_thread_blocked, id=28296, stack(0x000000b9c9600000,0x000000b9c9700000) (1024K)]
  0x000002a5af675030 JavaThread "Timer-312"                         [_thread_blocked, id=15880, stack(0x000000b9c9a00000,0x000000b9c9b00000) (1024K)]
  0x000002a5af6791d0 JavaThread "Timer-313"                         [_thread_blocked, id=31108, stack(0x000000b9c9700000,0x000000b9c9800000) (1024K)]
  0x000002a5af675d50 JavaThread "Timer-314"                         [_thread_blocked, id=31500, stack(0x000000b9c9900000,0x000000b9c9a00000) (1024K)]
  0x000002a5af679860 JavaThread "Timer-315"                         [_thread_blocked, id=15928, stack(0x000000b9c9b00000,0x000000b9c9c00000) (1024K)]
  0x000002a5af6763e0 JavaThread "Timer-316"                         [_thread_blocked, id=11532, stack(0x000000b9c9c00000,0x000000b9c9d00000) (1024K)]
  0x000002a5af66b940 JavaThread "Timer-317"                         [_thread_blocked, id=9196, stack(0x000000b9c8100000,0x000000b9c8200000) (1024K)]
  0x000002a5af66f450 JavaThread "Timer-318"                         [_thread_blocked, id=18632, stack(0x000000b9c8800000,0x000000b9c8900000) (1024K)]
  0x000002a5af67a580 JavaThread "Timer-319"                         [_thread_blocked, id=3156, stack(0x000000b9c9e00000,0x000000b9c9f00000) (1024K)]
  0x000002a5af677e20 JavaThread "Timer-320"                         [_thread_blocked, id=20788, stack(0x000000b9c9f00000,0x000000b9ca000000) (1024K)]
  0x000002a5af67e090 JavaThread "Timer-321"                         [_thread_blocked, id=15232, stack(0x000000b9ca200000,0x000000b9ca300000) (1024K)]
  0x000002a5af67c650 JavaThread "Timer-322"                         [_thread_blocked, id=28740, stack(0x000000b9ca300000,0x000000b9ca400000) (1024K)]
  0x000002a5af678b40 JavaThread "Timer-323"                         [_thread_blocked, id=31080, stack(0x000000b9ca700000,0x000000b9ca800000) (1024K)]
  0x000002a5af67fad0 JavaThread "Timer-324"                         [_thread_blocked, id=11808, stack(0x000000b9ca800000,0x000000b9ca900000) (1024K)]
  0x000002a5af6749a0 JavaThread "Timer-325"                         [_thread_blocked, id=27292, stack(0x000000b9c5100000,0x000000b9c5200000) (1024K)]
  0x000002a5af680160 JavaThread "Timer-326"                         [_thread_blocked, id=9432, stack(0x000000b9caa00000,0x000000b9cab00000) (1024K)]
  0x000002a5af6807f0 JavaThread "Timer-327"                         [_thread_blocked, id=19312, stack(0x000000b9b5f00000,0x000000b9b6000000) (1024K)]
  0x000002a5af6828c0 JavaThread "Timer-328"                         [_thread_blocked, id=24512, stack(0x000000b9cab00000,0x000000b9cac00000) (1024K)]
  0x000002a5af684300 JavaThread "Timer-329"                         [_thread_blocked, id=32504, stack(0x000000b9c6300000,0x000000b9c6400000) (1024K)]
  0x000002a5af6835e0 JavaThread "Timer-330"                         [_thread_blocked, id=4072, stack(0x000000b9cac00000,0x000000b9cad00000) (1024K)]
  0x000002a5af683c70 JavaThread "Worker-24: Initialize workspace"        [_thread_blocked, id=20748, stack(0x000000b9cae00000,0x000000b9caf00000) (1024K)]
  0x000002a5af680e80 JavaThread "Timer-331"                         [_thread_blocked, id=28148, stack(0x000000b9caf00000,0x000000b9cb000000) (1024K)]
  0x000002a5af681ba0 JavaThread "Timer-332"                         [_thread_blocked, id=16908, stack(0x000000b9cb000000,0x000000b9cb100000) (1024K)]
  0x000002a5ade9c6a0 JavaThread "Timer-333"                         [_thread_blocked, id=2028, stack(0x000000b9cb100000,0x000000b9cb200000) (1024K)]
  0x000002a5adea49e0 JavaThread "Timer-334"                         [_thread_blocked, id=10768, stack(0x000000b9cb200000,0x000000b9cb300000) (1024K)]
  0x000002a5a21896f0 JavaThread "Timer-335"                         [_thread_blocked, id=7248, stack(0x000000b9cb600000,0x000000b9cb700000) (1024K)]
  0x000002a5a2189d80 JavaThread "Timer-336"                         [_thread_blocked, id=25408, stack(0x000000b9cb800000,0x000000b9cb900000) (1024K)]
  0x000002a5ae93c7b0 JavaThread "Timer-337"                         [_thread_blocked, id=5540, stack(0x000000b9cba00000,0x000000b9cbb00000) (1024K)]
  0x000002a5ae940950 JavaThread "Timer-338"                         [_thread_blocked, id=9560, stack(0x000000b9cbc00000,0x000000b9cbd00000) (1024K)]
  0x000002a597c63490 JavaThread "Timer-339"                         [_thread_blocked, id=21400, stack(0x000000b9cb500000,0x000000b9cb600000) (1024K)]
  0x000002a5adea7140 JavaThread "Timer-340"                         [_thread_blocked, id=8596, stack(0x000000b9cb700000,0x000000b9cb800000) (1024K)]
  0x000002a59df49670 JavaThread "Timer-341"                         [_thread_blocked, id=28028, stack(0x000000b9cbe00000,0x000000b9cbf00000) (1024K)]
  0x000002a593694160 JavaThread "Timer-342"                         [_thread_blocked, id=28080, stack(0x000000b9cc000000,0x000000b9cc100000) (1024K)]
  0x000002a5af67da00 JavaThread "Timer-343"                         [_thread_blocked, id=4340, stack(0x000000b9ca000000,0x000000b9ca100000) (1024K)]
  0x000002a5af67f440 JavaThread "Timer-344"                         [_thread_blocked, id=20604, stack(0x000000b9cc100000,0x000000b9cc200000) (1024K)]
  0x000002a5b8ed0500 JavaThread "Timer-345"                         [_thread_blocked, id=27392, stack(0x000000b9cc200000,0x000000b9cc300000) (1024K)]
  0x000002a5b8ecfe70 JavaThread "Timer-346"                         [_thread_blocked, id=29588, stack(0x000000b9cc300000,0x000000b9cc400000) (1024K)]
  0x000002a5b8ed1f40 JavaThread "Timer-347"                         [_thread_blocked, id=30964, stack(0x000000b9cbd00000,0x000000b9cbe00000) (1024K)]
  0x000002a5b8ed25d0 JavaThread "Timer-348"                         [_thread_blocked, id=27184, stack(0x000000b9cbf00000,0x000000b9cc000000) (1024K)]
  0x000002a5b8ed2c60 JavaThread "Timer-349"                         [_thread_blocked, id=22336, stack(0x000000b9ca100000,0x000000b9ca200000) (1024K)]
  0x000002a5b8ecf7e0 JavaThread "Timer-350"                         [_thread_blocked, id=13968, stack(0x000000b9cc400000,0x000000b9cc500000) (1024K)]
  0x000002a5b8ed5a50 JavaThread "Timer-351"                         [_thread_blocked, id=5132, stack(0x000000b9cc500000,0x000000b9cc600000) (1024K)]
  0x000002a5b8ed4010 JavaThread "Timer-352"                         [_thread_blocked, id=17592, stack(0x000000b9cc600000,0x000000b9cc700000) (1024K)]
  0x000002a5b8ed3980 JavaThread "Timer-353"                         [_thread_blocked, id=23296, stack(0x000000b9c4e00000,0x000000b9c4f00000) (1024K)]
  0x000002a5b8ed32f0 JavaThread "Timer-354"                         [_thread_blocked, id=11392, stack(0x000000b9c4f00000,0x000000b9c5000000) (1024K)]
  0x000002a5b8ed4d30 JavaThread "Worker-26: Initialize workspace"        [_thread_blocked, id=12956, stack(0x000000b9c6400000,0x000000b9c6500000) (1024K)]
  0x000002a5b8ed18b0 JavaThread "Timer-355"                         [_thread_blocked, id=20404, stack(0x000000b9c9800000,0x000000b9c9900000) (1024K)]
  0x000002a5b8ed6e00 JavaThread "Timer-356"                         [_thread_blocked, id=12488, stack(0x000000b9ca600000,0x000000b9ca700000) (1024K)]
  0x000002a5b8ed53c0 JavaThread "Timer-357"                         [_thread_blocked, id=26836, stack(0x000000b9cc700000,0x000000b9cc800000) (1024K)]
  0x000002a5b8ed9560 JavaThread "Timer-358"                         [_thread_blocked, id=31592, stack(0x000000b9cc800000,0x000000b9cc900000) (1024K)]
  0x000002a5b8ed8ed0 JavaThread "Timer-359"                         [_thread_blocked, id=25648, stack(0x000000b9c7200000,0x000000b9c7300000) (1024K)]
  0x000002a5b8ed81b0 JavaThread "Timer-360"                         [_thread_blocked, id=18836, stack(0x000000b9ca900000,0x000000b9caa00000) (1024K)]
  0x000002a5b8eda280 JavaThread "Timer-361"                         [_thread_blocked, id=29232, stack(0x000000b9cc900000,0x000000b9cca00000) (1024K)]
  0x000002a5b8eda910 JavaThread "Timer-362"                         [_thread_blocked, id=7012, stack(0x000000b9cca00000,0x000000b9ccb00000) (1024K)]
  0x000002a5b8edafa0 JavaThread "Timer-363"                         [_thread_blocked, id=14844, stack(0x000000b9ccb00000,0x000000b9ccc00000) (1024K)]
  0x000002a5b8edb630 JavaThread "Timer-364"                         [_thread_blocked, id=21404, stack(0x000000b9cad00000,0x000000b9cae00000) (1024K)]
  0x000002a5b8ed8840 JavaThread "Timer-365"                         [_thread_blocked, id=11632, stack(0x000000b9c9300000,0x000000b9c9400000) (1024K)]
  0x000002a5b8eddd90 JavaThread "Timer-366"                         [_thread_blocked, id=18188, stack(0x000000b9ca500000,0x000000b9ca600000) (1024K)]
  0x000002a5b8edd070 JavaThread "Worker-28: Initialize workspace"        [_thread_blocked, id=1712, stack(0x000000b9ccc00000,0x000000b9ccd00000) (1024K)]
  0x000002a5b8ede420 JavaThread "Timer-367"                         [_thread_blocked, id=19396, stack(0x000000b9ccd00000,0x000000b9cce00000) (1024K)]
  0x000002a5b8edc350 JavaThread "Timer-368"                         [_thread_blocked, id=2580, stack(0x000000b9cd000000,0x000000b9cd100000) (1024K)]
  0x000002a5b8edeab0 JavaThread "Timer-369"                         [_thread_blocked, id=20936, stack(0x000000b9cce00000,0x000000b9ccf00000) (1024K)]
  0x000002a5b8edc9e0 JavaThread "Timer-370"                         [_thread_blocked, id=21668, stack(0x000000b9ccf00000,0x000000b9cd000000) (1024K)]
  0x000002a5b8edf140 JavaThread "Timer-371"                         [_thread_blocked, id=20664, stack(0x000000b9c8900000,0x000000b9c8a00000) (1024K)]
  0x000002a5b8edf7d0 JavaThread "Timer-372"                         [_thread_blocked, id=26504, stack(0x000000b9ca400000,0x000000b9ca500000) (1024K)]
  0x000002a5b8edfe60 JavaThread "Worker-29: Initialize workspace"        [_thread_blocked, id=25880, stack(0x000000b9cd100000,0x000000b9cd200000) (1024K)]
  0x000002a5b8edd700 JavaThread "Worker-30: Initialize workspace"        [_thread_blocked, id=11488, stack(0x000000b9cd200000,0x000000b9cd300000) (1024K)]
  0x000002a5b8ee04f0 JavaThread "Timer-373"                         [_thread_blocked, id=10020, stack(0x000000b9c9d00000,0x000000b9c9e00000) (1024K)]
  0x000002a5b8ee3970 JavaThread "Timer-374"                         [_thread_blocked, id=27512, stack(0x000000b9cd400000,0x000000b9cd500000) (1024K)]
  0x000002a5b8ee1f30 JavaThread "Timer-375"                         [_thread_blocked, id=25744, stack(0x000000b9cd300000,0x000000b9cd400000) (1024K)]
  0x000002a5b8ee0b80 JavaThread "Timer-376"                         [_thread_blocked, id=23608, stack(0x000000b9cd500000,0x000000b9cd600000) (1024K)]
  0x000002a5b8edbcc0 JavaThread "Timer-377"                         [_thread_blocked, id=22748, stack(0x000000b9b3e00000,0x000000b9b3f00000) (1024K)]
  0x000002a5b8ed9bf0 JavaThread "Timer-378"                         [_thread_blocked, id=15904, stack(0x000000b9c5000000,0x000000b9c5100000) (1024K)]
  0x000002a5b8ed7490 JavaThread "Worker-31"                         [_thread_blocked, id=14032, stack(0x000000b9c7100000,0x000000b9c7200000) (1024K)]
  0x000002a5b8ee4000 JavaThread "Timer-379"                         [_thread_blocked, id=11932, stack(0x000000b9c8b00000,0x000000b9c8c00000) (1024K)]
  0x000002a5b8ee4690 JavaThread "Timer-380"                         [_thread_blocked, id=31208, stack(0x000000b9cbb00000,0x000000b9cbc00000) (1024K)]
  0x000002a5b8ee18a0 JavaThread "Timer-381"                         [_thread_blocked, id=18192, stack(0x000000b9cb900000,0x000000b9cba00000) (1024K)]
  0x000002a5b8ee1210 JavaThread "Timer-382"                         [_thread_blocked, id=888, stack(0x000000b9cd600000,0x000000b9cd700000) (1024K)]
  0x000002a5b8ed46a0 JavaThread "Timer-383"                         [_thread_blocked, id=21888, stack(0x000000b9be100000,0x000000b9be200000) (1024K)]
  0x000002a5b8ed1220 JavaThread "Timer-384"                         [_thread_blocked, id=3396, stack(0x000000b9c2e00000,0x000000b9c2f00000) (1024K)]
  0x000002a5b8ed60e0 JavaThread "Timer-385"                         [_thread_blocked, id=11992, stack(0x000000b9c3000000,0x000000b9c3100000) (1024K)]
  0x000002a5b8ee5a40 JavaThread "Timer-386"                         [_thread_blocked, id=26108, stack(0x000000b9cb300000,0x000000b9cb400000) (1024K)]
  0x000002a5b8ee4d20 JavaThread "Timer-387"                         [_thread_blocked, id=19012, stack(0x000000b9cd700000,0x000000b9cd800000) (1024K)]
  0x000002a5b8ee53b0 JavaThread "Timer-388"                         [_thread_blocked, id=27428, stack(0x000000b9cd800000,0x000000b9cd900000) (1024K)]
  0x000002a5af667e30 JavaThread "Timer-389"                         [_thread_blocked, id=23860, stack(0x000000b9cf000000,0x000000b9cf100000) (1024K)]
  0x000002a5af6656d0 JavaThread "Timer-390"                         [_thread_blocked, id=23240, stack(0x000000b9cf200000,0x000000b9cf300000) (1024K)]
  0x000002a5af66e0a0 JavaThread "Timer-391"                         [_thread_blocked, id=31432, stack(0x000000b9cf300000,0x000000b9cf400000) (1024K)]
  0x000002a5af670170 JavaThread "Timer-392"                         [_thread_blocked, id=2252, stack(0x000000b9cf500000,0x000000b9cf600000) (1024K)]
  0x000002a5af670800 JavaThread "Timer-393"                         [_thread_blocked, id=26768, stack(0x000000b9cf400000,0x000000b9cf500000) (1024K)]
  0x000002a5af6784b0 JavaThread "Timer-394"                         [_thread_blocked, id=14448, stack(0x000000b9cf600000,0x000000b9cf700000) (1024K)]
  0x000002a5af668b50 JavaThread "Timer-395"                         [_thread_blocked, id=32744, stack(0x000000b9ce100000,0x000000b9ce200000) (1024K)]
  0x000002a5af67ac10 JavaThread "Timer-396"                         [_thread_blocked, id=14852, stack(0x000000b9ce200000,0x000000b9ce300000) (1024K)]
  0x000002a5af679ef0 JavaThread "Timer-397"                         [_thread_blocked, id=10712, stack(0x000000b9ce300000,0x000000b9ce400000) (1024K)]
  0x000002a5af677100 JavaThread "Timer-398"                         [_thread_blocked, id=14556, stack(0x000000b9ce400000,0x000000b9ce500000) (1024K)]
  0x000002a5af67cce0 JavaThread "Timer-399"                         [_thread_blocked, id=16800, stack(0x000000b9ce500000,0x000000b9ce600000) (1024K)]
  0x000002a5af67d370 JavaThread "Timer-400"                         [_thread_blocked, id=28560, stack(0x000000b9ce600000,0x000000b9ce700000) (1024K)]
  0x000002a5af67edb0 JavaThread "Timer-401"                         [_thread_blocked, id=17312, stack(0x000000b9cea00000,0x000000b9ceb00000) (1024K)]
  0x000002a5af681510 JavaThread "Timer-402"                         [_thread_blocked, id=21136, stack(0x000000b9cec00000,0x000000b9ced00000) (1024K)]
  0x000002a5af682f50 JavaThread "Timer-403"                         [_thread_blocked, id=8888, stack(0x000000b9ced00000,0x000000b9cee00000) (1024K)]
  0x000002a5b8eebcb0 JavaThread "Timer-404"                         [_thread_blocked, id=24800, stack(0x000000b9cee00000,0x000000b9cef00000) (1024K)]
  0x000002a5b8eec340 JavaThread "Timer-405"                         [_thread_blocked, id=25132, stack(0x000000b9cef00000,0x000000b9cf000000) (1024K)]
  0x000002a5b8eec9d0 JavaThread "Timer-406"                         [_thread_blocked, id=30780, stack(0x000000b9cf100000,0x000000b9cf200000) (1024K)]
  0x000002a5b8eea900 JavaThread "Timer-407"                         [_thread_blocked, id=30636, stack(0x000000b9cf900000,0x000000b9cfa00000) (1024K)]
  0x000002a5b8eed060 JavaThread "Timer-408"                         [_thread_blocked, id=688, stack(0x000000b9cfb00000,0x000000b9cfc00000) (1024K)]
  0x000002a5b8eed6f0 JavaThread "Timer-409"                         [_thread_blocked, id=18468, stack(0x000000b9b3d00000,0x000000b9b3e00000) (1024K)]
  0x000002a5b8eea270 JavaThread "Timer-410"                         [_thread_blocked, id=21488, stack(0x000000b9ce900000,0x000000b9cea00000) (1024K)]
  0x000002a5b8eee410 JavaThread "Timer-411"                         [_thread_blocked, id=16552, stack(0x000000b9b9300000,0x000000b9b9400000) (1024K)]
  0x000002a5b8eeaf90 JavaThread "Timer-412"                         [_thread_blocked, id=5924, stack(0x000000b9b3800000,0x000000b9b3900000) (1024K)]
  0x000002a5b8ee81a0 JavaThread "Timer-413"                         [_thread_blocked, id=5596, stack(0x000000b9cf800000,0x000000b9cf900000) (1024K)]
  0x000002a5b8ee7480 JavaThread "Timer-414"                         [_thread_blocked, id=24280, stack(0x000000b9cfc00000,0x000000b9cfd00000) (1024K)]
  0x000002a5b8ee6df0 JavaThread "Timer-415"                         [_thread_blocked, id=13208, stack(0x000000b9cf700000,0x000000b9cf800000) (1024K)]
  0x000002a5b8ee8ec0 JavaThread "Timer-416"                         [_thread_blocked, id=31196, stack(0x000000b9cfa00000,0x000000b9cfb00000) (1024K)]
  0x000002a5adea1560 JavaThread "Timer-417"                         [_thread_blocked, id=27892, stack(0x000000b9cfd00000,0x000000b9cfe00000) (1024K)]
  0x000002a5adea2fa0 JavaThread "Timer-418"                         [_thread_blocked, id=2196, stack(0x000000b9cfe00000,0x000000b9cff00000) (1024K)]
  0x000002a5af67bfc0 JavaThread "Timer-419"                         [_thread_blocked, id=29324, stack(0x000000b9cff00000,0x000000b9d0000000) (1024K)]
  0x000002a5af682230 JavaThread "Timer-420"                         [_thread_blocked, id=7276, stack(0x000000b9d0100000,0x000000b9d0200000) (1024K)]
  0x000002a5af676a70 JavaThread "Timer-421"                         [_thread_blocked, id=18292, stack(0x000000b9c3e00000,0x000000b9c3f00000) (1024K)]
  0x000002a5af67b2a0 JavaThread "Timer-422"                         [_thread_blocked, id=25004, stack(0x000000b9c4700000,0x000000b9c4800000) (1024K)]
  0x000002a593693ad0 JavaThread "Timer-423"                         [_thread_blocked, id=23896, stack(0x000000b9d0000000,0x000000b9d0100000) (1024K)]
  0x000002a593693440 JavaThread "Timer-424"                         [_thread_blocked, id=10708, stack(0x000000b9d0200000,0x000000b9d0300000) (1024K)]
  0x000002a5adeaac50 JavaThread "Timer-425"                         [_thread_blocked, id=6724, stack(0x000000b9d0500000,0x000000b9d0600000) (1024K)]
  0x000002a5a0935340 JavaThread "Timer-426"                         [_thread_blocked, id=18156, stack(0x000000b9d0700000,0x000000b9d0800000) (1024K)]
  0x000002a5b8eeb620 JavaThread "Timer-427"                         [_thread_blocked, id=6768, stack(0x000000b9d0400000,0x000000b9d0500000) (1024K)]
  0x000002a58e3a9020 JavaThread "Timer-428"                         [_thread_blocked, id=23008, stack(0x000000b9d0600000,0x000000b9d0700000) (1024K)]
  0x000002a5ae93d4d0 JavaThread "Timer-429"                         [_thread_blocked, id=3756, stack(0x000000b9d0800000,0x000000b9d0900000) (1024K)]
  0x000002a5a217f970 JavaThread "Timer-430"                         [_thread_blocked, id=22992, stack(0x000000b9d0900000,0x000000b9d0a00000) (1024K)]
  0x000002a5bc213790 JavaThread "Timer-431"                         [_thread_blocked, id=12208, stack(0x000000b9d0c00000,0x000000b9d0d00000) (1024K)]
  0x000002a5bc214b40 JavaThread "Timer-432"                         [_thread_blocked, id=31336, stack(0x000000b9d0e00000,0x000000b9d0f00000) (1024K)]
  0x000002a5bc213100 JavaThread "Timer-433"                         [_thread_blocked, id=21156, stack(0x000000b9d1000000,0x000000b9d1100000) (1024K)]
  0x000002a5bc215860 JavaThread "Timer-434"                         [_thread_blocked, id=17188, stack(0x000000b9d1200000,0x000000b9d1300000) (1024K)]
  0x000002a5bc213e20 JavaThread "Timer-435"                         [_thread_blocked, id=14548, stack(0x000000b9d1100000,0x000000b9d1200000) (1024K)]
  0x000002a5bc217930 JavaThread "Timer-436"                         [_thread_blocked, id=29804, stack(0x000000b9d1300000,0x000000b9d1400000) (1024K)]
  0x000002a5bc219a00 JavaThread "Timer-437"                         [_thread_blocked, id=2136, stack(0x000000b9d1400000,0x000000b9d1500000) (1024K)]
  0x000002a5bc217fc0 JavaThread "Timer-438"                         [_thread_blocked, id=28024, stack(0x000000b9d1800000,0x000000b9d1900000) (1024K)]
  0x000002a5bc218650 JavaThread "Worker-33: Initialize workspace"        [_thread_blocked, id=1336, stack(0x000000b9d1900000,0x000000b9d1a00000) (1024K)]
  0x000002a5bc21a090 JavaThread "Timer-439"                         [_thread_blocked, id=964, stack(0x000000b9d1a00000,0x000000b9d1b00000) (1024K)]
  0x000002a5bc219370 JavaThread "Timer-440"                         [_thread_blocked, id=14312, stack(0x000000b9d1c00000,0x000000b9d1d00000) (1024K)]
  0x000002a5bc218ce0 JavaThread "Timer-441"                         [_thread_blocked, id=30836, stack(0x000000b9d1b00000,0x000000b9d1c00000) (1024K)]
  0x000002a5bc21a720 JavaThread "Timer-442"                         [_thread_blocked, id=17724, stack(0x000000b9d1d00000,0x000000b9d1e00000) (1024K)]
  0x000002a5bc2144b0 JavaThread "Timer-443"                         [_thread_blocked, id=17412, stack(0x000000b9d1e00000,0x000000b9d1f00000) (1024K)]
  0x000002a5bc21adb0 JavaThread "Timer-444"                         [_thread_blocked, id=2396, stack(0x000000b9d2000000,0x000000b9d2100000) (1024K)]
  0x000002a5bc21ef50 JavaThread "Timer-445"                         [_thread_blocked, id=15336, stack(0x000000b9d2100000,0x000000b9d2200000) (1024K)]
  0x000002a5bc21d510 JavaThread "Timer-446"                         [_thread_blocked, id=31356, stack(0x000000b9d2300000,0x000000b9d2400000) (1024K)]
  0x000002a5bc21e8c0 JavaThread "Timer-447"                         [_thread_blocked, id=9360, stack(0x000000b9d2200000,0x000000b9d2300000) (1024K)]
  0x000002a5bc21bad0 JavaThread "Timer-448"                         [_thread_blocked, id=20584, stack(0x000000b9d2400000,0x000000b9d2500000) (1024K)]
  0x000002a5bc220300 JavaThread "Worker-35: Initialize workspace"        [_thread_blocked, id=25040, stack(0x000000b9d2700000,0x000000b9d2800000) (1024K)]
  0x000002a5bc216c10 JavaThread "Connection worker"                 [_thread_in_native, id=1480, stack(0x000000b9d0d00000,0x000000b9d0e00000) (1024K)]
  0x000002a5bc21c160 JavaThread "Timer-449"                         [_thread_blocked, id=14256, stack(0x000000b9d2800000,0x000000b9d2900000) (1024K)]
  0x000002a5bc220990 JavaThread "Timer-450"                         [_thread_blocked, id=14500, stack(0x000000b9d2a00000,0x000000b9d2b00000) (1024K)]
  0x000002a5bc21c7f0 JavaThread "Timer-451"                         [_thread_blocked, id=17148, stack(0x000000b9d2600000,0x000000b9d2700000) (1024K)]
  0x000002a5bc21fc70 JavaThread "Timer-452"                         [_thread_blocked, id=18924, stack(0x000000b9d2900000,0x000000b9d2a00000) (1024K)]
  0x000002a5bc221020 JavaThread "Timer-453"                         [_thread_blocked, id=16392, stack(0x000000b9d2b00000,0x000000b9d2c00000) (1024K)]
  0x000002a5bc21dba0 JavaThread "Timer-454"                         [_thread_blocked, id=8280, stack(0x000000b9d2c00000,0x000000b9d2d00000) (1024K)]
  0x000002a5bc2251c0 JavaThread "Timer-455"                         [_thread_blocked, id=24680, stack(0x000000b9d2f00000,0x000000b9d3000000) (1024K)]
  0x000002a5bc221d40 JavaThread "Timer-456"                         [_thread_blocked, id=17028, stack(0x000000b9d3100000,0x000000b9d3200000) (1024K)]
  0x000002a5bc225850 JavaThread "Timer-457"                         [_thread_blocked, id=26908, stack(0x000000b9d3000000,0x000000b9d3100000) (1024K)]
  0x000002a5bc2223d0 JavaThread "Timer-458"                         [_thread_blocked, id=31632, stack(0x000000b9d3200000,0x000000b9d3300000) (1024K)]
  0x000002a5bc223e10 JavaThread "Timer-459"                         [_thread_blocked, id=17392, stack(0x000000b9d3300000,0x000000b9d3400000) (1024K)]
  0x000002a5bc2230f0 JavaThread "Timer-460"                         [_thread_blocked, id=25060, stack(0x000000b9d3400000,0x000000b9d3500000) (1024K)]
  0x000002a5bc225ee0 JavaThread "Timer-461"                         [_thread_blocked, id=31792, stack(0x000000b9d3700000,0x000000b9d3800000) (1024K)]
  0x000002a5bc227fb0 JavaThread "Timer-462"                         [_thread_blocked, id=19672, stack(0x000000b9d3900000,0x000000b9d3a00000) (1024K)]
  0x000002a5bc2244a0 JavaThread "Worker-37: Initialize workspace"        [_thread_blocked, id=26220, stack(0x000000b9d3600000,0x000000b9d3700000) (1024K)]
  0x000002a5bc224b30 JavaThread "Timer-463"                         [_thread_blocked, id=29276, stack(0x000000b9d3800000,0x000000b9d3900000) (1024K)]
  0x000002a5bc2216b0 JavaThread "Timer-464"                         [_thread_blocked, id=14608, stack(0x000000b9d3a00000,0x000000b9d3b00000) (1024K)]
  0x000002a5bc228cd0 JavaThread "Timer-465"                         [_thread_blocked, id=7364, stack(0x000000b9d3b00000,0x000000b9d3c00000) (1024K)]
  0x000002a5bc228640 JavaThread "Timer-466"                         [_thread_blocked, id=15500, stack(0x000000b9d3c00000,0x000000b9d3d00000) (1024K)]
  0x000002a5bc226c00 JavaThread "Timer-467"                         [_thread_blocked, id=28380, stack(0x000000b9d3f00000,0x000000b9d4000000) (1024K)]
  0x000002a5bc2299f0 JavaThread "Timer-468"                         [_thread_blocked, id=22220, stack(0x000000b9d4100000,0x000000b9d4200000) (1024K)]
  0x000002a5bc22a710 JavaThread "Timer-469"                         [_thread_blocked, id=5960, stack(0x000000b9d4300000,0x000000b9d4400000) (1024K)]
  0x000002a5bc22ada0 JavaThread "Timer-470"                         [_thread_blocked, id=27364, stack(0x000000b9d4400000,0x000000b9d4500000) (1024K)]
  0x000002a5bc227920 JavaThread "Timer-471"                         [_thread_blocked, id=31268, stack(0x000000b9d4500000,0x000000b9d4600000) (1024K)]
  0x000002a5bc22b430 JavaThread "Timer-472"                         [_thread_blocked, id=1904, stack(0x000000b9d4600000,0x000000b9d4700000) (1024K)]
  0x000002a5bc22bac0 JavaThread "Timer-473"                         [_thread_blocked, id=5448, stack(0x000000b9d4900000,0x000000b9d4a00000) (1024K)]
  0x000002a5bc22fc60 JavaThread "Timer-474"                         [_thread_blocked, id=29904, stack(0x000000b9d4b00000,0x000000b9d4c00000) (1024K)]
  0x000002a5bc22a080 JavaThread "Timer-475"                         [_thread_blocked, id=3932, stack(0x000000b9d4000000,0x000000b9d4100000) (1024K)]
  0x000002a5bc22ef40 JavaThread "Timer-476"                         [_thread_blocked, id=24460, stack(0x000000b9d4d00000,0x000000b9d4e00000) (1024K)]
  0x000002a5bc22f5d0 JavaThread "Timer-477"                         [_thread_blocked, id=10184, stack(0x000000b9d4c00000,0x000000b9d4d00000) (1024K)]
  0x000002a5bc22e8b0 JavaThread "Timer-478"                         [_thread_blocked, id=27168, stack(0x000000b9d4e00000,0x000000b9d4f00000) (1024K)]
  0x000002a5bc231010 JavaThread "Timer-479"                         [_thread_blocked, id=19748, stack(0x000000b9d5100000,0x000000b9d5200000) (1024K)]
  0x000002a5bc22db90 JavaThread "Timer-480"                         [_thread_blocked, id=8004, stack(0x000000b9d5300000,0x000000b9d5400000) (1024K)]
  0x000002a5bc229360 JavaThread "Worker-40: Initialize workspace"        [_thread_blocked, id=21540, stack(0x000000b9d4800000,0x000000b9d4900000) (1024K)]
  0x000002a5bc22ce70 JavaThread "Timer-481"                         [_thread_blocked, id=24536, stack(0x000000b9d4a00000,0x000000b9d4b00000) (1024K)]
  0x000002a5bc2316a0 JavaThread "Timer-482"                         [_thread_blocked, id=32400, stack(0x000000b9d5500000,0x000000b9d5600000) (1024K)]
  0x000002a5bc22e220 JavaThread "Timer-483"                         [_thread_blocked, id=16016, stack(0x000000b9d1500000,0x000000b9d1600000) (1024K)]
  0x000002a5bc231d30 JavaThread "Timer-484"                         [_thread_blocked, id=8132, stack(0x000000b9d5400000,0x000000b9d5500000) (1024K)]
  0x000002a5bc21b440 JavaThread "Timer-485"                         [_thread_blocked, id=14592, stack(0x000000b9d2500000,0x000000b9d2600000) (1024K)]
  0x000002a5bc21f5e0 JavaThread "Timer-486"                         [_thread_blocked, id=13420, stack(0x000000b9b3500000,0x000000b9b3600000) (1024K)]
  0x000002a5bc2323c0 JavaThread "Timer-487"                         [_thread_blocked, id=18352, stack(0x000000b9cdf00000,0x000000b9ce000000) (1024K)]
  0x000002a5b8ee32e0 JavaThread "Timer-488"                         [_thread_blocked, id=9612, stack(0x000000b9d5000000,0x000000b9d5100000) (1024K)]
  0x000002a5b8ee7b10 JavaThread "Timer-489"                         [_thread_blocked, id=8680, stack(0x000000b9d5200000,0x000000b9d5300000) (1024K)]
  0x000002a5b8ee8830 JavaThread "Timer-490"                         [_thread_blocked, id=5880, stack(0x000000b9d5600000,0x000000b9d5700000) (1024K)]
  0x000002a5bc22d500 JavaThread "Timer-491"                         [_thread_blocked, id=10648, stack(0x000000b9cde00000,0x000000b9cdf00000) (1024K)]
  0x000002a5bc2172a0 JavaThread "Timer-492"                         [_thread_blocked, id=28724, stack(0x000000b9d5700000,0x000000b9d5800000) (1024K)]
  0x000002a593694e80 JavaThread "Timer-493"                         [_thread_blocked, id=11744, stack(0x000000b9d5800000,0x000000b9d5900000) (1024K)]
  0x000002a5971b5d90 JavaThread "Timer-494"                         [_thread_blocked, id=29108, stack(0x000000b9d5900000,0x000000b9d5a00000) (1024K)]
  0x000002a5bb69c500 JavaThread "Timer-495"                         [_thread_blocked, id=4100, stack(0x000000b9d5a00000,0x000000b9d5b00000) (1024K)]
  0x000002a5bb69b150 JavaThread "Timer-496"                         [_thread_blocked, id=26184, stack(0x000000b9d5b00000,0x000000b9d5c00000) (1024K)]
  0x000002a5bb69df40 JavaThread "Timer-497"                         [_thread_blocked, id=13600, stack(0x000000b9d6300000,0x000000b9d6400000) (1024K)]
  0x000002a5bb6a0d30 JavaThread "Timer-498"                         [_thread_blocked, id=7688, stack(0x000000b9d6500000,0x000000b9d6600000) (1024K)]
  0x000002a5bb69e5d0 JavaThread "Timer-499"                         [_thread_blocked, id=31188, stack(0x000000b9d5c00000,0x000000b9d5d00000) (1024K)]
  0x000002a5bb69f2f0 JavaThread "Timer-500"                         [_thread_blocked, id=30548, stack(0x000000b9d6600000,0x000000b9d6700000) (1024K)]
  0x000002a5bb69d220 JavaThread "Timer-501"                         [_thread_blocked, id=1076, stack(0x000000b9d5d00000,0x000000b9d5e00000) (1024K)]
  0x000002a5bb69ec60 JavaThread "Timer-502"                         [_thread_blocked, id=28228, stack(0x000000b9c3a00000,0x000000b9c3b00000) (1024K)]
  0x000002a5bb69f980 JavaThread "Timer-503"                         [_thread_blocked, id=26704, stack(0x000000b9d6200000,0x000000b9d6300000) (1024K)]
  0x000002a5bb6a0010 JavaThread "Timer-504"                         [_thread_blocked, id=18396, stack(0x000000b9d6400000,0x000000b9d6500000) (1024K)]
  0x000002a5bb6a3490 JavaThread "Timer-505"                         [_thread_blocked, id=30076, stack(0x000000b9d6a00000,0x000000b9d6b00000) (1024K)]
  0x000002a5bb6a3b20 JavaThread "Timer-506"                         [_thread_blocked, id=14280, stack(0x000000b9ce800000,0x000000b9ce900000) (1024K)]
  0x000002a5bb6a41b0 JavaThread "Timer-507"                         [_thread_blocked, id=14944, stack(0x000000b9d6b00000,0x000000b9d6c00000) (1024K)]
  0x000002a5bb69cb90 JavaThread "Timer-508"                         [_thread_blocked, id=7928, stack(0x000000b9d5f00000,0x000000b9d6000000) (1024K)]
  0x000002a5bb6a20e0 JavaThread "Timer-509"                         [_thread_blocked, id=14952, stack(0x000000b9d6f00000,0x000000b9d7000000) (1024K)]
  0x000002a5bb6a1a50 JavaThread "Timer-510"                         [_thread_blocked, id=27808, stack(0x000000b9d7100000,0x000000b9d7200000) (1024K)]
  0x000002a5bb6a7cc0 JavaThread "Timer-511"                         [_thread_blocked, id=7236, stack(0x000000b9d7300000,0x000000b9d7400000) (1024K)]
  0x000002a5bb6a8350 JavaThread "Timer-512"                         [_thread_blocked, id=31648, stack(0x000000b9d7400000,0x000000b9d7500000) (1024K)]
  0x000002a5bb6a89e0 JavaThread "Timer-513"                         [_thread_blocked, id=11140, stack(0x000000b9d7500000,0x000000b9d7600000) (1024K)]
  0x000002a5bb6a13c0 JavaThread "Timer-514"                         [_thread_blocked, id=30316, stack(0x000000b9d6d00000,0x000000b9d6e00000) (1024K)]
  0x000002a5bb6a9070 JavaThread "Timer-515"                         [_thread_blocked, id=1072, stack(0x000000b9d7700000,0x000000b9d7800000) (1024K)]
  0x000002a5bb6a5bf0 JavaThread "Timer-516"                         [_thread_blocked, id=29208, stack(0x000000b9d7800000,0x000000b9d7900000) (1024K)]
  0x000002a5bb6a9700 JavaThread "Worker-44: Initialize workspace"        [_thread_blocked, id=27040, stack(0x000000b9d7900000,0x000000b9d7a00000) (1024K)]
  0x000002a5bb6a6280 JavaThread "Timer-517"                         [_thread_blocked, id=32024, stack(0x000000b9d7b00000,0x000000b9d7c00000) (1024K)]
  0x000002a5bb6acb80 JavaThread "Timer-518"                         [_thread_blocked, id=18588, stack(0x000000b9d7c00000,0x000000b9d7d00000) (1024K)]
  0x000002a5bb6ac4f0 JavaThread "Timer-519"                         [_thread_blocked, id=21908, stack(0x000000b9d7d00000,0x000000b9d7e00000) (1024K)]
  0x000002a5bb6aaab0 JavaThread "Timer-520"                         [_thread_blocked, id=5976, stack(0x000000b9d7e00000,0x000000b9d7f00000) (1024K)]
  0x000002a5bb6abe60 JavaThread "Timer-521"                         [_thread_blocked, id=13080, stack(0x000000b9d8000000,0x000000b9d8100000) (1024K)]
  0x000002a5bb6ad210 JavaThread "Timer-522"                         [_thread_blocked, id=13860, stack(0x000000b9d8100000,0x000000b9d8200000) (1024K)]
  0x000002a5bb6aa420 JavaThread "Timer-523"                         [_thread_blocked, id=14868, stack(0x000000b9d7000000,0x000000b9d7100000) (1024K)]
  0x000002a5bb6a7630 JavaThread "Timer-524"                         [_thread_blocked, id=23124, stack(0x000000b9d8200000,0x000000b9d8300000) (1024K)]
  0x000002a5bb6a6fa0 JavaThread "Timer-525"                         [_thread_blocked, id=19328, stack(0x000000b9d7a00000,0x000000b9d7b00000) (1024K)]
  0x000002a5bb6a5560 JavaThread "Timer-526"                         [_thread_blocked, id=12824, stack(0x000000b9d7600000,0x000000b9d7700000) (1024K)]
  0x000002a5bb6ad8a0 JavaThread "Timer-527"                         [_thread_blocked, id=19496, stack(0x000000b9cdb00000,0x000000b9cdc00000) (1024K)]
  0x000002a5bb6ae5c0 JavaThread "Timer-528"                         [_thread_blocked, id=25064, stack(0x000000b9d8400000,0x000000b9d8500000) (1024K)]
  0x000002a5bb6aec50 JavaThread "Timer-529"                         [_thread_blocked, id=31692, stack(0x000000b9d8500000,0x000000b9d8600000) (1024K)]
  0x000002a5bb6b0000 JavaThread "Timer-530"                         [_thread_blocked, id=10076, stack(0x000000b9d8700000,0x000000b9d8800000) (1024K)]
  0x000002a5bb6ab7d0 JavaThread "Timer-531"                         [_thread_blocked, id=10664, stack(0x000000b9d8600000,0x000000b9d8700000) (1024K)]
  0x000002a5bb6b2760 JavaThread "Timer-532"                         [_thread_blocked, id=25716, stack(0x000000b9d8800000,0x000000b9d8900000) (1024K)]
  0x000002a5bb6b6270 JavaThread "Timer-533"                         [_thread_blocked, id=7116, stack(0x000000b9d8e00000,0x000000b9d8f00000) (1024K)]
  0x000002a5bb6b6900 JavaThread "Timer-534"                         [_thread_blocked, id=32092, stack(0x000000b9d9000000,0x000000b9d9100000) (1024K)]
  0x000002a5bb6b3480 JavaThread "Timer-535"                         [_thread_blocked, id=26208, stack(0x000000b9d9100000,0x000000b9d9200000) (1024K)]
  0x000002a5bb6b6f90 JavaThread "Timer-536"                         [_thread_blocked, id=14204, stack(0x000000b9d9300000,0x000000b9d9400000) (1024K)]
  0x000002a5bb6b4ec0 JavaThread "Timer-537"                         [_thread_blocked, id=22972, stack(0x000000b9cb400000,0x000000b9cb500000) (1024K)]
  0x000002a5bb6b4830 JavaThread "Timer-538"                         [_thread_blocked, id=1512, stack(0x000000b9d6e00000,0x000000b9d6f00000) (1024K)]
  0x000002a5bb69aac0 JavaThread "Timer-539"                         [_thread_blocked, id=13728, stack(0x000000b9ce700000,0x000000b9ce800000) (1024K)]
  0x000002a5bb6a4ed0 JavaThread "Timer-540"                         [_thread_blocked, id=31468, stack(0x000000b9d5e00000,0x000000b9d5f00000) (1024K)]
  0x000002a5b8ed0b90 JavaThread "Timer-541"                         [_thread_blocked, id=12792, stack(0x000000b9d8f00000,0x000000b9d9000000) (1024K)]
  0x000002a5b8ed6770 JavaThread "Timer-542"                         [_thread_blocked, id=16332, stack(0x000000b9d9400000,0x000000b9d9500000) (1024K)]
  0x000002a5b8ee25c0 JavaThread "Timer-543"                         [_thread_blocked, id=1848, stack(0x000000b9d9200000,0x000000b9d9300000) (1024K)]
  0x000002a5b8ee60d0 JavaThread "Timer-544"                         [_thread_blocked, id=18832, stack(0x000000b9d9500000,0x000000b9d9600000) (1024K)]
  0x000002a5bc215ef0 JavaThread "Timer-545"                         [_thread_blocked, id=20488, stack(0x000000b9d4f00000,0x000000b9d5000000) (1024K)]
  0x000002a5bc223780 JavaThread "Timer-546"                         [_thread_blocked, id=21948, stack(0x000000b9d9800000,0x000000b9d9900000) (1024K)]
  0x000002a5bc22c150 JavaThread "Worker-45: Initialize workspace"        [_thread_blocked, id=31072, stack(0x000000b9d9900000,0x000000b9d9a00000) (1024K)]
  0x000002a5bc22c7e0 JavaThread "Timer-547"                         [_thread_blocked, id=1844, stack(0x000000b9d9b00000,0x000000b9d9c00000) (1024K)]
  0x000002a5bc230980 JavaThread "Timer-548"                         [_thread_blocked, id=29200, stack(0x000000b9d9c00000,0x000000b9d9d00000) (1024K)]
  0x000002a5bb69b7e0 JavaThread "Timer-549"                         [_thread_blocked, id=4748, stack(0x000000b9d6000000,0x000000b9d6100000) (1024K)]
  0x000002a5bb699710 JavaThread "Timer-550"                         [_thread_blocked, id=21184, stack(0x000000b9d9f00000,0x000000b9da000000) (1024K)]
  0x000002a5cacfe8e0 JavaThread "Timer-551"                         [_thread_blocked, id=28076, stack(0x000000b9da900000,0x000000b9daa00000) (1024K)]
  0x000002a5cad00320 JavaThread "Timer-552"                         [_thread_blocked, id=17868, stack(0x000000b9dab00000,0x000000b9dac00000) (1024K)]
  0x000002a5cacfef70 JavaThread "Timer-553"                         [_thread_blocked, id=23036, stack(0x000000b9dac00000,0x000000b9dad00000) (1024K)]
  0x000002a5cacfe250 JavaThread "Timer-554"                         [_thread_blocked, id=5668, stack(0x000000b9dad00000,0x000000b9dae00000) (1024K)]
  0x000002a5cacfdbc0 JavaThread "Timer-555"                         [_thread_blocked, id=17848, stack(0x000000b9da500000,0x000000b9da600000) (1024K)]
  0x000002a5cacff600 JavaThread "Timer-556"                         [_thread_blocked, id=32128, stack(0x000000b9da400000,0x000000b9da500000) (1024K)]
  0x000002a5cacfc180 JavaThread "Timer-557"                         [_thread_blocked, id=7476, stack(0x000000b9da100000,0x000000b9da200000) (1024K)]
  0x000002a5cacfc810 JavaThread "Timer-558"                         [_thread_blocked, id=22300, stack(0x000000b9da600000,0x000000b9da700000) (1024K)]
  0x000002a5cacfcea0 JavaThread "Timer-559"                         [_thread_blocked, id=14716, stack(0x000000b9da700000,0x000000b9da800000) (1024K)]
  0x000002a5cad009b0 JavaThread "Timer-560"                         [_thread_blocked, id=15404, stack(0x000000b9da800000,0x000000b9da900000) (1024K)]
  0x000002a5cacfd530 JavaThread "Timer-561"                         [_thread_blocked, id=5144, stack(0x000000b9daa00000,0x000000b9dab00000) (1024K)]
  0x000002a5cad02a80 JavaThread "Timer-562"                         [_thread_blocked, id=22168, stack(0x000000b9dae00000,0x000000b9daf00000) (1024K)]
  0x000002a5cad023f0 JavaThread "Timer-563"                         [_thread_blocked, id=20580, stack(0x000000b9da300000,0x000000b9da400000) (1024K)]
  0x000002a5cad03110 JavaThread "Timer-564"                         [_thread_blocked, id=9544, stack(0x000000b9db000000,0x000000b9db100000) (1024K)]
  0x000002a5cacffc90 JavaThread "Timer-565"                         [_thread_blocked, id=23968, stack(0x000000b9cd900000,0x000000b9cda00000) (1024K)]
  0x000002a5cad037a0 JavaThread "Timer-566"                         [_thread_blocked, id=24852, stack(0x000000b9db200000,0x000000b9db300000) (1024K)]
  0x000002a5cad03e30 JavaThread "Timer-567"                         [_thread_blocked, id=24772, stack(0x000000b9db100000,0x000000b9db200000) (1024K)]
  0x000002a5cad044c0 JavaThread "Timer-568"                         [_thread_blocked, id=13068, stack(0x000000b9db300000,0x000000b9db400000) (1024K)]
  0x000002a5cad07fd0 JavaThread "Timer-569"                         [_thread_blocked, id=10056, stack(0x000000b9db600000,0x000000b9db700000) (1024K)]
  0x000002a5cad08660 JavaThread "Timer-570"                         [_thread_blocked, id=14968, stack(0x000000b9db800000,0x000000b9db900000) (1024K)]
  0x000002a5cad05870 JavaThread "Timer-571"                         [_thread_blocked, id=15652, stack(0x000000b9db900000,0x000000b9dba00000) (1024K)]
  0x000002a5cad07940 JavaThread "Timer-572"                         [_thread_blocked, id=31624, stack(0x000000b9dbb00000,0x000000b9dbc00000) (1024K)]
  0x000002a5cad051e0 JavaThread "Timer-573"                         [_thread_blocked, id=29072, stack(0x000000b9dba00000,0x000000b9dbb00000) (1024K)]
  0x000002a5cad072b0 JavaThread "Timer-574"                         [_thread_blocked, id=15072, stack(0x000000b9dbc00000,0x000000b9dbd00000) (1024K)]
  0x000002a5cad04b50 JavaThread "Timer-575"                         [_thread_blocked, id=10376, stack(0x000000b9db400000,0x000000b9db500000) (1024K)]
  0x000002a5cad01d60 JavaThread "Timer-576"                         [_thread_blocked, id=11944, stack(0x000000b9db700000,0x000000b9db800000) (1024K)]
  0x000002a5cad05f00 JavaThread "Timer-577"                         [_thread_blocked, id=20608, stack(0x000000b9da000000,0x000000b9da100000) (1024K)]
  0x000002a5cad06590 JavaThread "Timer-578"                         [_thread_blocked, id=16328, stack(0x000000b9dbd00000,0x000000b9dbe00000) (1024K)]
  0x000002a5cad08cf0 JavaThread "Timer-579"                         [_thread_blocked, id=26076, stack(0x000000b9dbe00000,0x000000b9dbf00000) (1024K)]
  0x000002a5cad09380 JavaThread "Timer-580"                         [_thread_blocked, id=31952, stack(0x000000b9dbf00000,0x000000b9dc000000) (1024K)]
  0x000002a5cad06c20 JavaThread "Timer-581"                         [_thread_blocked, id=4328, stack(0x000000b9dc200000,0x000000b9dc300000) (1024K)]
  0x000002a5cad0c800 JavaThread "Timer-582"                         [_thread_blocked, id=21652, stack(0x000000b9dc400000,0x000000b9dc500000) (1024K)]
  0x000002a5cad0c170 JavaThread "Timer-583"                         [_thread_blocked, id=11604, stack(0x000000b9dc500000,0x000000b9dc600000) (1024K)]
  0x000002a5cad0d520 JavaThread "Timer-584"                         [_thread_blocked, id=31060, stack(0x000000b9dc600000,0x000000b9dc700000) (1024K)]
  0x000002a5cad0dbb0 JavaThread "Timer-585"                         [_thread_blocked, id=15328, stack(0x000000b9dc700000,0x000000b9dc800000) (1024K)]
  0x000002a5cad0ce90 JavaThread "Timer-586"                         [_thread_blocked, id=11956, stack(0x000000b9dc800000,0x000000b9dc900000) (1024K)]
  0x000002a5cad0a730 JavaThread "Timer-587"                         [_thread_blocked, id=12680, stack(0x000000b9dc900000,0x000000b9dca00000) (1024K)]
  0x000002a5cad0adc0 JavaThread "Timer-588"                         [_thread_blocked, id=21200, stack(0x000000b9dcb00000,0x000000b9dcc00000) (1024K)]
  0x000002a5cad01040 JavaThread "Timer-589"                         [_thread_blocked, id=8188, stack(0x000000b9daf00000,0x000000b9db000000) (1024K)]
  0x000002a5cad0a0a0 JavaThread "Timer-590"                         [_thread_blocked, id=30052, stack(0x000000b9dc000000,0x000000b9dc100000) (1024K)]
  0x000002a5cad0bae0 JavaThread "Timer-591"                         [_thread_blocked, id=3752, stack(0x000000b9dc300000,0x000000b9dc400000) (1024K)]
  0x000002a5cad0e240 JavaThread "Timer-592"                         [_thread_blocked, id=1888, stack(0x000000b9dca00000,0x000000b9dcb00000) (1024K)]
  0x000002a5cad109a0 JavaThread "Timer-593"                         [_thread_blocked, id=31232, stack(0x000000b9dce00000,0x000000b9dcf00000) (1024K)]
  0x000002a5cad0f5f0 JavaThread "Timer-594"                         [_thread_blocked, id=19112, stack(0x000000b9dd000000,0x000000b9dd100000) (1024K)]
  0x000002a5cad016d0 JavaThread "Timer-595"                         [_thread_blocked, id=2140, stack(0x000000b9d3500000,0x000000b9d3600000) (1024K)]
  0x000002a5cad0ef60 JavaThread "Timer-596"                         [_thread_blocked, id=4884, stack(0x000000b9db500000,0x000000b9db600000) (1024K)]
  0x000002a5cad116c0 JavaThread "Timer-597"                         [_thread_blocked, id=32136, stack(0x000000b9dcd00000,0x000000b9dce00000) (1024K)]
  0x000002a5cad0fc80 JavaThread "Timer-598"                         [_thread_blocked, id=20252, stack(0x000000b9dcf00000,0x000000b9dd000000) (1024K)]
  0x000002a5cad10310 JavaThread "Timer-599"                         [_thread_blocked, id=30620, stack(0x000000b9cdc00000,0x000000b9cdd00000) (1024K)]
  0x000002a5cad11d50 JavaThread "Timer-600"                         [_thread_blocked, id=31124, stack(0x000000b9dd100000,0x000000b9dd200000) (1024K)]
  0x000002a5cad11030 JavaThread "Timer-601"                         [_thread_blocked, id=30708, stack(0x000000b9d6100000,0x000000b9d6200000) (1024K)]
  0x000002a5cad0e8d0 JavaThread "Timer-602"                         [_thread_blocked, id=16988, stack(0x000000b9dd300000,0x000000b9dd400000) (1024K)]
  0x000002a5cad12a70 JavaThread "Timer-603"                         [_thread_blocked, id=11560, stack(0x000000b9dd200000,0x000000b9dd300000) (1024K)]
  0x000002a5cad13790 JavaThread "Timer-604"                         [_thread_blocked, id=28156, stack(0x000000b9dd400000,0x000000b9dd500000) (1024K)]
  0x000002a5cad123e0 JavaThread "Timer-605"                         [_thread_blocked, id=18612, stack(0x000000b9ce000000,0x000000b9ce100000) (1024K)]
  0x000002a5cad144b0 JavaThread "Timer-606"                         [_thread_blocked, id=27632, stack(0x000000b9dcc00000,0x000000b9dcd00000) (1024K)]
  0x000002a5cad13100 JavaThread "Timer-607"                         [_thread_blocked, id=18700, stack(0x000000b9dd500000,0x000000b9dd600000) (1024K)]
  0x000002a5cad15ef0 JavaThread "Timer-608"                         [_thread_blocked, id=3956, stack(0x000000b9dd700000,0x000000b9dd800000) (1024K)]
  0x000002a5cad14b40 JavaThread "Timer-609"                         [_thread_blocked, id=12160, stack(0x000000b9dd600000,0x000000b9dd700000) (1024K)]
  0x000002a5cad13e20 JavaThread "Timer-610"                         [_thread_blocked, id=24908, stack(0x000000b9dd800000,0x000000b9dd900000) (1024K)]
  0x000002a5cad151d0 JavaThread "Timer-611"                         [_thread_blocked, id=27628, stack(0x000000b9d6900000,0x000000b9d6a00000) (1024K)]
  0x000002a5cad15860 JavaThread "Timer-612"                         [_thread_blocked, id=24604, stack(0x000000b9dd900000,0x000000b9dda00000) (1024K)]
  0x000002a5cad17930 JavaThread "Timer-613"                         [_thread_blocked, id=26612, stack(0x000000b9d8d00000,0x000000b9d8e00000) (1024K)]
  0x000002a5cad19370 JavaThread "Timer-614"                         [_thread_blocked, id=20232, stack(0x000000b9dda00000,0x000000b9ddb00000) (1024K)]
  0x000002a5cad18650 JavaThread "Timer-615"                         [_thread_blocked, id=17948, stack(0x000000b9ddb00000,0x000000b9ddc00000) (1024K)]
  0x000002a5cad16580 JavaThread "Timer-616"                         [_thread_blocked, id=5752, stack(0x000000b9ddc00000,0x000000b9ddd00000) (1024K)]
  0x000002a5cad17fc0 JavaThread "Timer-617"                         [_thread_blocked, id=27804, stack(0x000000b9d0b00000,0x000000b9d0c00000) (1024K)]
  0x000002a5cad19a00 JavaThread "Timer-618"                         [_thread_blocked, id=11928, stack(0x000000b9ddd00000,0x000000b9dde00000) (1024K)]
  0x000002a5cad16c10 JavaThread "Timer-619"                         [_thread_blocked, id=28020, stack(0x000000b9d6c00000,0x000000b9d6d00000) (1024K)]
  0x000002a5cad18ce0 JavaThread "Timer-620"                         [_thread_blocked, id=27720, stack(0x000000b9ddf00000,0x000000b9de000000) (1024K)]
  0x000002a5cad1a090 JavaThread "Timer-621"                         [_thread_blocked, id=22380, stack(0x000000b9dde00000,0x000000b9ddf00000) (1024K)]
  0x000002a5cad1a720 JavaThread "Timer-622"                         [_thread_blocked, id=18572, stack(0x000000b9de000000,0x000000b9de100000) (1024K)]
  0x000002a5cad1d510 JavaThread "Timer-623"                         [_thread_blocked, id=26016, stack(0x000000b9d6800000,0x000000b9d6900000) (1024K)]
  0x000002a5cad1bad0 JavaThread "Timer-624"                         [_thread_blocked, id=11868, stack(0x000000b9d8a00000,0x000000b9d8b00000) (1024K)]
  0x000002a5cad1c160 JavaThread "Timer-625"                         [_thread_blocked, id=23064, stack(0x000000b9da200000,0x000000b9da300000) (1024K)]
  0x000002a5cad1c7f0 JavaThread "Timer-626"                         [_thread_blocked, id=30960, stack(0x000000b9de100000,0x000000b9de200000) (1024K)]
  0x000002a5cad1e230 JavaThread "Timer-627"                         [_thread_blocked, id=30140, stack(0x000000b9dc100000,0x000000b9dc200000) (1024K)]
  0x000002a5cad1ce80 JavaThread "Timer-628"                         [_thread_blocked, id=14644, stack(0x000000b9de200000,0x000000b9de300000) (1024K)]
  0x000002a5cad1b440 JavaThread "Timer-629"                         [_thread_blocked, id=19820, stack(0x000000b9d4700000,0x000000b9d4800000) (1024K)]
  0x000002a5cad1dba0 JavaThread "Timer-630"                         [_thread_blocked, id=3620, stack(0x000000b9d7f00000,0x000000b9d8000000) (1024K)]
  0x000002a5cad1adb0 JavaThread "Timer-631"                         [_thread_blocked, id=8036, stack(0x000000b9d9a00000,0x000000b9d9b00000) (1024K)]
  0x000002a5cad216b0 JavaThread "Timer-632"                         [_thread_blocked, id=8728, stack(0x000000b9de300000,0x000000b9de400000) (1024K)]
  0x000002a5cad21d40 JavaThread "Timer-633"                         [_thread_blocked, id=24476, stack(0x000000b9de400000,0x000000b9de500000) (1024K)]
  0x000002a5cad1e8c0 JavaThread "Timer-634"                         [_thread_blocked, id=21752, stack(0x000000b9de500000,0x000000b9de600000) (1024K)]
  0x000002a5cad223d0 JavaThread "Timer-635"                         [_thread_blocked, id=20576, stack(0x000000b9cdd00000,0x000000b9cde00000) (1024K)]
  0x000002a5cad20300 JavaThread "Timer-636"                         [_thread_blocked, id=14192, stack(0x000000b9ceb00000,0x000000b9cec00000) (1024K)]
  0x000002a5cad1f5e0 JavaThread "Worker-46: Initialize workspace"        [_thread_blocked, id=18876, stack(0x000000b9d8300000,0x000000b9d8400000) (1024K)]
  0x000002a5cad1fc70 JavaThread "Timer-637"                         [_thread_blocked, id=8536, stack(0x000000b9d8b00000,0x000000b9d8c00000) (1024K)]
  0x000002a5cad20990 JavaThread "Timer-638"                         [_thread_blocked, id=22672, stack(0x000000b9de600000,0x000000b9de700000) (1024K)]
  0x000002a5cad21020 JavaThread "Timer-639"                         [_thread_blocked, id=2688, stack(0x000000b9d9700000,0x000000b9d9800000) (1024K)]
  0x000002a5cad1ef50 JavaThread "Timer-640"                         [_thread_blocked, id=10580, stack(0x000000b9de700000,0x000000b9de800000) (1024K)]
  0x000002a5cad23e10 JavaThread "Timer-641"                         [_thread_blocked, id=12864, stack(0x000000b9c9500000,0x000000b9c9600000) (1024K)]
  0x000002a5cad244a0 JavaThread "Timer-642"                         [_thread_blocked, id=12844, stack(0x000000b9d9d00000,0x000000b9d9e00000) (1024K)]
  0x000002a5cad25850 JavaThread "Worker-47: Initialize workspace"        [_thread_blocked, id=24916, stack(0x000000b9d8900000,0x000000b9d8a00000) (1024K)]
  0x000002a5cad24b30 JavaThread "Timer-643"                         [_thread_blocked, id=29460, stack(0x000000b9de800000,0x000000b9de900000) (1024K)]
  0x000002a5cad25ee0 JavaThread "Timer-644"                         [_thread_blocked, id=16888, stack(0x000000b9dea00000,0x000000b9deb00000) (1024K)]
  0x000002a5cad22a60 JavaThread "Timer-645"                         [_thread_blocked, id=29880, stack(0x000000b9de900000,0x000000b9dea00000) (1024K)]
  0x000002a5cad251c0 JavaThread "Timer-646"                         [_thread_blocked, id=8544, stack(0x000000b9deb00000,0x000000b9dec00000) (1024K)]
  0x000002a5cad0b450 JavaThread "Timer-647"                         [_thread_blocked, id=25076, stack(0x000000b9d0300000,0x000000b9d0400000) (1024K)]
  0x000002a5cad26570 JavaThread "Timer-648"                         [_thread_blocked, id=12716, stack(0x000000b9d2d00000,0x000000b9d2e00000) (1024K)]
  0x000002a5cad230f0 JavaThread "Worker-48: Initialize Workspace"        [_thread_blocked, id=26496, stack(0x000000b9d9600000,0x000000b9d9700000) (1024K)]
  0x000002a5cad26c00 JavaThread "Timer-649"                         [_thread_blocked, id=31568, stack(0x000000b9dec00000,0x000000b9ded00000) (1024K)]
  0x000002a5cad23780 JavaThread "Timer-650"                         [_thread_blocked, id=13284, stack(0x000000b9dee00000,0x000000b9def00000) (1024K)]
  0x000002a5cad2a710 JavaThread "Timer-651"                         [_thread_blocked, id=2204, stack(0x000000b9ded00000,0x000000b9dee00000) (1024K)]
  0x000002a5cad27290 JavaThread "Timer-652"                         [_thread_blocked, id=19984, stack(0x000000b9def00000,0x000000b9df000000) (1024K)]
  0x000002a5cad28640 JavaThread "Timer-653"                         [_thread_blocked, id=29484, stack(0x000000b9d8c00000,0x000000b9d8d00000) (1024K)]
  0x000002a5cad28cd0 JavaThread "Timer-654"                         [_thread_blocked, id=20996, stack(0x000000b9d9e00000,0x000000b9d9f00000) (1024K)]
  0x000002a5cad2ada0 JavaThread "Timer-655"                         [_thread_blocked, id=8540, stack(0x000000b9df000000,0x000000b9df100000) (1024K)]
  0x000002a5cad27920 JavaThread "Timer-656"                         [_thread_blocked, id=10404, stack(0x000000b9df200000,0x000000b9df300000) (1024K)]
  0x000002a5cad2b430 JavaThread "Timer-657"                         [_thread_blocked, id=3036, stack(0x000000b9df300000,0x000000b9df400000) (1024K)]
  0x000002a5cad27fb0 JavaThread "Timer-658"                         [_thread_blocked, id=20688, stack(0x000000b9df400000,0x000000b9df500000) (1024K)]
  0x000002a5cad172a0 JavaThread "Timer-659"                         [_thread_blocked, id=21512, stack(0x000000b9cda00000,0x000000b9cdb00000) (1024K)]
  0x000002a5cad2c150 JavaThread "Timer-660"                         [_thread_blocked, id=3144, stack(0x000000b9d0a00000,0x000000b9d0b00000) (1024K)]
  0x000002a5cad299f0 JavaThread "Timer-661"                         [_thread_blocked, id=21940, stack(0x000000b9d0f00000,0x000000b9d1000000) (1024K)]
  0x000002a5cad2bac0 JavaThread "Timer-662"                         [_thread_blocked, id=31448, stack(0x000000b9df500000,0x000000b9df600000) (1024K)]
  0x000002a5cad2d500 JavaThread "Timer-663"                         [_thread_blocked, id=22868, stack(0x000000b9d3d00000,0x000000b9d3e00000) (1024K)]
  0x000002a5cad2c7e0 JavaThread "Timer-664"                         [_thread_blocked, id=28544, stack(0x000000b9df600000,0x000000b9df700000) (1024K)]
  0x000002a5cad33e00 JavaThread "Timer-665"                         [_thread_blocked, id=18052, stack(0x000000b9e0300000,0x000000b9e0400000) (1024K)]
  0x000002a5cad36560 JavaThread "Timer-666"                         [_thread_blocked, id=7784, stack(0x000000b9e0400000,0x000000b9e0500000) (1024K)]
  0x000002a5cad399e0 JavaThread "Timer-667"                         [_thread_blocked, id=23432, stack(0x000000b9e1300000,0x000000b9e1400000) (1024K)]
  0x000002a5cad3bab0 JavaThread "Timer-668"                         [_thread_blocked, id=20956, stack(0x000000b9e1f00000,0x000000b9e2000000) (1024K)]
  0x000002a5bb6b5be0 JavaThread "Timer-669"                         [_thread_blocked, id=9704, stack(0x000000b9e1e00000,0x000000b9e1f00000) (1024K)]
  0x000002a5bb6b5550 JavaThread "Timer-670"                         [_thread_blocked, id=31804, stack(0x000000b9e2000000,0x000000b9e2100000) (1024K)]
  0x000002a5bb6b8340 JavaThread "Timer-671"                         [_thread_blocked, id=22596, stack(0x000000b9e2200000,0x000000b9e2300000) (1024K)]
  0x000002a5bb699da0 JavaThread "Timer-672"                         [_thread_blocked, id=12800, stack(0x000000b9e2400000,0x000000b9e2500000) (1024K)]
  0x000002a5bb69be70 JavaThread "Timer-673"                         [_thread_blocked, id=12240, stack(0x000000b9e2500000,0x000000b9e2600000) (1024K)]
  0x000002a5bb69a430 JavaThread "Timer-674"                         [_thread_blocked, id=17580, stack(0x000000b9e2700000,0x000000b9e2800000) (1024K)]
  0x000002a5bb699080 JavaThread "Timer-675"                         [_thread_blocked, id=12572, stack(0x000000b9e2600000,0x000000b9e2700000) (1024K)]
  0x000002a5bb69d8b0 JavaThread "Timer-676"                         [_thread_blocked, id=25680, stack(0x000000b9e2800000,0x000000b9e2900000) (1024K)]
  0x000002a5bb6a2770 JavaThread "Timer-677"                         [_thread_blocked, id=15484, stack(0x000000b9e2a00000,0x000000b9e2b00000) (1024K)]
  0x000002a5bb6a2e00 JavaThread "Timer-678"                         [_thread_blocked, id=304, stack(0x000000b9e2b00000,0x000000b9e2c00000) (1024K)]
  0x000002a5bb6a9d90 JavaThread "Timer-679"                         [_thread_blocked, id=10780, stack(0x000000b9e2d00000,0x000000b9e2e00000) (1024K)]
  0x000002a5bb6b0d20 JavaThread "Timer-680"                         [_thread_blocked, id=31708, stack(0x000000b9e2e00000,0x000000b9e2f00000) (1024K)]
  0x000002a5bb6ab140 JavaThread "Timer-681"                         [_thread_blocked, id=7708, stack(0x000000b9e2c00000,0x000000b9e2d00000) (1024K)]
  0x000002a5bb6af2e0 JavaThread "Timer-682"                         [_thread_blocked, id=1344, stack(0x000000b9e2f00000,0x000000b9e3000000) (1024K)]
  0x000002a5bb6a4840 JavaThread "Timer-683"                         [_thread_blocked, id=28540, stack(0x000000b9e2900000,0x000000b9e2a00000) (1024K)]
  0x000002a5bb6af970 JavaThread "Timer-684"                         [_thread_blocked, id=6304, stack(0x000000b9e3000000,0x000000b9e3100000) (1024K)]
  0x000002a5bb6b13b0 JavaThread "Timer-685"                         [_thread_blocked, id=31956, stack(0x000000b9e3100000,0x000000b9e3200000) (1024K)]
  0x000002a5bb6b0690 JavaThread "Timer-686"                         [_thread_blocked, id=22292, stack(0x000000b9e3200000,0x000000b9e3300000) (1024K)]
  0x000002a5bb6adf30 JavaThread "Timer-687"                         [_thread_blocked, id=13184, stack(0x000000b9e3300000,0x000000b9e3400000) (1024K)]
  0x000002a5bb6b1a40 JavaThread "Timer-688"                         [_thread_blocked, id=14076, stack(0x000000b9e3400000,0x000000b9e3500000) (1024K)]
  0x000002a5bc216580 JavaThread "Timer-689"                         [_thread_blocked, id=18828, stack(0x000000b9e3900000,0x000000b9e3a00000) (1024K)]
  0x000002a5bc222a60 JavaThread "Timer-690"                         [_thread_blocked, id=29268, stack(0x000000b9e3c00000,0x000000b9e3d00000) (1024K)]
  0x000002a5cad09a10 JavaThread "Timer-691"                         [_thread_blocked, id=6544, stack(0x000000b9e3d00000,0x000000b9e3e00000) (1024K)]
  0x000002a5cad31d30 JavaThread "Timer-692"                         [_thread_blocked, id=25152, stack(0x000000b9e3f00000,0x000000b9e4000000) (1024K)]
  0x000002a5af6756c0 JavaThread "Timer-693"                         [_thread_blocked, id=29008, stack(0x000000b9e3e00000,0x000000b9e3f00000) (1024K)]
  0x000002a5af67e720 JavaThread "Timer-694"                         [_thread_blocked, id=17680, stack(0x000000b9e4000000,0x000000b9e4100000) (1024K)]
  0x000002a5a218c4e0 JavaThread "Timer-695"                         [_thread_blocked, id=23072, stack(0x000000b9e4300000,0x000000b9e4400000) (1024K)]
  0x000002a5cad3c7d0 JavaThread "Timer-696"                         [_thread_blocked, id=3972, stack(0x000000b9e4500000,0x000000b9e4600000) (1024K)]
  0x000002a5bb6b2df0 JavaThread "Timer-697"                         [_thread_blocked, id=18056, stack(0x000000b9e4600000,0x000000b9e4700000) (1024K)]
  0x000002a5adeaa5c0 JavaThread "Timer-698"                         [_thread_blocked, id=14840, stack(0x000000b9e4800000,0x000000b9e4900000) (1024K)]
  0x000002a5cb146200 JavaThread "Timer-699"                         [_thread_blocked, id=31892, stack(0x000000b9e4700000,0x000000b9e4800000) (1024K)]
  0x000002a5cb1447c0 JavaThread "Timer-700"                         [_thread_blocked, id=13188, stack(0x000000b9e4900000,0x000000b9e4a00000) (1024K)]
  0x000002a5cb144130 JavaThread "Timer-701"                         [_thread_blocked, id=24996, stack(0x000000b9e4c00000,0x000000b9e4d00000) (1024K)]
  0x000002a5cb145b70 JavaThread "Timer-702"                         [_thread_blocked, id=14088, stack(0x000000b9e4e00000,0x000000b9e4f00000) (1024K)]
  0x000002a5cb148960 JavaThread "Timer-703"                         [_thread_blocked, id=9532, stack(0x000000b9e4f00000,0x000000b9e5000000) (1024K)]
  0x000002a5cb1482d0 JavaThread "Timer-704"                         [_thread_blocked, id=24416, stack(0x000000b9e5000000,0x000000b9e5100000) (1024K)]
  0x000002a5cb147c40 JavaThread "Timer-705"                         [_thread_blocked, id=30756, stack(0x000000b9e0500000,0x000000b9e0600000) (1024K)]
  0x000002a5cb1454e0 JavaThread "Timer-706"                         [_thread_blocked, id=19016, stack(0x000000b9e0b00000,0x000000b9e0c00000) (1024K)]
  0x000002a5cb14b750 JavaThread "Timer-707"                         [_thread_blocked, id=20112, stack(0x000000b9e0900000,0x000000b9e0a00000) (1024K)]
  0x000002a5cb14bde0 JavaThread "Timer-708"                         [_thread_blocked, id=3636, stack(0x000000b9e0d00000,0x000000b9e0e00000) (1024K)]
  0x000002a5cb14aa30 JavaThread "Timer-709"                         [_thread_blocked, id=19948, stack(0x000000b9b7a00000,0x000000b9b7b00000) (1024K)]
  0x000002a5cb14cb00 JavaThread "Timer-710"                         [_thread_blocked, id=20620, stack(0x000000b9e0600000,0x000000b9e0700000) (1024K)]
  0x000002a5cb1475b0 JavaThread "Timer-711"                         [_thread_blocked, id=31704, stack(0x000000b9e0c00000,0x000000b9e0d00000) (1024K)]
  0x000002a5cb144e50 JavaThread "Timer-712"                         [_thread_blocked, id=12508, stack(0x000000b9e0e00000,0x000000b9e0f00000) (1024K)]
  0x000002a5cb14b0c0 JavaThread "Timer-713"                         [_thread_blocked, id=28260, stack(0x000000b9e1100000,0x000000b9e1200000) (1024K)]
  0x000002a5cb14d190 JavaThread "Timer-714"                         [_thread_blocked, id=11648, stack(0x000000b9e1200000,0x000000b9e1300000) (1024K)]
  0x000002a5cb149d10 JavaThread "Timer-715"                         [_thread_blocked, id=24448, stack(0x000000b9e0a00000,0x000000b9e0b00000) (1024K)]
  0x000002a5cb14a3a0 JavaThread "Timer-716"                         [_thread_blocked, id=11536, stack(0x000000b9e0f00000,0x000000b9e1000000) (1024K)]
  0x000002a5cb146f20 JavaThread "Timer-717"                         [_thread_blocked, id=13344, stack(0x000000b9d6700000,0x000000b9d6800000) (1024K)]
  0x000002a5cb14f260 JavaThread "Timer-718"                         [_thread_blocked, id=23684, stack(0x000000b9c9400000,0x000000b9c9500000) (1024K)]
  0x000002a5cb150610 JavaThread "Timer-719"                         [_thread_blocked, id=27664, stack(0x000000b9e1000000,0x000000b9e1100000) (1024K)]
  0x000002a5cb14deb0 JavaThread "Timer-720"                         [_thread_blocked, id=12376, stack(0x000000b9e1400000,0x000000b9e1500000) (1024K)]
  0x000002a5cb14f8f0 JavaThread "Timer-721"                         [_thread_blocked, id=1744, stack(0x000000b9e1600000,0x000000b9e1700000) (1024K)]
  0x000002a5cb14ff80 JavaThread "Timer-722"                         [_thread_blocked, id=30224, stack(0x000000b9e1a00000,0x000000b9e1b00000) (1024K)]
  0x000002a5cb14d820 JavaThread "Timer-723"                         [_thread_blocked, id=27256, stack(0x000000b9e1500000,0x000000b9e1600000) (1024K)]
  0x000002a5cb1519c0 JavaThread "Timer-724"                         [_thread_blocked, id=5784, stack(0x000000b9e1700000,0x000000b9e1800000) (1024K)]
  0x000002a5cb154120 JavaThread "Timer-725"                         [_thread_blocked, id=18948, stack(0x000000b9e1d00000,0x000000b9e1e00000) (1024K)]
  0x000002a5cb152d70 JavaThread "Timer-726"                         [_thread_blocked, id=19436, stack(0x000000b9e2300000,0x000000b9e2400000) (1024K)]
  0x000002a5cb1526e0 JavaThread "Timer-727"                         [_thread_blocked, id=23704, stack(0x000000b9b7900000,0x000000b9b7a00000) (1024K)]
  0x000002a5cb14ebd0 JavaThread "Timer-728"                         [_thread_blocked, id=22096, stack(0x000000b9e1c00000,0x000000b9e1d00000) (1024K)]
  0x000002a5cb1547b0 JavaThread "Timer-729"                         [_thread_blocked, id=24500, stack(0x000000b9e2100000,0x000000b9e2200000) (1024K)]
  0x000002a5cb152050 JavaThread "Timer-730"                         [_thread_blocked, id=13996, stack(0x000000b9e3700000,0x000000b9e3800000) (1024K)]
  0x000002a5cb153a90 JavaThread "Timer-731"                         [_thread_blocked, id=27344, stack(0x000000b9e3b00000,0x000000b9e3c00000) (1024K)]
  0x000002a5cb1582c0 JavaThread "Timer-732"                         [_thread_blocked, id=30304, stack(0x000000b9e4400000,0x000000b9e4500000) (1024K)]
  0x000002a5cb1561f0 JavaThread "Timer-733"                         [_thread_blocked, id=19628, stack(0x000000b9e4a00000,0x000000b9e4b00000) (1024K)]
  0x000002a5cb1575a0 JavaThread "Timer-734"                         [_thread_blocked, id=23284, stack(0x000000b9e4b00000,0x000000b9e4c00000) (1024K)]
  0x000002a5cb150ca0 JavaThread "Timer-735"                         [_thread_blocked, id=13396, stack(0x000000b9e3a00000,0x000000b9e3b00000) (1024K)]
  0x000002a5cb156880 JavaThread "Timer-736"                         [_thread_blocked, id=17944, stack(0x000000b9e4200000,0x000000b9e4300000) (1024K)]
  0x000002a5cb158950 JavaThread "Timer-737"                         [_thread_blocked, id=3652, stack(0x000000b9e5200000,0x000000b9e5300000) (1024K)]
  0x000002a5cb1554d0 JavaThread "Timer-738"                         [_thread_blocked, id=14536, stack(0x000000b9e5400000,0x000000b9e5500000) (1024K)]
  0x000002a5cb155b60 JavaThread "Timer-739"                         [_thread_blocked, id=14956, stack(0x000000b9e5600000,0x000000b9e5700000) (1024K)]
  0x000002a5cb159d00 JavaThread "Timer-740"                         [_thread_blocked, id=28824, stack(0x000000b9e5700000,0x000000b9e5800000) (1024K)]
  0x000002a5cb159670 JavaThread "Timer-741"                         [_thread_blocked, id=9928, stack(0x000000b9e5100000,0x000000b9e5200000) (1024K)]
  0x000002a5cb157c30 JavaThread "Timer-742"                         [_thread_blocked, id=21316, stack(0x000000b9e5300000,0x000000b9e5400000) (1024K)]
  0x000002a5cb15dea0 JavaThread "Timer-743"                         [_thread_blocked, id=27872, stack(0x000000b9e5a00000,0x000000b9e5b00000) (1024K)]
  0x000002a5cb15aa20 JavaThread "Timer-744"                         [_thread_blocked, id=9772, stack(0x000000b9e5c00000,0x000000b9e5d00000) (1024K)]
  0x000002a5cb15b0b0 JavaThread "Timer-745"                         [_thread_blocked, id=32048, stack(0x000000b9e5e00000,0x000000b9e5f00000) (1024K)]
  0x000002a5cb15d810 JavaThread "Timer-746"                         [_thread_blocked, id=29708, stack(0x000000b9e5f00000,0x000000b9e6000000) (1024K)]
  0x000002a5cb156f10 JavaThread "Timer-747"                         [_thread_blocked, id=14884, stack(0x000000b9e5900000,0x000000b9e5a00000) (1024K)]
  0x000002a5cb15b740 JavaThread "Timer-748"                         [_thread_blocked, id=23516, stack(0x000000b9e5b00000,0x000000b9e5c00000) (1024K)]
  0x000002a5cb15d180 JavaThread "Timer-749"                         [_thread_blocked, id=2656, stack(0x000000b9e6100000,0x000000b9e6200000) (1024K)]
  0x000002a5cb15a390 JavaThread "Timer-750"                         [_thread_blocked, id=30944, stack(0x000000b9e6300000,0x000000b9e6400000) (1024K)]
  0x000002a5cb15ff70 JavaThread "Timer-751"                         [_thread_blocked, id=22504, stack(0x000000b9e6600000,0x000000b9e6700000) (1024K)]
  0x000002a5cb161320 JavaThread "Timer-752"                         [_thread_blocked, id=31820, stack(0x000000b9e6800000,0x000000b9e6900000) (1024K)]
  0x000002a5cb15e530 JavaThread "Timer-753"                         [_thread_blocked, id=23768, stack(0x000000b9e6200000,0x000000b9e6300000) (1024K)]
  0x000002a5cb15f8e0 JavaThread "Timer-754"                         [_thread_blocked, id=15872, stack(0x000000b9e6500000,0x000000b9e6600000) (1024K)]
  0x000002a5cb1626d0 JavaThread "Timer-755"                         [_thread_blocked, id=29852, stack(0x000000b9e6a00000,0x000000b9e6b00000) (1024K)]
  0x000002a5cb1647a0 JavaThread "Timer-756"                         [_thread_blocked, id=1616, stack(0x000000b9e6c00000,0x000000b9e6d00000) (1024K)]
  0x000002a5cb162d60 JavaThread "Worker-53"                         [_thread_blocked, id=6220, stack(0x000000b9e6d00000,0x000000b9e6e00000) (1024K)]
  0x000002a5cb164e30 JavaThread "Timer-757"                         [_thread_blocked, id=10964, stack(0x000000b9e6e00000,0x000000b9e6f00000) (1024K)]
  0x000002a5cb1619b0 JavaThread "Timer-758"                         [_thread_blocked, id=29724, stack(0x000000b9e7000000,0x000000b9e7100000) (1024K)]
  0x000002a5cb160c90 JavaThread "Timer-759"                         [_thread_blocked, id=26436, stack(0x000000b9e6900000,0x000000b9e6a00000) (1024K)]
  0x000002a5cb162040 JavaThread "Timer-760"                         [_thread_blocked, id=4048, stack(0x000000b9e6b00000,0x000000b9e6c00000) (1024K)]
  0x000002a5cb160600 JavaThread "Timer-761"                         [_thread_blocked, id=4284, stack(0x000000b9e7200000,0x000000b9e7300000) (1024K)]
  0x000002a5cb165b50 JavaThread "Timer-762"                         [_thread_blocked, id=27784, stack(0x000000b9e7400000,0x000000b9e7500000) (1024K)]
  0x000002a5cb166870 JavaThread "Timer-763"                         [_thread_blocked, id=20268, stack(0x000000b9e7600000,0x000000b9e7700000) (1024K)]
  0x000002a5cb164110 JavaThread "Timer-764"                         [_thread_blocked, id=21748, stack(0x000000b9e7700000,0x000000b9e7800000) (1024K)]
  0x000002a5cb166f00 JavaThread "Timer-765"                         [_thread_blocked, id=684, stack(0x000000b9e7100000,0x000000b9e7200000) (1024K)]
  0x000002a5cb1654c0 JavaThread "Timer-766"                         [_thread_blocked, id=16768, stack(0x000000b9e7300000,0x000000b9e7400000) (1024K)]
  0x000002a5cb168fd0 JavaThread "Timer-767"                         [_thread_blocked, id=20024, stack(0x000000b9e7b00000,0x000000b9e7c00000) (1024K)]
  0x000002a5cb167c20 JavaThread "Timer-768"                         [_thread_blocked, id=9376, stack(0x000000b9e7c00000,0x000000b9e7d00000) (1024K)]
  0x000002a5cb153400 JavaThread "Timer-769"                         [_thread_blocked, id=32636, stack(0x000000b9e4d00000,0x000000b9e4e00000) (1024K)]
  0x000002a5cb1633f0 JavaThread "Timer-770"                         [_thread_blocked, id=25288, stack(0x000000b9e6f00000,0x000000b9e7000000) (1024K)]
  0x000002a5cb163a80 JavaThread "Timer-771"                         [_thread_blocked, id=16476, stack(0x000000b9e7800000,0x000000b9e7900000) (1024K)]
  0x000002a5cb167590 JavaThread "Timer-772"                         [_thread_blocked, id=16516, stack(0x000000b9e7a00000,0x000000b9e7b00000) (1024K)]
  0x000002a5cb12c490 JavaThread "Timer-773"                         [_thread_blocked, id=24648, stack(0x000000b9e7f00000,0x000000b9e8000000) (1024K)]
  0x000002a5cb129d30 JavaThread "Timer-774"                         [_thread_blocked, id=18880, stack(0x000000b9e8000000,0x000000b9e8100000) (1024K)]
  0x000002a5cb12cb20 JavaThread "Timer-775"                         [_thread_blocked, id=29832, stack(0x000000b9e7e00000,0x000000b9e7f00000) (1024K)]
  0x000002a5cb12d840 JavaThread "Timer-776"                         [_thread_blocked, id=960, stack(0x000000b9e8200000,0x000000b9e8300000) (1024K)]
  0x000002a5cb12d1b0 JavaThread "Timer-777"                         [_thread_blocked, id=28196, stack(0x000000b9e8300000,0x000000b9e8400000) (1024K)]
  0x000002a5cb12a3c0 JavaThread "Timer-778"                         [_thread_blocked, id=25584, stack(0x000000b9e8400000,0x000000b9e8500000) (1024K)]
  0x000002a5cb1682b0 JavaThread "Timer-779"                         [_thread_blocked, id=29548, stack(0x000000b9e0000000,0x000000b9e0100000) (1024K)]
  0x000002a5cb12ded0 JavaThread "Timer-780"                         [_thread_blocked, id=14444, stack(0x000000b9e0200000,0x000000b9e0300000) (1024K)]
  0x000002a5cb12be00 JavaThread "Timer-781"                         [_thread_blocked, id=30644, stack(0x000000b9e3600000,0x000000b9e3700000) (1024K)]
  0x000002a5cb131350 JavaThread "Timer-782"                         [_thread_blocked, id=12952, stack(0x000000b9e3800000,0x000000b9e3900000) (1024K)]
  0x000002a5cb12ebf0 JavaThread "Timer-783"                         [_thread_blocked, id=13144, stack(0x000000b9df800000,0x000000b9df900000) (1024K)]
  0x000002a5cb12f280 JavaThread "Timer-784"                         [_thread_blocked, id=23952, stack(0x000000b9e4100000,0x000000b9e4200000) (1024K)]
  0x000002a5cb1319e0 JavaThread "Timer-785"                         [_thread_blocked, id=17676, stack(0x000000b9dfc00000,0x000000b9dfd00000) (1024K)]
  0x000002a5cb1661e0 JavaThread "Timer-786"                         [_thread_blocked, id=28332, stack(0x000000b9e6700000,0x000000b9e6800000) (1024K)]
  0x000002a5cb12b770 JavaThread "Timer-787"                         [_thread_blocked, id=27932, stack(0x000000b9d3e00000,0x000000b9d3f00000) (1024K)]
  0x000002a5cb130630 JavaThread "Timer-788"                         [_thread_blocked, id=6188, stack(0x000000b9d7200000,0x000000b9d7300000) (1024K)]
  0x000002a5cb146890 JavaThread "Timer-789"                         [_thread_blocked, id=25668, stack(0x000000b9df100000,0x000000b9df200000) (1024K)]
  0x000002a5cb154e40 JavaThread "Timer-790"                         [_thread_blocked, id=26584, stack(0x000000b9dfb00000,0x000000b9dfc00000) (1024K)]
  0x000002a5cb15ebc0 JavaThread "Connection worker"                 [_thread_in_native, id=27196, stack(0x000000b9dfe00000,0x000000b9dff00000) (1024K)]
  0x000002a5cb12b0e0 JavaThread "pool-350-thread-1"                 [_thread_blocked, id=25800, stack(0x000000b9e3500000,0x000000b9e3600000) (1024K)]
  0x000002a5cb12f910 JavaThread "Timer-791"                         [_thread_blocked, id=32760, stack(0x000000b9e5d00000,0x000000b9e5e00000) (1024K)]
  0x000002a5cb132d90 JavaThread "Timer-792"                         [_thread_blocked, id=14008, stack(0x000000b9e5800000,0x000000b9e5900000) (1024K)]
  0x000002a5cb130cc0 JavaThread "Worker-55: Initialize workspace"        [_thread_blocked, id=15200, stack(0x000000b9e6400000,0x000000b9e6500000) (1024K)]
  0x000002a5cb12aa50 JavaThread "Worker-56: Initialize workspace"        [_thread_blocked, id=3740, stack(0x000000b9dfd00000,0x000000b9dfe00000) (1024K)]
  0x000002a5cb133ab0 JavaThread "Timer-793"                         [_thread_blocked, id=22200, stack(0x000000b9e8100000,0x000000b9e8200000) (1024K)]
  0x000002a5cb135b80 JavaThread "Timer-794"                         [_thread_blocked, id=28508, stack(0x000000b9e8600000,0x000000b9e8700000) (1024K)]
  0x000002a5cb134140 JavaThread "Timer-795"                         [_thread_blocked, id=28040, stack(0x000000b9e8500000,0x000000b9e8600000) (1024K)]
  0x000002a5cb133420 JavaThread "Timer-796"                         [_thread_blocked, id=11688, stack(0x000000b9e8700000,0x000000b9e8800000) (1024K)]
  0x000002a5cb136f30 JavaThread "Connection worker"                 [_thread_in_native, id=15520, stack(0x000000b9df900000,0x000000b9dfa00000) (1024K)]
  0x000002a5cb1375c0 JavaThread "Connection worker"                 [_thread_in_native, id=6860, stack(0x000000b9e8900000,0x000000b9e8a00000) (1024K)]
  0x000002a5cb137c50 JavaThread "pool-353-thread-1"                 [_thread_blocked, id=29144, stack(0x000000b9e8a00000,0x000000b9e8b00000) (1024K)]
  0x000002a5cb1354f0 JavaThread "pool-354-thread-1"                 [_thread_blocked, id=5364, stack(0x000000b9e8b00000,0x000000b9e8c00000) (1024K)]
  0x000002a5cb136210 JavaThread "Timer-797"                         [_thread_blocked, id=25868, stack(0x000000b9dfa00000,0x000000b9dfb00000) (1024K)]
  0x000002a5cb1368a0 JavaThread "Timer-798"                         [_thread_blocked, id=14472, stack(0x000000b9e8c00000,0x000000b9e8d00000) (1024K)]
  0x000002a5cb149680 JavaThread "Connection worker"                 [_thread_in_native, id=12324, stack(0x000000b9b3600000,0x000000b9b3700000) (1024K)]
  0x000002a5cb15bdd0 JavaThread "pool-355-thread-1"                 [_thread_blocked, id=11208, stack(0x000000b9d1f00000,0x000000b9d2000000) (1024K)]
  0x000002a5cb14c470 JavaThread "Connection worker"                 [_thread_in_native, id=20248, stack(0x000000b9dff00000,0x000000b9e0000000) (1024K)]
  0x000002a5cb15c460 JavaThread "Connection worker"                 [_thread_in_native, id=20744, stack(0x000000b9e0800000,0x000000b9e0900000) (1024K)]
  0x000002a5cb158fe0 JavaThread "pool-356-thread-1"                 [_thread_blocked, id=21072, stack(0x000000b9e8d00000,0x000000b9e8e00000) (1024K)]
  0x000002a5cb12ffa0 JavaThread "pool-357-thread-1"                 [_thread_blocked, id=31696, stack(0x000000b9e8e00000,0x000000b9e8f00000) (1024K)]
  0x000002a5cb148ff0 JavaThread "Connection worker"                 [_thread_in_native, id=23636, stack(0x000000b9e0700000,0x000000b9e0800000) (1024K)]
  0x000002a5cb1347d0 JavaThread "pool-358-thread-1"                 [_thread_blocked, id=6132, stack(0x000000b9e8f00000,0x000000b9e9000000) (1024K)]
  0x000002a5cb134e60 JavaThread "Timer-799"                         [_thread_blocked, id=17336, stack(0x000000b9d2e00000,0x000000b9d2f00000) (1024K)]
  0x000002a5cb13bdf0 JavaThread "Timer-800"                         [_thread_blocked, id=21592, stack(0x000000b9e9100000,0x000000b9e9200000) (1024K)]
  0x000002a5cb139000 JavaThread "Timer-801"                         [_thread_blocked, id=30160, stack(0x000000b9e9000000,0x000000b9e9100000) (1024K)]
  0x000002a5cb13a3b0 JavaThread "Timer-802"                         [_thread_blocked, id=10084, stack(0x000000b9e9200000,0x000000b9e9300000) (1024K)]
  0x000002a5cb139d20 JavaThread "Connection worker"                 [_thread_in_native, id=10536, stack(0x000000b9b6800000,0x000000b9b6900000) (1024K)]
  0x000002a5cb13b0d0 JavaThread "pool-361-thread-1"                 [_thread_blocked, id=4936, stack(0x000000b9b7400000,0x000000b9b7500000) (1024K)]
  0x000002a5cb139690 JavaThread "Connection worker"                 [_thread_in_native, id=26544, stack(0x000000b9e0100000,0x000000b9e0200000) (1024K)]
  0x000002a5cb13aa40 JavaThread "pool-362-thread-1"                 [_thread_blocked, id=29936, stack(0x000000b9e9300000,0x000000b9e9400000) (1024K)]
  0x000002a5cb15caf0 JavaThread "Connection worker"                 [_thread_in_native, id=12836, stack(0x000000b9e6000000,0x000000b9e6100000) (1024K)]
  0x000002a5cb15f250 JavaThread "pool-363-thread-1"                 [_thread_blocked, id=17800, stack(0x000000b9e9400000,0x000000b9e9500000) (1024K)]
  0x000002a5cb14e540 JavaThread "Connection worker"                 [_thread_in_native, id=8532, stack(0x000000b9d4200000,0x000000b9d4300000) (1024K)]
  0x000002a5cb138970 JavaThread "pool-364-thread-1"                 [_thread_blocked, id=25272, stack(0x000000b9e9600000,0x000000b9e9700000) (1024K)]
  0x000002a5cb13ebe0 JavaThread "Timer-803"                         [_thread_blocked, id=25652, stack(0x000000b9e9700000,0x000000b9e9800000) (1024K)]
  0x000002a5cb13f270 JavaThread "Timer-804"                         [_thread_blocked, id=23560, stack(0x000000b9e9800000,0x000000b9e9900000) (1024K)]
  0x000002a5cb151330 JavaThread "Connection worker"                 [_thread_in_native, id=6988, stack(0x000000b9e1b00000,0x000000b9e1c00000) (1024K)]
  0x000002a5cb13f900 JavaThread "pool-365-thread-1"                 [_thread_blocked, id=2944, stack(0x000000b9e9900000,0x000000b9e9a00000) (1024K)]
  0x000002a5cb1382e0 JavaThread "Connection worker"                 [_thread_in_native, id=26900, stack(0x000000b9e8800000,0x000000b9e8900000) (1024K)]
  0x000002a5cb13e550 JavaThread "pool-366-thread-1"                 [_thread_blocked, id=24048, stack(0x000000b9e9a00000,0x000000b9e9b00000) (1024K)]
  0x000002a5cb13c480 JavaThread "Timer-805"                         [_thread_blocked, id=29512, stack(0x000000b9e9b00000,0x000000b9e9c00000) (1024K)]
  0x000002a5cb13ff90 JavaThread "Timer-806"                         [_thread_blocked, id=11084, stack(0x000000b9e9c00000,0x000000b9e9d00000) (1024K)]
  0x000002a5cb13cb10 JavaThread "Timer-807"                         [_thread_blocked, id=30128, stack(0x000000b9e9d00000,0x000000b9e9e00000) (1024K)]
  0x000002a5cb12e560 JavaThread "Timer-808"                         [_thread_blocked, id=17032, stack(0x000000b9df700000,0x000000b9df800000) (1024K)]
  0x000002a5cb132700 JavaThread "Timer-809"                         [_thread_blocked, id=32332, stack(0x000000b9e7500000,0x000000b9e7600000) (1024K)]
  0x000002a5cb13d1a0 JavaThread "Timer-810"                         [_thread_blocked, id=24156, stack(0x000000b9e7900000,0x000000b9e7a00000) (1024K)]
  0x000002a5cb13b760 JavaThread "Timer-811"                         [_thread_blocked, id=24924, stack(0x000000b9e7d00000,0x000000b9e7e00000) (1024K)]
  0x000002a5cb140620 JavaThread "Timer-812"                         [_thread_blocked, id=24452, stack(0x000000b9e9500000,0x000000b9e9600000) (1024K)]
  0x000002a5cb140cb0 JavaThread "Timer-813"                         [_thread_blocked, id=16044, stack(0x000000b9e9e00000,0x000000b9e9f00000) (1024K)]
  0x000002a5cb13d830 JavaThread "Timer-814"                         [_thread_blocked, id=1976, stack(0x000000b9e9f00000,0x000000b9ea000000) (1024K)]
  0x000002a5cb132070 JavaThread "Connection worker"                 [_thread_in_native, id=1972, stack(0x000000b9e5500000,0x000000b9e5600000) (1024K)]
  0x000002a5cb141340 JavaThread "Connection worker"                 [_thread_in_native, id=11628, stack(0x000000b9ea000000,0x000000b9ea100000) (1024K)]
  0x000002a5cb143410 JavaThread "Timer-815"                         [_thread_blocked, id=19508, stack(0x000000b9ea400000,0x000000b9ea500000) (1024K)]
  0x000002a5cb1419d0 JavaThread "Timer-816"                         [_thread_blocked, id=18008, stack(0x000000b9ea700000,0x000000b9ea800000) (1024K)]
  0x000002a5cb168940 JavaThread "Timer-817"                         [_thread_blocked, id=26228, stack(0x000000b9ea800000,0x000000b9ea900000) (1024K)]
  0x000002a5cb169660 JavaThread "Timer-818"                         [_thread_blocked, id=19516, stack(0x000000b9ea900000,0x000000b9eaa00000) (1024K)]
  0x000002a5cad330e0 JavaThread "Timer-819"                         [_thread_blocked, id=10616, stack(0x000000b9eaa00000,0x000000b9eab00000) (1024K)]
  0x000002a5cad32a50 JavaThread "Timer-820"                         [_thread_blocked, id=11328, stack(0x000000b9eab00000,0x000000b9eac00000) (1024K)]
  0x000002a5cad33770 JavaThread "Connection worker"                 [_thread_in_native, id=20684, stack(0x000000b9ea100000,0x000000b9ea200000) (1024K)]
  0x000002a5cad316a0 JavaThread "Timer-821"                         [_thread_blocked, id=11364, stack(0x000000b9eae00000,0x000000b9eaf00000) (1024K)]
  0x000002a5cad35840 JavaThread "Timer-822"                         [_thread_blocked, id=16364, stack(0x000000b9eb000000,0x000000b9eb100000) (1024K)]
  0x000002a5cad35ed0 JavaThread "Timer-823"                         [_thread_blocked, id=6248, stack(0x000000b9ea200000,0x000000b9ea300000) (1024K)]
  0x000002a5cad37910 JavaThread "Timer-824"                         [_thread_blocked, id=30832, stack(0x000000b9ea500000,0x000000b9ea600000) (1024K)]
  0x000002a5cad351b0 JavaThread "Timer-825"                         [_thread_blocked, id=28160, stack(0x000000b9ea300000,0x000000b9ea400000) (1024K)]
  0x000002a5cad37280 JavaThread "Timer-826"                         [_thread_blocked, id=10476, stack(0x000000b9ea600000,0x000000b9ea700000) (1024K)]
  0x000002a5cad30980 JavaThread "Connection worker"                 [_thread_in_native, id=3284, stack(0x000000b9eac00000,0x000000b9ead00000) (1024K)]
  0x000002a5cad34b20 JavaThread "Timer-827"                         [_thread_blocked, id=3076, stack(0x000000b9eb400000,0x000000b9eb500000) (1024K)]
  0x000002a5cad3b420 JavaThread "Timer-828"                         [_thread_blocked, id=5068, stack(0x000000b9eb500000,0x000000b9eb600000) (1024K)]
  0x000002a5cad38630 JavaThread "Timer-829"                         [_thread_blocked, id=19052, stack(0x000000b9eb600000,0x000000b9eb700000) (1024K)]
  0x000002a5cad38cc0 JavaThread "Timer-830"                         [_thread_blocked, id=32520, stack(0x000000b9eb700000,0x000000b9eb800000) (1024K)]
  0x000002a5cad3c140 JavaThread "Timer-831"                         [_thread_blocked, id=15540, stack(0x000000b9eb800000,0x000000b9eb900000) (1024K)]
  0x000002a5cad3a700 JavaThread "Timer-832"                         [_thread_blocked, id=18072, stack(0x000000b9eb900000,0x000000b9eba00000) (1024K)]
  0x000002a5cad31010 JavaThread "Connection worker"                 [_thread_in_native, id=20884, stack(0x000000b9ead00000,0x000000b9eae00000) (1024K)]
  0x000002a5cad3a070 JavaThread "Timer-833"                         [_thread_blocked, id=16868, stack(0x000000b9eba00000,0x000000b9ebb00000) (1024K)]
  0x000002a5cad3ad90 JavaThread "Timer-834"                         [_thread_blocked, id=15104, stack(0x000000b9ebc00000,0x000000b9ebd00000) (1024K)]
  0x000002a5cad36bf0 JavaThread "Timer-835"                         [_thread_blocked, id=9632, stack(0x000000b9eb100000,0x000000b9eb200000) (1024K)]
  0x000002a5cad34490 JavaThread "Timer-836"                         [_thread_blocked, id=14632, stack(0x000000b9eb300000,0x000000b9eb400000) (1024K)]
  0x000002a5cad29360 JavaThread "Timer-837"                         [_thread_blocked, id=23220, stack(0x000000b9ebd00000,0x000000b9ebe00000) (1024K)]
  0x000002a5cad2ce70 JavaThread "Timer-838"                         [_thread_blocked, id=5980, stack(0x000000b9ebe00000,0x000000b9ebf00000) (1024K)]
  0x000002a5cad323c0 JavaThread "Connection worker"                 [_thread_blocked, id=12356, stack(0x000000b9eaf00000,0x000000b9eb000000) (1024K)]
  0x000002a5cad2a080 JavaThread "Exec process"                      [_thread_in_native, id=18628, stack(0x000000b9ebf00000,0x000000b9ec000000) (1024K)]
  0x000002a5cad2e220 JavaThread "ProjectImportProgressReporter" daemon [_thread_blocked, id=14128, stack(0x000000b9ec000000,0x000000b9ec100000) (1024K)]
  0x000002a5cad2e8b0 JavaThread "Exec process Thread 2"             [_thread_blocked, id=9708, stack(0x000000b9ec200000,0x000000b9ec300000) (1024K)]
  0x000002a5cad2db90 JavaThread "Timer-839"                         [_thread_blocked, id=336, stack(0x000000b9ec100000,0x000000b9ec200000) (1024K)]
  0x000002a5cad2fc60 JavaThread "Timer-840"                         [_thread_blocked, id=27584, stack(0x000000b9ec300000,0x000000b9ec400000) (1024K)]
  0x000002a5cad37fa0 JavaThread "Worker-57"                         [_thread_blocked, id=21684, stack(0x000000b9eb200000,0x000000b9eb300000) (1024K)]
  0x000002a5cad39350 JavaThread "Timer-841"                         [_thread_blocked, id=3028, stack(0x000000b9ebb00000,0x000000b9ebc00000) (1024K)]
  0x000002a5cad2ef40 JavaThread "Timer-842"                         [_thread_blocked, id=6296, stack(0x000000b9ec400000,0x000000b9ec500000) (1024K)]
  0x000002a5cad2f5d0 JavaThread "Timer-843"                         [_thread_blocked, id=26996, stack(0x000000b9ec500000,0x000000b9ec600000) (1024K)]
  0x000002a5cad302f0 JavaThread "Connection worker"                 [_thread_in_native, id=7664, stack(0x000000b9ec600000,0x000000b9ec700000) (1024K)]
Total: 929

Other Threads:
  0x000002a534f11de0 VMThread "VM Thread"                           [id=18544, stack(0x000000b9b1b00000,0x000000b9b1c00000) (1024K)]
  0x000002a534e2ca00 WatcherThread "VM Periodic Task Thread"        [id=27160, stack(0x000000b9b1a00000,0x000000b9b1b00000) (1024K)]
  0x000002a534fb9080 WorkerThread "GC Thread#0"                     [id=19580, stack(0x000000b9b1900000,0x000000b9b1a00000) (1024K)]
  0x000002a58e83c900 WorkerThread "GC Thread#1"                     [id=27440, stack(0x000000b9b2600000,0x000000b9b2700000) (1024K)]
  0x000002a58e559cf0 WorkerThread "GC Thread#2"                     [id=25096, stack(0x000000b9b2700000,0x000000b9b2800000) (1024K)]
  0x000002a58e55a0a0 WorkerThread "GC Thread#3"                     [id=22452, stack(0x000000b9b2800000,0x000000b9b2900000) (1024K)]
  0x000002a58e55a450 WorkerThread "GC Thread#4"                     [id=29988, stack(0x000000b9b2900000,0x000000b9b2a00000) (1024K)]
  0x000002a58e55a800 WorkerThread "GC Thread#5"                     [id=26060, stack(0x000000b9b2a00000,0x000000b9b2b00000) (1024K)]
  0x000002a58e76adf0 WorkerThread "GC Thread#6"                     [id=22624, stack(0x000000b9b2b00000,0x000000b9b2c00000) (1024K)]
  0x000002a58ecf5740 WorkerThread "GC Thread#7"                     [id=21832, stack(0x000000b9b2d00000,0x000000b9b2e00000) (1024K)]
Total: 10

Threads with active compile tasks:
C2 CompilerThread0  3441050 18230       4       java.lang.Throwable::printEnclosedStackTrace (350 bytes)
Total: 1

VM state: not at safepoint (normal execution)

VM Mutex/Monitor currently owned by a thread: None

Heap address: 0x0000000080000000, size: 2048 MB, Compressed Oops mode: 32-bit

CDS archive(s) mapped at: [0x000002a54c000000-0x000002a54cba0000-0x000002a54cba0000), size 12189696, SharedBaseAddress: 0x000002a54c000000, ArchiveRelocationMode: 1.
Compressed class space mapped at: 0x000002a54d000000-0x000002a58d000000, reserved size: 1073741824
Narrow klass base: 0x000002a54c000000, Narrow klass shift: 0, Narrow klass range: 0x100000000

GC Precious Log:
 CardTable entry size: 512
 CPUs: 8 total, 8 available
 Memory: 5965M
 Large Page Support: Disabled
 NUMA Support: Disabled
 Compressed Oops: Enabled (32-bit)
 Alignments: Space 512K, Generation 512K, Heap 2M
 Heap Min Capacity: 100M
 Heap Initial Capacity: 100M
 Heap Max Capacity: 2G
 Pre-touch: Disabled
 Parallel Workers: 8

Heap:
 PSYoungGen      total 2560K, used 598K [0x00000000d5580000, 0x00000000d5900000, 0x0000000100000000)
  eden space 2048K, 18% used [0x00000000d5580000,0x00000000d55dda20,0x00000000d5780000)
  from space 512K, 43% used [0x00000000d5800000,0x00000000d5838000,0x00000000d5880000)
  to   space 512K, 0% used [0x00000000d5880000,0x00000000d5880000,0x00000000d5900000)
 ParOldGen       total 745984K, used 694589K [0x0000000080000000, 0x00000000ad880000, 0x00000000d5580000)
  object space 745984K, 93% used [0x0000000080000000,0x00000000aa64f790,0x00000000ad880000)
 Metaspace       used 90193K, committed 93888K, reserved 1179648K
  class space    used 11630K, committed 13312K, reserved 1048576K

Card table byte_map: [0x000002a534940000,0x000002a534d50000] _byte_map_base: 0x000002a534540000

Marking Bits: (ParMarkBitMap*) 0x00007ffb373844a0
 Begin Bits: [0x000002a547450000, 0x000002a549450000)
 End Bits:   [0x000002a549450000, 0x000002a54b450000)

Polling page: 0x000002a532c20000

Metaspace:

Usage:
  Non-class:     76.72 MB used.
      Class:     11.36 MB used.
       Both:     88.08 MB used.

Virtual space:
  Non-class space:      128.00 MB reserved,      78.69 MB ( 61%) committed,  2 nodes.
      Class space:        1.00 GB reserved,      13.00 MB (  1%) committed,  1 nodes.
             Both:        1.12 GB reserved,      91.69 MB (  8%) committed. 

Chunk freelists:
   Non-Class:  1.34 MB
       Class:  2.86 MB
        Both:  4.20 MB

MaxMetaspaceSize: unlimited
CompressedClassSpaceSize: 1.00 GB
Initial GC threshold: 21.00 MB
Current GC threshold: 136.81 MB
CDS: on
 - commit_granule_bytes: 65536.
 - commit_granule_words: 8192.
 - virtual_space_node_default_size: 8388608.
 - enlarge_chunks_in_place: 1.
 - use_allocation_guard: 0.


Internal statistics:

num_allocs_failed_limit: 9.
num_arena_births: 4022.
num_arena_deaths: 48.
num_vsnodes_births: 3.
num_vsnodes_deaths: 0.
num_space_committed: 1467.
num_space_uncommitted: 0.
num_chunks_returned_to_freelist: 72.
num_chunks_taken_from_freelist: 10362.
num_chunk_merges: 29.
num_chunk_splits: 5638.
num_chunks_enlarged: 2250.
num_inconsistent_stats: 0.

CodeHeap 'non-profiled nmethods': size=120000Kb used=14953Kb max_used=14953Kb free=105046Kb
 bounds [0x000002a53fc70000, 0x000002a540b10000, 0x000002a5471a0000]
CodeHeap 'profiled nmethods': size=120000Kb used=33465Kb max_used=33465Kb free=86534Kb
 bounds [0x000002a5381a0000, 0x000002a53a260000, 0x000002a53f6d0000]
CodeHeap 'non-nmethods': size=5760Kb used=1395Kb max_used=1453Kb free=4364Kb
 bounds [0x000002a53f6d0000, 0x000002a53f940000, 0x000002a53fc70000]
CodeCache: size=245760Kb, used=49813Kb, max_used=49871Kb, free=195944Kb
 total_blobs=17431, nmethods=16734, adapters=603, full_count=0
Compilation: enabled, stopped_count=0, restarted_count=0

Compilation events (20 events):
Event: 3422.802 Thread 0x000002a58e24c850 nmethod 18220 0x000002a53a249490 code [0x000002a53a249640, 0x000002a53a2497e8]
Event: 3422.802 Thread 0x000002a58e24c850 18221       3       java.lang.invoke.LambdaForm$DMH/0x000002a54d841400::invokeVirtual (14 bytes)
Event: 3422.803 Thread 0x000002a58e24c850 nmethod 18221 0x000002a53a249890 code [0x000002a53a249a60, 0x000002a53a249e80]
Event: 3422.803 Thread 0x000002a58e24c850 18222   !   3       jdk.proxy9.$Proxy57::getStandardError (29 bytes)
Event: 3422.804 Thread 0x000002a58e24c850 nmethod 18222 0x000002a53a249f90 code [0x000002a53a24a160, 0x000002a53a24a560]
Event: 3422.804 Thread 0x000002a58e24c850 18223       3       org.gradle.launcher.exec.DefaultBuildActionParameters::<init> (104 bytes)
Event: 3422.807 Thread 0x000002a58e24c850 nmethod 18223 0x000002a53a24a710 code [0x000002a53a24a940, 0x000002a53a24b0b0]
Event: 3423.891 Thread 0x000002a58e24c850 18224       3       com.google.gson.Gson::<init> (288 bytes)
Event: 3423.903 Thread 0x000002a58e24c850 nmethod 18224 0x000002a53a24b390 code [0x000002a53a24b640, 0x000002a53a24c4c8]
Event: 3424.366 Thread 0x000002a534f1a1b0 18225       4       org.eclipse.osgi.internal.framework.FilterImpl$Item::matches0 (15 bytes)
Event: 3424.433 Thread 0x000002a534f1a1b0 nmethod 18225 0x000002a540b07690 code [0x000002a540b07960, 0x000002a540b087a0]
Event: 3438.626 Thread 0x000002a534f1a1b0 18226       4       org.gradle.cli.AbstractPropertiesCommandLineConverter::convert (94 bytes)
Event: 3438.673 Thread 0x000002a534f1a1b0 nmethod 18226 0x000002a540b09190 code [0x000002a540b09420, 0x000002a540b09d00]
Event: 3439.112 Thread 0x000002a58e24c850 18227   !   3       org.gradle.internal.event.DefaultListenerManager::getBroadcasterInternal (177 bytes)
Event: 3439.131 Thread 0x000002a58e24c850 nmethod 18227 0x000002a53a24c990 code [0x000002a53a24cd80, 0x000002a53a24eb38]
Event: 3439.132 Thread 0x000002a58e24c850 18228   !   3       org.gradle.internal.event.DefaultListenerManager$EventBroadcast::getBroadcaster (59 bytes)
Event: 3439.135 Thread 0x000002a58e24c850 nmethod 18228 0x000002a53a24fa10 code [0x000002a53a24fbe0, 0x000002a53a24ffd0]
Event: 3440.502 Thread 0x000002a534f1a1b0 18229       4       java.util.concurrent.atomic.AtomicLong::decrementAndGet (16 bytes)
Event: 3440.503 Thread 0x000002a534f1a1b0 nmethod 18229 0x000002a540b0a490 code [0x000002a540b0a620, 0x000002a540b0a6b8]
Event: 3440.531 Thread 0x000002a534f1a1b0 18230       4       java.lang.Throwable::printEnclosedStackTrace (350 bytes)

GC Heap History (20 events):
Event: 3436.933 GC heap before
{Heap before GC invocations=11083 (full 4):
 PSYoungGen      total 2560K, used 2272K [0x00000000d5580000, 0x00000000d5900000, 0x0000000100000000)
  eden space 2048K, 100% used [0x00000000d5580000,0x00000000d5780000,0x00000000d5780000)
  from space 512K, 43% used [0x00000000d5880000,0x00000000d58b8000,0x00000000d5900000)
  to   space 512K, 0% used [0x00000000d5800000,0x00000000d5800000,0x00000000d5880000)
 ParOldGen       total 745984K, used 693908K [0x0000000080000000, 0x00000000ad880000, 0x00000000d5580000)
  object space 745984K, 93% used [0x0000000080000000,0x00000000aa5a5358,0x00000000ad880000)
 Metaspace       used 90190K, committed 93888K, reserved 1179648K
  class space    used 11630K, committed 13312K, reserved 1048576K
}
Event: 3436.938 GC heap after
{Heap after GC invocations=11083 (full 4):
 PSYoungGen      total 2560K, used 256K [0x00000000d5580000, 0x00000000d5900000, 0x0000000100000000)
  eden space 2048K, 0% used [0x00000000d5580000,0x00000000d5580000,0x00000000d5780000)
  from space 512K, 50% used [0x00000000d5800000,0x00000000d5840000,0x00000000d5880000)
  to   space 512K, 0% used [0x00000000d5880000,0x00000000d5880000,0x00000000d5900000)
 ParOldGen       total 745984K, used 693972K [0x0000000080000000, 0x00000000ad880000, 0x00000000d5580000)
  object space 745984K, 93% used [0x0000000080000000,0x00000000aa5b5358,0x00000000ad880000)
 Metaspace       used 90190K, committed 93888K, reserved 1179648K
  class space    used 11630K, committed 13312K, reserved 1048576K
}
Event: 3437.053 GC heap before
{Heap before GC invocations=11084 (full 4):
 PSYoungGen      total 2560K, used 2304K [0x00000000d5580000, 0x00000000d5900000, 0x0000000100000000)
  eden space 2048K, 100% used [0x00000000d5580000,0x00000000d5780000,0x00000000d5780000)
  from space 512K, 50% used [0x00000000d5800000,0x00000000d5840000,0x00000000d5880000)
  to   space 512K, 0% used [0x00000000d5880000,0x00000000d5880000,0x00000000d5900000)
 ParOldGen       total 745984K, used 693972K [0x0000000080000000, 0x00000000ad880000, 0x00000000d5580000)
  object space 745984K, 93% used [0x0000000080000000,0x00000000aa5b5358,0x00000000ad880000)
 Metaspace       used 90190K, committed 93888K, reserved 1179648K
  class space    used 11630K, committed 13312K, reserved 1048576K
}
Event: 3437.057 GC heap after
{Heap after GC invocations=11084 (full 4):
 PSYoungGen      total 2560K, used 256K [0x00000000d5580000, 0x00000000d5900000, 0x0000000100000000)
  eden space 2048K, 0% used [0x00000000d5580000,0x00000000d5580000,0x00000000d5780000)
  from space 512K, 50% used [0x00000000d5880000,0x00000000d58c0000,0x00000000d5900000)
  to   space 512K, 0% used [0x00000000d5800000,0x00000000d5800000,0x00000000d5880000)
 ParOldGen       total 745984K, used 694084K [0x0000000080000000, 0x00000000ad880000, 0x00000000d5580000)
  object space 745984K, 93% used [0x0000000080000000,0x00000000aa5d1358,0x00000000ad880000)
 Metaspace       used 90190K, committed 93888K, reserved 1179648K
  class space    used 11630K, committed 13312K, reserved 1048576K
}
Event: 3437.181 GC heap before
{Heap before GC invocations=11085 (full 4):
 PSYoungGen      total 2560K, used 2303K [0x00000000d5580000, 0x00000000d5900000, 0x0000000100000000)
  eden space 2048K, 99% used [0x00000000d5580000,0x00000000d577ffa8,0x00000000d5780000)
  from space 512K, 50% used [0x00000000d5880000,0x00000000d58c0000,0x00000000d5900000)
  to   space 512K, 0% used [0x00000000d5800000,0x00000000d5800000,0x00000000d5880000)
 ParOldGen       total 745984K, used 694084K [0x0000000080000000, 0x00000000ad880000, 0x00000000d5580000)
  object space 745984K, 93% used [0x0000000080000000,0x00000000aa5d1358,0x00000000ad880000)
 Metaspace       used 90190K, committed 93888K, reserved 1179648K
  class space    used 11630K, committed 13312K, reserved 1048576K
}
Event: 3437.185 GC heap after
{Heap after GC invocations=11085 (full 4):
 PSYoungGen      total 2560K, used 192K [0x00000000d5580000, 0x00000000d5900000, 0x0000000100000000)
  eden space 2048K, 0% used [0x00000000d5580000,0x00000000d5580000,0x00000000d5780000)
  from space 512K, 37% used [0x00000000d5800000,0x00000000d5830000,0x00000000d5880000)
  to   space 512K, 0% used [0x00000000d5880000,0x00000000d5880000,0x00000000d5900000)
 ParOldGen       total 745984K, used 694084K [0x0000000080000000, 0x00000000ad880000, 0x00000000d5580000)
  object space 745984K, 93% used [0x0000000080000000,0x00000000aa5d1358,0x00000000ad880000)
 Metaspace       used 90190K, committed 93888K, reserved 1179648K
  class space    used 11630K, committed 13312K, reserved 1048576K
}
Event: 3437.382 GC heap before
{Heap before GC invocations=11086 (full 4):
 PSYoungGen      total 2560K, used 2240K [0x00000000d5580000, 0x00000000d5900000, 0x0000000100000000)
  eden space 2048K, 100% used [0x00000000d5580000,0x00000000d5780000,0x00000000d5780000)
  from space 512K, 37% used [0x00000000d5800000,0x00000000d5830000,0x00000000d5880000)
  to   space 512K, 0% used [0x00000000d5880000,0x00000000d5880000,0x00000000d5900000)
 ParOldGen       total 745984K, used 694084K [0x0000000080000000, 0x00000000ad880000, 0x00000000d5580000)
  object space 745984K, 93% used [0x0000000080000000,0x00000000aa5d1358,0x00000000ad880000)
 Metaspace       used 90190K, committed 93888K, reserved 1179648K
  class space    used 11630K, committed 13312K, reserved 1048576K
}
Event: 3437.386 GC heap after
{Heap after GC invocations=11086 (full 4):
 PSYoungGen      total 2560K, used 192K [0x00000000d5580000, 0x00000000d5900000, 0x0000000100000000)
  eden space 2048K, 0% used [0x00000000d5580000,0x00000000d5580000,0x00000000d5780000)
  from space 512K, 37% used [0x00000000d5880000,0x00000000d58b0000,0x00000000d5900000)
  to   space 512K, 0% used [0x00000000d5800000,0x00000000d5800000,0x00000000d5880000)
 ParOldGen       total 745984K, used 694100K [0x0000000080000000, 0x00000000ad880000, 0x00000000d5580000)
  object space 745984K, 93% used [0x0000000080000000,0x00000000aa5d5358,0x00000000ad880000)
 Metaspace       used 90190K, committed 93888K, reserved 1179648K
  class space    used 11630K, committed 13312K, reserved 1048576K
}
Event: 3437.806 GC heap before
{Heap before GC invocations=11087 (full 4):
 PSYoungGen      total 2560K, used 2240K [0x00000000d5580000, 0x00000000d5900000, 0x0000000100000000)
  eden space 2048K, 100% used [0x00000000d5580000,0x00000000d5780000,0x00000000d5780000)
  from space 512K, 37% used [0x00000000d5880000,0x00000000d58b0000,0x00000000d5900000)
  to   space 512K, 0% used [0x00000000d5800000,0x00000000d5800000,0x00000000d5880000)
 ParOldGen       total 745984K, used 694100K [0x0000000080000000, 0x00000000ad880000, 0x00000000d5580000)
  object space 745984K, 93% used [0x0000000080000000,0x00000000aa5d5358,0x00000000ad880000)
 Metaspace       used 90190K, committed 93888K, reserved 1179648K
  class space    used 11630K, committed 13312K, reserved 1048576K
}
Event: 3437.810 GC heap after
{Heap after GC invocations=11087 (full 4):
 PSYoungGen      total 2560K, used 224K [0x00000000d5580000, 0x00000000d5900000, 0x0000000100000000)
  eden space 2048K, 0% used [0x00000000d5580000,0x00000000d5580000,0x00000000d5780000)
  from space 512K, 43% used [0x00000000d5800000,0x00000000d5838000,0x00000000d5880000)
  to   space 512K, 0% used [0x00000000d5880000,0x00000000d5880000,0x00000000d5900000)
 ParOldGen       total 745984K, used 694148K [0x0000000080000000, 0x00000000ad880000, 0x00000000d5580000)
  object space 745984K, 93% used [0x0000000080000000,0x00000000aa5e1358,0x00000000ad880000)
 Metaspace       used 90190K, committed 93888K, reserved 1179648K
  class space    used 11630K, committed 13312K, reserved 1048576K
}
Event: 3438.442 GC heap before
{Heap before GC invocations=11088 (full 4):
 PSYoungGen      total 2560K, used 2272K [0x00000000d5580000, 0x00000000d5900000, 0x0000000100000000)
  eden space 2048K, 100% used [0x00000000d5580000,0x00000000d5780000,0x00000000d5780000)
  from space 512K, 43% used [0x00000000d5800000,0x00000000d5838000,0x00000000d5880000)
  to   space 512K, 0% used [0x00000000d5880000,0x00000000d5880000,0x00000000d5900000)
 ParOldGen       total 745984K, used 694148K [0x0000000080000000, 0x00000000ad880000, 0x00000000d5580000)
  object space 745984K, 93% used [0x0000000080000000,0x00000000aa5e1358,0x00000000ad880000)
 Metaspace       used 90190K, committed 93888K, reserved 1179648K
  class space    used 11630K, committed 13312K, reserved 1048576K
}
Event: 3438.447 GC heap after
{Heap after GC invocations=11088 (full 4):
 PSYoungGen      total 2560K, used 128K [0x00000000d5580000, 0x00000000d5900000, 0x0000000100000000)
  eden space 2048K, 0% used [0x00000000d5580000,0x00000000d5580000,0x00000000d5780000)
  from space 512K, 25% used [0x00000000d5880000,0x00000000d58a0000,0x00000000d5900000)
  to   space 512K, 0% used [0x00000000d5800000,0x00000000d5800000,0x00000000d5880000)
 ParOldGen       total 745984K, used 694156K [0x0000000080000000, 0x00000000ad880000, 0x00000000d5580000)
  object space 745984K, 93% used [0x0000000080000000,0x00000000aa5e3358,0x00000000ad880000)
 Metaspace       used 90190K, committed 93888K, reserved 1179648K
  class space    used 11630K, committed 13312K, reserved 1048576K
}
Event: 3438.883 GC heap before
{Heap before GC invocations=11089 (full 4):
 PSYoungGen      total 2560K, used 2176K [0x00000000d5580000, 0x00000000d5900000, 0x0000000100000000)
  eden space 2048K, 100% used [0x00000000d5580000,0x00000000d5780000,0x00000000d5780000)
  from space 512K, 25% used [0x00000000d5880000,0x00000000d58a0000,0x00000000d5900000)
  to   space 512K, 0% used [0x00000000d5800000,0x00000000d5800000,0x00000000d5880000)
 ParOldGen       total 745984K, used 694156K [0x0000000080000000, 0x00000000ad880000, 0x00000000d5580000)
  object space 745984K, 93% used [0x0000000080000000,0x00000000aa5e3358,0x00000000ad880000)
 Metaspace       used 90190K, committed 93888K, reserved 1179648K
  class space    used 11630K, committed 13312K, reserved 1048576K
}
Event: 3438.894 GC heap after
{Heap after GC invocations=11089 (full 4):
 PSYoungGen      total 2560K, used 160K [0x00000000d5580000, 0x00000000d5900000, 0x0000000100000000)
  eden space 2048K, 0% used [0x00000000d5580000,0x00000000d5580000,0x00000000d5780000)
  from space 512K, 31% used [0x00000000d5800000,0x00000000d5828000,0x00000000d5880000)
  to   space 512K, 0% used [0x00000000d5880000,0x00000000d5880000,0x00000000d5900000)
 ParOldGen       total 745984K, used 694204K [0x0000000080000000, 0x00000000ad880000, 0x00000000d5580000)
  object space 745984K, 93% used [0x0000000080000000,0x00000000aa5ef358,0x00000000ad880000)
 Metaspace       used 90190K, committed 93888K, reserved 1179648K
  class space    used 11630K, committed 13312K, reserved 1048576K
}
Event: 3440.020 GC heap before
{Heap before GC invocations=11090 (full 4):
 PSYoungGen      total 2560K, used 2207K [0x00000000d5580000, 0x00000000d5900000, 0x0000000100000000)
  eden space 2048K, 99% used [0x00000000d5580000,0x00000000d577fff8,0x00000000d5780000)
  from space 512K, 31% used [0x00000000d5800000,0x00000000d5828000,0x00000000d5880000)
  to   space 512K, 0% used [0x00000000d5880000,0x00000000d5880000,0x00000000d5900000)
 ParOldGen       total 745984K, used 694204K [0x0000000080000000, 0x00000000ad880000, 0x00000000d5580000)
  object space 745984K, 93% used [0x0000000080000000,0x00000000aa5ef358,0x00000000ad880000)
 Metaspace       used 90193K, committed 93888K, reserved 1179648K
  class space    used 11630K, committed 13312K, reserved 1048576K
}
Event: 3440.024 GC heap after
{Heap after GC invocations=11090 (full 4):
 PSYoungGen      total 2560K, used 288K [0x00000000d5580000, 0x00000000d5900000, 0x0000000100000000)
  eden space 2048K, 0% used [0x00000000d5580000,0x00000000d5580000,0x00000000d5780000)
  from space 512K, 56% used [0x00000000d5880000,0x00000000d58c8000,0x00000000d5900000)
  to   space 512K, 0% used [0x00000000d5800000,0x00000000d5800000,0x00000000d5880000)
 ParOldGen       total 745984K, used 694276K [0x0000000080000000, 0x00000000ad880000, 0x00000000d5580000)
  object space 745984K, 93% used [0x0000000080000000,0x00000000aa601358,0x00000000ad880000)
 Metaspace       used 90193K, committed 93888K, reserved 1179648K
  class space    used 11630K, committed 13312K, reserved 1048576K
}
Event: 3440.458 GC heap before
{Heap before GC invocations=11091 (full 4):
 PSYoungGen      total 2560K, used 2336K [0x00000000d5580000, 0x00000000d5900000, 0x0000000100000000)
  eden space 2048K, 100% used [0x00000000d5580000,0x00000000d5780000,0x00000000d5780000)
  from space 512K, 56% used [0x00000000d5880000,0x00000000d58c8000,0x00000000d5900000)
  to   space 512K, 0% used [0x00000000d5800000,0x00000000d5800000,0x00000000d5880000)
 ParOldGen       total 745984K, used 694276K [0x0000000080000000, 0x00000000ad880000, 0x00000000d5580000)
  object space 745984K, 93% used [0x0000000080000000,0x00000000aa601358,0x00000000ad880000)
 Metaspace       used 90193K, committed 93888K, reserved 1179648K
  class space    used 11630K, committed 13312K, reserved 1048576K
}
Event: 3440.462 GC heap after
{Heap after GC invocations=11091 (full 4):
 PSYoungGen      total 2560K, used 256K [0x00000000d5580000, 0x00000000d5900000, 0x0000000100000000)
  eden space 2048K, 0% used [0x00000000d5580000,0x00000000d5580000,0x00000000d5780000)
  from space 512K, 50% used [0x00000000d5800000,0x00000000d5840000,0x00000000d5880000)
  to   space 512K, 0% used [0x00000000d5880000,0x00000000d5880000,0x00000000d5900000)
 ParOldGen       total 745984K, used 694364K [0x0000000080000000, 0x00000000ad880000, 0x00000000d5580000)
  object space 745984K, 93% used [0x0000000080000000,0x00000000aa617378,0x00000000ad880000)
 Metaspace       used 90193K, committed 93888K, reserved 1179648K
  class space    used 11630K, committed 13312K, reserved 1048576K
}
Event: 3440.537 GC heap before
{Heap before GC invocations=11092 (full 4):
 PSYoungGen      total 2560K, used 2304K [0x00000000d5580000, 0x00000000d5900000, 0x0000000100000000)
  eden space 2048K, 100% used [0x00000000d5580000,0x00000000d5780000,0x00000000d5780000)
  from space 512K, 50% used [0x00000000d5800000,0x00000000d5840000,0x00000000d5880000)
  to   space 512K, 0% used [0x00000000d5880000,0x00000000d5880000,0x00000000d5900000)
 ParOldGen       total 745984K, used 694364K [0x0000000080000000, 0x00000000ad880000, 0x00000000d5580000)
  object space 745984K, 93% used [0x0000000080000000,0x00000000aa617378,0x00000000ad880000)
 Metaspace       used 90193K, committed 93888K, reserved 1179648K
  class space    used 11630K, committed 13312K, reserved 1048576K
}
Event: 3440.541 GC heap after
{Heap after GC invocations=11092 (full 4):
 PSYoungGen      total 2560K, used 241K [0x00000000d5580000, 0x00000000d5900000, 0x0000000100000000)
  eden space 2048K, 0% used [0x00000000d5580000,0x00000000d5580000,0x00000000d5780000)
  from space 512K, 47% used [0x00000000d5880000,0x00000000d58bc418,0x00000000d5900000)
  to   space 512K, 0% used [0x00000000d5800000,0x00000000d5800000,0x00000000d5880000)
 ParOldGen       total 745984K, used 694404K [0x0000000080000000, 0x00000000ad880000, 0x00000000d5580000)
  object space 745984K, 93% used [0x0000000080000000,0x00000000aa621378,0x00000000ad880000)
 Metaspace       used 90193K, committed 93888K, reserved 1179648K
  class space    used 11630K, committed 13312K, reserved 1048576K
}

Dll operation events (20 events):
Event: 0.287 Attempting to load shared library C:\Users\LENOVO\.antigravity-ide\extensions\redhat.java-1.56.0-win32-x64\jre\21.0.12.1-win32-x86_64\bin\zip.dll
Event: 0.287 Loaded shared library C:\Users\LENOVO\.antigravity-ide\extensions\redhat.java-1.56.0-win32-x64\jre\21.0.12.1-win32-x86_64\bin\zip.dll
Event: 0.328 Attempting to load shared library C:\Users\LENOVO\.antigravity-ide\extensions\redhat.java-1.56.0-win32-x64\jre\21.0.12.1-win32-x86_64\bin\jimage.dll
Event: 0.328 Loaded shared library C:\Users\LENOVO\.antigravity-ide\extensions\redhat.java-1.56.0-win32-x64\jre\21.0.12.1-win32-x86_64\bin\jimage.dll
Event: 0.543 Attempting to load shared library c:\Users\LENOVO\.antigravity-ide\extensions\redhat.java-1.56.0-win32-x64\jre\21.0.12.1-win32-x86_64\bin\verify.dll
Event: 0.543 Loaded shared library c:\Users\LENOVO\.antigravity-ide\extensions\redhat.java-1.56.0-win32-x64\jre\21.0.12.1-win32-x86_64\bin\verify.dll
Event: 3.383 Attempting to load shared library C:\Users\LENOVO\AppData\Roaming\Antigravity IDE\User\globalStorage\redhat.java\1.56.0\config_win\org.eclipse.equinox.launcher\org.eclipse.equinox.launcher.win32.win32.x86_64_1.3.100.v20260804-1928\eclipse_11924.dll
Event: 3.391 Loaded shared library C:\Users\LENOVO\AppData\Roaming\Antigravity IDE\User\globalStorage\redhat.java\1.56.0\config_win\org.eclipse.equinox.launcher\org.eclipse.equinox.launcher.win32.win32.x86_64_1.3.100.v20260804-1928\eclipse_11924.dll
Event: 7.840 Attempting to load shared library C:\Users\LENOVO\AppData\Local\Temp\jna--2053026509\jna3345284035883876404.dll
Event: 7.918 Loaded shared library C:\Users\LENOVO\AppData\Local\Temp\jna--2053026509\jna3345284035883876404.dll
Event: 10.920 Attempting to load shared library C:\Users\LENOVO\.gradle\native\1def1411415f61bf3af743bc5b6707747c0891f09f0c88961ee8f79bc544acac\windows-amd64\native-platform.dll
Event: 10.922 Loaded shared library C:\Users\LENOVO\.gradle\native\1def1411415f61bf3af743bc5b6707747c0891f09f0c88961ee8f79bc544acac\windows-amd64\native-platform.dll
Event: 12.890 Attempting to load shared library C:\Users\LENOVO\.antigravity-ide\extensions\redhat.java-1.56.0-win32-x64\jre\21.0.12.1-win32-x86_64\bin\management.dll
Event: 12.891 Loaded shared library C:\Users\LENOVO\.antigravity-ide\extensions\redhat.java-1.56.0-win32-x64\jre\21.0.12.1-win32-x86_64\bin\management.dll
Event: 12.894 Attempting to load shared library C:\Users\LENOVO\.antigravity-ide\extensions\redhat.java-1.56.0-win32-x64\jre\21.0.12.1-win32-x86_64\bin\management_ext.dll
Event: 12.895 Loaded shared library C:\Users\LENOVO\.antigravity-ide\extensions\redhat.java-1.56.0-win32-x64\jre\21.0.12.1-win32-x86_64\bin\management_ext.dll
Event: 18.937 Attempting to load shared library C:\Users\LENOVO\.antigravity-ide\extensions\redhat.java-1.56.0-win32-x64\jre\21.0.12.1-win32-x86_64\bin\extnet.dll
Event: 18.937 Loaded shared library C:\Users\LENOVO\.antigravity-ide\extensions\redhat.java-1.56.0-win32-x64\jre\21.0.12.1-win32-x86_64\bin\extnet.dll
Event: 19.237 Attempting to load shared library C:\Users\LENOVO\.antigravity-ide\extensions\redhat.java-1.56.0-win32-x64\jre\21.0.12.1-win32-x86_64\bin\sunmscapi.dll
Event: 19.240 Loaded shared library C:\Users\LENOVO\.antigravity-ide\extensions\redhat.java-1.56.0-win32-x64\jre\21.0.12.1-win32-x86_64\bin\sunmscapi.dll

Deoptimization events (20 events):
Event: 3164.317 Thread 0x000002a5af6749a0 DEOPT PACKING pc=0x000002a539e30442 sp=0x000000b9c51ff4b0
Event: 3164.320 Thread 0x000002a5af6749a0 DEOPT UNPACKING pc=0x000002a53f724242 sp=0x000000b9c51fe980 mode 0
Event: 3196.917 Thread 0x000002a5bc21e230 DEOPT PACKING pc=0x000002a53a1b2fb8 sp=0x000000b9d2efe3d0
Event: 3196.919 Thread 0x000002a5bc21e230 DEOPT UNPACKING pc=0x000002a53f724242 sp=0x000000b9d2efd918 mode 0
Event: 3224.560 Thread 0x000002a58e3a9d40 DEOPT PACKING pc=0x000002a53982e3db sp=0x000000b9b82ff5d0
Event: 3224.561 Thread 0x000002a58e3a9d40 DEOPT UNPACKING pc=0x000002a53f724242 sp=0x000000b9b82feab8 mode 0
Event: 3288.146 Thread 0x000002a59d528e10 DEOPT PACKING pc=0x000002a5397757b2 sp=0x000000b9bb8ff260
Event: 3288.147 Thread 0x000002a59d528e10 DEOPT UNPACKING pc=0x000002a53f724242 sp=0x000000b9bb8fe738 mode 0
Event: 3355.125 Thread 0x000002a5af680e80 DEOPT PACKING pc=0x000002a539e30442 sp=0x000000b9cafff720
Event: 3355.126 Thread 0x000002a5af680e80 DEOPT UNPACKING pc=0x000002a53f724242 sp=0x000000b9caffebf0 mode 0
Event: 3365.895 Thread 0x000002a5cad230f0 DEOPT PACKING pc=0x000002a53a1b2fb8 sp=0x000000b9d96fe180
Event: 3365.897 Thread 0x000002a5cad230f0 DEOPT UNPACKING pc=0x000002a53f724242 sp=0x000000b9d96fd6c8 mode 0
Event: 3390.806 Thread 0x000002a5cb162d60 DEOPT PACKING pc=0x000002a53a1b2fb8 sp=0x000000b9e6dfdea0
Event: 3390.810 Thread 0x000002a5cb162d60 DEOPT UNPACKING pc=0x000002a53f724242 sp=0x000000b9e6dfd3e8 mode 0
Event: 3409.416 Thread 0x000002a5cad230f0 DEOPT PACKING pc=0x000002a53a1b2fb8 sp=0x000000b9d96fe120
Event: 3409.418 Thread 0x000002a5cad230f0 DEOPT UNPACKING pc=0x000002a53f724242 sp=0x000000b9d96fd668 mode 0
Event: 3423.918 Thread 0x000002a5af67fad0 DEOPT PACKING pc=0x000002a539e30442 sp=0x000000b9ca8ff240
Event: 3423.919 Thread 0x000002a5af67fad0 DEOPT UNPACKING pc=0x000002a53f724242 sp=0x000000b9ca8fe710 mode 0
Event: 3440.532 Thread 0x000002a5cad230f0 DEOPT PACKING pc=0x000002a53a1b2d3b sp=0x000000b9d96fdf50
Event: 3440.533 Thread 0x000002a5cad230f0 DEOPT UNPACKING pc=0x000002a53f724242 sp=0x000000b9d96fd498 mode 0

Classes loaded (20 events):
Event: 125.477 Loading class java/net/DatagramPacket
Event: 125.504 Loading class java/net/DatagramPacket done
Event: 200.323 Loading class java/io/SequenceInputStream
Event: 200.326 Loading class java/io/SequenceInputStream done
Event: 300.350 Loading class java/lang/invoke/MethodHandleImpl$CountingWrapper$1
Event: 300.354 Loading class java/lang/invoke/MethodHandleImpl$CountingWrapper$1 done
Event: 317.282 Loading class java/util/concurrent/ForkJoinTask$AdaptedCallable
Event: 317.283 Loading class java/util/concurrent/ForkJoinTask$AdaptedCallable done
Event: 317.302 Loading class java/util/stream/Nodes$CollectorTask$OfRef
Event: 317.305 Loading class java/util/stream/Nodes$CollectorTask
Event: 317.308 Loading class java/util/stream/Nodes$CollectorTask done
Event: 317.308 Loading class java/util/stream/Nodes$CollectorTask$OfRef done
Event: 317.309 Loading class java/util/function/LongFunction
Event: 317.309 Loading class java/util/function/LongFunction done
Event: 317.311 Loading class java/util/stream/Nodes$ConcNode
Event: 317.311 Loading class java/util/stream/Nodes$AbstractConcNode
Event: 317.313 Loading class java/util/stream/Nodes$AbstractConcNode done
Event: 317.313 Loading class java/util/stream/Nodes$ConcNode done
Event: 514.732 Loading class sun/net/ConnectionResetException
Event: 514.740 Loading class sun/net/ConnectionResetException done

Classes unloaded (20 events):
Event: 8.668 Thread 0x000002a534f11de0 Unloading class 0x000002a54d1adc00 'java/lang/invoke/LambdaForm$BMH+0x000002a54d1adc00'
Event: 8.668 Thread 0x000002a534f11de0 Unloading class 0x000002a54d1ad800 'java/lang/invoke/LambdaForm$DMH+0x000002a54d1ad800'
Event: 8.668 Thread 0x000002a534f11de0 Unloading class 0x000002a54d1ac400 'java/lang/invoke/LambdaForm$DMH+0x000002a54d1ac400'
Event: 10.109 Thread 0x000002a534f11de0 Unloading class 0x000002a54d33a400 'java/lang/invoke/LambdaForm$MH+0x000002a54d33a400'
Event: 10.109 Thread 0x000002a534f11de0 Unloading class 0x000002a54d339c00 'java/lang/invoke/LambdaForm$MH+0x000002a54d339c00'
Event: 10.109 Thread 0x000002a534f11de0 Unloading class 0x000002a54d339400 'java/lang/invoke/LambdaForm$MH+0x000002a54d339400'
Event: 10.109 Thread 0x000002a534f11de0 Unloading class 0x000002a54d339000 'java/lang/invoke/LambdaForm$DMH+0x000002a54d339000'
Event: 10.109 Thread 0x000002a534f11de0 Unloading class 0x000002a54d338400 'java/lang/invoke/LambdaForm$MH+0x000002a54d338400'
Event: 17.047 Thread 0x000002a534f11de0 Unloading class 0x000002a54d6d8400 'java/lang/invoke/LambdaForm$DMH+0x000002a54d6d8400'
Event: 1985.352 Thread 0x000002a534f11de0 Unloading class 0x000002a54d963000 'java/lang/invoke/LambdaForm$DMH+0x000002a54d963000'
Event: 1985.352 Thread 0x000002a534f11de0 Unloading class 0x000002a54d962c00 'java/lang/invoke/LambdaForm$DMH+0x000002a54d962c00'
Event: 1985.353 Thread 0x000002a534f11de0 Unloading class 0x000002a54d962800 'java/lang/invoke/LambdaForm$DMH+0x000002a54d962800'
Event: 1985.353 Thread 0x000002a534f11de0 Unloading class 0x000002a54d962000 'java/lang/invoke/LambdaForm$DMH+0x000002a54d962000'
Event: 1985.354 Thread 0x000002a534f11de0 Unloading class 0x000002a54d961c00 'java/lang/invoke/LambdaForm$DMH+0x000002a54d961c00'
Event: 1985.354 Thread 0x000002a534f11de0 Unloading class 0x000002a54d961400 'java/lang/invoke/LambdaForm$DMH+0x000002a54d961400'
Event: 1985.354 Thread 0x000002a534f11de0 Unloading class 0x000002a54d961800 'java/lang/invoke/LambdaForm$DMH+0x000002a54d961800'
Event: 1985.354 Thread 0x000002a534f11de0 Unloading class 0x000002a54d960c00 'java/lang/invoke/LambdaForm$DMH+0x000002a54d960c00'
Event: 1985.354 Thread 0x000002a534f11de0 Unloading class 0x000002a54d961000 'java/lang/invoke/LambdaForm$DMH+0x000002a54d961000'
Event: 1985.354 Thread 0x000002a534f11de0 Unloading class 0x000002a54d960800 'java/lang/invoke/LambdaForm$DMH+0x000002a54d960800'
Event: 1985.354 Thread 0x000002a534f11de0 Unloading class 0x000002a54d960000 'java/lang/invoke/LambdaForm$DMH+0x000002a54d960000'

Classes redefined (0 events):
No events

Internal exceptions (20 events):
Event: 3425.789 Thread 0x000002a5cad230f0 Exception <a 'sun/nio/fs/WindowsException'{0x00000000d56f7a78}> (0x00000000d56f7a78) 
thrown [s\src\hotspot\share\prims\jni.cpp, line 520]
Event: 3425.790 Thread 0x000002a5cad230f0 Exception <a 'sun/nio/fs/WindowsException'{0x00000000d56fb470}> (0x00000000d56fb470) 
thrown [s\src\hotspot\share\prims\jni.cpp, line 520]
Event: 3425.792 Thread 0x000002a5cad230f0 Exception <a 'sun/nio/fs/WindowsException'{0x00000000d56fdea0}> (0x00000000d56fdea0) 
thrown [s\src\hotspot\share\prims\jni.cpp, line 520]
Event: 3425.793 Thread 0x000002a5cad230f0 Exception <a 'sun/nio/fs/WindowsException'{0x00000000d57018b0}> (0x00000000d57018b0) 
thrown [s\src\hotspot\share\prims\jni.cpp, line 520]
Event: 3425.794 Thread 0x000002a5cad230f0 Exception <a 'sun/nio/fs/WindowsException'{0x00000000d57042e0}> (0x00000000d57042e0) 
thrown [s\src\hotspot\share\prims\jni.cpp, line 520]
Event: 3425.796 Thread 0x000002a5cad230f0 Exception <a 'sun/nio/fs/WindowsException'{0x00000000d5707d08}> (0x00000000d5707d08) 
thrown [s\src\hotspot\share\prims\jni.cpp, line 520]
Event: 3425.799 Thread 0x000002a5cad230f0 Exception <a 'sun/nio/fs/WindowsException'{0x00000000d570a738}> (0x00000000d570a738) 
thrown [s\src\hotspot\share\prims\jni.cpp, line 520]
Event: 3425.800 Thread 0x000002a5cad230f0 Exception <a 'sun/nio/fs/WindowsException'{0x00000000d570e108}> (0x00000000d570e108) 
thrown [s\src\hotspot\share\prims\jni.cpp, line 520]
Event: 3425.801 Thread 0x000002a5cad230f0 Exception <a 'sun/nio/fs/WindowsException'{0x00000000d5710b28}> (0x00000000d5710b28) 
thrown [s\src\hotspot\share\prims\jni.cpp, line 520]
Event: 3425.803 Thread 0x000002a5cad230f0 Exception <a 'sun/nio/fs/WindowsException'{0x00000000d5714518}> (0x00000000d5714518) 
thrown [s\src\hotspot\share\prims\jni.cpp, line 520]
Event: 3425.804 Thread 0x000002a5cad230f0 Exception <a 'sun/nio/fs/WindowsException'{0x00000000d5717790}> (0x00000000d5717790) 
thrown [s\src\hotspot\share\prims\jni.cpp, line 520]
Event: 3425.804 Thread 0x000002a5cad230f0 Exception <a 'sun/nio/fs/WindowsException'{0x00000000d571a8d8}> (0x00000000d571a8d8) 
thrown [s\src\hotspot\share\prims\jni.cpp, line 520]
Event: 3425.870 Thread 0x000002a5cad230f0 Exception <a 'sun/nio/fs/WindowsException'{0x00000000d5734e10}> (0x00000000d5734e10) 
thrown [s\src\hotspot\share\prims\jni.cpp, line 520]
Event: 3425.871 Thread 0x000002a5cad230f0 Exception <a 'sun/nio/fs/WindowsException'{0x00000000d57380b0}> (0x00000000d57380b0) 
thrown [s\src\hotspot\share\prims\jni.cpp, line 520]
Event: 3425.889 Thread 0x000002a5cad230f0 Exception <a 'sun/nio/fs/WindowsException'{0x00000000d573b188}> (0x00000000d573b188) 
thrown [s\src\hotspot\share\prims\jni.cpp, line 520]
Event: 3425.891 Thread 0x000002a5cad230f0 Exception <a 'sun/nio/fs/WindowsException'{0x00000000d5741520}> (0x00000000d5741520) 
thrown [s\src\hotspot\share\prims\jni.cpp, line 520]
Event: 3425.893 Thread 0x000002a5cad230f0 Exception <a 'sun/nio/fs/WindowsException'{0x00000000d5744a70}> (0x00000000d5744a70) 
thrown [s\src\hotspot\share\prims\jni.cpp, line 520]
Event: 3425.893 Thread 0x000002a5cad230f0 Exception <a 'sun/nio/fs/WindowsException'{0x00000000d5747470}> (0x00000000d5747470) 
thrown [s\src\hotspot\share\prims\jni.cpp, line 520]
Event: 3425.897 Thread 0x000002a5cad230f0 Exception <a 'sun/nio/fs/WindowsException'{0x00000000d574a0e8}> (0x00000000d574a0e8) 
thrown [s\src\hotspot\share\prims\jni.cpp, line 520]
Event: 3425.899 Thread 0x000002a5cad230f0 Exception <a 'sun/nio/fs/WindowsException'{0x00000000d574f138}> (0x00000000d574f138) 
thrown [s\src\hotspot\share\prims\jni.cpp, line 520]

ZGC Phase Switch (0 events):
No events

VM Operations (20 events):
Event: 3436.933 Executing safepoint VM operation: ParallelGCFailedAllocation (Allocation Failure)
Event: 3436.938 Executing safepoint VM operation: ParallelGCFailedAllocation (Allocation Failure) done
Event: 3437.053 Executing safepoint VM operation: ParallelGCFailedAllocation (Allocation Failure)
Event: 3437.057 Executing safepoint VM operation: ParallelGCFailedAllocation (Allocation Failure) done
Event: 3437.180 Executing safepoint VM operation: ParallelGCFailedAllocation (Allocation Failure)
Event: 3437.185 Executing safepoint VM operation: ParallelGCFailedAllocation (Allocation Failure) done
Event: 3437.382 Executing safepoint VM operation: ParallelGCFailedAllocation (Allocation Failure)
Event: 3437.386 Executing safepoint VM operation: ParallelGCFailedAllocation (Allocation Failure) done
Event: 3437.787 Executing safepoint VM operation: ParallelGCFailedAllocation (Allocation Failure)
Event: 3437.810 Executing safepoint VM operation: ParallelGCFailedAllocation (Allocation Failure) done
Event: 3438.426 Executing safepoint VM operation: ParallelGCFailedAllocation (Allocation Failure)
Event: 3438.447 Executing safepoint VM operation: ParallelGCFailedAllocation (Allocation Failure) done
Event: 3438.865 Executing safepoint VM operation: ParallelGCFailedAllocation (Allocation Failure)
Event: 3438.894 Executing safepoint VM operation: ParallelGCFailedAllocation (Allocation Failure) done
Event: 3440.012 Executing safepoint VM operation: ParallelGCFailedAllocation (Allocation Failure)
Event: 3440.024 Executing safepoint VM operation: ParallelGCFailedAllocation (Allocation Failure) done
Event: 3440.457 Executing safepoint VM operation: ParallelGCFailedAllocation (Allocation Failure)
Event: 3440.462 Executing safepoint VM operation: ParallelGCFailedAllocation (Allocation Failure) done
Event: 3440.537 Executing safepoint VM operation: ParallelGCFailedAllocation (Allocation Failure)
Event: 3440.541 Executing safepoint VM operation: ParallelGCFailedAllocation (Allocation Failure) done

Memory protections (0 events):
No events

Nmethod flushes (20 events):
Event: 1987.670 Thread 0x000002a534f11de0 flushing  nmethod 0x000002a538df1f90
Event: 1987.671 Thread 0x000002a534f11de0 flushing  nmethod 0x000002a538df3310
Event: 1987.671 Thread 0x000002a534f11de0 flushing  nmethod 0x000002a538df4690
Event: 1987.671 Thread 0x000002a534f11de0 flushing  nmethod 0x000002a538df4c90
Event: 1987.671 Thread 0x000002a534f11de0 flushing  nmethod 0x000002a538df5090
Event: 1987.671 Thread 0x000002a534f11de0 flushing  nmethod 0x000002a538df5490
Event: 1987.672 Thread 0x000002a534f11de0 flushing  nmethod 0x000002a538df5b90
Event: 1987.672 Thread 0x000002a534f11de0 flushing  nmethod 0x000002a538df6990
Event: 1987.672 Thread 0x000002a534f11de0 flushing osr nmethod 0x000002a538e2f890
Event: 1987.672 Thread 0x000002a534f11de0 flushing  nmethod 0x000002a538e3c710
Event: 1987.672 Thread 0x000002a534f11de0 flushing  nmethod 0x000002a538e3d610
Event: 1987.672 Thread 0x000002a534f11de0 flushing  nmethod 0x000002a538e42190
Event: 1987.672 Thread 0x000002a534f11de0 flushing  nmethod 0x000002a538e48690
Event: 1987.672 Thread 0x000002a534f11de0 flushing  nmethod 0x000002a538e48d90
Event: 1987.673 Thread 0x000002a534f11de0 flushing  nmethod 0x000002a538e4a490
Event: 1987.673 Thread 0x000002a534f11de0 flushing  nmethod 0x000002a538e4a990
Event: 1987.673 Thread 0x000002a534f11de0 flushing  nmethod 0x000002a538e4ad10
Event: 1987.673 Thread 0x000002a534f11de0 flushing  nmethod 0x000002a538e4cb10
Event: 1987.673 Thread 0x000002a534f11de0 flushing osr nmethod 0x000002a538e50910
Event: 1987.673 Thread 0x000002a534f11de0 flushing osr nmethod 0x000002a538e53d10

Events (20 events):
Event: 3425.089 Thread 0x000002a5cad2a080 Thread added: 0x000002a5cad2db90
Event: 3425.093 Thread 0x000002a5cad2a080 Thread added: 0x000002a5cad2e8b0
Event: 3425.098 Thread 0x000002a5cad2db90 Thread exited: 0x000002a5cad2db90
Event: 3425.926 Thread 0x000002a5cad230f0 Thread added: 0x000002a5cad2db90
Event: 3425.929 Thread 0x000002a5cad230f0 Thread added: 0x000002a5cad2ef40
Event: 3426.001 Thread 0x000002a5cad2ef40 Thread exited: 0x000002a5cad2ef40
Event: 3426.004 Thread 0x000002a5cad230f0 Thread added: 0x000002a5cad2fc60
Event: 3430.265 Thread 0x000002a5cad39350 Thread exited: 0x000002a5cad39350
Event: 3430.266 Thread 0x000002a5cad37fa0 Thread exited: 0x000002a5cad37fa0
Event: 3437.220 Thread 0x000002a5b8ed7490 Thread added: 0x000002a5cad37fa0
Event: 3437.842 Thread 0x000002a5cad230f0 Thread added: 0x000002a5cad39350
Event: 3437.851 Thread 0x000002a5cad230f0 Thread added: 0x000002a5cad2ef40
Event: 3438.274 Thread 0x000002a5cad2ef40 Thread exited: 0x000002a5cad2ef40
Event: 3438.277 Thread 0x000002a5cad230f0 Thread added: 0x000002a5cad2ef40
Event: 3438.279 Thread 0x000002a5cad230f0 Thread added: 0x000002a5cad2f5d0
Event: 3439.137 Thread 0x000002a5cad2f5d0 Thread added: 0x000002a5cad302f0
Event: 3440.473 Thread 0x000002a5cad302f0 Thread exited: 0x000002a5cad302f0
Event: 3440.502 Thread 0x000002a5cad2f5d0 Thread exited: 0x000002a5cad2f5d0
Event: 3440.545 Thread 0x000002a5cad230f0 Thread added: 0x000002a5cad2f5d0
Event: 3440.555 Thread 0x000002a5cad230f0 Thread added: 0x000002a5cad302f0


Dynamic libraries:
0x00007ff68b060000 - 0x00007ff68b06e000 	c:\Users\LENOVO\.antigravity-ide\extensions\redhat.java-1.56.0-win32-x64\jre\21.0.12.1-win32-x86_64\bin\java.exe
0x00007ffba7f40000 - 0x00007ffba81a7000 	C:\WINDOWS\SYSTEM32\ntdll.dll
0x00007ffba6070000 - 0x00007ffba613b000 	C:\WINDOWS\System32\KERNEL32.DLL
0x00007ffba5490000 - 0x00007ffba5892000 	C:\WINDOWS\System32\KERNELBASE.dll
0x00007ffba5140000 - 0x00007ffba528c000 	C:\WINDOWS\System32\ucrtbase.dll
0x00007ffb97910000 - 0x00007ffb9792e000 	c:\Users\LENOVO\.antigravity-ide\extensions\redhat.java-1.56.0-win32-x64\jre\21.0.12.1-win32-x86_64\bin\VCRUNTIME140.dll
0x00007ffb98210000 - 0x00007ffb98228000 	c:\Users\LENOVO\.antigravity-ide\extensions\redhat.java-1.56.0-win32-x64\jre\21.0.12.1-win32-x86_64\bin\jli.dll
0x00007ffba5e00000 - 0x00007ffba5fcf000 	C:\WINDOWS\System32\USER32.dll
0x00007ffb8ec40000 - 0x00007ffb8eed0000 	C:\WINDOWS\WinSxS\amd64_microsoft.windows.common-controls_6595b64144ccf1df_6.0.26100.9278_none_3e0d1ba8e3303201\COMCTL32.dll
0x00007ffba59e0000 - 0x00007ffba5a07000 	C:\WINDOWS\System32\win32u.dll
0x00007ffba6840000 - 0x00007ffba68e9000 	C:\WINDOWS\System32\msvcrt.dll
0x00007ffba5d80000 - 0x00007ffba5dab000 	C:\WINDOWS\System32\GDI32.dll
0x00007ffba52a0000 - 0x00007ffba53c9000 	C:\WINDOWS\System32\gdi32full.dll
0x00007ffba5930000 - 0x00007ffba59d3000 	C:\WINDOWS\System32\msvcp_win.dll
0x00007ffba5dc0000 - 0x00007ffba5df1000 	C:\WINDOWS\System32\IMM32.DLL
0x00007ffb98200000 - 0x00007ffb9820c000 	c:\Users\LENOVO\.antigravity-ide\extensions\redhat.java-1.56.0-win32-x64\jre\21.0.12.1-win32-x86_64\bin\vcruntime140_1.dll
0x00007ffb763b0000 - 0x00007ffb7643d000 	c:\Users\LENOVO\.antigravity-ide\extensions\redhat.java-1.56.0-win32-x64\jre\21.0.12.1-win32-x86_64\bin\msvcp140.dll
0x00007ffb366c0000 - 0x00007ffb37462000 	c:\Users\LENOVO\.antigravity-ide\extensions\redhat.java-1.56.0-win32-x64\jre\21.0.12.1-win32-x86_64\bin\server\jvm.dll
0x00007ffba66f0000 - 0x00007ffba67ac000 	C:\WINDOWS\System32\ADVAPI32.dll
0x00007ffba7e30000 - 0x00007ffba7ed9000 	C:\WINDOWS\System32\sechost.dll
0x00007ffba5c60000 - 0x00007ffba5d78000 	C:\WINDOWS\System32\RPCRT4.dll
0x00007ffba7090000 - 0x00007ffba7110000 	C:\WINDOWS\System32\WS2_32.dll
0x00007ffba4f90000 - 0x00007ffba4fee000 	C:\WINDOWS\SYSTEM32\POWRPROF.dll
0x00007ffb983b0000 - 0x00007ffb983e6000 	C:\WINDOWS\SYSTEM32\WINMM.dll
0x00007ffb93ff0000 - 0x00007ffb93ffb000 	C:\WINDOWS\SYSTEM32\VERSION.dll
0x00007ffba4f70000 - 0x00007ffba4f85000 	C:\WINDOWS\SYSTEM32\UMPDC.dll
0x00007ffba3dd0000 - 0x00007ffba3deb000 	C:\WINDOWS\SYSTEM32\kernel.appcore.dll
0x00007ffb97640000 - 0x00007ffb9764a000 	c:\Users\LENOVO\.antigravity-ide\extensions\redhat.java-1.56.0-win32-x64\jre\21.0.12.1-win32-x86_64\bin\jimage.dll
0x00007ffba2480000 - 0x00007ffba26cc000 	C:\WINDOWS\SYSTEM32\DBGHELP.DLL
0x00007ffba7950000 - 0x00007ffba7cd5000 	C:\WINDOWS\System32\combase.dll
0x00007ffba62c0000 - 0x00007ffba6399000 	C:\WINDOWS\System32\OLEAUT32.dll
0x00007ffb8c4f0000 - 0x00007ffb8c52b000 	C:\WINDOWS\SYSTEM32\dbgcore.DLL
0x00007ffba5a10000 - 0x00007ffba5abc000 	C:\WINDOWS\System32\bcryptPrimitives.dll
0x00007ffb87510000 - 0x00007ffb8751f000 	c:\Users\LENOVO\.antigravity-ide\extensions\redhat.java-1.56.0-win32-x64\jre\21.0.12.1-win32-x86_64\bin\instrument.dll
0x00007ffb77ba0000 - 0x00007ffb77bc0000 	c:\Users\LENOVO\.antigravity-ide\extensions\redhat.java-1.56.0-win32-x64\jre\21.0.12.1-win32-x86_64\bin\java.dll
0x00007ffba68f0000 - 0x00007ffba7088000 	C:\WINDOWS\System32\SHELL32.dll
0x00007ffba2b60000 - 0x00007ffba340e000 	C:\WINDOWS\SYSTEM32\windows.storage.dll
0x00007ffba7d30000 - 0x00007ffba7e2b000 	C:\WINDOWS\System32\SHCORE.dll
0x00007ffba67d0000 - 0x00007ffba6836000 	C:\WINDOWS\System32\shlwapi.dll
0x00007ffba5060000 - 0x00007ffba5089000 	C:\WINDOWS\SYSTEM32\profapi.dll
0x00007ffb77b80000 - 0x00007ffb77b98000 	c:\Users\LENOVO\.antigravity-ide\extensions\redhat.java-1.56.0-win32-x64\jre\21.0.12.1-win32-x86_64\bin\zip.dll
0x00007ffb97630000 - 0x00007ffb97640000 	C:\Users\LENOVO\.antigravity-ide\extensions\redhat.java-1.56.0-win32-x64\jre\21.0.12.1-win32-x86_64\bin\net.dll
0x00007ffb9d7d0000 - 0x00007ffb9d8fa000 	C:\WINDOWS\SYSTEM32\WINHTTP.dll
0x00007ffba4370000 - 0x00007ffba43dc000 	C:\WINDOWS\system32\mswsock.dll
0x00007ffb759a0000 - 0x00007ffb759b6000 	C:\Users\LENOVO\.antigravity-ide\extensions\redhat.java-1.56.0-win32-x64\jre\21.0.12.1-win32-x86_64\bin\nio.dll
0x00007ffb87520000 - 0x00007ffb87530000 	c:\Users\LENOVO\.antigravity-ide\extensions\redhat.java-1.56.0-win32-x64\jre\21.0.12.1-win32-x86_64\bin\verify.dll
0x00007ffb44a80000 - 0x00007ffb44ac5000 	C:\Users\LENOVO\AppData\Roaming\Antigravity IDE\User\globalStorage\redhat.java\1.56.0\config_win\org.eclipse.equinox.launcher\org.eclipse.equinox.launcher.win32.win32.x86_64_1.3.100.v20260804-1928\eclipse_11924.dll
0x00007ffba6550000 - 0x00007ffba66ea000 	C:\WINDOWS\System32\ole32.dll
0x00007ffba4790000 - 0x00007ffba47ab000 	C:\WINDOWS\SYSTEM32\CRYPTSP.dll
0x00007ffba3d30000 - 0x00007ffba3d69000 	C:\WINDOWS\system32\rsaenh.dll
0x00007ffba4420000 - 0x00007ffba4454000 	C:\WINDOWS\SYSTEM32\USERENV.dll
0x00007ffba5030000 - 0x00007ffba505a000 	C:\WINDOWS\SYSTEM32\bcrypt.dll
0x00007ffba45d0000 - 0x00007ffba45dc000 	C:\WINDOWS\SYSTEM32\CRYPTBASE.dll
0x00007ffba3780000 - 0x00007ffba37b3000 	C:\WINDOWS\SYSTEM32\IPHLPAPI.DLL
0x00007ffba7120000 - 0x00007ffba712a000 	C:\WINDOWS\System32\NSI.dll
0x00007ffb39d60000 - 0x00007ffb39da9000 	C:\Users\LENOVO\AppData\Local\Temp\jna--2053026509\jna3345284035883876404.dll
0x00007ffba5db0000 - 0x00007ffba5db8000 	C:\WINDOWS\System32\PSAPI.DLL
0x00007ffb9e5e0000 - 0x00007ffb9e5fd000 	C:\WINDOWS\SYSTEM32\dhcpcsvc6.DLL
0x00007ffb9e5b0000 - 0x00007ffb9e5d5000 	C:\WINDOWS\SYSTEM32\dhcpcsvc.DLL
0x00007ffb75970000 - 0x00007ffb75997000 	C:\Users\LENOVO\.gradle\native\1def1411415f61bf3af743bc5b6707747c0891f09f0c88961ee8f79bc544acac\windows-amd64\native-platform.dll
0x00007ffb865b0000 - 0x00007ffb865ba000 	C:\Users\LENOVO\.antigravity-ide\extensions\redhat.java-1.56.0-win32-x64\jre\21.0.12.1-win32-x86_64\bin\management.dll
0x00007ffb7a950000 - 0x00007ffb7a95c000 	C:\Users\LENOVO\.antigravity-ide\extensions\redhat.java-1.56.0-win32-x64\jre\21.0.12.1-win32-x86_64\bin\management_ext.dll
0x00007ffb7a900000 - 0x00007ffb7a909000 	C:\Users\LENOVO\.antigravity-ide\extensions\redhat.java-1.56.0-win32-x64\jre\21.0.12.1-win32-x86_64\bin\extnet.dll
0x00007ffb47f00000 - 0x00007ffb47f0e000 	C:\Users\LENOVO\.antigravity-ide\extensions\redhat.java-1.56.0-win32-x64\jre\21.0.12.1-win32-x86_64\bin\sunmscapi.dll
0x00007ffba5ad0000 - 0x00007ffba5c4e000 	C:\WINDOWS\System32\CRYPT32.dll
0x00007ffba4900000 - 0x00007ffba4930000 	C:\WINDOWS\SYSTEM32\ncrypt.dll
0x00007ffba48b0000 - 0x00007ffba48ef000 	C:\WINDOWS\SYSTEM32\NTASN1.dll
0x00007ffb66b40000 - 0x00007ffb66b48000 	C:\WINDOWS\system32\wshunix.dll

JVMTI agents:
c:\Users\LENOVO\.antigravity-ide\extensions\redhat.java-1.56.0-win32-x64\lombok\lombok-1.18.39-4050.jar path:c:\Users\LENOVO\.antigravity-ide\extensions\redhat.java-1.56.0-win32-x64\jre\21.0.12.1-win32-x86_64\bin\instrument.dll, loaded, initialized, instrumentlib options:none

dbghelp: loaded successfully - version: 4.0.5 - missing functions: none
symbol engine: initialized successfully - sym options: 0x614 - pdb path: .;c:\Users\LENOVO\.antigravity-ide\extensions\redhat.java-1.56.0-win32-x64\jre\21.0.12.1-win32-x86_64\bin;C:\WINDOWS\SYSTEM32;C:\WINDOWS\WinSxS\amd64_microsoft.windows.common-controls_6595b64144ccf1df_6.0.26100.9278_none_3e0d1ba8e3303201;c:\Users\LENOVO\.antigravity-ide\extensions\redhat.java-1.56.0-win32-x64\jre\21.0.12.1-win32-x86_64\bin\server;C:\Users\LENOVO\AppData\Roaming\Antigravity IDE\User\globalStorage\redhat.java\1.56.0\config_win\org.eclipse.equinox.launcher\org.eclipse.equinox.launcher.win32.win32.x86_64_1.3.100.v20260804-1928;C:\Users\LENOVO\AppData\Local\Temp\jna--2053026509;C:\Users\LENOVO\.gradle\native\1def1411415f61bf3af743bc5b6707747c0891f09f0c88961ee8f79bc544acac\windows-amd64

VM Arguments:
jvm_args: --add-modules=ALL-SYSTEM --add-opens=java.base/java.util=ALL-UNNAMED --add-opens=java.base/java.lang=ALL-UNNAMED --add-opens=java.base/sun.nio.fs=ALL-UNNAMED -Declipse.application=org.eclipse.jdt.ls.core.id1 -Dosgi.bundles.defaultStartLevel=4 -Declipse.product=org.eclipse.jdt.ls.core.product -Djava.import.generatesMetadataFilesAtProjectRoot=false -Dm2e.project.cache.size=50 -DDetectVMInstallationsJob.disabled=true -Dfile.encoding=utf8 -XX:+UseParallelGC -XX:GCTimeRatio=4 -XX:AdaptiveSizePolicyWeight=90 -Dsun.zip.disableMemoryMapping=true -Xmx2G -Xms100m -Xlog:disable -javaagent:c:\Users\LENOVO\.antigravity-ide\extensions\redhat.java-1.56.0-win32-x64\lombok\lombok-1.18.39-4050.jar -XX:+HeapDumpOnOutOfMemoryError -XX:HeapDumpPath=c:\Users\LENOVO\AppData\Roaming\Antigravity IDE\User\workspaceStorage\ba588fe01070c8c90e20898f4c050905\redhat.java -Daether.dependencyCollector.impl=bf 
java_command: c:\Users\LENOVO\.antigravity-ide\extensions\redhat.java-1.56.0-win32-x64\server\plugins\org.eclipse.equinox.launcher_1.8.0.v20260804-1928.jar -configuration c:\Users\LENOVO\AppData\Roaming\Antigravity IDE\User\globalStorage\redhat.java\1.56.0\config_win -data c:\Users\LENOVO\AppData\Roaming\Antigravity IDE\User\workspaceStorage\ba588fe01070c8c90e20898f4c050905\redhat.java\jdt_ws --stdio
java_class_path (initial): c:\Users\LENOVO\.antigravity-ide\extensions\redhat.java-1.56.0-win32-x64\server\plugins\org.eclipse.equinox.launcher_1.8.0.v20260804-1928.jar
Launcher Type: SUN_STANDARD

[Global flags]
    uintx AdaptiveSizePolicyWeight                 = 90                                        {product} {command line}
     intx CICompilerCount                          = 4                                         {product} {ergonomic}
    uintx GCTimeRatio                              = 4                                         {product} {command line}
     bool HeapDumpOnOutOfMemoryError               = true                                   {manageable} {command line}
    ccstr HeapDumpPath                             = c:\Users\LENOVO\AppData\Roaming\Antigravity IDE\User\workspaceStorage\ba588fe01070c8c90e20898f4c050905\redhat.java         {manageable} {command line}
   size_t InitialHeapSize                          = 104857600                                 {product} {command line}
   size_t MaxHeapSize                              = 2147483648                                {product} {command line}
   size_t MaxNewSize                               = 715653120                                 {product} {ergonomic}
   size_t MinHeapDeltaBytes                        = 524288                                    {product} {ergonomic}
   size_t MinHeapSize                              = 104857600                                 {product} {command line}
   size_t NewSize                                  = 34603008                                  {product} {ergonomic}
    uintx NonNMethodCodeHeapSize                   = 5839372                                {pd product} {ergonomic}
    uintx NonProfiledCodeHeapSize                  = 122909434                              {pd product} {ergonomic}
   size_t OldSize                                  = 70254592                                  {product} {ergonomic}
    uintx ProfiledCodeHeapSize                     = 122909434                              {pd product} {ergonomic}
    uintx ReservedCodeCacheSize                    = 251658240                              {pd product} {ergonomic}
     bool SegmentedCodeCache                       = true                                      {product} {ergonomic}
   size_t SoftMaxHeapSize                          = 2147483648                             {manageable} {ergonomic}
     bool UseCompressedOops                        = true                           {product lp64_product} {ergonomic}
     bool UseLargePagesIndividualAllocation        = false                                  {pd product} {ergonomic}
     bool UseParallelGC                            = true                                      {product} {command line}

Logging:
Log output configuration:
 #0: stdout all=off uptime,level,tags foldmultilines=false
 #1: stderr all=off uptime,level,tags foldmultilines=false

Release file:
JAVA_VERSION="21.0.12.1" 
MODULES="java.base java.compiler java.datatransfer java.xml java.prefs java.desktop java.instrument java.logging java.management java.security.sasl java.naming java.rmi java.management.rmi java.net.http java.scripting java.security.jgss java.transaction.xa java.sql java.sql.rowset java.xml.crypto java.se java.smartcardio jdk.accessibility jdk.internal.jvmstat jdk.attach jdk.charsets jdk.internal.opt jdk.zipfs jdk.compiler jdk.crypto.ec jdk.crypto.cryptoki jdk.crypto.mscapi jdk.dynalink jdk.internal.ed jdk.editpad jdk.hotspot.agent jdk.httpserver jdk.internal.le jdk.internal.vm.ci jdk.internal.vm.compiler jdk.internal.vm.compiler.management jdk.jartool jdk.javadoc jdk.jcmd jdk.management jdk.management.agent jdk.jconsole jdk.jdeps jdk.jdwp.agent jdk.jdi jdk.jfr jdk.jshell jdk.jsobject jdk.jstatd jdk.localedata jdk.management.jfr jdk.naming.dns jdk.naming.rmi jdk.net jdk.nio.mapmode jdk.random jdk.sctp jdk.security.auth jdk.security.jgss jdk.unsupported jdk.unsupported.desktop jdk.xml.dom" 

Environment Variables:
JAVA_HOME=C:\Program Files\Android\Android Studio\jbr
PATH=C:\WINDOWS\system32;C:\WINDOWS;C:\WINDOWS\System32\Wbem;C:\WINDOWS\System32\WindowsPowerShell\v1.0\;C:\WINDOWS\System32\OpenSSH\;C:\Program Files\Docker\Docker\resources\bin;C:\Program Files\nodejs\;C:\Program Files\Git\cmd;C:\Users\LENOVO\AppData\Local\Programs\Python\Python312\Scripts\;C:\Users\LENOVO\AppData\Local\Programs\Python\Python312\;C:\Users\LENOVO\AppData\Local\Programs\Python\Launcher\;C:\Users\LENOVO\AppData\Local\Programs\Python\Python314\Scripts\;C:\Users\LENOVO\AppData\Local\Programs\Python\Python314\;C:\Users\LENOVO\AppData\Local\Microsoft\WindowsApps;C:\Users\LENOVO\AppData\Local\Programs\Antigravity\bin;C:\Users\LENOVO\AppData\Roaming\npm;C:\ScrcpyLauncher by praveen;C:\Users\LENOVO\AppData\Local\PowerToys\DSCModules\;C:\Users\LENOVO\AppData\Local\Programs\Antigravity IDE\bin
USERNAME=LENOVO
OS=Windows_NT
PROCESSOR_IDENTIFIER=AMD64 Family 23 Model 160 Stepping 0, AuthenticAMD
TMP=C:\Users\LENOVO\AppData\Local\Temp
TEMP=C:\Users\LENOVO\AppData\Local\Temp




Periodic native trim disabled

---------------  S Y S T E M  ---------------

OS:
 Windows 11 , 64 bit Build 26100 (10.0.26100.9444)
OS uptime: 8 days 1:49 hours
Hyper-V role detected

CPU: total 8 (initial active 8) (8 cores per cpu, 2 threads per core) family 23 model 160 stepping 0 microcode 0x8a0000a, cx8, cmov, fxsr, ht, mmx, 3dnowpref, sse, sse2, sse3, ssse3, sse4a, sse4.1, sse4.2, popcnt, lzcnt, tsc, tscinvbit, avx, avx2, aes, clmul, bmi1, bmi2, adx, sha, fma, vzeroupper, clflush, clflushopt, hv, rdtscp, rdpid, f16c
Processor Information for the first 8 processors :
  Max Mhz: 2401, Current Mhz: 2401, Mhz Limit: 2401

Memory: 4k page, system-wide physical 5965M (159M free)
TotalPageFile size 24397M (AvailPageFile size 0M)
current process WorkingSet (physical memory assigned to process): 160M, peak: 310M
current process commit charge ("private bytes"): 2075M, peak: 2076M

vm_info: OpenJDK 64-Bit Server VM (21.0.12.1+1-LTS) for windows-amd64 JRE (21.0.12.1+1-LTS), built on 2026-08-18T00:00:00Z by "admin" with MS VC++ 17.12 (VS2022)

END.
