#
# There is insufficient memory for the Java Runtime Environment to continue.
# Native memory allocation (mmap) failed to map 65536 bytes. Error detail: Failed to commit metaspace.
# Possible reasons:
#   The system is out of physical RAM or swap space
#   This process is running with CompressedOops enabled, and the Java Heap may be blocking the growth of the native heap
# Possible solutions:
#   Reduce memory load on the system
#   Increase physical memory or swap space
#   Check if swap backing store is full
#   Decrease Java heap size (-Xmx/-Xms)
#   Decrease number of Java threads
#   Decrease Java thread stack sizes (-Xss)
#   Set larger code cache with -XX:ReservedCodeCacheSize=
#   JVM is running with Unscaled Compressed Oops mode in which the Java heap is
#     placed in the first 4GB address space. The Java Heap base address is the
#     maximum limit for the native heap growth. Please use -XX:HeapBaseMinAddress
#     to set the Java Heap base and to place the Java Heap above 4GB virtual address.
# This output file may be truncated or incomplete.
#
#  Out of Memory Error (virtualSpaceNode.cpp:113), pid=27924, tid=28836
#
# JRE version: OpenJDK Runtime Environment Temurin-21.0.12.1+1 (21.0.12.1+1) (build 21.0.12.1+1-LTS)
# Java VM: OpenJDK 64-Bit Server VM Temurin-21.0.12.1+1 (21.0.12.1+1-LTS, mixed mode, sharing, tiered, compressed oops, compressed class ptrs, g1 gc, windows-amd64)
# No core dump will be written. Minidumps are not enabled by default on client versions of Windows
#

---------------  S U M M A R Y ------------

Command Line: --add-opens=java.base/java.lang=ALL-UNNAMED --add-opens=java.base/java.lang.invoke=ALL-UNNAMED --add-opens=java.base/java.util=ALL-UNNAMED --add-opens=java.prefs/java.util.prefs=ALL-UNNAMED --add-exports=jdk.compiler/com.sun.tools.javac.api=ALL-UNNAMED --add-exports=jdk.compiler/com.sun.tools.javac.util=ALL-UNNAMED --add-opens=java.base/java.util=ALL-UNNAMED --add-opens=java.prefs/java.util.prefs=ALL-UNNAMED --add-opens=java.base/java.nio.charset=ALL-UNNAMED --add-opens=java.base/java.net=ALL-UNNAMED --add-opens=java.base/java.util.concurrent.atomic=ALL-UNNAMED --add-opens=java.xml/javax.xml.namespace=ALL-UNNAMED -Xmx1024m -Dfile.encoding=UTF-8 -Duser.country=US -Duser.language=en -Duser.variant -javaagent:C:\Users\LENOVO\.gradle\wrapper\dists\gradle-8.14-bin\38aieal9i53h9rfe7vjup95b9\gradle-8.14\lib\agents\gradle-instrumentation-agent-8.14.jar org.gradle.launcher.daemon.bootstrap.GradleDaemon 8.14

Host: AMD Ryzen 3 7320U with Radeon Graphics         , 8 cores, 5G,  Windows 11 , 64 bit Build 26100 (10.0.26100.9444)
Time: Fri Oct  2 21:32:25 2026 Nepal Standard Time elapsed time: 159.609145 seconds (0d 0h 2m 39s)

---------------  T H R E A D  ---------------

Current thread (0x000002c613ce35b0):  JavaThread "Daemon worker"        [_thread_in_vm, id=28836, stack(0x000000e95da00000,0x000000e95db00000) (1024K)]

Stack: [0x000000e95da00000,0x000000e95db00000]
Native frames: (J=compiled Java code, j=interpreted, Vv=VM code, C=native code)
V  [jvm.dll+0x6d83e9]
V  [jvm.dll+0x8b5736]
V  [jvm.dll+0x8b7cee]
V  [jvm.dll+0x8b83d3]
V  [jvm.dll+0x284596]
V  [jvm.dll+0x8b147e]
V  [jvm.dll+0x679ad4]
V  [jvm.dll+0x679b3a]
V  [jvm.dll+0x67c336]
V  [jvm.dll+0x67c202]
V  [jvm.dll+0x67a4ae]
V  [jvm.dll+0x3c7a23]
V  [jvm.dll+0x2118db]
V  [jvm.dll+0x5b6aa9]
V  [jvm.dll+0x2218ae]
V  [jvm.dll+0x82ec5d]
V  [jvm.dll+0x82fc8b]
V  [jvm.dll+0x830254]
V  [jvm.dll+0x82fee8]
V  [jvm.dll+0x271ebd]
V  [jvm.dll+0x685ecf]
V  [jvm.dll+0x73db6d]
V  [jvm.dll+0x1a8690]
V  [jvm.dll+0x1a8302]
C  0x000002c5c133274f

The last pc belongs to handle_exception_from_callee Runtime1 stub (printed below).
Java frames: (J=compiled Java code, j=interpreted, Vv=VM code)
v  ~RuntimeStub::handle_exception_from_callee Runtime1 stub 0x000002c5c133271d
J 8932 c1 java.util.zip.InflaterInputStream.read([BII)I java.base@21.0.12.1 (129 bytes) @ 0x000002c5ba5376ac [0x000002c5ba537160+0x000000000000054c]
J 8728 c2 org.gradle.internal.io.StreamByteBuffer$StreamByteBufferChunk.readFrom(Ljava/io/InputStream;I)I (30 bytes) @ 0x000002c5c1bbd3bc [0x000002c5c1bbce20+0x000000000000059c]
J 8931 c1 org.gradle.internal.io.StreamByteBuffer.readFully(Ljava/io/InputStream;)V (27 bytes) @ 0x000002c5ba36677c [0x000002c5ba366660+0x000000000000011c]
J 8823 c1 org.gradle.internal.classloader.TransformReplacer$JarLoader.loadTransformedClass(Ljava/lang/String;)[B (55 bytes) @ 0x000002c5ba530ddc [0x000002c5ba530320+0x0000000000000abc]
J 8822 c1 org.gradle.internal.classloader.TransformReplacer.getInstrumentedClass(Ljava/lang/String;Ljava/security/ProtectionDomain;)[B (34 bytes) @ 0x000002c5ba0e714c [0x000002c5ba0e6f20+0x000000000000022c]
J 9237 c2 sun.instrument.TransformerManager.transform(Ljava/lang/Module;Ljava/lang/ClassLoader;Ljava/lang/String;Ljava/lang/Class;Ljava/security/ProtectionDomain;[B)[B java.instrument@21.0.12.1 (100 bytes) @ 0x000002c5c1c05a74 [0x000002c5c1c05960+0x0000000000000114]
J 8806 c1 sun.instrument.InstrumentationImpl.transform(Ljava/lang/Module;Ljava/lang/ClassLoader;Ljava/lang/String;Ljava/lang/Class;Ljava/security/ProtectionDomain;[BZ)[B java.instrument@21.0.12.1 (73 bytes) @ 0x000002c5ba0026a4 [0x000002c5ba0025c0+0x00000000000000e4]
v  ~StubRoutines::call_stub 0x000002c5c122100d
J 860  java.lang.ClassLoader.defineClass1(Ljava/lang/ClassLoader;Ljava/lang/String;[BIILjava/security/ProtectionDomain;Ljava/lang/String;)Ljava/lang/Class; java.base@21.0.12.1 (0 bytes) @ 0x000002c5c1822b91 [0x000002c5c1822ac0+0x00000000000000d1]
J 1555 c1 java.lang.ClassLoader.defineClass(Ljava/lang/String;[BIILjava/security/ProtectionDomain;)Ljava/lang/Class; java.base@21.0.12.1 (43 bytes) @ 0x000002c5b9fe85f4 [0x000002c5b9fe82a0+0x0000000000000354]
J 9353 c1 java.security.SecureClassLoader.defineClass(Ljava/lang/String;[BIILjava/security/CodeSource;)Ljava/lang/Class; java.base@21.0.12.1 (16 bytes) @ 0x000002c5b9e9ff6c [0x000002c5b9e9fec0+0x00000000000000ac]
J 4374 c1 java.net.URLClassLoader.defineClass(Ljava/lang/String;Ljdk/internal/loader/Resource;)Ljava/lang/Class; java.base@21.0.12.1 (224 bytes) @ 0x000002c5ba57fca4 [0x000002c5ba57e9c0+0x00000000000012e4]
J 9357 c1 java.net.URLClassLoader$1.run()Ljava/lang/Class; java.base@21.0.12.1 (81 bytes) @ 0x000002c5b9dd9a8c [0x000002c5b9dd8e60+0x0000000000000c2c]
J 9340 c1 java.net.URLClassLoader$1.run()Ljava/lang/Object; java.base@21.0.12.1 (5 bytes) @ 0x000002c5b9da253c [0x000002c5b9da24c0+0x000000000000007c]
J 4749 c2 java.net.URLClassLoader.findClass(Ljava/lang/String;)Ljava/lang/Class; java.base@21.0.12.1 (47 bytes) @ 0x000002c5c192889c [0x000002c5c19287e0+0x00000000000000bc]
J 8820 c1 org.gradle.internal.classloader.VisitableURLClassLoader$InstrumentingVisitableURLClassLoader.findClass(Ljava/lang/String;)Ljava/lang/Class; (36 bytes) @ 0x000002c5ba7121fc [0x000002c5ba712120+0x00000000000000dc]
J 5442 c2 java.lang.ClassLoader.loadClass(Ljava/lang/String;Z)Ljava/lang/Class; java.base@21.0.12.1 (121 bytes) @ 0x000002c5c1ab49a8 [0x000002c5c1ab4680+0x0000000000000328]
J 3695 c2 java.lang.ClassLoader.loadClass(Ljava/lang/String;)Ljava/lang/Class; java.base@21.0.12.1 (7 bytes) @ 0x000002c5c19b896c [0x000002c5c19b8920+0x000000000000004c]
v  ~StubRoutines::call_stub 0x000002c5c122100d
J 2781  java.lang.Class.getDeclaredMethods0(Z)[Ljava/lang/reflect/Method; java.base@21.0.12.1 (0 bytes) @ 0x000002c5c190e793 [0x000002c5c190e740+0x0000000000000053]
J 2734 c1 java.lang.Class.privateGetDeclaredMethods(Z)[Ljava/lang/reflect/Method; java.base@21.0.12.1 (64 bytes) @ 0x000002c5ba24473c [0x000002c5ba2445c0+0x000000000000017c]
J 3920 c1 java.lang.Class.getDeclaredMethods()[Ljava/lang/reflect/Method; java.base@21.0.12.1 (27 bytes) @ 0x000002c5ba4a8194 [0x000002c5ba4a8060+0x0000000000000134]
j  com.android.build.gradle.internal.dsl.decorator.DslDecorator.visitClass$gradle_core(Ljava/lang/Class;Lcom/android/build/gradle/internal/dsl/decorator/DslDecorator$ClassInfoVisitor;)V+107
j  com.android.build.gradle.internal.dsl.decorator.DslDecorator.findAbstractProperties(Ljava/lang/Class;)Ljava/util/List;+14
j  com.android.build.gradle.internal.dsl.decorator.DslDecorator.decorateDslClassImpl$gradle_core(Ljava/lang/Class;)Ljava/lang/Class;+170
j  com.android.build.gradle.internal.dsl.decorator.DslDecorator$cache$1.load(Ljava/lang/Class;)Ljava/lang/Class;+16
j  com.android.build.gradle.internal.dsl.decorator.DslDecorator$cache$1.load(Ljava/lang/Object;)Ljava/lang/Object;+5
j  com.google.common.cache.LocalCache$LoadingValueReference.loadFuture(Ljava/lang/Object;Lcom/google/common/cache/CacheLoader;)Lcom/google/common/util/concurrent/ListenableFuture;+24
j  com.google.common.cache.LocalCache$Segment.loadSync(Ljava/lang/Object;ILcom/google/common/cache/LocalCache$LoadingValueReference;Lcom/google/common/cache/CacheLoader;)Ljava/lang/Object;+4
j  com.google.common.cache.LocalCache$Segment.lockedGetOrLoad(Ljava/lang/Object;ILcom/google/common/cache/CacheLoader;)Ljava/lang/Object;+393
j  com.google.common.cache.LocalCache$Segment.get(Ljava/lang/Object;ILcom/google/common/cache/CacheLoader;)Ljava/lang/Object;+138
j  com.google.common.cache.LocalCache.get(Ljava/lang/Object;Lcom/google/common/cache/CacheLoader;)Ljava/lang/Object;+17
j  com.google.common.cache.LocalCache.getOrLoad(Ljava/lang/Object;)Ljava/lang/Object;+6
j  com.google.common.cache.LocalCache$LocalLoadingCache.get(Ljava/lang/Object;)Ljava/lang/Object;+5
j  com.android.build.gradle.internal.dsl.decorator.DslDecorator.decorate(Ljava/lang/Class;)Ljava/lang/Class;+12
j  com.android.build.gradle.internal.services.DslServicesImpl.newDecoratedInstance(Ljava/lang/Class;[Ljava/lang/Object;)Ljava/lang/Object;+17
j  com.android.build.gradle.internal.plugins.AppPlugin.createExtension(Lcom/android/build/gradle/internal/services/DslServices;Lcom/android/build/gradle/internal/plugins/DslContainerProvider;Lorg/gradle/api/NamedDomainObjectContainer;Lcom/android/build/gradle/internal/services/VersionedSdkLoaderService;)Lcom/android/build/gradle/internal/plugins/BasePlugin$ExtensionData;+15
j  com.android.build.gradle.internal.plugins.BasePlugin$extensionData$2.invoke()Lcom/android/build/gradle/internal/plugins/BasePlugin$ExtensionData;+44
j  com.android.build.gradle.internal.plugins.BasePlugin$extensionData$2.invoke()Ljava/lang/Object;+1
j  kotlin.SynchronizedLazyImpl.getValue()Ljava/lang/Object;+54
j  com.android.build.gradle.internal.plugins.BasePlugin.getExtensionData()Lcom/android/build/gradle/internal/plugins/BasePlugin$ExtensionData;+6
j  com.android.build.gradle.internal.plugins.BasePlugin.access$getExtensionData(Lcom/android/build/gradle/internal/plugins/BasePlugin;)Lcom/android/build/gradle/internal/plugins/BasePlugin$ExtensionData;+1
j  com.android.build.gradle.internal.plugins.BasePlugin$variantApiOperations$2.invoke()Lcom/android/build/api/extension/impl/VariantApiOperationsRegistrar;+8
j  com.android.build.gradle.internal.plugins.BasePlugin$variantApiOperations$2.invoke()Ljava/lang/Object;+1
j  kotlin.SynchronizedLazyImpl.getValue()Ljava/lang/Object;+54
j  com.android.build.gradle.internal.plugins.BasePlugin.getVariantApiOperations()Lcom/android/build/api/extension/impl/VariantApiOperationsRegistrar;+6
j  com.android.build.gradle.internal.plugins.BasePlugin.configureExtension(Lorg/gradle/api/Project;)V+16
j  com.android.build.gradle.internal.plugins.AndroidPluginBaseServices$applyBaseServices$3.call()V+8
j  com.android.build.gradle.internal.profile.NoOpAnalyticsConfiguratorService.recordBlock(Lcom/google/wireless/android/sdk/stats/GradleBuildProfileSpan$ExecutionType;Ljava/lang/String;Ljava/lang/String;Lcom/android/builder/profile/Recorder$VoidBlock;)V+21
j  com.android.build.gradle.internal.plugins.AndroidPluginBaseServices.applyBaseServices(Lorg/gradle/api/Project;Lorg/gradle/api/configuration/BuildFeatures;)V+352
j  com.android.build.gradle.internal.plugins.BasePlugin$apply$1.run()V+15
j  com.android.build.gradle.internal.crash.CrashReporting.runAction(Ljava/lang/Runnable;)V+8
j  com.android.build.gradle.internal.plugins.BasePlugin.apply(Lorg/gradle/api/Project;)V+19
j  com.android.build.gradle.internal.plugins.BasePlugin.apply(Ljava/lang/Object;)V+5
j  org.gradle.api.internal.plugins.ImperativeOnlyPluginTarget.applyImperative(Ljava/lang/String;Lorg/gradle/api/Plugin;)V+13
j  org.gradle.api.internal.plugins.RuleBasedPluginTarget.applyImperative(Ljava/lang/String;Lorg/gradle/api/Plugin;)V+6
j  org.gradle.api.internal.plugins.DefaultPluginManager.addPlugin(Ljava/lang/Runnable;Lorg/gradle/api/internal/plugins/PluginImplementation;Ljava/lang/String;Ljava/lang/Class;)V+54
j  org.gradle.api.internal.plugins.DefaultPluginManager.access$100(Lorg/gradle/api/internal/plugins/DefaultPluginManager;Ljava/lang/Runnable;Lorg/gradle/api/internal/plugins/PluginImplementation;Ljava/lang/String;Ljava/lang/Class;)V+6
j  org.gradle.api.internal.plugins.DefaultPluginManager$AddPluginBuildOperation.run(Lorg/gradle/internal/operations/BuildOperationContext;)V+20
j  org.gradle.internal.operations.DefaultBuildOperationRunner$1.execute(Lorg/gradle/internal/operations/RunnableBuildOperation;Lorg/gradle/internal/operations/BuildOperationContext;)V+2
j  org.gradle.internal.operations.DefaultBuildOperationRunner$1.execute(Lorg/gradle/internal/operations/BuildOperation;Lorg/gradle/internal/operations/BuildOperationContext;)V+6
J 7234 c1 org.gradle.internal.operations.DefaultBuildOperationRunner$2.execute(Lorg/gradle/internal/operations/BuildOperationDescriptor;Lorg/gradle/internal/operations/BuildOperationState;Lorg/gradle/internal/operations/BuildOperationState;Lorg/gradle/internal/operations/DefaultBuildOperationRunner$ReadableBuildOperationContext;Lorg/gradle/internal/operations/DefaultBuildOperationRunner$BuildOperationExecutionListener;)Lorg/gradle/internal/operations/BuildOperation; (110 bytes) @ 0x000002c5ba908cc4 [0x000002c5ba908ac0+0x0000000000000204]
J 6985 c1 org.gradle.internal.operations.DefaultBuildOperationRunner$2.execute(Lorg/gradle/internal/operations/BuildOperationDescriptor;Lorg/gradle/internal/operations/BuildOperationState;Lorg/gradle/internal/operations/BuildOperationState;Lorg/gradle/internal/operations/DefaultBuildOperationRunner$ReadableBuildOperationContext;Lorg/gradle/internal/operations/DefaultBuildOperationRunner$BuildOperationExecutionListener;)Ljava/lang/Object; (12 bytes) @ 0x000002c5ba88174c [0x000002c5ba8816c0+0x000000000000008c]
J 7220 c1 org.gradle.internal.operations.DefaultBuildOperationRunner.execute(Lorg/gradle/internal/operations/BuildOperationDescriptor$Builder;Lorg/gradle/internal/operations/BuildOperationState;Lorg/gradle/internal/operations/DefaultBuildOperationRunner$BuildOperationExecution;)Ljava/lang/Object; (147 bytes) @ 0x000002c5ba900184 [0x000002c5ba8ff680+0x0000000000000b04]
J 6968 c1 org.gradle.internal.operations.DefaultBuildOperationRunner.execute(Lorg/gradle/internal/operations/BuildOperation;Lorg/gradle/internal/operations/BuildOperationWorker;Lorg/gradle/internal/operations/BuildOperationState;)V (23 bytes) @ 0x000002c5ba878494 [0x000002c5ba8781e0+0x00000000000002b4]
j  org.gradle.internal.operations.DefaultBuildOperationRunner.run(Lorg/gradle/internal/operations/RunnableBuildOperation;)V+9
j  org.gradle.api.internal.plugins.DefaultPluginManager.lambda$doApply$0(Ljava/lang/Runnable;Lorg/gradle/api/internal/plugins/PluginImplementation;Ljava/lang/String;Ljava/lang/Class;Lorg/gradle/internal/code/UserCodeApplicationId;)V+20
j  org.gradle.api.internal.plugins.DefaultPluginManager$$Lambda+0x000002c5cf65f5d8.execute(Ljava/lang/Object;)V+24
j  org.gradle.internal.code.DefaultUserCodeApplicationContext.apply(Lorg/gradle/internal/code/UserCodeSource;Lorg/gradle/api/Action;)V+37
j  org.gradle.api.internal.plugins.DefaultPluginManager.doApply(Lorg/gradle/api/internal/plugins/PluginImplementation;)V+144
j  org.gradle.api.internal.plugins.DefaultPluginManager.apply(Ljava/lang/String;)V+52
j  org.gradle.api.internal.plugins.DefaultObjectConfigurationAction.applyType(Ljava/lang/String;)V+43
j  org.gradle.api.internal.plugins.DefaultObjectConfigurationAction.access$200(Lorg/gradle/api/internal/plugins/DefaultObjectConfigurationAction;Ljava/lang/String;)V+2
j  org.gradle.api.internal.plugins.DefaultObjectConfigurationAction$3.run()V+8
j  org.gradle.api.internal.plugins.DefaultObjectConfigurationAction.execute()V+58
j  org.gradle.api.internal.project.AbstractPluginAware.apply(Ljava/util/Map;)V+12
j  org.gradle.api.internal.project.DefaultProject.apply(Ljava/util/Map;)V+6
j  com.android.build.gradle.AppPlugin.apply(Lorg/gradle/api/Project;)V+15
j  com.android.build.gradle.AppPlugin.apply(Ljava/lang/Object;)V+5
j  org.gradle.api.internal.plugins.ImperativeOnlyPluginTarget.applyImperative(Ljava/lang/String;Lorg/gradle/api/Plugin;)V+13
j  org.gradle.api.internal.plugins.RuleBasedPluginTarget.applyImperative(Ljava/lang/String;Lorg/gradle/api/Plugin;)V+6
j  org.gradle.api.internal.plugins.DefaultPluginManager.addPlugin(Ljava/lang/Runnable;Lorg/gradle/api/internal/plugins/PluginImplementation;Ljava/lang/String;Ljava/lang/Class;)V+54
j  org.gradle.api.internal.plugins.DefaultPluginManager.access$100(Lorg/gradle/api/internal/plugins/DefaultPluginManager;Ljava/lang/Runnable;Lorg/gradle/api/internal/plugins/PluginImplementation;Ljava/lang/String;Ljava/lang/Class;)V+6
j  org.gradle.api.internal.plugins.DefaultPluginManager$AddPluginBuildOperation.run(Lorg/gradle/internal/operations/BuildOperationContext;)V+20
j  org.gradle.internal.operations.DefaultBuildOperationRunner$1.execute(Lorg/gradle/internal/operations/RunnableBuildOperation;Lorg/gradle/internal/operations/BuildOperationContext;)V+2
j  org.gradle.internal.operations.DefaultBuildOperationRunner$1.execute(Lorg/gradle/internal/operations/BuildOperation;Lorg/gradle/internal/operations/BuildOperationContext;)V+6
J 7234 c1 org.gradle.internal.operations.DefaultBuildOperationRunner$2.execute(Lorg/gradle/internal/operations/BuildOperationDescriptor;Lorg/gradle/internal/operations/BuildOperationState;Lorg/gradle/internal/operations/BuildOperationState;Lorg/gradle/internal/operations/DefaultBuildOperationRunner$ReadableBuildOperationContext;Lorg/gradle/internal/operations/DefaultBuildOperationRunner$BuildOperationExecutionListener;)Lorg/gradle/internal/operations/BuildOperation; (110 bytes) @ 0x000002c5ba908cc4 [0x000002c5ba908ac0+0x0000000000000204]
J 6985 c1 org.gradle.internal.operations.DefaultBuildOperationRunner$2.execute(Lorg/gradle/internal/operations/BuildOperationDescriptor;Lorg/gradle/internal/operations/BuildOperationState;Lorg/gradle/internal/operations/BuildOperationState;Lorg/gradle/internal/operations/DefaultBuildOperationRunner$ReadableBuildOperationContext;Lorg/gradle/internal/operations/DefaultBuildOperationRunner$BuildOperationExecutionListener;)Ljava/lang/Object; (12 bytes) @ 0x000002c5ba88174c [0x000002c5ba8816c0+0x000000000000008c]
J 7220 c1 org.gradle.internal.operations.DefaultBuildOperationRunner.execute(Lorg/gradle/internal/operations/BuildOperationDescriptor$Builder;Lorg/gradle/internal/operations/BuildOperationState;Lorg/gradle/internal/operations/DefaultBuildOperationRunner$BuildOperationExecution;)Ljava/lang/Object; (147 bytes) @ 0x000002c5ba900184 [0x000002c5ba8ff680+0x0000000000000b04]
J 6968 c1 org.gradle.internal.operations.DefaultBuildOperationRunner.execute(Lorg/gradle/internal/operations/BuildOperation;Lorg/gradle/internal/operations/BuildOperationWorker;Lorg/gradle/internal/operations/BuildOperationState;)V (23 bytes) @ 0x000002c5ba878494 [0x000002c5ba8781e0+0x00000000000002b4]
j  org.gradle.internal.operations.DefaultBuildOperationRunner.run(Lorg/gradle/internal/operations/RunnableBuildOperation;)V+9
j  org.gradle.api.internal.plugins.DefaultPluginManager.lambda$doApply$0(Ljava/lang/Runnable;Lorg/gradle/api/internal/plugins/PluginImplementation;Ljava/lang/String;Ljava/lang/Class;Lorg/gradle/internal/code/UserCodeApplicationId;)V+20
j  org.gradle.api.internal.plugins.DefaultPluginManager$$Lambda+0x000002c5cf65f5d8.execute(Ljava/lang/Object;)V+24
j  org.gradle.internal.code.DefaultUserCodeApplicationContext.apply(Lorg/gradle/internal/code/UserCodeSource;Lorg/gradle/api/Action;)V+37
j  org.gradle.api.internal.plugins.DefaultPluginManager.doApply(Lorg/gradle/api/internal/plugins/PluginImplementation;)V+144
j  org.gradle.api.internal.plugins.DefaultPluginManager.apply(Lorg/gradle/api/internal/plugins/PluginImplementation;)V+2
j  org.gradle.plugin.use.resolve.internal.ClassPathPluginResolution.applyTo(Lorg/gradle/api/internal/plugins/PluginManagerInternal;)V+5
j  org.gradle.plugin.use.internal.DefaultPluginRequestApplicator$ApplyAction.apply(Lorg/gradle/api/internal/plugins/PluginManagerInternal;)V+21
j  org.gradle.plugin.use.internal.DefaultPluginRequestApplicator.lambda$applyPlugins$1(Lorg/gradle/api/internal/plugins/PluginManagerInternal;Lorg/gradle/plugin/use/internal/DefaultPluginRequestApplicator$ApplyAction;)V+2
j  org.gradle.plugin.use.internal.DefaultPluginRequestApplicator$$Lambda+0x000002c5cf8cdca0.accept(Ljava/lang/Object;)V+8
j  java.util.ArrayList.forEach(Ljava/util/function/Consumer;)V+46 java.base@21.0.12.1
j  org.gradle.plugin.use.internal.DefaultPluginRequestApplicator.applyPlugins(Lorg/gradle/plugin/management/internal/PluginRequests;Lorg/gradle/api/internal/initialization/ScriptHandlerInternal;Lorg/gradle/api/internal/plugins/PluginManagerInternal;Lorg/gradle/api/internal/initialization/ClassLoaderScope;)V+375
j  org.gradle.kotlin.dsl.provider.PluginRequestsHandler.handle(Lorg/gradle/plugin/management/internal/PluginRequests;Lorg/gradle/api/internal/initialization/ScriptHandlerInternal;Lorg/gradle/api/internal/plugins/PluginAwareInternal;Lorg/gradle/api/internal/initialization/ClassLoaderScope;)V+65
j  org.gradle.kotlin.dsl.provider.StandardKotlinScriptEvaluator$InterpreterHost.applyPluginsTo(Lorg/gradle/kotlin/dsl/support/KotlinScriptHost;Lorg/gradle/plugin/management/internal/PluginRequests;)V+53
j  org.gradle.kotlin.dsl.execution.Interpreter$ProgramHost.applyPluginsTo(Lorg/gradle/kotlin/dsl/support/KotlinScriptHost;Lorg/gradle/plugin/management/internal/PluginRequests;)V+21
j  Program.execute(Lorg/gradle/kotlin/dsl/execution/ExecutableProgram$Host;Lorg/gradle/kotlin/dsl/support/KotlinScriptHost;)V+82
j  org.gradle.kotlin.dsl.execution.Interpreter$ProgramHost.eval(Lorg/gradle/kotlin/dsl/execution/CompiledScript;Lorg/gradle/kotlin/dsl/support/KotlinScriptHost;)V+88
j  org.gradle.kotlin.dsl.execution.Interpreter.eval(Ljava/lang/Object;Lorg/gradle/groovy/scripts/ScriptSource;Lorg/gradle/internal/hash/HashCode;Lorg/gradle/api/initialization/dsl/ScriptHandler;Lorg/gradle/api/internal/initialization/ClassLoaderScope;Lorg/gradle/api/internal/initialization/ClassLoaderScope;ZLjava/util/EnumSet;)V+213
j  org.gradle.kotlin.dsl.provider.StandardKotlinScriptEvaluator.evaluate(Ljava/lang/Object;Lorg/gradle/groovy/scripts/ScriptSource;Lorg/gradle/api/initialization/dsl/ScriptHandler;Lorg/gradle/api/internal/initialization/ClassLoaderScope;Lorg/gradle/api/internal/initialization/ClassLoaderScope;ZLjava/util/EnumSet;)V+163
j  org.gradle.kotlin.dsl.provider.KotlinScriptPluginFactory$create$1.invoke(Ljava/lang/Object;)V+72
j  org.gradle.kotlin.dsl.provider.KotlinScriptPluginFactory$create$1.invoke(Ljava/lang/Object;)Ljava/lang/Object;+2
j  org.gradle.kotlin.dsl.provider.KotlinScriptPlugin.apply(Ljava/lang/Object;)V+22
j  org.gradle.configuration.BuildOperationScriptPlugin$1.run(Lorg/gradle/internal/operations/BuildOperationContext;)V+11
j  org.gradle.internal.operations.DefaultBuildOperationRunner$1.execute(Lorg/gradle/internal/operations/RunnableBuildOperation;Lorg/gradle/internal/operations/BuildOperationContext;)V+2
j  org.gradle.internal.operations.DefaultBuildOperationRunner$1.execute(Lorg/gradle/internal/operations/BuildOperation;Lorg/gradle/internal/operations/BuildOperationContext;)V+6
J 7234 c1 org.gradle.internal.operations.DefaultBuildOperationRunner$2.execute(Lorg/gradle/internal/operations/BuildOperationDescriptor;Lorg/gradle/internal/operations/BuildOperationState;Lorg/gradle/internal/operations/BuildOperationState;Lorg/gradle/internal/operations/DefaultBuildOperationRunner$ReadableBuildOperationContext;Lorg/gradle/internal/operations/DefaultBuildOperationRunner$BuildOperationExecutionListener;)Lorg/gradle/internal/operations/BuildOperation; (110 bytes) @ 0x000002c5ba908cc4 [0x000002c5ba908ac0+0x0000000000000204]
J 6985 c1 org.gradle.internal.operations.DefaultBuildOperationRunner$2.execute(Lorg/gradle/internal/operations/BuildOperationDescriptor;Lorg/gradle/internal/operations/BuildOperationState;Lorg/gradle/internal/operations/BuildOperationState;Lorg/gradle/internal/operations/DefaultBuildOperationRunner$ReadableBuildOperationContext;Lorg/gradle/internal/operations/DefaultBuildOperationRunner$BuildOperationExecutionListener;)Ljava/lang/Object; (12 bytes) @ 0x000002c5ba88174c [0x000002c5ba8816c0+0x000000000000008c]
J 7220 c1 org.gradle.internal.operations.DefaultBuildOperationRunner.execute(Lorg/gradle/internal/operations/BuildOperationDescriptor$Builder;Lorg/gradle/internal/operations/BuildOperationState;Lorg/gradle/internal/operations/DefaultBuildOperationRunner$BuildOperationExecution;)Ljava/lang/Object; (147 bytes) @ 0x000002c5ba900184 [0x000002c5ba8ff680+0x0000000000000b04]
J 6968 c1 org.gradle.internal.operations.DefaultBuildOperationRunner.execute(Lorg/gradle/internal/operations/BuildOperation;Lorg/gradle/internal/operations/BuildOperationWorker;Lorg/gradle/internal/operations/BuildOperationState;)V (23 bytes) @ 0x000002c5ba878494 [0x000002c5ba8781e0+0x00000000000002b4]
j  org.gradle.internal.operations.DefaultBuildOperationRunner.run(Lorg/gradle/internal/operations/RunnableBuildOperation;)V+9
j  org.gradle.configuration.BuildOperationScriptPlugin.lambda$apply$0(Ljava/lang/Object;Lorg/gradle/internal/code/UserCodeApplicationId;)V+14
j  org.gradle.configuration.BuildOperationScriptPlugin$$Lambda+0x000002c5cf4b98f0.execute(Ljava/lang/Object;)V+12
j  org.gradle.internal.code.DefaultUserCodeApplicationContext.apply(Lorg/gradle/internal/code/UserCodeSource;Lorg/gradle/api/Action;)V+37
j  org.gradle.configuration.BuildOperationScriptPlugin.apply(Ljava/lang/Object;)V+71
j  org.gradle.configuration.project.BuildScriptProcessor$$Lambda+0x000002c5cf6c5bd8.accept(Ljava/lang/Object;)V+8
j  org.gradle.api.internal.project.DefaultProjectStateRegistry$ProjectStateImpl.lambda$applyToMutableState$1(Ljava/util/function/Consumer;Lorg/gradle/api/internal/project/ProjectInternal;)Ljava/lang/Object;+2
j  org.gradle.api.internal.project.DefaultProjectStateRegistry$ProjectStateImpl$$Lambda+0x000002c5cf642c88.apply(Ljava/lang/Object;)Ljava/lang/Object;+8
j  org.gradle.api.internal.project.DefaultProjectStateRegistry$ProjectStateImpl.fromMutableState(Ljava/util/function/Function;)Ljava/lang/Object;+97
j  org.gradle.api.internal.project.DefaultProjectStateRegistry$ProjectStateImpl.applyToMutableState(Ljava/util/function/Consumer;)V+7
j  org.gradle.configuration.project.BuildScriptProcessor.execute(Lorg/gradle/api/internal/project/ProjectInternal;)V+88
j  org.gradle.configuration.project.BuildScriptProcessor.execute(Ljava/lang/Object;)V+5
j  org.gradle.configuration.project.ConfigureActionsProjectEvaluator.evaluate(Lorg/gradle/api/internal/project/ProjectInternal;Lorg/gradle/api/internal/project/ProjectStateInternal;)V+33
j  org.gradle.configuration.project.LifecycleProjectEvaluator$EvaluateProject.lambda$run$0(Lorg/gradle/internal/operations/BuildOperationContext;Lorg/gradle/api/internal/project/ProjectInternal;)V+67
j  org.gradle.configuration.project.LifecycleProjectEvaluator$EvaluateProject$$Lambda+0x000002c5cf642a50.accept(Ljava/lang/Object;)V+12
j  org.gradle.api.internal.project.DefaultProjectStateRegistry$ProjectStateImpl.lambda$applyToMutableState$1(Ljava/util/function/Consumer;Lorg/gradle/api/internal/project/ProjectInternal;)Ljava/lang/Object;+2
j  org.gradle.api.internal.project.DefaultProjectStateRegistry$ProjectStateImpl$$Lambda+0x000002c5cf642c88.apply(Ljava/lang/Object;)Ljava/lang/Object;+8
j  org.gradle.api.internal.project.DefaultProjectStateRegistry$ProjectStateImpl.lambda$fromMutableState$2(Ljava/util/function/Function;)Ljava/lang/Object;+5
j  org.gradle.api.internal.project.DefaultProjectStateRegistry$ProjectStateImpl$$Lambda+0x000002c5cf648000.create()Ljava/lang/Object;+8
j  org.gradle.internal.work.DefaultWorkerLeaseService.withReplacedLocks(Ljava/util/Collection;Lorg/gradle/internal/resources/ResourceLock;Lorg/gradle/internal/Factory;)Ljava/lang/Object;+40
j  org.gradle.api.internal.project.DefaultProjectStateRegistry$ProjectStateImpl.fromMutableState(Ljava/util/function/Function;)Ljava/lang/Object;+133
j  org.gradle.api.internal.project.DefaultProjectStateRegistry$ProjectStateImpl.applyToMutableState(Ljava/util/function/Consumer;)V+7
j  org.gradle.configuration.project.LifecycleProjectEvaluator$EvaluateProject.run(Lorg/gradle/internal/operations/BuildOperationContext;)V+16
j  org.gradle.internal.operations.DefaultBuildOperationRunner$1.execute(Lorg/gradle/internal/operations/RunnableBuildOperation;Lorg/gradle/internal/operations/BuildOperationContext;)V+2
j  org.gradle.internal.operations.DefaultBuildOperationRunner$1.execute(Lorg/gradle/internal/operations/BuildOperation;Lorg/gradle/internal/operations/BuildOperationContext;)V+6
J 7234 c1 org.gradle.internal.operations.DefaultBuildOperationRunner$2.execute(Lorg/gradle/internal/operations/BuildOperationDescriptor;Lorg/gradle/internal/operations/BuildOperationState;Lorg/gradle/internal/operations/BuildOperationState;Lorg/gradle/internal/operations/DefaultBuildOperationRunner$ReadableBuildOperationContext;Lorg/gradle/internal/operations/DefaultBuildOperationRunner$BuildOperationExecutionListener;)Lorg/gradle/internal/operations/BuildOperation; (110 bytes) @ 0x000002c5ba908cc4 [0x000002c5ba908ac0+0x0000000000000204]
J 6985 c1 org.gradle.internal.operations.DefaultBuildOperationRunner$2.execute(Lorg/gradle/internal/operations/BuildOperationDescriptor;Lorg/gradle/internal/operations/BuildOperationState;Lorg/gradle/internal/operations/BuildOperationState;Lorg/gradle/internal/operations/DefaultBuildOperationRunner$ReadableBuildOperationContext;Lorg/gradle/internal/operations/DefaultBuildOperationRunner$BuildOperationExecutionListener;)Ljava/lang/Object; (12 bytes) @ 0x000002c5ba88174c [0x000002c5ba8816c0+0x000000000000008c]
J 7220 c1 org.gradle.internal.operations.DefaultBuildOperationRunner.execute(Lorg/gradle/internal/operations/BuildOperationDescriptor$Builder;Lorg/gradle/internal/operations/BuildOperationState;Lorg/gradle/internal/operations/DefaultBuildOperationRunner$BuildOperationExecution;)Ljava/lang/Object; (147 bytes) @ 0x000002c5ba900184 [0x000002c5ba8ff680+0x0000000000000b04]
J 6968 c1 org.gradle.internal.operations.DefaultBuildOperationRunner.execute(Lorg/gradle/internal/operations/BuildOperation;Lorg/gradle/internal/operations/BuildOperationWorker;Lorg/gradle/internal/operations/BuildOperationState;)V (23 bytes) @ 0x000002c5ba878494 [0x000002c5ba8781e0+0x00000000000002b4]
j  org.gradle.internal.operations.DefaultBuildOperationRunner.run(Lorg/gradle/internal/operations/RunnableBuildOperation;)V+9
j  org.gradle.configuration.project.LifecycleProjectEvaluator.evaluate(Lorg/gradle/api/internal/project/ProjectInternal;Lorg/gradle/api/internal/project/ProjectStateInternal;)V+42
j  org.gradle.api.internal.project.DefaultProject.evaluateUnchecked()Lorg/gradle/api/internal/project/ProjectInternal;+20
j  org.gradle.api.internal.project.ProjectLifecycleController.lambda$ensureSelfConfigured$2()V+4
j  org.gradle.api.internal.project.ProjectLifecycleController$$Lambda+0x000002c5cf647718.run()V+4
j  org.gradle.internal.model.StateTransitionController.lambda$doTransition$14(Ljava/lang/Runnable;)Lorg/gradle/internal/build/ExecutionResult;+1
j  org.gradle.internal.model.StateTransitionController$$Lambda+0x000002c5cf416180.get()Ljava/lang/Object;+4
j  org.gradle.internal.model.StateTransitionController.doTransition(Lorg/gradle/internal/model/StateTransitionController$State;Lorg/gradle/internal/model/StateTransitionController$State;Ljava/util/function/Supplier;)Lorg/gradle/internal/build/ExecutionResult;+24
j  org.gradle.internal.model.StateTransitionController.doTransition(Lorg/gradle/internal/model/StateTransitionController$State;Lorg/gradle/internal/model/StateTransitionController$State;Ljava/lang/Runnable;)V+9
j  org.gradle.internal.model.StateTransitionController.lambda$maybeTransitionIfNotCurrentlyTransitioning$10(Lorg/gradle/internal/model/StateTransitionController$State;Lorg/gradle/internal/model/StateTransitionController$State;Ljava/lang/Runnable;)V+16
j  org.gradle.internal.model.StateTransitionController$$Lambda+0x000002c5cf647940.run()V+16
j  org.gradle.internal.work.DefaultSynchronizer.withLock(Ljava/lang/Runnable;)V+6
j  org.gradle.internal.model.StateTransitionController.maybeTransitionIfNotCurrentlyTransitioning(Lorg/gradle/internal/model/StateTransitionController$State;Lorg/gradle/internal/model/StateTransitionController$State;Ljava/lang/Runnable;)V+13
j  org.gradle.api.internal.project.ProjectLifecycleController.ensureSelfConfigured()V+16
j  org.gradle.api.internal.project.DefaultProjectStateRegistry$ProjectStateImpl.ensureConfigured()V+19
j  org.gradle.execution.TaskPathProjectEvaluator.configure(Lorg/gradle/api/internal/project/ProjectInternal;)V+6
j  org.gradle.execution.TaskPathProjectEvaluator.configureHierarchy(Lorg/gradle/api/internal/project/ProjectInternal;)V+41
j  org.gradle.configuration.DefaultProjectsPreparer.prepareProjects(Lorg/gradle/api/internal/GradleInternal;)V+52
j  org.gradle.configuration.BuildTreePreparingProjectsPreparer.prepareProjects(Lorg/gradle/api/internal/GradleInternal;)V+114
j  org.gradle.configuration.BuildOperationFiringProjectsPreparer$ConfigureBuild.run(Lorg/gradle/internal/operations/BuildOperationContext;)V+11
j  org.gradle.internal.operations.DefaultBuildOperationRunner$1.execute(Lorg/gradle/internal/operations/RunnableBuildOperation;Lorg/gradle/internal/operations/BuildOperationContext;)V+2
j  org.gradle.internal.operations.DefaultBuildOperationRunner$1.execute(Lorg/gradle/internal/operations/BuildOperation;Lorg/gradle/internal/operations/BuildOperationContext;)V+6
j  org.gradle.internal.operations.DefaultBuildOperationRunner$2.execute(Lorg/gradle/internal/operations/BuildOperationDescriptor;Lorg/gradle/internal/operations/BuildOperationState;Lorg/gradle/internal/operations/BuildOperationState;Lorg/gradle/internal/operations/DefaultBuildOperationRunner$ReadableBuildOperationContext;Lorg/gradle/internal/operations/DefaultBuildOperationRunner$BuildOperationExecutionListener;)Lorg/gradle/internal/operations/BuildOperation;+22
j  org.gradle.internal.operations.DefaultBuildOperationRunner$2.execute(Lorg/gradle/internal/operations/BuildOperationDescriptor;Lorg/gradle/internal/operations/BuildOperationState;Lorg/gradle/internal/operations/BuildOperationState;Lorg/gradle/internal/operations/DefaultBuildOperationRunner$ReadableBuildOperationContext;Lorg/gradle/internal/operations/DefaultBuildOperationRunner$BuildOperationExecutionListener;)Ljava/lang/Object;+8
j  org.gradle.internal.operations.DefaultBuildOperationRunner.execute(Lorg/gradle/internal/operations/BuildOperationDescriptor$Builder;Lorg/gradle/internal/operations/BuildOperationState;Lorg/gradle/internal/operations/DefaultBuildOperationRunner$BuildOperationExecution;)Ljava/lang/Object;+141
j  org.gradle.internal.operations.DefaultBuildOperationRunner.execute(Lorg/gradle/internal/operations/BuildOperation;Lorg/gradle/internal/operations/BuildOperationWorker;Lorg/gradle/internal/operations/BuildOperationState;)V+18
j  org.gradle.internal.operations.DefaultBuildOperationRunner.run(Lorg/gradle/internal/operations/RunnableBuildOperation;)V+9
j  org.gradle.configuration.BuildOperationFiringProjectsPreparer.prepareProjects(Lorg/gradle/api/internal/GradleInternal;)V+13
j  org.gradle.initialization.VintageBuildModelController.lambda$prepareProjects$2()V+8
j  org.gradle.initialization.VintageBuildModelController$$Lambda+0x000002c5cf611938.run()V+4
j  org.gradle.internal.model.StateTransitionController.lambda$doTransition$14(Ljava/lang/Runnable;)Lorg/gradle/internal/build/ExecutionResult;+1
j  org.gradle.internal.model.StateTransitionController$$Lambda+0x000002c5cf416180.get()Ljava/lang/Object;+4
j  org.gradle.internal.model.StateTransitionController.doTransition(Lorg/gradle/internal/model/StateTransitionController$State;Lorg/gradle/internal/model/StateTransitionController$State;Ljava/util/function/Supplier;)Lorg/gradle/internal/build/ExecutionResult;+24
j  org.gradle.internal.model.StateTransitionController.doTransition(Lorg/gradle/internal/model/StateTransitionController$State;Lorg/gradle/internal/model/StateTransitionController$State;Ljava/lang/Runnable;)V+9
j  org.gradle.internal.model.StateTransitionController.lambda$transitionIfNotPreviously$11(Lorg/gradle/internal/model/StateTransitionController$State;Lorg/gradle/internal/model/StateTransitionController$State;Ljava/lang/Runnable;)V+16
j  org.gradle.internal.model.StateTransitionController$$Lambda+0x000002c5cf415f58.run()V+16
j  org.gradle.internal.work.DefaultSynchronizer.withLock(Ljava/lang/Runnable;)V+6
j  org.gradle.internal.model.StateTransitionController.transitionIfNotPreviously(Lorg/gradle/internal/model/StateTransitionController$State;Lorg/gradle/internal/model/StateTransitionController$State;Ljava/lang/Runnable;)V+13
j  org.gradle.initialization.VintageBuildModelController.prepareProjects()V+16
j  org.gradle.initialization.VintageBuildModelController.getConfiguredModel()Lorg/gradle/api/internal/GradleInternal;+5
j  org.gradle.internal.build.DefaultBuildLifecycleController.lambda$withProjectsConfigured$1(Ljava/util/function/Function;)Ljava/lang/Object;+5
j  org.gradle.internal.build.DefaultBuildLifecycleController$$Lambda+0x000002c5cf4158e0.get()Ljava/lang/Object;+8
j  org.gradle.internal.model.StateTransitionController.lambda$notInState$3(Lorg/gradle/internal/model/StateTransitionController$State;Ljava/util/function/Supplier;)Ljava/lang/Object;+11
j  org.gradle.internal.model.StateTransitionController$$Lambda+0x000002c5cf415b08.create()Ljava/lang/Object;+12
j  org.gradle.internal.work.DefaultSynchronizer.withLock(Lorg/gradle/internal/Factory;)Ljava/lang/Object;+6
j  org.gradle.internal.model.StateTransitionController.notInState(Lorg/gradle/internal/model/StateTransitionController$State;Ljava/util/function/Supplier;)Ljava/lang/Object;+12
j  org.gradle.internal.build.DefaultBuildLifecycleController.withProjectsConfigured(Ljava/util/function/Function;)Ljava/lang/Object;+14
j  org.gradle.internal.build.DefaultBuildToolingModelController.locateBuilderForTarget(Ljava/lang/String;Z)Lorg/gradle/tooling/provider/model/internal/ToolingModelScope;+38
j  org.gradle.internal.buildtree.DefaultBuildTreeModelCreator$DefaultBuildTreeModelController.lambda$locateBuilderForBuildTarget$0(Ljava/lang/String;ZLorg/gradle/internal/build/BuildToolingModelController;)Lorg/gradle/tooling/provider/model/internal/ToolingModelScope;+3
j  org.gradle.internal.buildtree.DefaultBuildTreeModelCreator$DefaultBuildTreeModelController$$Lambda+0x000002c5cf3f3020.apply(Ljava/lang/Object;)Ljava/lang/Object;+12
j  org.gradle.internal.build.DefaultBuildLifecycleController.withToolingModels(Ljava/util/function/Function;)Ljava/lang/Object;+15
j  org.gradle.internal.build.AbstractBuildState.withToolingModels(Ljava/util/function/Function;)Ljava/lang/Object;+5
j  org.gradle.internal.buildtree.DefaultBuildTreeModelCreator$DefaultBuildTreeModelController.locateBuilderForBuildTarget(Lorg/gradle/internal/build/BuildState;Ljava/lang/String;Z)Lorg/gradle/tooling/provider/model/internal/ToolingModelScope;+8
j  org.gradle.internal.buildtree.DefaultBuildTreeModelCreator$DefaultBuildTreeModelController.locateBuilderForDefaultTarget(Ljava/lang/String;Z)Lorg/gradle/tooling/provider/model/internal/ToolingModelScope;+10
j  org.gradle.internal.buildtree.DefaultBuildTreeModelCreator$DefaultBuildTreeModelController.locateBuilderForTarget(Lorg/gradle/internal/buildtree/BuildTreeModelTarget;Ljava/lang/String;Z)Lorg/gradle/tooling/provider/model/internal/ToolingModelScope;+10
j  org.gradle.internal.buildtree.DefaultBuildTreeModelCreator$DefaultBuildTreeModelController.access$200(Lorg/gradle/internal/buildtree/DefaultBuildTreeModelCreator$DefaultBuildTreeModelController;Lorg/gradle/internal/buildtree/BuildTreeModelTarget;Ljava/lang/String;Z)Lorg/gradle/tooling/provider/model/internal/ToolingModelScope;+4
j  org.gradle.internal.buildtree.DefaultBuildTreeModelCreator$DefaultBuildTreeModelController$1.call(Lorg/gradle/internal/operations/BuildOperationContext;)Ljava/lang/Object;+24
j  org.gradle.internal.operations.DefaultBuildOperationRunner$CallableBuildOperationWorker.execute(Lorg/gradle/internal/operations/CallableBuildOperation;Lorg/gradle/internal/operations/BuildOperationContext;)V+3
j  org.gradle.internal.operations.DefaultBuildOperationRunner$CallableBuildOperationWorker.execute(Lorg/gradle/internal/operations/BuildOperation;Lorg/gradle/internal/operations/BuildOperationContext;)V+6
j  org.gradle.internal.operations.DefaultBuildOperationRunner$2.execute(Lorg/gradle/internal/operations/BuildOperationDescriptor;Lorg/gradle/internal/operations/BuildOperationState;Lorg/gradle/internal/operations/BuildOperationState;Lorg/gradle/internal/operations/DefaultBuildOperationRunner$ReadableBuildOperationContext;Lorg/gradle/internal/operations/DefaultBuildOperationRunner$BuildOperationExecutionListener;)Lorg/gradle/internal/operations/BuildOperation;+22
j  org.gradle.internal.operations.DefaultBuildOperationRunner$2.execute(Lorg/gradle/internal/operations/BuildOperationDescriptor;Lorg/gradle/internal/operations/BuildOperationState;Lorg/gradle/internal/operations/BuildOperationState;Lorg/gradle/internal/operations/DefaultBuildOperationRunner$ReadableBuildOperationContext;Lorg/gradle/internal/operations/DefaultBuildOperationRunner$BuildOperationExecutionListener;)Ljava/lang/Object;+8
j  org.gradle.internal.operations.DefaultBuildOperationRunner.execute(Lorg/gradle/internal/operations/BuildOperationDescriptor$Builder;Lorg/gradle/internal/operations/BuildOperationState;Lorg/gradle/internal/operations/DefaultBuildOperationRunner$BuildOperationExecution;)Ljava/lang/Object;+141
j  org.gradle.internal.operations.DefaultBuildOperationRunner.execute(Lorg/gradle/internal/operations/BuildOperation;Lorg/gradle/internal/operations/BuildOperationWorker;Lorg/gradle/internal/operations/BuildOperationState;)V+18
j  org.gradle.internal.operations.DefaultBuildOperationRunner.call(Lorg/gradle/internal/operations/CallableBuildOperation;)Ljava/lang/Object;+16
j  org.gradle.internal.buildtree.DefaultBuildTreeModelCreator$DefaultBuildTreeModelController.getModel(Lorg/gradle/internal/buildtree/BuildTreeModelTarget;Ljava/lang/String;Ljava/lang/Object;)Ljava/lang/Object;+18
j  org.gradle.tooling.internal.provider.runner.BuildModelActionRunner$ModelCreateAction.fromBuildModel(Lorg/gradle/internal/buildtree/BuildTreeModelController;)Ljava/lang/Object;+14
j  org.gradle.internal.buildtree.DefaultBuildTreeModelCreator.fromBuildModel(Lorg/gradle/internal/buildtree/BuildTreeModelAction;)Ljava/lang/Object;+10
j  org.gradle.internal.buildtree.DefaultBuildTreeLifecycleController.lambda$fromBuildModel$2(Lorg/gradle/internal/buildtree/BuildTreeModelAction;Z)Lorg/gradle/internal/build/ExecutionResult;+57
j  org.gradle.internal.buildtree.DefaultBuildTreeLifecycleController$$Lambda+0x000002c5cf3f1ed0.get()Ljava/lang/Object;+12
j  org.gradle.internal.buildtree.DefaultBuildTreeLifecycleController.lambda$runBuild$4(Ljava/util/function/Supplier;)Ljava/lang/Object;+1
j  org.gradle.internal.buildtree.DefaultBuildTreeLifecycleController$$Lambda+0x000002c5cf3f20f8.get()Ljava/lang/Object;+8
j  org.gradle.internal.model.StateTransitionController.lambda$transition$6(Ljava/util/function/Supplier;)Lorg/gradle/internal/build/ExecutionResult;+1
j  org.gradle.internal.model.StateTransitionController$$Lambda+0x000002c5cf3f2548.get()Ljava/lang/Object;+4
j  org.gradle.internal.model.StateTransitionController.doTransition(Lorg/gradle/internal/model/StateTransitionController$State;Lorg/gradle/internal/model/StateTransitionController$State;Ljava/util/function/Supplier;)Lorg/gradle/internal/build/ExecutionResult;+24
j  org.gradle.internal.model.StateTransitionController.lambda$transition$7(Lorg/gradle/internal/model/StateTransitionController$State;Lorg/gradle/internal/model/StateTransitionController$State;Ljava/util/function/Supplier;)Ljava/lang/Object;+9
j  org.gradle.internal.model.StateTransitionController$$Lambda+0x000002c5cf3f2320.create()Ljava/lang/Object;+16
j  org.gradle.internal.work.DefaultSynchronizer.withLock(Lorg/gradle/internal/Factory;)Ljava/lang/Object;+6
j  org.gradle.internal.model.StateTransitionController.transition(Lorg/gradle/internal/model/StateTransitionController$State;Lorg/gradle/internal/model/StateTransitionController$State;Ljava/util/function/Supplier;)Ljava/lang/Object;+13
j  org.gradle.internal.buildtree.DefaultBuildTreeLifecycleController.runBuild(Ljava/util/function/Supplier;)Ljava/lang/Object;+17
j  org.gradle.internal.buildtree.DefaultBuildTreeLifecycleController.fromBuildModel(ZLorg/gradle/internal/buildtree/BuildTreeModelAction;)Ljava/lang/Object;+9
j  org.gradle.tooling.internal.provider.runner.BuildModelActionRunner.run(Lorg/gradle/internal/invocation/BuildAction;Lorg/gradle/internal/buildtree/BuildTreeLifecycleController;)Lorg/gradle/internal/buildtree/BuildActionRunner$Result;+40
j  org.gradle.launcher.exec.ChainingBuildActionRunner.run(Lorg/gradle/internal/invocation/BuildAction;Lorg/gradle/internal/buildtree/BuildTreeLifecycleController;)Lorg/gradle/internal/buildtree/BuildActionRunner$Result;+34
j  org.gradle.internal.buildtree.ProblemReportingBuildActionRunner.run(Lorg/gradle/internal/invocation/BuildAction;Lorg/gradle/internal/buildtree/BuildTreeLifecycleController;)Lorg/gradle/internal/buildtree/BuildActionRunner$Result;+12
j  org.gradle.launcher.exec.BuildOutcomeReportingBuildActionRunner.run(Lorg/gradle/internal/invocation/BuildAction;Lorg/gradle/internal/buildtree/BuildTreeLifecycleController;)Lorg/gradle/internal/buildtree/BuildActionRunner$Result;+69
j  org.gradle.tooling.internal.provider.FileSystemWatchingBuildActionRunner.run(Lorg/gradle/internal/invocation/BuildAction;Lorg/gradle/internal/buildtree/BuildTreeLifecycleController;)Lorg/gradle/internal/buildtree/BuildActionRunner$Result;+317
j  org.gradle.launcher.exec.BuildCompletionNotifyingBuildActionRunner.run(Lorg/gradle/internal/invocation/BuildAction;Lorg/gradle/internal/buildtree/BuildTreeLifecycleController;)Lorg/gradle/internal/buildtree/BuildActionRunner$Result;+6
j  org.gradle.launcher.exec.RootBuildLifecycleBuildActionExecutor.lambda$execute$0(Lorg/gradle/internal/invocation/BuildAction;Lorg/gradle/internal/buildtree/BuildTreeLifecycleController;)Lorg/gradle/internal/buildtree/BuildActionRunner$Result;+6
j  org.gradle.launcher.exec.RootBuildLifecycleBuildActionExecutor$$Lambda+0x000002c5cf3dd9a0.apply(Ljava/lang/Object;)Ljava/lang/Object;+12
j  org.gradle.composite.internal.DefaultRootBuildState.run(Ljava/util/function/Function;)Ljava/lang/Object;+87
j  org.gradle.launcher.exec.RootBuildLifecycleBuildActionExecutor.execute(Lorg/gradle/internal/invocation/BuildAction;Lorg/gradle/internal/buildtree/BuildTreeContext;)Lorg/gradle/internal/buildtree/BuildActionRunner$Result;+75
j  org.gradle.internal.buildtree.InitDeprecationLoggingActionExecutor.execute(Lorg/gradle/internal/invocation/BuildAction;Lorg/gradle/internal/buildtree/BuildTreeContext;)Lorg/gradle/internal/buildtree/BuildActionRunner$Result;+83
j  org.gradle.internal.buildtree.InitProblems.execute(Lorg/gradle/internal/invocation/BuildAction;Lorg/gradle/internal/buildtree/BuildTreeContext;)Lorg/gradle/internal/buildtree/BuildActionRunner$Result;+13
j  org.gradle.internal.buildtree.DefaultBuildTreeContext.execute(Lorg/gradle/internal/invocation/BuildAction;)Lorg/gradle/internal/buildtree/BuildActionRunner$Result;+64
j  org.gradle.launcher.exec.BuildTreeLifecycleBuildActionExecutor.lambda$execute$0(Lorg/gradle/internal/invocation/BuildAction;Lorg/gradle/internal/buildtree/BuildTreeContext;)Lorg/gradle/internal/buildtree/BuildActionRunner$Result;+2
j  org.gradle.launcher.exec.BuildTreeLifecycleBuildActionExecutor$$Lambda+0x000002c5cf2b1c80.apply(Ljava/lang/Object;)Ljava/lang/Object;+8
j  org.gradle.internal.buildtree.BuildTreeState.run(Ljava/util/function/Function;)Ljava/lang/Object;+47
j  org.gradle.launcher.exec.BuildTreeLifecycleBuildActionExecutor.execute(Lorg/gradle/internal/invocation/BuildAction;Lorg/gradle/internal/session/BuildSessionContext;)Lorg/gradle/internal/buildtree/BuildActionRunner$Result;+74
j  org.gradle.launcher.exec.RunAsBuildOperationBuildActionExecutor$2.call(Lorg/gradle/internal/operations/BuildOperationContext;)Lorg/gradle/internal/buildtree/BuildActionRunner$Result;+25
j  org.gradle.launcher.exec.RunAsBuildOperationBuildActionExecutor$2.call(Lorg/gradle/internal/operations/BuildOperationContext;)Ljava/lang/Object;+2
j  org.gradle.internal.operations.DefaultBuildOperationRunner$CallableBuildOperationWorker.execute(Lorg/gradle/internal/operations/CallableBuildOperation;Lorg/gradle/internal/operations/BuildOperationContext;)V+3
j  org.gradle.internal.operations.DefaultBuildOperationRunner$CallableBuildOperationWorker.execute(Lorg/gradle/internal/operations/BuildOperation;Lorg/gradle/internal/operations/BuildOperationContext;)V+6
j  org.gradle.internal.operations.DefaultBuildOperationRunner$2.execute(Lorg/gradle/internal/operations/BuildOperationDescriptor;Lorg/gradle/internal/operations/BuildOperationState;Lorg/gradle/internal/operations/BuildOperationState;Lorg/gradle/internal/operations/DefaultBuildOperationRunner$ReadableBuildOperationContext;Lorg/gradle/internal/operations/DefaultBuildOperationRunner$BuildOperationExecutionListener;)Lorg/gradle/internal/operations/BuildOperation;+22
j  org.gradle.internal.operations.DefaultBuildOperationRunner$2.execute(Lorg/gradle/internal/operations/BuildOperationDescriptor;Lorg/gradle/internal/operations/BuildOperationState;Lorg/gradle/internal/operations/BuildOperationState;Lorg/gradle/internal/operations/DefaultBuildOperationRunner$ReadableBuildOperationContext;Lorg/gradle/internal/operations/DefaultBuildOperationRunner$BuildOperationExecutionListener;)Ljava/lang/Object;+8
j  org.gradle.internal.operations.DefaultBuildOperationRunner.execute(Lorg/gradle/internal/operations/BuildOperationDescriptor$Builder;Lorg/gradle/internal/operations/BuildOperationState;Lorg/gradle/internal/operations/DefaultBuildOperationRunner$BuildOperationExecution;)Ljava/lang/Object;+141
j  org.gradle.internal.operations.DefaultBuildOperationRunner.execute(Lorg/gradle/internal/operations/BuildOperation;Lorg/gradle/internal/operations/BuildOperationWorker;Lorg/gradle/internal/operations/BuildOperationState;)V+18
j  org.gradle.internal.operations.DefaultBuildOperationRunner.call(Lorg/gradle/internal/operations/CallableBuildOperation;)Ljava/lang/Object;+16
j  org.gradle.launcher.exec.RunAsBuildOperationBuildActionExecutor.execute(Lorg/gradle/internal/invocation/BuildAction;Lorg/gradle/internal/session/BuildSessionContext;)Lorg/gradle/internal/buildtree/BuildActionRunner$Result;+23
j  org.gradle.launcher.exec.RunAsWorkerThreadBuildActionExecutor.lambda$execute$0(Lorg/gradle/internal/invocation/BuildAction;Lorg/gradle/internal/session/BuildSessionContext;)Lorg/gradle/internal/buildtree/BuildActionRunner$Result;+6
j  org.gradle.launcher.exec.RunAsWorkerThreadBuildActionExecutor$$Lambda+0x000002c5cf27e600.create()Ljava/lang/Object;+12
j  org.gradle.internal.work.DefaultWorkerLeaseService.withLocks(Ljava/util/Collection;Lorg/gradle/internal/Factory;)Ljava/lang/Object;+28
j  org.gradle.internal.work.DefaultWorkerLeaseService.runAsWorkerThread(Lorg/gradle/internal/Factory;)Ljava/lang/Object;+33
j  org.gradle.launcher.exec.RunAsWorkerThreadBuildActionExecutor.execute(Lorg/gradle/internal/invocation/BuildAction;Lorg/gradle/internal/session/BuildSessionContext;)Lorg/gradle/internal/buildtree/BuildActionRunner$Result;+12
j  org.gradle.tooling.internal.provider.continuous.ContinuousBuildActionExecutor.execute(Lorg/gradle/internal/invocation/BuildAction;Lorg/gradle/internal/session/BuildSessionContext;)Lorg/gradle/internal/buildtree/BuildActionRunner$Result;+58
j  org.gradle.tooling.internal.provider.SubscribableBuildActionExecutor.execute(Lorg/gradle/internal/invocation/BuildAction;Lorg/gradle/internal/session/BuildSessionContext;)Lorg/gradle/internal/buildtree/BuildActionRunner$Result;+30
j  org.gradle.internal.session.DefaultBuildSessionContext.execute(Lorg/gradle/internal/invocation/BuildAction;)Lorg/gradle/internal/buildtree/BuildActionRunner$Result;+64
j  org.gradle.internal.buildprocess.execution.BuildSessionLifecycleBuildActionExecutor$ActionImpl.apply(Lorg/gradle/internal/session/BuildSessionContext;)Lorg/gradle/launcher/exec/BuildActionResult;+6
j  org.gradle.internal.buildprocess.execution.BuildSessionLifecycleBuildActionExecutor$ActionImpl.apply(Ljava/lang/Object;)Ljava/lang/Object;+5
j  org.gradle.internal.session.BuildSessionState.run(Ljava/util/function/Function;)Ljava/lang/Object;+5
j  org.gradle.internal.buildprocess.execution.BuildSessionLifecycleBuildActionExecutor.execute(Lorg/gradle/internal/invocation/BuildAction;Lorg/gradle/launcher/exec/BuildActionParameters;Lorg/gradle/initialization/BuildRequestContext;)Lorg/gradle/launcher/exec/BuildActionResult;+95
j  org.gradle.internal.buildprocess.execution.BuildSessionLifecycleBuildActionExecutor.execute(Lorg/gradle/internal/invocation/BuildAction;Ljava/lang/Object;Ljava/lang/Object;)Lorg/gradle/launcher/exec/BuildActionResult;+10
j  org.gradle.internal.buildprocess.execution.StartParamsValidatingActionExecutor.execute(Lorg/gradle/internal/invocation/BuildAction;Lorg/gradle/launcher/exec/BuildActionParameters;Lorg/gradle/initialization/BuildRequestContext;)Lorg/gradle/launcher/exec/BuildActionResult;+203
j  org.gradle.internal.buildprocess.execution.StartParamsValidatingActionExecutor.execute(Lorg/gradle/internal/invocation/BuildAction;Ljava/lang/Object;Ljava/lang/Object;)Lorg/gradle/launcher/exec/BuildActionResult;+10
j  org.gradle.internal.buildprocess.execution.SessionFailureReportingActionExecutor.execute(Lorg/gradle/internal/invocation/BuildAction;Lorg/gradle/launcher/exec/BuildActionParameters;Lorg/gradle/initialization/BuildRequestContext;)Lorg/gradle/launcher/exec/BuildActionResult;+7
j  org.gradle.internal.buildprocess.execution.SessionFailureReportingActionExecutor.execute(Lorg/gradle/internal/invocation/BuildAction;Ljava/lang/Object;Ljava/lang/Object;)Lorg/gradle/launcher/exec/BuildActionResult;+10
j  org.gradle.internal.buildprocess.execution.SetupLoggingActionExecutor.execute(Lorg/gradle/internal/invocation/BuildAction;Lorg/gradle/launcher/exec/BuildActionParameters;Lorg/gradle/initialization/BuildRequestContext;)Lorg/gradle/launcher/exec/BuildActionResult;+50
j  org.gradle.internal.buildprocess.execution.SetupLoggingActionExecutor.execute(Lorg/gradle/internal/invocation/BuildAction;Ljava/lang/Object;Ljava/lang/Object;)Lorg/gradle/launcher/exec/BuildActionResult;+10
j  org.gradle.launcher.daemon.server.exec.ExecuteBuild.doBuild(Lorg/gradle/launcher/daemon/server/api/DaemonCommandExecution;Lorg/gradle/launcher/daemon/protocol/Build;)V+147
j  org.gradle.launcher.daemon.server.exec.BuildCommandOnly.execute(Lorg/gradle/launcher/daemon/server/api/DaemonCommandExecution;)V+49
j  org.gradle.launcher.daemon.server.api.DaemonCommandExecution.proceed()Z+23
j  org.gradle.launcher.daemon.server.exec.WatchForDisconnection.execute(Lorg/gradle/launcher/daemon/server/api/DaemonCommandExecution;)V+19
j  org.gradle.launcher.daemon.server.api.DaemonCommandExecution.proceed()Z+23
j  org.gradle.launcher.daemon.server.exec.ResetDeprecationLogger.execute(Lorg/gradle/launcher/daemon/server/api/DaemonCommandExecution;)V+7
j  org.gradle.launcher.daemon.server.api.DaemonCommandExecution.proceed()Z+23
j  org.gradle.launcher.daemon.server.exec.RequestStopIfSingleUsedDaemon.execute(Lorg/gradle/launcher/daemon/server/api/DaemonCommandExecution;)V+33
j  org.gradle.launcher.daemon.server.api.DaemonCommandExecution.proceed()Z+23
j  org.gradle.launcher.daemon.server.exec.ForwardClientInput.lambda$execute$0(Lorg/gradle/launcher/daemon/server/api/DaemonCommandExecution;Lorg/gradle/internal/daemon/clientinput/StdinHandler;)Ljava/lang/Object;+11
j  org.gradle.launcher.daemon.server.exec.ForwardClientInput$$Lambda+0x000002c5cf18efe8.apply(Ljava/lang/Object;)Ljava/lang/Object;+8
j  org.gradle.internal.daemon.clientinput.ClientInputForwarder.forwardInput(Ljava/util/function/Function;)Ljava/lang/Object;+46
j  org.gradle.launcher.daemon.server.exec.ForwardClientInput.execute(Lorg/gradle/launcher/daemon/server/api/DaemonCommandExecution;)V+10
j  org.gradle.launcher.daemon.server.api.DaemonCommandExecution.proceed()Z+23
j  org.gradle.launcher.daemon.server.exec.LogAndCheckHealth.execute(Lorg/gradle/launcher/daemon/server/api/DaemonCommandExecution;)V+51
j  org.gradle.launcher.daemon.server.api.DaemonCommandExecution.proceed()Z+23
j  org.gradle.launcher.daemon.server.exec.LogToClient.doBuild(Lorg/gradle/launcher/daemon/server/api/DaemonCommandExecution;Lorg/gradle/launcher/daemon/protocol/Build;)V+87
j  org.gradle.launcher.daemon.server.exec.BuildCommandOnly.execute(Lorg/gradle/launcher/daemon/server/api/DaemonCommandExecution;)V+49
j  org.gradle.launcher.daemon.server.api.DaemonCommandExecution.proceed()Z+23
j  org.gradle.launcher.daemon.server.exec.EstablishBuildEnvironment.doBuild(Lorg/gradle/launcher/daemon/server/api/DaemonCommandExecution;Lorg/gradle/launcher/daemon/protocol/Build;)V+356
j  org.gradle.launcher.daemon.server.exec.BuildCommandOnly.execute(Lorg/gradle/launcher/daemon/server/api/DaemonCommandExecution;)V+49
j  org.gradle.launcher.daemon.server.api.DaemonCommandExecution.proceed()Z+23
j  org.gradle.launcher.daemon.server.exec.StartBuildOrRespondWithBusy$1.run()V+44
j  org.gradle.launcher.daemon.server.DaemonStateCoordinator.lambda$runCommand$0(Ljava/lang/Runnable;)V+1
j  org.gradle.launcher.daemon.server.DaemonStateCoordinator$$Lambda+0x000002c5cf18bb48.run()V+8
j  org.gradle.internal.concurrent.ExecutorPolicy$CatchAndRecordFailures.onExecute(Ljava/lang/Runnable;)V+1
j  org.gradle.internal.concurrent.AbstractManagedExecutor$1.run()V+25
j  java.util.concurrent.ThreadPoolExecutor.runWorker(Ljava/util/concurrent/ThreadPoolExecutor$Worker;)V+92 java.base@21.0.12.1
j  java.util.concurrent.ThreadPoolExecutor$Worker.run()V+5 java.base@21.0.12.1
j  java.lang.Thread.runWith(Ljava/lang/Object;Ljava/lang/Runnable;)V+5 java.base@21.0.12.1
j  java.lang.Thread.run()V+19 java.base@21.0.12.1
v  ~StubRoutines::call_stub 0x000002c5c122100d
--------------------------------------------------------------------------------
Decoding CodeBlob, name: handle_exception_from_callee Runtime1 stub, at  [0x000002c5c1332700, 0x000002c5c1332798]  152 bytes
[MachCode]
  0x000002c5c1332700: 5548 8bec | 4883 ec20 | 4989 8700 | 0500 0049 | 8997 0805 | 0000 4889 | 5508 498b | cfc5 f877 
  0x000002c5c1332720: 4989 afb0 | 0300 0049 | ba1d 2733 | c1c5 0200 | 004d 8997 | a803 0000 | 4989 a7a0 | 0300 0048 
  0x000002c5c1332740: 83e4 f048 | b8d0 8286 | 36fb 7f00 | 00ff d049 | c787 a003 | 0000 0000 | 0000 49c7 | 87b0 0300 
  0x000002c5c1332760: 0000 0000 | 0049 c787 | a803 0000 | 0000 0000 | c5f8 7749 | 837f 0800 | 0f84 0900 | 0000 498b 
  0x000002c5c1332780: 4708 e979 | d5ff ff48 | 8945 08c9 | 59ff e1c9 | c30f 1f80 | 0000 0000 
[/MachCode]
--------------------------------------------------------------------------------


Compiled method (c1) 159805 8932   !   3       java.util.zip.InflaterInputStream::read (129 bytes)
 total in heap  [0x000002c5ba536e90,0x000002c5ba538470] = 5600
 relocation     [0x000002c5ba536ff0,0x000002c5ba537150] = 352
 main code      [0x000002c5ba537160,0x000002c5ba537dd8] = 3192
 stub code      [0x000002c5ba537dd8,0x000002c5ba537e90] = 184
 metadata       [0x000002c5ba537e90,0x000002c5ba537ec8] = 56
 scopes data    [0x000002c5ba537ec8,0x000002c5ba538090] = 456
 scopes pcs     [0x000002c5ba538090,0x000002c5ba5382f0] = 608
 dependencies   [0x000002c5ba5382f0,0x000002c5ba5382f8] = 8
 handler table  [0x000002c5ba5382f8,0x000002c5ba538418] = 288
 nul chk table  [0x000002c5ba538418,0x000002c5ba538470] = 88

[Constant Pool (empty)]

[MachCode]
[Entry Point]
  # {method} {0x000002c5ce31aab0} 'read' '([BII)I' in 'java/util/zip/InflaterInputStream'
  # this:     rdx:rdx   = 'java/util/zip/InflaterInputStream'
  # parm0:    r8:r8     = '[B'
  # parm1:    r9        = int
  # parm2:    rdi       = int
  #           [sp+0xd0]  (sp of caller)
  0x000002c5ba537160: 448b 5208 | 49bb 0000 | 00ce c502 | 0000 4d03 | d34c 3bd0 

  0x000002c5ba537174: ;   {runtime_call ic_miss_stub}
  0x000002c5ba537174: 0f85 0676 | d306 660f | 1f44 0000 
[Verified Entry Point]
  0x000002c5ba537180: 8984 2400 | 80ff ff55 | 4881 ecc0 | 0000 0090 | 4181 7f20 | 0d00 0000 

  0x000002c5ba537198: ;   {runtime_call StubRoutines (final stubs)}
  0x000002c5ba537198: 7405 e801 | f3d1 0648 | 8954 2478 | 4c89 8424 | 8000 0000 | 4489 8c24 | 8800 0000 | 89bc 248c 
  0x000002c5ba5371b8: ;   {metadata(method data for {method} {0x000002c5ce31aab0} 'read' '([BII)I' in 'java/util/zip/InflaterInputStream')}
  0x000002c5ba5371b8: 0000 0048 | b890 6408 | 0fc6 0200 | 008b b0cc | 0000 0083 | c602 89b0 | cc00 0000 | 81e6 fe07 
  0x000002c5ba5371d8: 0000 85f6 | 0f84 7f09 | 0000 488b 

  0x000002c5ba5371e4: ;   {metadata(method data for {method} {0x000002c5ce31aab0} 'read' '([BII)I' in 'java/util/zip/InflaterInputStream')}
  0x000002c5ba5371e4: c248 be90 | 6408 0fc6 | 0200 0048 | 8386 1001 

  0x000002c5ba5371f4: ;   {metadata(method data for {method} {0x000002c5ce31ae78} 'ensureOpen' '()V' in 'java/util/zip/InflaterInputStream')}
  0x000002c5ba5371f4: 0000 0148 | b800 6908 | 0fc6 0200 | 008b b0cc | 0000 0083 | c602 89b0 | cc00 0000 | 81e6 feff 
  0x000002c5ba537214: 1f00 85f6 | 0f84 6409 | 0000 0fbe | 4214 85c0 

  0x000002c5ba537224: ;   {metadata(method data for {method} {0x000002c5ce31ae78} 'ensureOpen' '()V' in 'java/util/zip/InflaterInputStream')}
  0x000002c5ba537224: 48b8 0069 | 080f c602 | 0000 48c7 | c620 0100 | 0075 0748 | c7c6 1001 | 0000 488b | 1c30 488d 
  0x000002c5ba537244: 5b01 4889 | 1c30 0f85 | 6906 0000 

  0x000002c5ba537250: ;   {metadata(method data for {method} {0x000002c5ce31aab0} 'read' '([BII)I' in 'java/util/zip/InflaterInputStream')}
  0x000002c5ba537250: 4d85 c048 | b890 6408 | 0fc6 0200 | 0048 c7c6 | 5801 0000 | 7407 48c7 | c648 0100 | 0048 8b1c 
  0x000002c5ba537270: 3048 8d5b | 0148 891c | 300f 849d | 0500 0041 

  0x000002c5ba537280: ;   {metadata(method data for {method} {0x000002c5ce31aab0} 'read' '([BII)I' in 'java/util/zip/InflaterInputStream')}
  0x000002c5ba537280: 8b70 0c48 | b890 6408 | 0fc6 0200 | 0048 8380 | 7801 0000 

  0x000002c5ba537294: ;   {metadata(method data for {method} {0x000002c5ce055760} 'checkFromIndexSize' '(III)I' in 'java/util/Objects')}
  0x000002c5ba537294: 0148 b840 | 2a08 0fc6 | 0200 008b | 98cc 0000 | 0083 c302 | 8998 cc00 | 0000 81e3 | feff 1f00 
  0x000002c5ba5372b4: 85db 0f84 | ec08 0000 

  0x000002c5ba5372bc: ;   {metadata(method data for {method} {0x000002c5ce055760} 'checkFromIndexSize' '(III)I' in 'java/util/Objects')}
  0x000002c5ba5372bc: 48b8 402a | 080f c602 | 0000 4883 | 8010 0100 

  0x000002c5ba5372cc: ;   {metadata(method data for {method} {0x000002c5ce40fd40} 'checkFromIndexSize' '(IIILjava/util/function/BiFunction;)I' in 'jdk/internal/util/Preconditions')}
  0x000002c5ba5372cc: 0001 48b8 | 683a 060f | c602 0000 | 8b98 cc00 | 0000 83c3 | 0289 98cc | 0000 0081 | e3fe ff1f 
  0x000002c5ba5372ec: 0085 db0f | 84d4 0800 | 0048 8bc6 | 490b c148 | 0bc7 85c0 

  0x000002c5ba537300: ;   {metadata(method data for {method} {0x000002c5ce40fd40} 'checkFromIndexSize' '(IIILjava/util/function/BiFunction;)I' in 'jdk/internal/util/Preconditions')}
  0x000002c5ba537300: 48b8 683a | 060f c602 | 0000 48c7 | c310 0100 | 007c 0748 | c7c3 2001 | 0000 488b | 0c18 488d 
  0x000002c5ba537320: 4901 4889 | 0c18 0f8c | a504 0000 | 488b c641 | 2bc1 3bf8 

  0x000002c5ba537334: ;   {metadata(method data for {method} {0x000002c5ce40fd40} 'checkFromIndexSize' '(IIILjava/util/function/BiFunction;)I' in 'jdk/internal/util/Preconditions')}
  0x000002c5ba537334: 48b8 683a | 060f c602 | 0000 48c7 | c340 0100 | 007f 0748 | c7c3 3001 | 0000 488b | 0c18 488d 
  0x000002c5ba537354: 4901 4889 | 0c18 0f8f | 7104 0000 

  0x000002c5ba537360: ;   {metadata(method data for {method} {0x000002c5ce31aab0} 'read' '([BII)I' in 'java/util/zip/InflaterInputStream')}
  0x000002c5ba537360: 85ff 48b8 | 9064 080f | c602 0000 | 48c7 c698 | 0100 0074 | 0748 c7c6 | 8801 0000 | 488b 1c30 
  0x000002c5ba537380: 488d 5b01 | 4889 1c30 | 0f84 2804 | 0000 6690 | 8b72 1848 | 3b06 488b 

  0x000002c5ba537398: ;   {metadata(method data for {method} {0x000002c5ce31aab0} 'read' '([BII)I' in 'java/util/zip/InflaterInputStream')}
  0x000002c5ba537398: c648 bb90 | 6408 0fc6 | 0200 0048 | 8383 c001 

  0x000002c5ba5373a8: ;   {metadata(method data for {method} {0x000002c5ce3591c0} 'finished' '()Z' in 'java/util/zip/Inflater')}
  0x000002c5ba5373a8: 0000 0148 | b870 6a08 | 0fc6 0200 | 008b 98cc | 0000 0083 | c302 8998 | cc00 0000 | 81e3 feff 
  0x000002c5ba5373c8: 1f00 85db | 0f84 1d08 | 0000 8b5e | 3048 8d8c | 24a8 0000 | 0048 8959 | 0848 8b03 | 4883 c801 
  0x000002c5ba5373e8: 4889 01f0 | 480f b10b | 0f84 1200 | 0000 482b | c448 2507 | f0ff ff48 | 8901 0f85 | 0d08 0000 
  0x000002c5ba537408: 49ff 8750 | 0500 000f | be76 2c48 | 8d84 24a8 | 0000 0048 | 8b18 4885 | db0f 840f | 0000 0048 
  0x000002c5ba537428: 8b48 08f0 | 480f b119 | 0f85 f207 | 0000 49ff | 8f50 0500 | 0083 e601 

  0x000002c5ba537440: ;   {metadata(method data for {method} {0x000002c5ce31aab0} 'read' '([BII)I' in 'java/util/zip/InflaterInputStream')}
  0x000002c5ba537440: 85f6 48b8 | 9064 080f | c602 0000 | 48c7 c6e0 | 0100 0075 | 0748 c7c6 | f001 0000 | 488b 1c30 
  0x000002c5ba537460: 488d 5b01 | 4889 1c30 | 0f85 1303 | 0000 8b72 | 1848 3b06 

  0x000002c5ba537474: ;   {metadata(method data for {method} {0x000002c5ce31aab0} 'read' '([BII)I' in 'java/util/zip/InflaterInputStream')}
  0x000002c5ba537474: 488b c648 | bb90 6408 | 0fc6 0200 | 0048 8383 | 1802 0000 

  0x000002c5ba537488: ;   {metadata(method data for {method} {0x000002c5ce3593d0} 'needsDictionary' '()Z' in 'java/util/zip/Inflater')}
  0x000002c5ba537488: 0148 b8b0 | 6b08 0fc6 | 0200 008b | 98cc 0000 | 0083 c302 | 8998 cc00 | 0000 81e3 | feff 1f00 
  0x000002c5ba5374a8: 85db 0f84 | 9307 0000 | 8b5e 3048 | 8d8c 24a8 | 0000 0048 | 8959 0848 | 8b03 4883 | c801 4889 
  0x000002c5ba5374c8: 01f0 480f | b10b 0f84 | 1200 0000 | 482b c448 | 2507 f0ff | ff48 8901 | 0f85 8307 | 0000 49ff 
  0x000002c5ba5374e8: 8750 0500 | 000f be76 | 2e48 8d84 | 24a8 0000 | 0048 8b18 | 4885 db0f | 840f 0000 | 0048 8b48 
  0x000002c5ba537508: 08f0 480f | b119 0f85 | 6807 0000 | 49ff 8f50 | 0500 0083 | e601 85f6 

  0x000002c5ba537520: ;   {metadata(method data for {method} {0x000002c5ce31aab0} 'read' '([BII)I' in 'java/util/zip/InflaterInputStream')}
  0x000002c5ba537520: 48be 9064 | 080f c602 | 0000 48c7 | c348 0200 | 0075 0748 | c7c3 3802 | 0000 488b | 041e 488d 
  0x000002c5ba537540: 4001 4889 | 041e 0f85 | 3502 0000 | 8b72 1848 | 3b06 488b 

  0x000002c5ba537554: ;   {metadata(method data for {method} {0x000002c5ce31aab0} 'read' '([BII)I' in 'java/util/zip/InflaterInputStream')}
  0x000002c5ba537554: de48 b890 | 6408 0fc6 | 0200 0048 | 8380 7002 | 0000 0148 | 8bd6 0f1f 

  0x000002c5ba53756c: ;   {optimized virtual_call}
  0x000002c5ba53756c: 4400 00e8 

  0x000002c5ba537570: ; ImmutableOopMap {[120]=Oop [128]=Oop }
                      ;*invokevirtual needsInput {reexecute=0 rethrow=0 return_oop=0}
                      ; - java.util.zip.InflaterInputStream::read@61
  0x000002c5ba537570: cc95 6c07 

  0x000002c5ba537574: ;   {other}
  0x000002c5ba537574: 0f1f 8400 | e406 0000 

  0x000002c5ba53757c: ;   {metadata(method data for {method} {0x000002c5ce31aab0} 'read' '([BII)I' in 'java/util/zip/InflaterInputStream')}
  0x000002c5ba53757c: 85c0 48ba | 9064 080f | c602 0000 | 48c7 c690 | 0200 0074 | 0748 c7c6 | a002 0000 | 488b 3c32 
  0x000002c5ba53759c: 488d 7f01 | 4889 3c32 | 488b 5424 | 780f 840a | 0100 008b | 7218 483b | 0648 8bfe 

  0x000002c5ba5375b8: ;   {metadata(method data for {method} {0x000002c5ce31aab0} 'read' '([BII)I' in 'java/util/zip/InflaterInputStream')}
  0x000002c5ba5375b8: 48bb 9064 | 080f c602 | 0000 4883 | 83c8 0200 | 0001 0fbe | 762d 83e6 

  0x000002c5ba5375d0: ;   {metadata(method data for {method} {0x000002c5ce31aab0} 'read' '([BII)I' in 'java/util/zip/InflaterInputStream')}
  0x000002c5ba5375d0: 0185 f648 | be90 6408 | 0fc6 0200 | 0048 c7c7 | e802 0000 | 7507 48c7 | c7f8 0200 | 0048 8b1c 
  0x000002c5ba5375f0: 3e48 8d5b | 0148 891c | 3e0f 85ba | 0000 0048 

  0x000002c5ba537600: ;   {metadata(method data for {method} {0x000002c5ce31aab0} 'read' '([BII)I' in 'java/util/zip/InflaterInputStream')}
  0x000002c5ba537600: 8bf2 48bf | 9064 080f | c602 0000 | 8b76 0849 | ba00 0000 | cec5 0200 | 0049 03f2 | 483b b718 
  0x000002c5ba537620: 0300 0075 | 0d48 8387 | 2003 0000 | 01e9 6000 | 0000 483b | b728 0300 | 0075 0d48 | 8387 3003 
  0x000002c5ba537640: 0000 01e9 | 4a00 0000 | 4883 bf18 | 0300 0000 | 7517 4889 | b718 0300 | 0048 c787 | 2003 0000 
  0x000002c5ba537660: 0100 0000 | e929 0000 | 0048 83bf | 2803 0000 | 0075 1748 | 89b7 2803 | 0000 48c7 | 8730 0300 
  0x000002c5ba537680: 0001 0000 | 00e9 0800 | 0000 4883 | 8708 0300 | 0001 488b | f248 8bd6 | 0f1f 4400 | 0048 b8c0 
  0x000002c5ba5376a0: a431 cec5 

  0x000002c5ba5376a4: ;   {virtual_call}
  0x000002c5ba5376a4: 0200 00e8 

  0x000002c5ba5376a8: ; ImmutableOopMap {[120]=Oop [128]=Oop }
                      ;*invokevirtual fill {reexecute=0 rethrow=0 return_oop=0}
                      ; - java.util.zip.InflaterInputStream::read@78
  0x000002c5ba5376a8: d425 94ff 

  0x000002c5ba5376ac: ;   {other}
  0x000002c5ba5376ac: 0f1f 8400 | 1c08 0001 | 488b 5424 | 788b 7218 

  0x000002c5ba5376bc: ; implicit exception: dispatches to 0x000002c5ba537c9c
  0x000002c5ba5376bc: 483b 064c 

  0x000002c5ba5376c0: ;   {metadata(method data for {method} {0x000002c5ce31aab0} 'read' '([BII)I' in 'java/util/zip/InflaterInputStream')}
  0x000002c5ba5376c0: 8bc6 49b9 | 9064 080f | c602 0000 | 4983 8158 | 0300 0001 | 4c8b 8424 | 8000 0000 | 448b 8c24 
  0x000002c5ba5376e0: 8800 0000 | 8bbc 248c | 0000 0048 

  0x000002c5ba5376ec: ;   {optimized virtual_call}
  0x000002c5ba5376ec: 8bd6 90e8 

  0x000002c5ba5376f0: ; ImmutableOopMap {[120]=Oop [128]=Oop }
                      ;*invokevirtual inflate {reexecute=0 rethrow=0 return_oop=0}
                      ; - java.util.zip.InflaterInputStream::read@88
  0x000002c5ba5376f0: 8c64 3d07 

  0x000002c5ba5376f4: ;   {other}
  0x000002c5ba5376f4: 0f1f 8400 | 6408 0002 | 85c0 ba02 | 0000 0074 | 05ba 0000 

  0x000002c5ba537708: ;   {metadata(method data for {method} {0x000002c5ce31aab0} 'read' '([BII)I' in 'java/util/zip/InflaterInputStream')}
  0x000002c5ba537708: 0000 49b8 | 9064 080f | c602 0000 | 458b 88d0 | 0000 0044 | 03ca 4589 | 88d0 0000 | 0085 d275 
  0x000002c5ba537728: 0641 b902 | 0000 0041 | 81e1 fe3f | 0000 4585 | c90f 8462 | 0500 004d | 8b97 5804 

  0x000002c5ba537744: ; ImmutableOopMap {[120]=Oop [128]=Oop }
                      ;*ifeq {reexecute=1 rethrow=0 return_oop=0}
                      ; - (reexecute) java.util.zip.InflaterInputStream::read@94
                      ;   {poll}
  0x000002c5ba537744: 0000 4185 

  0x000002c5ba537748: ;   {metadata(method data for {method} {0x000002c5ce31aab0} 'read' '([BII)I' in 'java/util/zip/InflaterInputStream')}
  0x000002c5ba537748: 0285 c048 | ba90 6408 | 0fc6 0200 | 0049 c7c0 | 8803 0000 | 7507 49c7 | c078 0300 | 004e 8b0c 
  0x000002c5ba537768: 024d 8d49 | 014e 890c | 020f 8529 | 0000 0048 | 8b54 2478 | e90f fcff | ffc6 4215 | 01b8 ffff 
  0x000002c5ba537788: ffff 4881 | c4c0 0000 

  0x000002c5ba537790: ;   {poll_return}
  0x000002c5ba537790: 005d 493b | a750 0400 | 000f 8723 | 0500 00c3 | 4881 c4c0 | 0000 005d 

  0x000002c5ba5377a8: ;   {poll_return}
  0x000002c5ba5377a8: 493b a750 | 0400 000f | 8723 0500 | 00c3 b800 | 0000 0048 | 81c4 c000 

  0x000002c5ba5377c0: ;   {poll_return}
  0x000002c5ba5377c0: 0000 5d49 | 3ba7 5004 | 0000 0f87 | 1e05 0000 

  0x000002c5ba5377d0: ;   {metadata(method data for {method} {0x000002c5ce40fd40} 'checkFromIndexSize' '(IIILjava/util/function/BiFunction;)I' in 'jdk/internal/util/Preconditions')}
  0x000002c5ba5377d0: c349 b868 | 3a06 0fc6 | 0200 0049 | 8380 5001 

  0x000002c5ba5377e0: ;   {oop(nullptr)}
  0x000002c5ba5377e0: 0000 0148 | ba00 0000 | 0000 0000 | 0044 8b84 | 2488 0000 | 0044 8b8c | 248c 0000 | 0048 8bfe 
  0x000002c5ba537800: 0f1f 8000 

  0x000002c5ba537804: ;   {static_call}
  0x000002c5ba537804: 0000 00e8 

  0x000002c5ba537808: ; ImmutableOopMap {[120]=Oop [128]=Oop }
                      ;*invokestatic outOfBoundsCheckFromIndexSize {reexecute=0 rethrow=0 return_oop=0}
                      ; - jdk.internal.util.Preconditions::checkFromIndexSize@19
                      ; - java.util.Objects::checkFromIndexSize@4
                      ; - java.util.zip.InflaterInputStream::read@20
  0x000002c5ba537808: 7478 d306 

  0x000002c5ba53780c: ;   {other}
  0x000002c5ba53780c: 0f1f 8400 | 7c09 0004 

  0x000002c5ba537814: ; implicit exception: dispatches to 0x000002c5ba537d04
  0x000002c5ba537814: 483b 00e9 | ad05 0000 | 0f1f 4000 

  0x000002c5ba537820: ;   {no_reloc}
  0x000002c5ba537820: e9f3 0400 | 0000 0000 | 0000 498b | 87b8 0100 | 0048 8d78 | 3049 3bbf | c801 0000 | 0f87 e004 
  0x000002c5ba537840: 0000 4989 | bfb8 0100 | 0048 c700 | 0100 0000 | 488b ca49 | ba00 0000 | cec5 0200 | 0049 2bca 
  0x000002c5ba537860: 8948 0848 | 33c9 8948 | 0c48 33c9 | 4889 4810 | 4889 4818 | 4889 4820 | 4889 4828 

  0x000002c5ba53787c: ;   {metadata(method data for {method} {0x000002c5ce31aab0} 'read' '([BII)I' in 'java/util/zip/InflaterInputStream')}
  0x000002c5ba53787c: 488b d048 | be90 6408 | 0fc6 0200 | 0048 8386 | 6801 0000 | 0148 8bd0 | 4889 8424 | 9000 0000 
  0x000002c5ba53789c: ;   {optimized virtual_call}
  0x000002c5ba53789c: 6666 90e8 

  0x000002c5ba5378a0: ; ImmutableOopMap {[144]=Oop }
                      ;*invokespecial <init> {reexecute=0 rethrow=0 return_oop=0}
                      ; - java.util.zip.InflaterInputStream::read@12
  0x000002c5ba5378a0: dc71 d306 

  0x000002c5ba5378a4: ;   {other}
  0x000002c5ba5378a4: 0f1f 8400 | 140a 0005 | 488b 8424 | 9000 0000 | e910 0500 | 000f 1f80 | 0000 0000 

  0x000002c5ba5378c0: ;   {no_reloc}
  0x000002c5ba5378c0: e979 0400 | 0000 0000 | 0000 498b | 87b8 0100 | 0048 8d78 | 2849 3bbf | c801 0000 | 0f87 6604 
  0x000002c5ba5378e0: 0000 4989 | bfb8 0100 | 0048 c700 | 0100 0000 | 488b ca49 | ba00 0000 | cec5 0200 | 0049 2bca 
  0x000002c5ba537900: 8948 0848 | 33c9 8948 | 0c48 33c9 | 4889 4810 | 4889 4818 | 4889 4820 

  0x000002c5ba537918: ;   {metadata(method data for {method} {0x000002c5ce31ae78} 'ensureOpen' '()V' in 'java/util/zip/InflaterInputStream')}
  0x000002c5ba537918: 4c8b c048 | ba00 6908 | 0fc6 0200 | 0048 8382 | 3001 0000 

  0x000002c5ba53792c: ;   {oop("Stream closed"{0x00000000c04a8cb0})}
  0x000002c5ba53792c: 0149 b8b0 | 8c4a c000 | 0000 0048 | 8bd0 4889 | 8424 9800 | 0000 0f1f 

  0x000002c5ba537944: ;   {optimized virtual_call}
  0x000002c5ba537944: 4400 00e8 

  0x000002c5ba537948: ; ImmutableOopMap {[120]=Oop [128]=Oop [152]=Oop }
                      ;*invokespecial <init> {reexecute=0 rethrow=0 return_oop=0}
                      ; - java.util.zip.InflaterInputStream::ensureOpen@13
                      ; - java.util.zip.InflaterInputStream::read@1
  0x000002c5ba537948: 3471 d306 

  0x000002c5ba53794c: ;   {other}
  0x000002c5ba53794c: 0f1f 8400 | bc0a 0006 | 488b 8424 | 9800 0000 | e968 0400 | 0049 8b87 | 0005 0000 | 4d33 d24d 
  0x000002c5ba53796c: 8997 0005 | 0000 4d33 | d24d 8997 | 0805 0000 | 488b d048 | 8d84 24a8 | 0000 0048 | 8b30 4885 
  0x000002c5ba53798c: f60f 840f | 0000 0048 | 8b78 08f0 | 480f b137 | 0f85 b303 | 0000 49ff | 8f50 0500 

  0x000002c5ba5379a8: ; ImmutableOopMap {rax=Oop [120]=Oop [128]=Oop }
                      ;*athrow {reexecute=1 rethrow=0 return_oop=0}
                      ; - (reexecute) java.util.zip.Inflater::needsDictionary@18
                      ; - java.util.zip.InflaterInputStream::read@44
  0x000002c5ba5379a8: 0048 8bc2 

  0x000002c5ba5379ac: ;   {section_word}
  0x000002c5ba5379ac: 48ba ac79 | 53ba c502 

  0x000002c5ba5379b4: ;   {runtime_call handle_exception_nofpu Runtime1 stub}
  0x000002c5ba5379b4: 0000 e845 | a7df 0690 | 498b 8700 | 0500 004d | 33d2 4d89 | 9700 0500 | 004d 33d2 | 4d89 9708 
  0x000002c5ba5379d4: 0500 0048 | 8bd0 488d | 8424 a800 | 0000 488b | 3048 85f6 | 0f84 0f00 | 0000 488b | 7808 f048 
  0x000002c5ba5379f4: 0fb1 370f | 856e 0300 | 0049 ff8f | 5005 0000 | 8bbc 248c | 0000 0044 | 8b8c 2488 | 0000 004c 
  0x000002c5ba537a14: 8b84 2480 | 0000 0048 | 8b74 2478 

  0x000002c5ba537a20: ; ImmutableOopMap {r8=Oop rsi=Oop rax=Oop [120]=Oop [128]=Oop }
                      ;*athrow {reexecute=1 rethrow=0 return_oop=0}
                      ; - (reexecute) java.util.zip.Inflater::finished@18
                      ; - java.util.zip.InflaterInputStream::read@34
                      ;   {section_word}
  0x000002c5ba537a20: 488b c248 | ba23 7a53 | bac5 0200 

  0x000002c5ba537a2c: ;   {runtime_call handle_exception_nofpu Runtime1 stub}
  0x000002c5ba537a2c: 00e8 cea6 | df06 9049 | 8b87 0005 | 0000 4d33 | d24d 8997 | 0005 0000 | 4d33 d24d | 8997 0805 
  0x000002c5ba537a4c: 0000 488b | d00f 1f40 | 0048 b8ff | ffff ffff 

  0x000002c5ba537a5c: ;   {virtual_call}
  0x000002c5ba537a5c: ffff ffe8 

  0x000002c5ba537a60: ; ImmutableOopMap {}
                      ;*invokevirtual getMessage {reexecute=0 rethrow=0 return_oop=0}
                      ; - java.util.zip.InflaterInputStream::read@104
  0x000002c5ba537a60: 1c73 d306 

  0x000002c5ba537a64: ;   {other}
  0x000002c5ba537a64: 0f1f 8400 | d40b 0009 | 4c8b c090 

  0x000002c5ba537a70: ;   {no_reloc}
  0x000002c5ba537a70: e91b 0300 | 0000 0000 | 0000 80ba | 3101 0000 | 040f 8518 | 0300 0049 | 8b87 b801 | 0000 488d 
  0x000002c5ba537a90: 7828 493b | bfc8 0100 | 000f 8700 | 0300 0049 | 89bf b801 | 0000 48c7 | 0001 0000 | 0048 8bca 
  0x000002c5ba537ab0: 49ba 0000 | 00ce c502 | 0000 492b | ca89 4808 | 4833 c989 | 480c 4833 | c948 8948 | 1048 8948 
  0x000002c5ba537ad0: 1848 8948 | 204d 85c0 

  0x000002c5ba537ad8: ;   {metadata(method data for {method} {0x000002c5ce31aab0} 'read' '([BII)I' in 'java/util/zip/InflaterInputStream')}
  0x000002c5ba537ad8: 48ba 9064 | 080f c602 | 0000 48c7 | c6d0 0300 | 0074 0748 | c7c6 e003 | 0000 488b | 3c32 488d 
  0x000002c5ba537af8: 7f01 4889 | 3c32 0f84 | 1500 0000 

  0x000002c5ba537b04: ;   {metadata(method data for {method} {0x000002c5ce31aab0} 'read' '([BII)I' in 'java/util/zip/InflaterInputStream')}
  0x000002c5ba537b04: 48ba 9064 | 080f c602 | 0000 ff82 | f003 0000 | e90a 0000 

  0x000002c5ba537b18: ;   {oop("Invalid ZLIB data format"{0x00000000c04f7e28})}
  0x000002c5ba537b18: 0049 b828 | 7e4f c000 | 0000 0048 

  0x000002c5ba537b24: ;   {metadata(method data for {method} {0x000002c5ce31aab0} 'read' '([BII)I' in 'java/util/zip/InflaterInputStream')}
  0x000002c5ba537b24: 8bd0 48be | 9064 080f | c602 0000 | 4883 8608 | 0400 0001 | 488b d048 | 8984 24a0 | 0000 000f 
  0x000002c5ba537b44: ;   {optimized virtual_call}
  0x000002c5ba537b44: 1f40 00e8 

  0x000002c5ba537b48: ; ImmutableOopMap {[160]=Oop }
                      ;*invokespecial <init> {reexecute=0 rethrow=0 return_oop=0}
                      ; - java.util.zip.InflaterInputStream::read@125
  0x000002c5ba537b48: 346f d306 

  0x000002c5ba537b4c: ;   {other}
  0x000002c5ba537b4c: 0f1f 8400 | bc0c 000a | 488b 8424 | a000 0000 | e968 0200 

  0x000002c5ba537b60: ;   {metadata({method} {0x000002c5ce31aab0} 'read' '([BII)I' in 'java/util/zip/InflaterInputStream')}
  0x000002c5ba537b60: 0049 baa8 | aa31 cec5 | 0200 004c | 8954 2408 | 48c7 0424 | ffff ffff 

  0x000002c5ba537b78: ;   {runtime_call counter_overflow Runtime1 stub}
  0x000002c5ba537b78: e883 dedf 

  0x000002c5ba537b7c: ; ImmutableOopMap {rdx=Oop r8=Oop [120]=Oop [128]=Oop }
                      ;*synchronization entry
                      ; - java.util.zip.InflaterInputStream::read@-1
  0x000002c5ba537b7c: 06e9 60f6 

  0x000002c5ba537b80: ;   {metadata({method} {0x000002c5ce31ae78} 'ensureOpen' '()V' in 'java/util/zip/InflaterInputStream')}
  0x000002c5ba537b80: ffff 49ba | 70ae 31ce | c502 0000 | 4c89 5424 | 0848 c704 | 24ff ffff 

  0x000002c5ba537b98: ;   {runtime_call counter_overflow Runtime1 stub}
  0x000002c5ba537b98: ffe8 62de 

  0x000002c5ba537b9c: ; ImmutableOopMap {rdx=Oop r8=Oop [120]=Oop [128]=Oop }
                      ;*synchronization entry
                      ; - java.util.zip.InflaterInputStream::ensureOpen@-1
                      ; - java.util.zip.InflaterInputStream::read@1
  0x000002c5ba537b9c: df06 e97b 

  0x000002c5ba537ba0: ;   {runtime_call throw_null_pointer_exception Runtime1 stub}
  0x000002c5ba537ba0: f6ff ffe8 

  0x000002c5ba537ba4: ; ImmutableOopMap {rdx=Oop r8=Oop [120]=Oop [128]=Oop }
                      ;*arraylength {reexecute=0 rethrow=0 return_oop=0}
                      ; - java.util.zip.InflaterInputStream::read@19
  0x000002c5ba537ba4: 588d df06 

  0x000002c5ba537ba8: ;   {metadata({method} {0x000002c5ce055760} 'checkFromIndexSize' '(III)I' in 'java/util/Objects')}
  0x000002c5ba537ba8: 49ba 5857 | 05ce c502 | 0000 4c89 | 5424 0848 | c704 24ff 

  0x000002c5ba537bbc: ;   {runtime_call counter_overflow Runtime1 stub}
  0x000002c5ba537bbc: ffff ffe8 

  0x000002c5ba537bc0: ; ImmutableOopMap {rdx=Oop r8=Oop [120]=Oop [128]=Oop }
                      ;*synchronization entry
                      ; - java.util.Objects::checkFromIndexSize@-1
                      ; - java.util.zip.InflaterInputStream::read@20
  0x000002c5ba537bc0: 3cde df06 | e9f3 f6ff 

  0x000002c5ba537bc8: ;   {metadata({method} {0x000002c5ce40fd40} 'checkFromIndexSize' '(IIILjava/util/function/BiFunction;)I' in 'jdk/internal/util/Preconditions')}
  0x000002c5ba537bc8: ff49 ba38 | fd40 cec5 | 0200 004c | 8954 2408 | 48c7 0424 | ffff ffff 

  0x000002c5ba537be0: ;   {runtime_call counter_overflow Runtime1 stub}
  0x000002c5ba537be0: e81b dedf 

  0x000002c5ba537be4: ; ImmutableOopMap {rdx=Oop r8=Oop [120]=Oop [128]=Oop }
                      ;*synchronization entry
                      ; - jdk.internal.util.Preconditions::checkFromIndexSize@-1
                      ; - java.util.Objects::checkFromIndexSize@4
                      ; - java.util.zip.InflaterInputStream::read@20
  0x000002c5ba537be4: 06e9 0bf7 

  0x000002c5ba537be8: ;   {runtime_call throw_null_pointer_exception Runtime1 stub}
  0x000002c5ba537be8: ffff e811 

  0x000002c5ba537bec: ; ImmutableOopMap {rdx=Oop rsi=Oop [120]=Oop [128]=Oop }
                      ;*invokevirtual finished {reexecute=0 rethrow=0 return_oop=0}
                      ; - java.util.zip.InflaterInputStream::read@34
                      ;   {metadata({method} {0x000002c5ce3591c0} 'finished' '()Z' in 'java/util/zip/Inflater')}
  0x000002c5ba537bec: 8ddf 0649 | bab8 9135 | cec5 0200 | 004c 8954 | 2408 48c7 | 0424 ffff 

  0x000002c5ba537c04: ;   {runtime_call counter_overflow Runtime1 stub}
  0x000002c5ba537c04: ffff e8f5 

  0x000002c5ba537c08: ; ImmutableOopMap {rdx=Oop rsi=Oop [120]=Oop [128]=Oop }
                      ;*synchronization entry
                      ; - java.util.zip.Inflater::finished@-1
                      ; - java.util.zip.InflaterInputStream::read@34
  0x000002c5ba537c08: dddf 06e9 | c2f7 ffff 

  0x000002c5ba537c10: ;   {runtime_call throw_null_pointer_exception Runtime1 stub}
  0x000002c5ba537c10: e8eb 8cdf 

  0x000002c5ba537c14: ; ImmutableOopMap {rdx=Oop rsi=Oop rbx=Oop [120]=Oop [128]=Oop }
                      ;*monitorenter {reexecute=0 rethrow=0 return_oop=0}
                      ; - java.util.zip.Inflater::finished@6
                      ; - java.util.zip.InflaterInputStream::read@34
  0x000002c5ba537c14: 0648 895c | 2408 4889 

  0x000002c5ba537c1c: ;   {runtime_call monitorenter_nofpu Runtime1 stub}
  0x000002c5ba537c1c: 0c24 e8dd 

  0x000002c5ba537c20: ; ImmutableOopMap {rdx=Oop rsi=Oop rbx=Oop [120]=Oop [128]=Oop [176]=Oop }
                      ;*monitorenter {reexecute=0 rethrow=0 return_oop=0}
                      ; - java.util.zip.Inflater::finished@6
                      ; - java.util.zip.InflaterInputStream::read@34
  0x000002c5ba537c20: bcdf 06e9 | e7f7 ffff | 488d 8424 | a800 0000 | 4889 0424 

  0x000002c5ba537c34: ;   {runtime_call monitorexit_nofpu Runtime1 stub}
  0x000002c5ba537c34: e8c7 c2df | 06e9 fff7 

  0x000002c5ba537c3c: ;   {runtime_call throw_null_pointer_exception Runtime1 stub}
  0x000002c5ba537c3c: ffff e8bd 

  0x000002c5ba537c40: ; ImmutableOopMap {rdx=Oop rsi=Oop [120]=Oop [128]=Oop }
                      ;*invokevirtual needsDictionary {reexecute=0 rethrow=0 return_oop=0}
                      ; - java.util.zip.InflaterInputStream::read@44
                      ;   {metadata({method} {0x000002c5ce3593d0} 'needsDictionary' '()Z' in 'java/util/zip/Inflater')}
  0x000002c5ba537c40: 8cdf 0649 | bac8 9335 | cec5 0200 | 004c 8954 | 2408 48c7 | 0424 ffff 

  0x000002c5ba537c58: ;   {runtime_call counter_overflow Runtime1 stub}
  0x000002c5ba537c58: ffff e8a1 

  0x000002c5ba537c5c: ; ImmutableOopMap {rdx=Oop rsi=Oop [120]=Oop [128]=Oop }
                      ;*synchronization entry
                      ; - java.util.zip.Inflater::needsDictionary@-1
                      ; - java.util.zip.InflaterInputStream::read@44
  0x000002c5ba537c5c: dddf 06e9 | 4cf8 ffff 

  0x000002c5ba537c64: ;   {runtime_call throw_null_pointer_exception Runtime1 stub}
  0x000002c5ba537c64: e897 8cdf 

  0x000002c5ba537c68: ; ImmutableOopMap {rdx=Oop rsi=Oop rbx=Oop [120]=Oop [128]=Oop }
                      ;*monitorenter {reexecute=0 rethrow=0 return_oop=0}
                      ; - java.util.zip.Inflater::needsDictionary@6
                      ; - java.util.zip.InflaterInputStream::read@44
  0x000002c5ba537c68: 0648 895c | 2408 4889 

  0x000002c5ba537c70: ;   {runtime_call monitorenter_nofpu Runtime1 stub}
  0x000002c5ba537c70: 0c24 e889 

  0x000002c5ba537c74: ; ImmutableOopMap {rdx=Oop rsi=Oop rbx=Oop [120]=Oop [128]=Oop [176]=Oop }
                      ;*monitorenter {reexecute=0 rethrow=0 return_oop=0}
                      ; - java.util.zip.Inflater::needsDictionary@6
                      ; - java.util.zip.InflaterInputStream::read@44
  0x000002c5ba537c74: bcdf 06e9 | 71f8 ffff | 488d 8424 | a800 0000 | 4889 0424 

  0x000002c5ba537c88: ;   {runtime_call monitorexit_nofpu Runtime1 stub}
  0x000002c5ba537c88: e873 c2df | 06e9 89f8 

  0x000002c5ba537c90: ;   {runtime_call throw_null_pointer_exception Runtime1 stub}
  0x000002c5ba537c90: ffff e869 

  0x000002c5ba537c94: ; ImmutableOopMap {rdx=Oop rsi=Oop [120]=Oop [128]=Oop }
                      ;*invokevirtual needsInput {reexecute=0 rethrow=0 return_oop=0}
                      ; - java.util.zip.InflaterInputStream::read@61
                      ;   {runtime_call throw_null_pointer_exception Runtime1 stub}
  0x000002c5ba537c94: 8cdf 06e8 

  0x000002c5ba537c98: ; ImmutableOopMap {rdx=Oop rsi=Oop [120]=Oop [128]=Oop }
                      ;*invokevirtual hasPendingOutput {reexecute=0 rethrow=0 return_oop=0}
                      ; - java.util.zip.InflaterInputStream::read@71
  0x000002c5ba537c98: 648c df06 

  0x000002c5ba537c9c: ;   {runtime_call throw_null_pointer_exception Runtime1 stub}
  0x000002c5ba537c9c: e85f 8cdf 

  0x000002c5ba537ca0: ; ImmutableOopMap {rdx=Oop rsi=Oop [120]=Oop [128]=Oop }
                      ;*invokevirtual inflate {reexecute=0 rethrow=0 return_oop=0}
                      ; - java.util.zip.InflaterInputStream::read@88
                      ;   {metadata({method} {0x000002c5ce31aab0} 'read' '([BII)I' in 'java/util/zip/InflaterInputStream')}
  0x000002c5ba537ca0: 0649 baa8 | aa31 cec5 | 0200 004c | 8954 2408 | 48c7 0424 | 5e00 0000 

  0x000002c5ba537cb8: ;   {runtime_call counter_overflow Runtime1 stub}
  0x000002c5ba537cb8: e843 dddf 

  0x000002c5ba537cbc: ; ImmutableOopMap {[120]=Oop [128]=Oop }
                      ;*ifeq {reexecute=1 rethrow=0 return_oop=0}
                      ; - (reexecute) java.util.zip.InflaterInputStream::read@94
  0x000002c5ba537cbc: 06e9 7dfa 

  0x000002c5ba537cc0: ;   {internal_word}
  0x000002c5ba537cc0: ffff 49ba | 9277 53ba | c502 0000 | 4d89 9768 

  0x000002c5ba537cd0: ;   {runtime_call SafepointBlob}
  0x000002c5ba537cd0: 0400 00e9 | a8d7 d306 

  0x000002c5ba537cd8: ;   {internal_word}
  0x000002c5ba537cd8: 49ba a877 | 53ba c502 | 0000 4d89 | 9768 0400 

  0x000002c5ba537ce8: ;   {runtime_call SafepointBlob}
  0x000002c5ba537ce8: 00e9 92d7 

  0x000002c5ba537cec: ;   {internal_word}
  0x000002c5ba537cec: d306 49ba | c377 53ba | c502 0000 | 4d89 9768 

  0x000002c5ba537cfc: ;   {runtime_call SafepointBlob}
  0x000002c5ba537cfc: 0400 00e9 | 7cd7 d306 

  0x000002c5ba537d04: ;   {runtime_call throw_null_pointer_exception Runtime1 stub}
  0x000002c5ba537d04: e8f7 8bdf 

  0x000002c5ba537d08: ; ImmutableOopMap {rax=Oop [120]=Oop [128]=Oop }
                      ;*athrow {reexecute=1 rethrow=0 return_oop=0}
                      ; - (reexecute) jdk.internal.util.Preconditions::checkFromIndexSize@22
                      ; - java.util.Objects::checkFromIndexSize@4
                      ; - java.util.zip.InflaterInputStream::read@20
                      ;   {metadata(nullptr)}
  0x000002c5ba537d08: 0648 ba00 | 0000 0000 | 0000 00b8 | 000f 050a 

  0x000002c5ba537d18: ;   {runtime_call load_klass_patching Runtime1 stub}
  0x000002c5ba537d18: e863 ccdf 

  0x000002c5ba537d1c: ; ImmutableOopMap {}
                      ;*new {reexecute=1 rethrow=0 return_oop=0}
                      ; - (reexecute) java.util.zip.InflaterInputStream::read@8
  0x000002c5ba537d1c: 06e9 fefa | ffff 488b 

  0x000002c5ba537d24: ;   {runtime_call fast_new_instance Runtime1 stub}
  0x000002c5ba537d24: d2e8 d694 

  0x000002c5ba537d28: ; ImmutableOopMap {}
                      ;*new {reexecute=0 rethrow=0 return_oop=0}
                      ; - java.util.zip.InflaterInputStream::read@8
  0x000002c5ba537d28: df06 e94d 

  0x000002c5ba537d2c: ;   {metadata(nullptr)}
  0x000002c5ba537d2c: fbff ff48 | ba00 0000 | 0000 0000 | 00b8 000f 

  0x000002c5ba537d3c: ;   {runtime_call load_klass_patching Runtime1 stub}
  0x000002c5ba537d3c: 050a e83d 

  0x000002c5ba537d40: ; ImmutableOopMap {[120]=Oop [128]=Oop }
                      ;*new {reexecute=1 rethrow=0 return_oop=0}
                      ; - (reexecute) java.util.zip.InflaterInputStream::ensureOpen@7
                      ; - java.util.zip.InflaterInputStream::read@1
  0x000002c5ba537d40: ccdf 06e9 | 78fb ffff 

  0x000002c5ba537d48: ;   {runtime_call fast_new_instance Runtime1 stub}
  0x000002c5ba537d48: 488b d2e8 

  0x000002c5ba537d4c: ; ImmutableOopMap {[120]=Oop [128]=Oop }
                      ;*new {reexecute=0 rethrow=0 return_oop=0}
                      ; - java.util.zip.InflaterInputStream::ensureOpen@7
                      ; - java.util.zip.InflaterInputStream::read@1
  0x000002c5ba537d4c: b094 df06 | e9c3 fbff | ff48 8d84 | 24a8 0000 | 0048 8904 

  0x000002c5ba537d60: ;   {runtime_call monitorexit_nofpu Runtime1 stub}
  0x000002c5ba537d60: 24e8 9ac1 | df06 e93e | fcff ff48 | 8d84 24a8 | 0000 0048 

  0x000002c5ba537d74: ;   {runtime_call monitorexit_nofpu Runtime1 stub}
  0x000002c5ba537d74: 8904 24e8 | 84c1 df06 | e983 fcff 

  0x000002c5ba537d80: ;   {metadata(nullptr)}
  0x000002c5ba537d80: ff48 ba00 | 0000 0000 | 0000 00b8 | 000f 050a 

  0x000002c5ba537d90: ;   {runtime_call load_klass_patching Runtime1 stub}
  0x000002c5ba537d90: e8eb cbdf 

  0x000002c5ba537d94: ; ImmutableOopMap {r8=Oop }
                      ;*new {reexecute=1 rethrow=0 return_oop=0}
                      ; - (reexecute) java.util.zip.InflaterInputStream::read@109
  0x000002c5ba537d94: 06e9 d6fc 

  0x000002c5ba537d98: ;   {runtime_call throw_null_pointer_exception Runtime1 stub}
  0x000002c5ba537d98: ffff e861 

  0x000002c5ba537d9c: ; ImmutableOopMap {r8=Oop }
                      ;*new {reexecute=0 rethrow=0 return_oop=0}
                      ; - java.util.zip.InflaterInputStream::read@109
  0x000002c5ba537d9c: 8bdf 0648 

  0x000002c5ba537da0: ;   {runtime_call fast_new_instance_init_check Runtime1 stub}
  0x000002c5ba537da0: 8bd2 e859 

  0x000002c5ba537da4: ; ImmutableOopMap {r8=Oop }
                      ;*new {reexecute=0 rethrow=0 return_oop=0}
                      ; - java.util.zip.InflaterInputStream::read@109
  0x000002c5ba537da4: 97df 06e9 | 29fd ffff | 498b 8700 | 0500 0049 | c787 0005 | 0000 0000 | 0000 49c7 | 8708 0500 
  0x000002c5ba537dc4: 0000 0000 | 0048 81c4 | c000 0000 

  0x000002c5ba537dd0: ;   {runtime_call unwind_exception Runtime1 stub}
  0x000002c5ba537dd0: 5de9 2a7c | df06 f4f4 
[Stub Code]
  0x000002c5ba537dd8: ;   {no_reloc}
  0x000002c5ba537dd8: 0f1f 4400 

  0x000002c5ba537ddc: ;   {static_stub}
  0x000002c5ba537ddc: 0048 bb00 | 0000 0000 

  0x000002c5ba537de4: ;   {runtime_call nmethod}
  0x000002c5ba537de4: 0000 00e9 | fbff ffff 

  0x000002c5ba537dec: ;   {static_stub}
  0x000002c5ba537dec: 9048 bb00 | 0000 0000 

  0x000002c5ba537df4: ;   {runtime_call nmethod}
  0x000002c5ba537df4: 0000 00e9 | fbff ffff 

  0x000002c5ba537dfc: ;   {static_stub}
  0x000002c5ba537dfc: 9048 bb00 | 0000 0000 

  0x000002c5ba537e04: ;   {runtime_call nmethod}
  0x000002c5ba537e04: 0000 00e9 | fbff ffff 

  0x000002c5ba537e0c: ;   {static_stub}
  0x000002c5ba537e0c: 9048 bb00 | 0000 0000 

  0x000002c5ba537e14: ;   {runtime_call nmethod}
  0x000002c5ba537e14: 0000 00e9 | fbff ffff 

  0x000002c5ba537e1c: ;   {static_stub}
  0x000002c5ba537e1c: 9048 bb00 | 0000 0000 

  0x000002c5ba537e24: ;   {runtime_call nmethod}
  0x000002c5ba537e24: 0000 00e9 | fbff ffff 

  0x000002c5ba537e2c: ;   {static_stub}
  0x000002c5ba537e2c: 48bb 0000 | 0000 0000 

  0x000002c5ba537e34: ;   {runtime_call nmethod}
  0x000002c5ba537e34: 0000 e9fb 

  0x000002c5ba537e38: ;   {static_stub}
  0x000002c5ba537e38: ffff ff48 | bb00 0000 | 0000 0000 

  0x000002c5ba537e44: ;   {runtime_call nmethod}
  0x000002c5ba537e44: 00e9 fbff 

  0x000002c5ba537e48: ;   {static_stub}
  0x000002c5ba537e48: ffff 48bb | 0000 0000 | 0000 0000 

  0x000002c5ba537e54: ;   {runtime_call nmethod}
  0x000002c5ba537e54: e9fb ffff 

  0x000002c5ba537e58: ;   {runtime_call handle_exception_from_callee Runtime1 stub}
  0x000002c5ba537e58: ffe8 a2a8 

  0x000002c5ba537e5c: ;   {external_word}
  0x000002c5ba537e5c: df06 48b9 | 5063 0c37 | fb7f 0000 | 4883 e4f0 

  0x000002c5ba537e6c: ;   {runtime_call}
  0x000002c5ba537e6c: 48b8 c0c9 | ce36 fb7f | 0000 ffd0 

  0x000002c5ba537e78: ;   {section_word}
  0x000002c5ba537e78: f449 ba79 | 7e53 bac5 | 0200 0041 

  0x000002c5ba537e84: ;   {runtime_call DeoptimizationBlob}
  0x000002c5ba537e84: 52e9 96c8 | d306 f4f4 | f4f4 f4f4 
[/MachCode]


Compiled method (c2) 159847 8728       4       org.gradle.internal.io.StreamByteBuffer$StreamByteBufferChunk::readFrom (30 bytes)
 total in heap  [0x000002c5c1bbca90,0x000002c5c1bc09a8] = 16152
 relocation     [0x000002c5c1bbcbf0,0x000002c5c1bbce18] = 552
 main code      [0x000002c5c1bbce20,0x000002c5c1bbf798] = 10616
 stub code      [0x000002c5c1bbf798,0x000002c5c1bbf818] = 128
 oops           [0x000002c5c1bbf818,0x000002c5c1bbf828] = 16
 metadata       [0x000002c5c1bbf828,0x000002c5c1bbf8f0] = 200
 scopes data    [0x000002c5c1bbf8f0,0x000002c5c1bc0260] = 2416
 scopes pcs     [0x000002c5c1bc0260,0x000002c5c1bc0690] = 1072
 dependencies   [0x000002c5c1bc0690,0x000002c5c1bc06a8] = 24
 handler table  [0x000002c5c1bc06a8,0x000002c5c1bc0930] = 648
 nul chk table  [0x000002c5c1bc0930,0x000002c5c1bc09a8] = 120

[Constant Pool (empty)]

[MachCode]
[Entry Point]
  # {method} {0x000002c610cf0900} 'readFrom' '(Ljava/io/InputStream;I)I' in 'org/gradle/internal/io/StreamByteBuffer$StreamByteBufferChunk'
  # this:     rdx:rdx   = 'org/gradle/internal/io/StreamByteBuffer$StreamByteBufferChunk'
  # parm0:    r8:r8     = 'java/io/InputStream'
  # parm1:    r9        = int
  #           [sp+0xb0]  (sp of caller)
  0x000002c5c1bbce20: 448b 5208 | 49bb 0000 | 00ce c502 | 0000 4d03 | d349 3bc2 

  0x000002c5c1bbce34: ;   {runtime_call ic_miss_stub}
  0x000002c5c1bbce34: 0f85 4619 | 6bff 6690 | 0f1f 4000 
[Verified Entry Point]
  0x000002c5c1bbce40: 8984 2400 | 80ff ff55 | 4881 eca0 | 0000 0090 | 4181 7f20 | 0d00 0000 | 0f85 3029 | 0000 4489 
  0x000002c5c1bbce60: 4c24 5048 | 8954 2468 | 448b 5218 | 4489 5424 | 7044 8b4a | 1449 8bd0 

  0x000002c5c1bbce78: ; implicit exception: dispatches to 0x000002c5c1bbf42c
  0x000002c5c1bbce78: 458b 5008 

  0x000002c5c1bbce7c: ;   {metadata('java/io/DataInputStream')}
  0x000002c5c1bbce7c: 4181 fa80 | 0e22 000f | 8510 0500 | 0044 8b5a | 0c4d 8b97 | 8803 0000 | 4d8b 124c | 8954 2478 
  0x000002c5c1bbce9c: ; implicit exception: dispatches to 0x000002c5c1bbf44c
  0x000002c5c1bbce9c: 458b 5308 

  0x000002c5c1bbcea0: ;   {metadata('com/google/common/io/CountingInputStream')}
  0x000002c5c1bbcea0: 4181 fa98 | 1c51 010f | 858b 1500 | 004d 8bd3 | 4c89 9424 | 8000 0000 | 418b 4a0c 

  0x000002c5c1bbcebc: ; implicit exception: dispatches to 0x000002c5c1bbf46c
  0x000002c5c1bbcebc: 448b 5908 

  0x000002c5c1bbcec0: ;   {metadata('org/gradle/cache/internal/btree/ByteInput$ResettableBufferedInputStream')}
  0x000002c5c1bbcec0: 4181 fbd8 | 1951 010f | 858f 1500 | 0045 8bd9 | 440b 5c24 | 5044 8b44 | 2450 4503 | c145 0bd8 
  0x000002c5c1bbcee0: 4c8b d141 | 8b5a 2449 | 8bca 4883 | c128 4889 | 8c24 8800 | 0000 4d63 | e985 db0f | 8554 0200 
  0x000002c5c1bbcf00: 0048 8d9c | 2490 0000 | 0049 8b02 | a802 0f85 | 2300 0000 | 4883 c801 | 4889 03f0 | 490f b11a 
  0x000002c5c1bbcf20: 0f84 3700 | 0000 482b | c448 2507 | f0ff ff48 | 8903 e924 | 0000 0048 | 8bc8 4833 | c0f0 4c0f 
  0x000002c5c1bbcf40: b179 3e48 | c703 0300 | 0000 7411 | 4c3b f875 | 1548 ff81 | 8600 0000 | 4833 c075 | 0949 ff87 
  0x000002c5c1bbcf60: 5005 0000 | 33c0 0f85 | 9015 0000 | 488b 8c24 | 8800 0000 | 8b29 85ed | 0f84 ea17 | 0000 8b4c 
  0x000002c5c1bbcf80: 2470 8b51 | 0c8b ea41 | 2be8 410b | eb85 ed0f | 8cf7 1700 | 0044 8b5c | 2450 4585 | db0f 8405 
  0x000002c5c1bbcfa0: 1800 0041 | 8b5a 1441 | 2b5a 184c | 8bf1 85db | 0f8e 3006 | 0000 413b | db7c 0341 

  0x000002c5c1bbcfbc: ;   {no_reloc}
  0x000002c5c1bbcfbc: 8bdb 4c8b | 8424 8800 | 0000 418b 

  0x000002c5c1bbcfc8: ;   {oop([B{0x00000000c05505b8})}
  0x000002c5c1bbcfc8: 2881 fdb8 | 0555 c00f | 84a9 0e00 | 0085 ed0f | 84f0 1700 | 0048 8bf5 | 418b 6a18 | 85ed 0f8c 
  0x000002c5c1bbcfe8: c115 0000 | 4585 c90f | 8cb8 1500 | 004c 8974 | 2428 4489 | 4c24 4c44 | 8b46 0c8d | 0c2b 443b 
  0x000002c5c1bbd008: c10f 829e | 1500 0046 | 8d04 0b41 | 3bd0 0f82 | 9115 0000 | 85db 0f8c | 8915 0000 | 85db 743d 
  0x000002c5c1bbd028: 8954 2420 | 4d8b f241 | 8bfb 488d | 4c2e 108b | 7424 704a | 8d54 2e10 | 4c63 c3c5 | f877 49ba 
  0x000002c5c1bbd048: a045 25c1 | c502 0000 

  0x000002c5c1bbd050: ;   {other}
  0x000002c5c1bbd050: 41ff d20f | 1f84 0000 | 0000 0044 | 8bdf 4d8b | d68b 5424 | 2041 015a | 1885 db0f | 8e68 0f00 
  0x000002c5c1bbd070: 0041 3bdb | 0f8c 8d08 | 0000 488d | 8424 9000 | 0000 4883 | 3800 0f84 | 7900 0000 | 4d8b 1a41 
  0x000002c5c1bbd090: f6c3 020f | 8462 0000 | 0049 83bb | 8600 0000 | 0074 0949 | ff8b 8600 | 0000 eb4b | 498b 8396 
  0x000002c5c1bbd0b0: 0000 0049 | 0b83 8e00 | 0000 750a | 49c7 433e | 0000 0000 | eb3d 4983 | bb9e 0000 | 0000 7422 
  0x000002c5c1bbd0d0: 4833 c049 | c743 3e00 | 0000 00f0 | 8304 2400 | 4983 bb9e | 0000 0000 | 750d f04d | 0fb1 7b3e 
  0x000002c5c1bbd0f0: 7505 83c8 | 01eb 0ca8 | 00eb 084c | 8b18 f04d | 0fb1 1a75 | 0a49 ff8f | 5005 0000 | 4533 db0f 
  0x000002c5c1bbd110: 856d 1400 | 0083 fbff | 0f84 c213 | 0000 4c63 | d34c 8b9c | 2480 0000 | 004d 0153 | 108b c385 
  0x000002c5c1bbd130: c07e 094c | 8b54 2468 | 4101 4214 | c5f8 7748 | 81c4 a000 

  0x000002c5c1bbd144: ;   {poll_return}
  0x000002c5c1bbd144: 0000 5d49 | 3ba7 5004 | 0000 0f87 | 2426 0000 | c38b 4b0c 

  0x000002c5c1bbd158: ; implicit exception: dispatches to 0x000002c5c1bbf48c
  0x000002c5c1bbd158: 8b49 0c8b 

  0x000002c5c1bbd15c: ;   {metadata('java/util/concurrent/locks/ReentrantLock$NonfairSync')}
  0x000002c5c1bbd15c: 5908 81fb | a0bb 1a00 | 0f85 1613 | 0000 488b | f933 c0b9 | 0100 0000 | f00f b14f | 100f 94c1 
  0x000002c5c1bbd17c: 0fb6 c985 | c90f 844a | 0200 0041 | 807f 4000 | 0f85 d908 | 0000 488b | d748 8b4c | 2478 488b 
  0x000002c5c1bbd19c: d989 5f0c | 4833 ca48 | c1e9 1448 | 85c9 741a | 48c1 ea09 | 48b9 0000 | 36c9 c502 | 0000 4803 
  0x000002c5c1bbd1bc: ca80 3902 | 0f85 5209 | 0000 488b | 8c24 8800 | 0000 8b19 | 85db 0f84 | a114 0000 | 8b74 2470 
  0x000002c5c1bbd1dc: ; implicit exception: dispatches to 0x000002c5c1bbf4d4
  0x000002c5c1bbd1dc: 8b56 0c8b | da41 2bd8 | 410b db85 | db0f 8cad | 1400 0044 | 8b5c 2450 | 4585 db0f | 84bf 1400 
  0x000002c5c1bbd1fc: 0041 8b5a | 1441 2b5a | 1885 db0f | 8ef0 0100 | 0041 3bdb | 7c03 418b | db4c 8b84 | 2488 0000 
  0x000002c5c1bbd21c: 0041 8b28 

  0x000002c5c1bbd220: ;   {oop([B{0x00000000c05505b8})}
  0x000002c5c1bbd220: 81fd b805 | 55c0 0f84 | a809 0000 | 85ed 0f84 | 0415 0000 | 4c8b c544 | 894c 245c | 4889 7424 
  0x000002c5c1bbd240: 2841 8b6a | 1885 ed0f | 8c5b 1200 | 008b 7424 | 5c85 f60f | 8c4f 1200 | 0044 8d0c | 2b41 8b78 
  0x000002c5c1bbd260: 0c41 3bf9 | 0f82 3e12 | 0000 8bcb | 034c 245c | 3bd1 0f82 | 3012 0000 | 85db 0f8c | 2812 0000 
  0x000002c5c1bbd280: 85db 743d | 8954 2420 | 4d8b f241 | 8bfb 498d | 4c28 108b | 7424 704a | 8d54 2e10 | 4c63 c3c5 
  0x000002c5c1bbd2a0: f877 49ba | a045 25c1 | c502 0000 

  0x000002c5c1bbd2ac: ;   {other}
  0x000002c5c1bbd2ac: 41ff d20f | 1f84 0000 | 0000 0044 | 8bdf 4d8b | d68b 5424 | 2041 015a | 1885 db0f | 8e05 0d00 
  0x000002c5c1bbd2cc: 0041 3bdb | 0f8c 9304 | 0000 458b | 5a24 458b | 530c 418b | 7a0c 8b6f | 1044 8b5f | 0c4d 8bd3 
  0x000002c5c1bbd2ec: 4c8b 4424 | 784d 3bd0 | 0f85 de13 | 0000 83fd | 010f 85c6 | 0000 0041 | 807f 4000 | 0f85 8508 
  0x000002c5c1bbd30c: 0000 4489 | 670c 41ba | 0100 0000 | ffcd 896f | 10f0 8344 | 24c0 0045 | 85d2 0f84 | e9fd ffff 
  0x000002c5c1bbd32c: 448b 5714 | 4585 d20f | 84dc fdff | ff41 8b6a | 1485 ed0f | 84d0 fdff | ff44 8b5d | 0c45 85db 
  0x000002c5c1bbd34c: 0f84 c3fd | ffff 895c | 2430 4c8b | d549 8bd2 | 41b8 0100 | 0000 4c89 | 5424 3890 

  0x000002c5c1bbd368: ;   {optimized virtual_call}
  0x000002c5c1bbd368: c5f8 77e8 

  0x000002c5c1bbd36c: ; ImmutableOopMap {rbp=NarrowOop [56]=Oop [104]=Oop [128]=Oop }
                      ;*invokevirtual getAndUnsetStatus {reexecute=0 rethrow=0 return_oop=0}
                      ; - java.util.concurrent.locks.AbstractQueuedSynchronizer::signalNext@22
                      ; - java.util.concurrent.locks.AbstractQueuedSynchronizer::release@12
                      ; - java.util.concurrent.locks.ReentrantLock::unlock@5
                      ; - jdk.internal.misc.InternalLock::unlock@4
                      ; - java.io.BufferedInputStream::read@27
                      ; - com.google.common.io.CountingInputStream::read@7 (line 63)
                      ; - java.io.DataInputStream::read@7
                      ; - org.gradle.internal.io.StreamByteBuffer$StreamByteBufferChunk::readFrom@10 (line 384)
  0x000002c5c1bbd36c: 1017 6bff 

  0x000002c5c1bbd370: ;   {other}
  0x000002c5c1bbd370: 0f1f 8400 | e008 0000 | 448b 5518 | 498b d290 

  0x000002c5c1bbd380: ;   {static_call}
  0x000002c5c1bbd380: c5f8 77e8 

  0x000002c5c1bbd384: ; ImmutableOopMap {[104]=Oop [128]=Oop }
                      ;*invokestatic unpark {reexecute=0 rethrow=0 return_oop=0}
                      ; - java.util.concurrent.locks.AbstractQueuedSynchronizer::signalNext@30
                      ; - java.util.concurrent.locks.AbstractQueuedSynchronizer::release@12
                      ; - java.util.concurrent.locks.ReentrantLock::unlock@5
                      ; - jdk.internal.misc.InternalLock::unlock@4
                      ; - java.io.BufferedInputStream::read@27
                      ; - com.google.common.io.CountingInputStream::read@7 (line 63)
                      ; - java.io.DataInputStream::read@7
                      ; - org.gradle.internal.io.StreamByteBuffer$StreamByteBufferChunk::readFrom@10 (line 384)
  0x000002c5c1bbd384: f81c 6bff 

  0x000002c5c1bbd388: ;   {other}
  0x000002c5c1bbd388: 0f1f 8400 | f808 0001 | 8b5c 2430 | e97c fdff | ff44 8b54 | 2470 4d8b | c28b 7c24 | 5048 8b6c 
  0x000002c5c1bbd3a8: 2468 c5f8 | 7748 b8c0 | a431 cec5 

  0x000002c5c1bbd3b4: ;   {virtual_call}
  0x000002c5c1bbd3b4: 0200 00e8 

  0x000002c5c1bbd3b8: ; ImmutableOopMap {rbp=Oop [104]=Oop }
                      ;*invokevirtual read {reexecute=0 rethrow=0 return_oop=0}
                      ; - org.gradle.internal.io.StreamByteBuffer$StreamByteBufferChunk::readFrom@10 (line 384)
  0x000002c5c1bbd3b8: a49d 97f8 

  0x000002c5c1bbd3bc: ;   {other}
  0x000002c5c1bbd3bc: 0f1f 8400 | 2c09 0002 | e966 fdff | ff45 33d2 | e947 ffff | ff8b 4f0c | 488b 5c24 | 7848 3bcb 
  0x000002c5c1bbd3dc: 0f85 090a | 0000 8b6f | 10ff c585 | ed0f 8c8f | 1900 0089 | 6f10 f083 | 4424 c000 | e9c9 fdff 
  0x000002c5c1bbd3fc: ff48 8974 | 2460 8954 | 2458 4c89 | 6c24 504c | 8954 2440 | 48ff b424 | 8000 0000 | 488f 4424 
  0x000002c5c1bbd41c: 3848 ff74 | 2478 488f | 4424 3044 | 894c 242c | 4889 4424 | f88b 4424 | 7089 4424 | 2848 8b44 
  0x000002c5c1bbd43c: 24f8 418b | eb48 ff74 | 2468 488f | 4424 2049 | 8bd2 4533 | c066 6690 

  0x000002c5c1bbd454: ;   {optimized virtual_call}
  0x000002c5c1bbd454: c5f8 77e8 

  0x000002c5c1bbd458: ; ImmutableOopMap {[32]=Oop [40]=NarrowOop [48]=Oop [56]=Oop [64]=Oop [136]=Derived_oop_[64] [96]=Oop }
                      ;*invokevirtual getBufIfOpen {reexecute=0 rethrow=0 return_oop=1}
                      ; - java.io.BufferedInputStream::read1@18
                      ; - java.io.BufferedInputStream::implRead@48
                      ; - java.io.BufferedInputStream::read@18
                      ; - com.google.common.io.CountingInputStream::read@7 (line 63)
                      ; - java.io.DataInputStream::read@7
                      ; - org.gradle.internal.io.StreamByteBuffer$StreamByteBufferChunk::readFrom@10 (line 384)
  0x000002c5c1bbd458: 2416 6bff 

  0x000002c5c1bbd45c: ;   {other}
  0x000002c5c1bbd45c: 0f1f 8400 | cc09 0003 

  0x000002c5c1bbd464: ; implicit exception: dispatches to 0x000002c5c1bbf564
  0x000002c5c1bbd464: 448b 580c | 4c8b 4c24 | 4045 8b41 | 1045 3bd8 | 450f 4cd8 | 448b c545 | 3bc3 0f8c | ba00 0000 
  0x000002c5c1bbd484: 458b 511c | 4183 faff | 0f85 ac00 | 0000 498b | d166 6690 

  0x000002c5c1bbd498: ;   {optimized virtual_call}
  0x000002c5c1bbd498: c5f8 77e8 

  0x000002c5c1bbd49c: ; ImmutableOopMap {[32]=Oop [40]=NarrowOop [48]=Oop [56]=Oop [64]=Oop [136]=Derived_oop_[64] [96]=Oop }
                      ;*invokevirtual getInIfOpen {reexecute=0 rethrow=0 return_oop=1}
                      ; - java.io.BufferedInputStream::read1@46
                      ; - java.io.BufferedInputStream::implRead@48
                      ; - java.io.BufferedInputStream::read@18
                      ; - com.google.common.io.CountingInputStream::read@7 (line 63)
                      ; - java.io.DataInputStream::read@7
                      ; - org.gradle.internal.io.StreamByteBuffer$StreamByteBufferChunk::readFrom@10 (line 384)
  0x000002c5c1bbd49c: e015 6bff 

  0x000002c5c1bbd4a0: ;   {other}
  0x000002c5c1bbd4a0: 0f1f 8400 | 100a 0004 | 488b d04c | 8b44 2460 | 448b 4c24 | 2c8b fd66 | 6690 c5f8 | 7748 b8ff 
  0x000002c5c1bbd4c0: ffff ffff 

  0x000002c5c1bbd4c4: ;   {virtual_call}
  0x000002c5c1bbd4c4: ffff ffe8 

  0x000002c5c1bbd4c8: ; ImmutableOopMap {[32]=Oop [40]=NarrowOop [48]=Oop [56]=Oop [64]=Oop [136]=Derived_oop_[64] [96]=Oop }
                      ;*invokevirtual read {reexecute=0 rethrow=0 return_oop=0}
                      ; - java.io.BufferedInputStream::read1@52
                      ; - java.io.BufferedInputStream::implRead@48
                      ; - java.io.BufferedInputStream::read@18
                      ; - com.google.common.io.CountingInputStream::read@7 (line 63)
                      ; - java.io.DataInputStream::read@7
                      ; - org.gradle.internal.io.StreamByteBuffer$StreamByteBufferChunk::readFrom@10 (line 384)
  0x000002c5c1bbd4c8: b418 6bff 

  0x000002c5c1bbd4cc: ;   {other}
  0x000002c5c1bbd4cc: 0f1f 8400 | 3c0a 0005 | 85c0 0f8e | 2c17 0000 | 48ff 7424 | 2048 8f44 | 2468 448b | dd48 8944 
  0x000002c5c1bbd4ec: 24f8 8b44 | 2428 8944 | 2470 488b | 4424 f848 | 8944 24f8 | 8b44 242c | 8944 245c | 488b 4424 
  0x000002c5c1bbd50c: f848 ff74 | 2430 488f | 4424 7848 | ff74 2438 | 488f 8424 | 8000 0000 | 4c8b 5424 | 408b 5424 
  0x000002c5c1bbd52c: 588b d848 | ff74 2460 | 488f 4424 | 28e9 8ffd | ffff 498b | d166 6690 

  0x000002c5c1bbd544: ;   {optimized virtual_call}
  0x000002c5c1bbd544: c5f8 77e8 

  0x000002c5c1bbd548: ; ImmutableOopMap {[32]=Oop [40]=NarrowOop [48]=Oop [56]=Oop [64]=Oop [136]=Derived_oop_[64] [96]=Oop }
                      ;*invokevirtual fill {reexecute=0 rethrow=0 return_oop=0}
                      ; - java.io.BufferedInputStream::read1@57
                      ; - java.io.BufferedInputStream::implRead@48
                      ; - java.io.BufferedInputStream::read@18
                      ; - com.google.common.io.CountingInputStream::read@7 (line 63)
                      ; - java.io.DataInputStream::read@7
                      ; - org.gradle.internal.io.StreamByteBuffer$StreamByteBufferChunk::readFrom@10 (line 384)
  0x000002c5c1bbd548: 3415 6bff 

  0x000002c5c1bbd54c: ;   {other}
  0x000002c5c1bbd54c: 0f1f 8400 | bc0a 0006 | 4c8b 5424 | 4041 8b5a | 1441 2b5a | 1885 db7e | 5448 ff74 | 2420 488f 
  0x000002c5c1bbd56c: 4424 6844 | 8bdd 4889 | 4424 f88b | 4424 2889 | 4424 7048 | 8b44 24f8 | 448b 4424 | 2c48 ff74 
  0x000002c5c1bbd58c: 2430 488f | 4424 7848 | ff74 2438 | 488f 8424 | 8000 0000 | 4c8b 6c24 | 508b 5424 | 5848 8b4c 
  0x000002c5c1bbd5ac: 2460 458b | c848 8bf1 | e954 fcff | ffb8 ffff | ffff 48ff | 7424 2048 | 8f44 2468 | 48ff 7424 
  0x000002c5c1bbd5cc: 3048 8f44 | 2478 48ff | 7424 3848 | 8f84 2480 | 0000 008b | d8e9 f0fc | ffff 4c89 | 7424 5089 
  0x000002c5c1bbd5ec: 5424 2c4c | 896c 2448 | 48ff b424 | 8800 0000 | 488f 4424 | 404c 8954 | 2438 48ff | b424 8000 
  0x000002c5c1bbd60c: 0000 488f | 4424 3044 | 894c 2428 | 894c 2424 | 4489 5c24 | 2048 8b6c | 2468 498b | d245 33c0 
  0x000002c5c1bbd62c: ;   {optimized virtual_call}
  0x000002c5c1bbd62c: c5f8 77e8 

  0x000002c5c1bbd630: ; ImmutableOopMap {rbp=Oop [36]=NarrowOop [48]=Oop [56]=Oop [136]=Derived_oop_[56] [64]=Derived_oop_[56] [80]=Oop [128]=Oop }
                      ;*invokevirtual getBufIfOpen {reexecute=0 rethrow=0 return_oop=1}
                      ; - java.io.BufferedInputStream::read1@18
                      ; - java.io.BufferedInputStream::implRead@48
                      ; - java.io.BufferedInputStream::read@54
                      ; - com.google.common.io.CountingInputStream::read@7 (line 63)
                      ; - java.io.DataInputStream::read@7
                      ; - org.gradle.internal.io.StreamByteBuffer$StreamByteBufferChunk::readFrom@10 (line 384)
  0x000002c5c1bbd630: 4c14 6bff 

  0x000002c5c1bbd634: ;   {other}
  0x000002c5c1bbd634: 0f1f 8400 | a40b 0007 

  0x000002c5c1bbd63c: ; implicit exception: dispatches to 0x000002c5c1bbf580
  0x000002c5c1bbd63c: 448b 400c | 4c8b 4c24 | 3845 8b59 | 1045 3bc3 | 450f 4cc3 | 448b 5c24 | 2045 3bd8 | 0f8c 9e00 
  0x000002c5c1bbd65c: 0000 458b | 511c 4183 | faff 0f85 | 9000 0000 | 498b d190 

  0x000002c5c1bbd670: ;   {optimized virtual_call}
  0x000002c5c1bbd670: c5f8 77e8 

  0x000002c5c1bbd674: ; ImmutableOopMap {rbp=Oop [36]=NarrowOop [48]=Oop [56]=Oop [136]=Derived_oop_[56] [64]=Derived_oop_[56] [80]=Oop [128]=Oop }
                      ;*invokevirtual getInIfOpen {reexecute=0 rethrow=0 return_oop=1}
                      ; - java.io.BufferedInputStream::read1@46
                      ; - java.io.BufferedInputStream::implRead@48
                      ; - java.io.BufferedInputStream::read@54
                      ; - com.google.common.io.CountingInputStream::read@7 (line 63)
                      ; - java.io.DataInputStream::read@7
                      ; - org.gradle.internal.io.StreamByteBuffer$StreamByteBufferChunk::readFrom@10 (line 384)
  0x000002c5c1bbd674: 0814 6bff 

  0x000002c5c1bbd678: ;   {other}
  0x000002c5c1bbd678: 0f1f 8400 | e80b 0008 | 488b d04c | 8b44 2450 | 448b 4c24 | 288b 7c24 | 2090 c5f8 | 7748 b8ff 
  0x000002c5c1bbd698: ffff ffff 

  0x000002c5c1bbd69c: ;   {virtual_call}
  0x000002c5c1bbd69c: ffff ffe8 

  0x000002c5c1bbd6a0: ; ImmutableOopMap {rbp=Oop [36]=NarrowOop [48]=Oop [56]=Oop [136]=Derived_oop_[56] [64]=Derived_oop_[56] [80]=Oop [128]=Oop }
                      ;*invokevirtual read {reexecute=0 rethrow=0 return_oop=0}
                      ; - java.io.BufferedInputStream::read1@52
                      ; - java.io.BufferedInputStream::implRead@48
                      ; - java.io.BufferedInputStream::read@54
                      ; - com.google.common.io.CountingInputStream::read@7 (line 63)
                      ; - java.io.DataInputStream::read@7
                      ; - org.gradle.internal.io.StreamByteBuffer$StreamByteBufferChunk::readFrom@10 (line 384)
  0x000002c5c1bbd6a0: dc16 6bff 

  0x000002c5c1bbd6a4: ;   {other}
  0x000002c5c1bbd6a4: 0f1f 8400 | 140c 0009 | 85c0 0f8e | fc15 0000 | 4889 6c24 | 6844 8b5c | 2420 4889 | 4424 f88b 
  0x000002c5c1bbd6c4: 4424 2489 | 4424 7048 | 8b44 24f8 | 4889 4424 | f88b 4424 | 2889 4424 | 4c48 8b44 | 24f8 4c8b 
  0x000002c5c1bbd6e4: 5424 388b | d88b 5424 | 2c48 ff74 | 2450 488f | 4424 28e9 | 75f9 ffff | 498b d190 

  0x000002c5c1bbd700: ;   {optimized virtual_call}
  0x000002c5c1bbd700: c5f8 77e8 

  0x000002c5c1bbd704: ; ImmutableOopMap {rbp=Oop [36]=NarrowOop [48]=Oop [56]=Oop [136]=Derived_oop_[56] [64]=Derived_oop_[56] [80]=Oop [128]=Oop }
                      ;*invokevirtual fill {reexecute=0 rethrow=0 return_oop=0}
                      ; - java.io.BufferedInputStream::read1@57
                      ; - java.io.BufferedInputStream::implRead@48
                      ; - java.io.BufferedInputStream::read@54
                      ; - com.google.common.io.CountingInputStream::read@7 (line 63)
                      ; - java.io.DataInputStream::read@7
                      ; - org.gradle.internal.io.StreamByteBuffer$StreamByteBufferChunk::readFrom@10 (line 384)
  0x000002c5c1bbd704: 7813 6bff 

  0x000002c5c1bbd708: ;   {other}
  0x000002c5c1bbd708: 0f1f 8400 | 780c 000a | 4c8b 5424 | 3841 8b5a | 1441 2b5a | 1885 db7e | 3748 896c | 2468 448b 
  0x000002c5c1bbd728: 5c24 2048 | 8944 24f8 | 8b44 2424 | 8944 2470 | 488b 4424 | f844 8b4c | 2428 4c8b | 6c24 488b 
  0x000002c5c1bbd748: 5424 2c4c | 8b44 2450 | 4d8b f0e9 | 5ef8 ffff | b8ff ffff | ff48 896c | 2468 8bd8 | e911 f9ff 
  0x000002c5c1bbd768: ff45 8b42 | 0c45 85c0 | 0f84 9600 | 0000 48ff | 7424 2848 | 8f44 2460 | 895c 2454 | 8954 2450 
  0x000002c5c1bbd788: 4c89 5424 | 4048 ffb4 | 2480 0000 | 0048 8f44 | 2438 4889 | 4424 f88b | 4424 5c89 | 4424 2c48 
  0x000002c5c1bbd7a8: 8b44 24f8 | 418b eb48 | ff74 2468 | 488f 4424 | 2049 8bd0 | 6690 c5f8 | 7748 b8ff | ffff ffff 
  0x000002c5c1bbd7c8: ;   {virtual_call}
  0x000002c5c1bbd7c8: ffff ffe8 

  0x000002c5c1bbd7cc: ; ImmutableOopMap {[32]=Oop [56]=Oop [64]=Oop [136]=Derived_oop_[64] [96]=Oop [104]=Oop [112]=NarrowOop [120]=Oop [128]=Oop }
                      ;*invokevirtual available {reexecute=0 rethrow=0 return_oop=0}
                      ; - java.io.BufferedInputStream::implRead@100
                      ; - java.io.BufferedInputStream::read@18
                      ; - com.google.common.io.CountingInputStream::read@7 (line 63)
                      ; - java.io.DataInputStream::read@7
                      ; - org.gradle.internal.io.StreamByteBuffer$StreamByteBufferChunk::readFrom@10 (line 384)
  0x000002c5c1bbd7cc: b015 6bff 

  0x000002c5c1bbd7d0: ;   {other}
  0x000002c5c1bbd7d0: 0f1f 8400 | 400d 000b | 85c0 0f8e | e603 0000 | 448b dd48 | 8944 24f8 | 8b44 242c | 8944 245c 
  0x000002c5c1bbd7f0: 488b 4424 | f84c 8b54 | 2440 8b54 | 2450 8b5c | 2454 48ff | 7424 6048 | 8f44 2428 | 498b 8f58 
  0x000002c5c1bbd810: ; ImmutableOopMap {r10=Oop [136]=Derived_oop_r10 [40]=Oop [104]=Oop [112]=NarrowOop [120]=Oop [128]=Oop }
                      ;*goto {reexecute=1 rethrow=0 return_oop=0}
                      ; - (reexecute) java.io.BufferedInputStream::implRead@109
                      ; - java.io.BufferedInputStream::read@18
                      ; - com.google.common.io.CountingInputStream::read@7 (line 63)
                      ; - java.io.DataInputStream::read@7
                      ; - org.gradle.internal.io.StreamByteBuffer$StreamByteBufferChunk::readFrom@10 (line 384)
                      ;   {poll}
  0x000002c5c1bbd810: 0400 0085 | 0145 8bcb | 442b cb44 | 8bf3 4403 | 7424 5c45 | 8b42 1445 | 2b42 1845 | 85c0 0f8e 
  0x000002c5c1bbd830: 4508 0000 | 453b c10f | 8c2b 0a00 | 004c 8b84 | 2488 0000 | 0041 8b28 

  0x000002c5c1bbd848: ;   {oop([B{0x00000000c05505b8})}
  0x000002c5c1bbd848: 81fd b805 | 55c0 0f84 | a80f 0000 | 85ed 0f84 | f015 0000 | 4c8b ed41 | 8b6a 1885 | ed0f 8c39 
  0x000002c5c1bbd868: 1500 0045 | 85f6 0f8c | 3015 0000 | 458d 0429 | 418b 7d0c | 413b f80f | 821f 1500 | 0047 8d04 
  0x000002c5c1bbd888: 0e41 3bd0 | 0f82 1215 | 0000 4585 | c90f 8c09 | 1500 0045 | 85c9 7450 | 895c 2450 | 8954 2424 
  0x000002c5c1bbd8a8: 4c89 5424 | 4041 8bf3 | 498d 4c2d | 1044 8b54 | 2470 4b8d | 5432 1045 | 8bf1 4d63 | c1c5 f877 
  0x000002c5c1bbd8c8: 49ba a045 | 25c1 c502 | 0000 41ff 

  0x000002c5c1bbd8d4: ;   {other}
  0x000002c5c1bbd8d4: d20f 1f84 | 0000 0000 | 0044 8bde | 4c8b 5424 | 408b 5424 | 248b 5c24 | 5045 8bce | 4501 4a18 
  0x000002c5c1bbd8f4: 4585 c90f | 8e37 1200 | 0041 8bc1 | 03d8 e9c6 | f9ff ff45 | 8b4a 0c45 | 85c9 7460 | 48ff 7424 
  0x000002c5c1bbd914: 2848 8f44 | 2450 8954 | 2448 895c | 242c 4c89 | 5424 3844 | 895c 2420 | 498b d166 | 6690 c5f8 
  0x000002c5c1bbd934: 7748 b8ff | ffff ffff 

  0x000002c5c1bbd93c: ;   {virtual_call}
  0x000002c5c1bbd93c: ffff ffe8 

  0x000002c5c1bbd940: ; ImmutableOopMap {[56]=Oop [136]=Derived_oop_[56] [80]=Oop [104]=Oop [112]=NarrowOop [128]=Oop }
                      ;*invokevirtual available {reexecute=0 rethrow=0 return_oop=0}
                      ; - java.io.BufferedInputStream::implRead@100
                      ; - java.io.BufferedInputStream::read@54
                      ; - com.google.common.io.CountingInputStream::read@7 (line 63)
                      ; - java.io.DataInputStream::read@7
                      ; - org.gradle.internal.io.StreamByteBuffer$StreamByteBufferChunk::readFrom@10 (line 384)
  0x000002c5c1bbd940: 3c14 6bff 

  0x000002c5c1bbd944: ;   {other}
  0x000002c5c1bbd944: 0f1f 8400 | b40e 000d | 85c0 0f8e | 1c05 0000 | 448b 5c24 | 204c 8b54 | 2438 8b5c | 242c 8b54 
  0x000002c5c1bbd964: 2448 48ff | 7424 5048 | 8f44 2428 | 498b 8f58 

  0x000002c5c1bbd974: ; ImmutableOopMap {r10=Oop [136]=Derived_oop_r10 [40]=Oop [104]=Oop [112]=NarrowOop [128]=Oop }
                      ;*goto {reexecute=1 rethrow=0 return_oop=0}
                      ; - (reexecute) java.io.BufferedInputStream::implRead@109
                      ; - java.io.BufferedInputStream::read@54
                      ; - com.google.common.io.CountingInputStream::read@7 (line 63)
                      ; - java.io.DataInputStream::read@7
                      ; - org.gradle.internal.io.StreamByteBuffer$StreamByteBufferChunk::readFrom@10 (line 384)
                      ;   {poll}
  0x000002c5c1bbd974: 0400 0085 | 0145 8bcb | 442b cb44 | 8beb 4403 | 6c24 4c45 | 8b42 1445 | 2b42 1845 | 85c0 0f8e 
  0x000002c5c1bbd994: d808 0000 | 453b c10f | 8c8f 0a00 | 004c 8b84 | 2488 0000 | 0041 8b28 

  0x000002c5c1bbd9ac: ;   {oop([B{0x00000000c05505b8})}
  0x000002c5c1bbd9ac: 81fd b805 | 55c0 0f84 | 9e0f 0000 | 85ed 0f84 | d014 0000 | 4c8b f541 | 8b6a 1885 | ed0f 8c29 
  0x000002c5c1bbd9cc: 1400 0045 | 85ed 0f8c | 2014 0000 | 458d 0429 | 418b 7e0c | 413b f80f | 820f 1400 | 0047 8d04 
  0x000002c5c1bbd9ec: 2941 3bd0 | 0f82 0214 | 0000 4585 | c90f 8cf9 | 1300 0045 | 85c9 7450 | 8954 2448 | 895c 2424 
  0x000002c5c1bbda0c: 4c89 5424 | 3841 8bf3 | 498d 4c2e | 1044 8b54 | 2470 4b8d | 542a 1045 | 8bf1 4d63 | c1c5 f877 
  0x000002c5c1bbda2c: 49ba a045 | 25c1 c502 | 0000 41ff 

  0x000002c5c1bbda38: ;   {other}
  0x000002c5c1bbda38: d20f 1f84 | 0000 0000 | 0044 8bde | 4c8b 5424 | 388b 5c24 | 248b 5424 | 4845 8bce | 4501 4a18 
  0x000002c5c1bbda58: 4585 c90f | 8e9f 1100 | 0041 8bc1 | 03d8 e906 | f6ff ff8b | 5f0c 85db | 0f84 1cf7 | ffff 498b 
  0x000002c5c1bbda78: 5728 488b | cb48 85d2 | 0f84 760b | 0000 4889 | 7c24 404c | 896c 2438 | 48ff b424 | 8800 0000 
  0x000002c5c1bbda98: 488f 4424 | 304c 8954 | 2428 4489 | 4424 2045 | 8bf3 4c8b | ac24 8000 | 0000 488b | 6c24 7841 
  0x000002c5c1bbdab8: 8bf9 8b74 | 2470 488b | 5c24 684d | 8b57 3849 | 894c 12f8 | 4883 c2f8 | 4989 5728 | 4889 5c24 
  0x000002c5c1bbdad8: 6889 7424 | 708b cf48 | 896c 2478 | 4c89 ac24 | 8000 0000 | 458b de44 | 8b44 2420 | 4c8b 5424 
  0x000002c5c1bbdaf8: 2848 ff74 | 2430 488f | 8424 8800 | 0000 4c8b | 6c24 3848 | 8b7c 2440 | 448b c9e9 | 7af6 ffff 
  0x000002c5c1bbdb18: 498b 5f48 | 498b 7f58 | f083 4424 | c000 8039 | 000f 8497 | f6ff ff44 | 8821 4885 | db75 4a4c 
  0x000002c5c1bbdb38: ;   {no_reloc}
  0x000002c5c1bbdb38: 896c 2438 | 4c89 5424 | 2844 8944 | 2420 458b | f341 8bf9 | 498b d7c5 | f877 49ba | 00a4 9e36 
  0x000002c5c1bbdb58: fb7f 0000 

  0x000002c5c1bbdb5c: ;   {other}
  0x000002c5c1bbdb5c: 41ff d20f | 1f84 0000 | 0000 0044 | 8bcf 458b | de44 8b44 | 2420 4c8b | 5424 284c | 8b6c 2438 
  0x000002c5c1bbdb7c: e945 f6ff | ff48 894c | 1ff8 4883 | c3f8 4989 | 5f48 e933 | f6ff ff44 | 8b5f 0c45 | 85db 0f84 
  0x000002c5c1bbdb9c: 6ef7 ffff | 4d8b 5728 | 498b cb4d | 85d2 0f84 | a90a 0000 | 4d8b 5f38 | 4b89 4c13 | f849 83c2 
  0x000002c5c1bbdbbc: f84d 8957 | 28e9 48f7 | ffff 4c8b | 5424 408b | 5c24 54e9 | 02f7 ffff | 458b 4210 | 4181 f800 
  0x000002c5c1bbdbdc: 0010 000f | 8787 1400 | 0041 8bf9 | 4963 c841 | 81f8 0000 | 1000 0f87 | 3b10 0000 | 4889 7424 
  0x000002c5c1bbdbfc: 6089 5c24 | 5889 5424 | 344c 896c | 2450 488b | ac24 8800 | 0000 4c89 | 5424 4048 | ffb4 2480 
  0x000002c5c1bbdc1c: 0000 0048 | 8f44 2438 | 48ff 7424 | 7848 8f44 | 2448 897c | 2430 4889 | 4424 f88b | 4424 7089 
  0x000002c5c1bbdc3c: 4424 2c48 | 8b44 24f8 | 4489 5c24 | 2848 ff74 | 2468 488f | 4424 204d | 8b97 b801 | 0000 4d8b 
  0x000002c5c1bbdc5c: ;   {no_reloc}
  0x000002c5c1bbdc5c: ca48 83c1 | 174c 8bd1 | 4983 e2f8 | 4d8b d94d | 03da 4d3b | 9fc8 0100 | 000f 8313 | 1000 004d 
  0x000002c5c1bbdc7c: 899f b801 | 0000 498b | f948 83c7 | 104d 8bd1 | 49c7 0201 | 0000 0041 | 0f18 8300 

  0x000002c5c1bbdc98: ;   {metadata({type array byte})}
  0x000002c5c1bbdc98: 0100 0041 | c742 0818 | 2300 0045 | 8942 0c41 | 0f18 8340 | 0100 0041 | 0f18 8380 | 0100 0048 
  0x000002c5c1bbdcb8: c1e9 0348 | 83c1 fe48 | 33c0 4883 | f908 7f10 | 48ff c978 | 4f48 8904 | cf48 ffc9 | 7df7 eb44 
  0x000002c5c1bbdcd8: c5fd efc0 | e90d 0000 | 00c5 fe7f | 07c5 fe7f | 4720 4883 | c740 4883 | e908 7ded | 4883 c104 
  0x000002c5c1bbdcf8: 7c0c c5fe | 7f07 4883 | c720 4883 | e904 4883 | c104 7e10 | 48ff c9c5 | f9d6 0748 | 83c7 0848 
  0x000002c5c1bbdd18: ffc9 7df3 | 4d8b c141 | 807f 4000 | 0f85 8d0d | 0000 4d8b | d848 89ac | 2488 0000 

  0x000002c5c1bbdd34: ;   {oop([B{0x00000000c05505b8})}
  0x000002c5c1bbdd34: 00b8 b805 | 55c0 f044 | 0fb1 5d00 | 400f 94c7 | 400f b6ff | 85ff 742c | 4d8b d84c | 8bd5 4d33 
  0x000002c5c1bbdd54: da49 c1eb | 144d 85db | 741a 49c1 | ea09 48b9 | 0000 36c9 | c502 0000 | 4903 ca80 | 3902 0f85 
  0x000002c5c1bbdd74: 6c0d 0000 | 85ff 0f84 | 6002 0000 | 48ff 7424 | 2048 8f44 | 2468 448b | 5c24 2848 | 8944 24f8 
  0x000002c5c1bbdd94: 8b44 242c | 8944 2470 | 488b 4424 | f848 8944 | 24f8 8b44 | 2430 8944 | 245c 488b | 4424 f848 
  0x000002c5c1bbddb4: ff74 2448 | 488f 4424 | 7848 ff74 | 2438 488f | 8424 8000 | 0000 4c8b | 5424 404c | 8b6c 2450 
  0x000002c5c1bbddd4: 8b54 2434 | 8b5c 2458 | 48ff 7424 | 6048 8f44 | 2428 e956 | f4ff ff4c | 896c 2458 | 48ff b424 
  0x000002c5c1bbddf4: 8800 0000 | 488f 4424 | 484c 8954 | 2440 4489 | 4424 3c44 | 895c 2438 | 48ff b424 | 8000 0000 
  0x000002c5c1bbde14: 488f 4424 | 3044 894c | 2424 4889 | 4424 f88b | 4424 7089 | 4424 2048 | 8b44 24f8 | 488b 6c24 
  0x000002c5c1bbde34: ;   {no_reloc}
  0x000002c5c1bbde34: 6848 8bd7 | 41b8 0100 | 0000 6690 

  0x000002c5c1bbde40: ;   {optimized virtual_call}
  0x000002c5c1bbde40: c5f8 77e8 

  0x000002c5c1bbde44: ; ImmutableOopMap {rbp=Oop [32]=NarrowOop [48]=Oop [64]=Oop [136]=Derived_oop_[64] [72]=Derived_oop_[64] [104]=Oop [112]=NarrowOop [120]=Oop [128]=Oop }
                      ;*invokevirtual acquire {reexecute=0 rethrow=0 return_oop=0}
                      ; - java.util.concurrent.locks.ReentrantLock$Sync::lock@9
                      ; - java.util.concurrent.locks.ReentrantLock::lock@4
                      ; - jdk.internal.misc.InternalLock::lock@4
                      ; - java.io.BufferedInputStream::read@11
                      ; - com.google.common.io.CountingInputStream::read@7 (line 63)
                      ; - java.io.DataInputStream::read@7
                      ; - org.gradle.internal.io.StreamByteBuffer$StreamByteBufferChunk::readFrom@10 (line 384)
  0x000002c5c1bbde44: 380c 6bff 

  0x000002c5c1bbde48: ;   {other}
  0x000002c5c1bbde48: 0f1f 8400 | b813 000f | 8b4c 2424 | 448b 5c24 | 3844 8b44 | 243c 4c8b | 5424 404c | 8b6c 2458 
  0x000002c5c1bbde68: 448b c9e9 | 56f3 ffff | 4c8b 5424 | 388b 5c24 | 2ce9 fcf1 | ffff 458b | 4210 4181 | f800 0010 
  0x000002c5c1bbde88: 000f 8718 | 1200 0049 | 63c8 4181 | f800 0010 | 000f 8725 | 0e00 00c4 | c179 6ec1 | 498b b7b8 
  0x000002c5c1bbdea8: 0100 0048 | 83c1 174c | 8bc9 4983 | e1f8 488b | fe49 03f9 | 493b bfc8 | 0100 000f | 83f6 0d00 
  0x000002c5c1bbdec8: 0049 89bf | b801 0000 | 0f18 8700 | 0100 0048 | c706 0100 | 0000 0f18 | 8740 0100 

  0x000002c5c1bbdee4: ;   {metadata({type array byte})}
  0x000002c5c1bbdee4: 00c7 4608 | 1823 0000 | 4489 460c | 0f18 8780 | 0100 0048 | 8bfe 4883 | c710 48c1 | e903 4883 
  0x000002c5c1bbdf04: c1fe 4833 | c048 83f9 | 087f 1048 | ffc9 784f | 4889 04cf | 48ff c97d | f7eb 44c5 | f5ef c9e9 
  0x000002c5c1bbdf24: 0d00 0000 | c5fe 7f0f | c5fe 7f4f | 2048 83c7 | 4048 83e9 | 087d ed48 | 83c1 047c | 0cc5 fe7f 
  0x000002c5c1bbdf44: 0f48 83c7 | 2048 83e9 | 0448 83c1 | 047e 1048 | ffc9 c5f9 | d60f 4883 | c708 48ff | c97d f341 
  0x000002c5c1bbdf64: 807f 4000 | 0f85 ce0b | 0000 4c8b 

  0x000002c5c1bbdf70: ;   {oop([B{0x00000000c05505b8})}
  0x000002c5c1bbdf70: c6b8 b805 | 55c0 4c8b | 8c24 8800 | 0000 f045 | 0fb1 0140 | 0f94 c740 | 0fb6 ff85 | ff74 314c 
  0x000002c5c1bbdf90: 8bce 4c8b | 8424 8800 | 0000 4d33 | c849 c1e9 | 144d 85c9 | 741a 49c1 | e809 48b9 | 0000 36c9 
  0x000002c5c1bbdfb0: c502 0000 | 4903 c880 | 3902 0f85 | a90b 0000 | 85ff 0f84 | 9100 0000 | c4c1 797e | c1e9 0ef0 
  0x000002c5c1bbdfd0: ffff 8bc3 | e906 f6ff | ff8b c3e9 | 82f7 ffff | 8b6d 0085 | ed0f 8411 | 0700 004c | 8bc5 48ff 
  0x000002c5c1bbdff0: 7424 2048 | 8f44 2468 | 448b 5c24 | 2848 8944 | 24f8 8b44 | 242c 8944 | 2470 488b | 4424 f848 
  0x000002c5c1bbe010: 8944 24f8 | 8b44 2430 | 8944 245c | 488b 4424 | f848 ff74 | 2448 488f | 4424 7848 | ff74 2438 
  0x000002c5c1bbe030: 488f 8424 | 8000 0000 | 4c8b 5424 | 404c 8b6c | 2450 8b54 | 2434 8b5c | 2458 48ff | 7424 6048 
  0x000002c5c1bbe050: 8f44 2428 | e9e8 f1ff | ff4c 8b84 | 2488 0000 | 0041 8b28 | 85ed 0f84 | 5c07 0000 | 488b f5c4 
  0x000002c5c1bbe070: ;   {no_reloc}
  0x000002c5c1bbe070: c179 7ec1 | e967 efff | ff44 8974 | 2474 4489 | 4c24 5848 | ff74 2428 | 488f 4424 | 6089 5c24 
  0x000002c5c1bbe090: 5489 5424 | 504c 8954 | 2440 48ff | b424 8000 | 0000 488f | 4424 3848 | ff74 2478 | 488f 4424 
  0x000002c5c1bbe0b0: 3048 8944 | 24f8 8b44 | 245c 8944 | 242c 488b | 4424 f841 | 8beb 48ff | 7424 6848 | 8f44 2420 
  0x000002c5c1bbe0d0: 498b d245 | 33c0 6690 

  0x000002c5c1bbe0d8: ;   {optimized virtual_call}
  0x000002c5c1bbe0d8: c5f8 77e8 

  0x000002c5c1bbe0dc: ; ImmutableOopMap {[32]=Oop [48]=Oop [56]=Oop [64]=Oop [136]=Derived_oop_[64] [96]=Oop [112]=NarrowOop }
                      ;*invokevirtual getBufIfOpen {reexecute=0 rethrow=0 return_oop=1}
                      ; - java.io.BufferedInputStream::read1@18
                      ; - java.io.BufferedInputStream::implRead@48
                      ; - java.io.BufferedInputStream::read@18
                      ; - com.google.common.io.CountingInputStream::read@7 (line 63)
                      ; - java.io.DataInputStream::read@7
                      ; - org.gradle.internal.io.StreamByteBuffer$StreamByteBufferChunk::readFrom@10 (line 384)
  0x000002c5c1bbe0dc: a009 6bff 

  0x000002c5c1bbe0e0: ;   {other}
  0x000002c5c1bbe0e0: 0f1f 8400 | 5016 0010 

  0x000002c5c1bbe0e8: ; implicit exception: dispatches to 0x000002c5c1bbf5a0
  0x000002c5c1bbe0e8: 448b 500c | 4c8b 4c24 | 4045 8b59 | 1045 3bd3 | 450f 4cd3 | 448b 4424 | 5845 3bc2 | 0f8c a800 
  0x000002c5c1bbe108: 0000 458b | 511c 4183 | faff 0f85 | 9a00 0000 | 498b d190 

  0x000002c5c1bbe11c: ;   {optimized virtual_call}
  0x000002c5c1bbe11c: c5f8 77e8 

  0x000002c5c1bbe120: ; ImmutableOopMap {[32]=Oop [48]=Oop [56]=Oop [64]=Oop [136]=Derived_oop_[64] [96]=Oop [112]=NarrowOop }
                      ;*invokevirtual getInIfOpen {reexecute=0 rethrow=0 return_oop=1}
                      ; - java.io.BufferedInputStream::read1@46
                      ; - java.io.BufferedInputStream::implRead@48
                      ; - java.io.BufferedInputStream::read@18
                      ; - com.google.common.io.CountingInputStream::read@7 (line 63)
                      ; - java.io.DataInputStream::read@7
                      ; - org.gradle.internal.io.StreamByteBuffer$StreamByteBufferChunk::readFrom@10 (line 384)
  0x000002c5c1bbe120: 5c09 6bff 

  0x000002c5c1bbe124: ;   {other}
  0x000002c5c1bbe124: 0f1f 8400 | 9416 0011 | 488b d04c | 8b44 2460 | 448b 4c24 | 748b 7c24 | 5890 c5f8 | 7748 b8ff 
  0x000002c5c1bbe144: ffff ffff 

  0x000002c5c1bbe148: ;   {virtual_call}
  0x000002c5c1bbe148: ffff ffe8 

  0x000002c5c1bbe14c: ; ImmutableOopMap {[32]=Oop [48]=Oop [56]=Oop [64]=Oop [136]=Derived_oop_[64] [96]=Oop [112]=NarrowOop }
                      ;*invokevirtual read {reexecute=0 rethrow=0 return_oop=0}
                      ; - java.io.BufferedInputStream::read1@52
                      ; - java.io.BufferedInputStream::implRead@48
                      ; - java.io.BufferedInputStream::read@18
                      ; - com.google.common.io.CountingInputStream::read@7 (line 63)
                      ; - java.io.DataInputStream::read@7
                      ; - org.gradle.internal.io.StreamByteBuffer$StreamByteBufferChunk::readFrom@10 (line 384)
  0x000002c5c1bbe14c: 300c 6bff 

  0x000002c5c1bbe150: ;   {other}
  0x000002c5c1bbe150: 0f1f 8400 | c016 0012 | 85c0 0f8e | bd0f 0000 | 48ff 7424 | 2048 8f44 | 2468 448b | dd48 8944 
  0x000002c5c1bbe170: 24f8 8b44 | 242c 8944 | 245c 488b | 4424 f848 | ff74 2430 | 488f 4424 | 7848 ff74 | 2438 488f 
  0x000002c5c1bbe190: 8424 8000 | 0000 4c8b | 5424 408b | 5424 508b | 5c24 5448 | ff74 2460 | 488f 4424 | 28e9 4ef7 
  0x000002c5c1bbe1b0: ffff 498b | d166 6690 

  0x000002c5c1bbe1b8: ;   {optimized virtual_call}
  0x000002c5c1bbe1b8: c5f8 77e8 

  0x000002c5c1bbe1bc: ; ImmutableOopMap {[32]=Oop [48]=Oop [56]=Oop [64]=Oop [136]=Derived_oop_[64] [96]=Oop [112]=NarrowOop }
                      ;*invokevirtual fill {reexecute=0 rethrow=0 return_oop=0}
                      ; - java.io.BufferedInputStream::read1@57
                      ; - java.io.BufferedInputStream::implRead@48
                      ; - java.io.BufferedInputStream::read@18
                      ; - com.google.common.io.CountingInputStream::read@7 (line 63)
                      ; - java.io.DataInputStream::read@7
                      ; - org.gradle.internal.io.StreamByteBuffer$StreamByteBufferChunk::readFrom@10 (line 384)
  0x000002c5c1bbe1bc: c008 6bff 

  0x000002c5c1bbe1c0: ;   {other}
  0x000002c5c1bbe1c0: 0f1f 8400 | 3017 0013 | 4c8b 5424 | 4045 8b42 | 1445 2b42 | 1845 85c0 | 7e57 48ff | 7424 2048 
  0x000002c5c1bbe1e0: 8f44 2468 | 448b dd48 | 8944 24f8 | 8b44 242c | 8944 245c | 488b 4424 | f848 ff74 | 2430 488f 
  0x000002c5c1bbe200: 4424 7848 | ff74 2438 | 488f 8424 | 8000 0000 | 8b54 2450 | 8b5c 2454 | 48ff 7424 | 6048 8f44 
  0x000002c5c1bbe220: 2428 448b | 4c24 5844 | 8b74 2474 | e903 f6ff | ffb8 ffff | ffff 48ff | 7424 2048 | 8f44 2468 
  0x000002c5c1bbe240: 48ff 7424 | 3048 8f44 | 2478 48ff | 7424 3848 | 8f84 2480 | 0000 008b | 5c24 5485 | db0f 8573 
  0x000002c5c1bbe260: f0ff ffe9 | 77f3 ffff | 458b c8e9 | cdf5 ffff | 4489 6c24 | 5c44 894c | 2458 48ff | 7424 2848 
  0x000002c5c1bbe280: 8f44 2450 | 8954 2448 | 895c 242c | 4c89 5424 | 3848 8944 | 24f8 8b44 | 244c 8944 | 2428 488b 
  0x000002c5c1bbe2a0: 4424 f848 | 8944 24f8 | 8b44 2470 | 8944 2424 | 488b 4424 | f844 895c | 2420 488b 

  0x000002c5c1bbe2bc: ;   {no_reloc}
  0x000002c5c1bbe2bc: 6c24 6849 | 8bd2 4533 | c066 6690 

  0x000002c5c1bbe2c8: ;   {optimized virtual_call}
  0x000002c5c1bbe2c8: c5f8 77e8 

  0x000002c5c1bbe2cc: ; ImmutableOopMap {rbp=Oop [36]=NarrowOop [56]=Oop [136]=Derived_oop_[56] [80]=Oop [128]=Oop }
                      ;*invokevirtual getBufIfOpen {reexecute=0 rethrow=0 return_oop=1}
                      ; - java.io.BufferedInputStream::read1@18
                      ; - java.io.BufferedInputStream::implRead@48
                      ; - java.io.BufferedInputStream::read@54
                      ; - com.google.common.io.CountingInputStream::read@7 (line 63)
                      ; - java.io.DataInputStream::read@7
                      ; - org.gradle.internal.io.StreamByteBuffer$StreamByteBufferChunk::readFrom@10 (line 384)
  0x000002c5c1bbe2cc: b007 6bff 

  0x000002c5c1bbe2d0: ;   {other}
  0x000002c5c1bbe2d0: 0f1f 8400 | 4018 0014 

  0x000002c5c1bbe2d8: ; implicit exception: dispatches to 0x000002c5c1bbf5bc
  0x000002c5c1bbe2d8: 448b 500c | 4c8b 4c24 | 3845 8b59 | 1045 3bd3 | 450f 4cd3 | 448b 4424 | 5845 3bc2 | 0f8c a400 
  0x000002c5c1bbe2f8: 0000 458b | 511c 4183 | faff 0f85 | 9600 0000 | 4489 4424 | 4c49 8bd1 

  0x000002c5c1bbe310: ;   {optimized virtual_call}
  0x000002c5c1bbe310: c5f8 77e8 

  0x000002c5c1bbe314: ; ImmutableOopMap {rbp=Oop [36]=NarrowOop [56]=Oop [136]=Derived_oop_[56] [80]=Oop [128]=Oop }
                      ;*invokevirtual getInIfOpen {reexecute=0 rethrow=0 return_oop=1}
                      ; - java.io.BufferedInputStream::read1@46
                      ; - java.io.BufferedInputStream::implRead@48
                      ; - java.io.BufferedInputStream::read@54
                      ; - com.google.common.io.CountingInputStream::read@7 (line 63)
                      ; - java.io.DataInputStream::read@7
                      ; - org.gradle.internal.io.StreamByteBuffer$StreamByteBufferChunk::readFrom@10 (line 384)
  0x000002c5c1bbe314: 6807 6bff 

  0x000002c5c1bbe318: ;   {other}
  0x000002c5c1bbe318: 0f1f 8400 | 8818 0015 | 488b d04c | 8b44 2450 | 448b 4c24 | 5c8b 7c24 | 4c90 c5f8 | 7748 b8ff 
  0x000002c5c1bbe338: ffff ffff 

  0x000002c5c1bbe33c: ;   {virtual_call}
  0x000002c5c1bbe33c: ffff ffe8 

  0x000002c5c1bbe340: ; ImmutableOopMap {rbp=Oop [36]=NarrowOop [56]=Oop [136]=Derived_oop_[56] [80]=Oop [128]=Oop }
                      ;*invokevirtual read {reexecute=0 rethrow=0 return_oop=0}
                      ; - java.io.BufferedInputStream::read1@52
                      ; - java.io.BufferedInputStream::implRead@48
                      ; - java.io.BufferedInputStream::read@54
                      ; - com.google.common.io.CountingInputStream::read@7 (line 63)
                      ; - java.io.DataInputStream::read@7
                      ; - org.gradle.internal.io.StreamByteBuffer$StreamByteBufferChunk::readFrom@10 (line 384)
  0x000002c5c1bbe340: 3c0a 6bff 

  0x000002c5c1bbe344: ;   {other}
  0x000002c5c1bbe344: 0f1f 8400 | b418 0016 | 85c0 0f8e | e40e 0000 | 4889 6c24 | 6844 8b5c | 2420 4889 | 4424 f88b 
  0x000002c5c1bbe364: 4424 2489 | 4424 7048 | 8b44 24f8 | 4889 4424 | f88b 4424 | 2889 4424 | 4c48 8b44 | 24f8 4c8b 
  0x000002c5c1bbe384: 5424 388b | 5c24 2c8b | 5424 4848 | ff74 2450 | 488f 4424 | 28e9 c6f6 | ffff 498b | d166 6690 
  0x000002c5c1bbe3a4: ;   {optimized virtual_call}
  0x000002c5c1bbe3a4: c5f8 77e8 

  0x000002c5c1bbe3a8: ; ImmutableOopMap {rbp=Oop [36]=NarrowOop [56]=Oop [136]=Derived_oop_[56] [80]=Oop [128]=Oop }
                      ;*invokevirtual fill {reexecute=0 rethrow=0 return_oop=0}
                      ; - java.io.BufferedInputStream::read1@57
                      ; - java.io.BufferedInputStream::implRead@48
                      ; - java.io.BufferedInputStream::read@54
                      ; - com.google.common.io.CountingInputStream::read@7 (line 63)
                      ; - java.io.DataInputStream::read@7
                      ; - org.gradle.internal.io.StreamByteBuffer$StreamByteBufferChunk::readFrom@10 (line 384)
  0x000002c5c1bbe3a8: d406 6bff 

  0x000002c5c1bbe3ac: ;   {other}
  0x000002c5c1bbe3ac: 0f1f 8400 | 1c19 0017 | 4c8b 5424 | 3845 8b42 | 1445 2b42 | 1845 85c0 | 7e4f 4889 | 6c24 6844 
  0x000002c5c1bbe3cc: 8b5c 2420 | 4889 4424 | f88b 4424 | 2489 4424 | 7048 8b44 | 24f8 4889 | 4424 f88b | 4424 2889 
  0x000002c5c1bbe3ec: 4424 4c48 | 8b44 24f8 | 8b5c 242c | 8b54 2448 | 48ff 7424 | 5048 8f44 | 2428 448b | 4c24 5844 
  0x000002c5c1bbe40c: 8b6c 245c | e983 f5ff | ffb8 ffff | ffff 4889 | 6c24 688b | 5c24 2c85 | db0f 854f | ecff ffe9 
  0x000002c5c1bbe42c: 32f3 ffff | 458b c8e9 | 69f5 ffff | bade ffff | ff48 8b6c | 2468 4489 | 5c24 2044 | 894c 2428 
  0x000002c5c1bbe44c: ;   {runtime_call UncommonTrapBlob}
  0x000002c5c1bbe44c: c5f8 77e8 

  0x000002c5c1bbe450: ; ImmutableOopMap {rbp=Oop [32]=NarrowOop [112]=NarrowOop }
                      ;*invokevirtual read {reexecute=0 rethrow=0 return_oop=0}
                      ; - java.io.DataInputStream::read@7
                      ; - org.gradle.internal.io.StreamByteBuffer$StreamByteBufferChunk::readFrom@10 (line 384)
  0x000002c5c1bbe450: 2c5f 6bff 

  0x000002c5c1bbe454: ;   {other}
  0x000002c5c1bbe454: 0f1f 8400 | c419 0018 | bade ffff | ff48 8b6c | 2468 894c | 2428 4489 | 4c24 3090 

  0x000002c5c1bbe470: ;   {runtime_call UncommonTrapBlob}
  0x000002c5c1bbe470: c5f8 77e8 

  0x000002c5c1bbe474: ; ImmutableOopMap {rbp=Oop [40]=NarrowOop [112]=NarrowOop [128]=Oop }
                      ;*invokevirtual read {reexecute=0 rethrow=0 return_oop=0}
                      ; - com.google.common.io.CountingInputStream::read@7 (line 63)
                      ; - java.io.DataInputStream::read@7
                      ; - org.gradle.internal.io.StreamByteBuffer$StreamByteBufferChunk::readFrom@10 (line 384)
  0x000002c5c1bbe474: 085f 6bff 

  0x000002c5c1bbe478: ;   {other}
  0x000002c5c1bbe478: 0f1f 8400 | e819 0019 | bade ffff | ff48 8b6c | 2468 4c89 | 5424 2844 | 894c 2434 | 894c 2440 
  0x000002c5c1bbe498: ;   {runtime_call UncommonTrapBlob}
  0x000002c5c1bbe498: c5f8 77e8 

  0x000002c5c1bbe49c: ; ImmutableOopMap {rbp=Oop [40]=Oop [64]=NarrowOop [112]=NarrowOop [128]=Oop }
                      ;*invokevirtual initialTryLock {reexecute=0 rethrow=0 return_oop=0}
                      ; - java.util.concurrent.locks.ReentrantLock$Sync::lock@1
                      ; - java.util.concurrent.locks.ReentrantLock::lock@4
                      ; - jdk.internal.misc.InternalLock::lock@4
                      ; - java.io.BufferedInputStream::read@11
                      ; - com.google.common.io.CountingInputStream::read@7 (line 63)
                      ; - java.io.DataInputStream::read@7
                      ; - org.gradle.internal.io.StreamByteBuffer$StreamByteBufferChunk::readFrom@10 (line 384)
  0x000002c5c1bbe49c: e05e 6bff 

  0x000002c5c1bbe4a0: ;   {other}
  0x000002c5c1bbe4a0: 0f1f 8400 | 101a 001a | bacc ffff | ff48 ff74 | 2468 488f | 4424 204c | 8954 2438 | 4489 5c24 
  0x000002c5c1bbe4c0: 484c 8954 | 2450 895c | 2460 4c89 | 4424 6890 

  0x000002c5c1bbe4d0: ;   {runtime_call UncommonTrapBlob}
  0x000002c5c1bbe4d0: c5f8 77e8 

  0x000002c5c1bbe4d4: ; ImmutableOopMap {[32]=Oop [56]=Oop [80]=Oop [104]=Oop [112]=NarrowOop [128]=Oop }
                      ;*invokestatic arraycopy {reexecute=0 rethrow=0 return_oop=0}
                      ; - java.io.BufferedInputStream::read1@104
                      ; - java.io.BufferedInputStream::implRead@48
                      ; - java.io.BufferedInputStream::read@18
                      ; - com.google.common.io.CountingInputStream::read@7 (line 63)
                      ; - java.io.DataInputStream::read@7
                      ; - org.gradle.internal.io.StreamByteBuffer$StreamByteBufferChunk::readFrom@10 (line 384)
  0x000002c5c1bbe4d4: a85e 6bff 

  0x000002c5c1bbe4d8: ;   {other}
  0x000002c5c1bbe4d8: 0f1f 8400 | 481a 001b | ba45 ffff | ff89 5c24 | 2466 6690 

  0x000002c5c1bbe4ec: ;   {runtime_call UncommonTrapBlob}
  0x000002c5c1bbe4ec: c5f8 77e8 

  0x000002c5c1bbe4f0: ; ImmutableOopMap {[104]=Oop }
                      ;*if_icmpeq {reexecute=1 rethrow=0 return_oop=0}
                      ; - (reexecute) com.google.common.io.CountingInputStream::read@15 (line 64)
                      ; - java.io.DataInputStream::read@7
                      ; - org.gradle.internal.io.StreamByteBuffer$StreamByteBufferChunk::readFrom@10 (line 384)
  0x000002c5c1bbe4f0: 8c5e 6bff 

  0x000002c5c1bbe4f4: ;   {other}
  0x000002c5c1bbe4f4: 0f1f 8400 | 641a 001c | 4c89 6c24 | 4848 ffb4 | 2488 0000 | 0048 8f44 | 2440 4c89 | 5424 3844 
  0x000002c5c1bbe514: 8944 2434 | 4489 5c24 | 3048 ffb4 | 2480 0000 | 0048 8f44 | 2428 4489 | 4c24 2448 | 8944 24f8 
  0x000002c5c1bbe534: 8b44 2470 | 8944 2420 | 488b 4424 | f848 8b6c | 2468 498b | d24c 8d84 | 2490 0000 | 0066 6690 
  0x000002c5c1bbe554: ;   {runtime_call _complete_monitor_locking_Java}
  0x000002c5c1bbe554: c5f8 77e8 

  0x000002c5c1bbe558: ; ImmutableOopMap {rbp=Oop [32]=NarrowOop [40]=Oop [56]=Oop [136]=Derived_oop_[56] [64]=Derived_oop_[56] [104]=Oop [112]=NarrowOop [128]=Oop }
                      ;*monitorenter {reexecute=0 rethrow=0 return_oop=0}
                      ; - java.io.BufferedInputStream::read@49
                      ; - com.google.common.io.CountingInputStream::read@7 (line 63)
                      ; - java.io.DataInputStream::read@7
                      ; - org.gradle.internal.io.StreamByteBuffer$StreamByteBufferChunk::readFrom@10 (line 384)
  0x000002c5c1bbe558: a42d 6eff 

  0x000002c5c1bbe55c: ;   {other}
  0x000002c5c1bbe55c: 0f1f 8400 | cc1a 001d | 448b 4c24 | 2444 8b5c | 2430 448b | 4424 344c | 8b54 2438 | 4c8b 6c24 
  0x000002c5c1bbe57c: 48e9 eae9 | ffff 498b | ca48 8d94 | 2490 0000 | 004d 8bc7 | c5f8 7749 | ba40 d9df | 36fb 7f00 
  0x000002c5c1bbe59c: 0041 ffd2 

  0x000002c5c1bbe5a0: ;   {other}
  0x000002c5c1bbe5a0: 0f1f 8400 | 0000 0000 | e968 ebff | ffba ccff | ffff 48ff | 7424 6848 | 8f44 2420 | 4c89 5424 
  0x000002c5c1bbe5c0: 384c 8954 | 2440 4489 | 5c24 5048 | 8944 24f8 | 8b44 2470 | 8944 2460 | 488b 4424 | f844 894c 
  0x000002c5c1bbe5e0: 2464 895c | 2468 4889 | 7424 7090 

  0x000002c5c1bbe5ec: ;   {runtime_call UncommonTrapBlob}
  0x000002c5c1bbe5ec: c5f8 77e8 

  0x000002c5c1bbe5f0: ; ImmutableOopMap {[32]=Oop [56]=Oop [64]=Oop [96]=NarrowOop [112]=Oop [128]=Oop }
                      ;*invokestatic arraycopy {reexecute=0 rethrow=0 return_oop=0}
                      ; - java.io.BufferedInputStream::read1@104
                      ; - java.io.BufferedInputStream::implRead@48
                      ; - java.io.BufferedInputStream::read@54
                      ; - com.google.common.io.CountingInputStream::read@7 (line 63)
                      ; - java.io.DataInputStream::read@7
                      ; - org.gradle.internal.io.StreamByteBuffer$StreamByteBufferChunk::readFrom@10 (line 384)
  0x000002c5c1bbe5f0: 8c5d 6bff 

  0x000002c5c1bbe5f4: ;   {other}
  0x000002c5c1bbe5f4: 0f1f 8400 | 641b 001e | 4889 7c24 | 404c 896c | 2438 48ff | b424 8800 | 0000 488f | 4424 304c 
  0x000002c5c1bbe614: 8954 2428 | 4489 4424 | 2045 8bf3 | 4c8b ac24 | 8000 0000 | 488b 6c24 | 7841 8bf9 | 8b74 2470 
  0x000002c5c1bbe634: 488b 5c24 | 6849 8bd7 | c5f8 7749 | ba20 a49e | 36fb 7f00 | 0041 ffd2 

  0x000002c5c1bbe64c: ;   {other}
  0x000002c5c1bbe64c: 0f1f 8400 | 0000 0000 | e97b f4ff | ff49 8bd7 | c5f8 7749 | ba20 a49e | 36fb 7f00 | 0041 ffd2 
  0x000002c5c1bbe66c: ;   {other}
  0x000002c5c1bbe66c: 0f1f 8400 | 0000 0000 | e995 ecff | ffba 45ff | ffff 4c89 | 5424 3044 | 894c 243c | 895c 2444 
  0x000002c5c1bbe68c: ;   {runtime_call UncommonTrapBlob}
  0x000002c5c1bbe68c: c5f8 77e8 

  0x000002c5c1bbe690: ; ImmutableOopMap {[48]=Oop [68]=NarrowOop [104]=Oop [112]=NarrowOop [128]=Oop }
                      ;*ifnonnull {reexecute=1 rethrow=0 return_oop=0}
                      ; - (reexecute) java.io.BufferedInputStream::ensureOpen@4
                      ; - java.io.BufferedInputStream::implRead@1
                      ; - java.io.BufferedInputStream::read@18
                      ; - com.google.common.io.CountingInputStream::read@7 (line 63)
                      ; - java.io.DataInputStream::read@7
                      ; - org.gradle.internal.io.StreamByteBuffer$StreamByteBufferChunk::readFrom@10 (line 384)
  0x000002c5c1bbe690: ec5c 6bff 

  0x000002c5c1bbe694: ;   {other}
  0x000002c5c1bbe694: 0f1f 8400 | 041c 001f | ba45 ffff | ff4c 8954 | 2428 895c | 2430 6690 

  0x000002c5c1bbe6ac: ;   {runtime_call UncommonTrapBlob}
  0x000002c5c1bbe6ac: c5f8 77e8 

  0x000002c5c1bbe6b0: ; ImmutableOopMap {[40]=Oop [104]=Oop [128]=Oop }
                      ;*ifge {reexecute=1 rethrow=0 return_oop=0}
                      ; - (reexecute) java.io.BufferedInputStream::implRead@18
                      ; - java.io.BufferedInputStream::read@18
                      ; - com.google.common.io.CountingInputStream::read@7 (line 63)
                      ; - java.io.DataInputStream::read@7
                      ; - org.gradle.internal.io.StreamByteBuffer$StreamByteBufferChunk::readFrom@10 (line 384)
  0x000002c5c1bbe6b0: cc5c 6bff 

  0x000002c5c1bbe6b4: ;   {other}
  0x000002c5c1bbe6b4: 0f1f 8400 | 241c 0020 | ba45 ffff | ff4c 8954 | 2428 6690 

  0x000002c5c1bbe6c8: ;   {runtime_call UncommonTrapBlob}
  0x000002c5c1bbe6c8: c5f8 77e8 

  0x000002c5c1bbe6cc: ; ImmutableOopMap {[40]=Oop [104]=Oop [128]=Oop }
                      ;*ifne {reexecute=1 rethrow=0 return_oop=0}
                      ; - (reexecute) java.io.BufferedInputStream::implRead@30
                      ; - java.io.BufferedInputStream::read@18
                      ; - com.google.common.io.CountingInputStream::read@7 (line 63)
                      ; - java.io.DataInputStream::read@7
                      ; - org.gradle.internal.io.StreamByteBuffer$StreamByteBufferChunk::readFrom@10 (line 384)
  0x000002c5c1bbe6cc: b05c 6bff 

  0x000002c5c1bbe6d0: ;   {other}
  0x000002c5c1bbe6d0: 0f1f 8400 | 401c 0021 | ba45 ffff | ff89 5c24 | 2889 7c24 | 2c44 895c | 2430 6690 

  0x000002c5c1bbe6ec: ;   {runtime_call UncommonTrapBlob}
  0x000002c5c1bbe6ec: c5f8 77e8 

  0x000002c5c1bbe6f0: ; ImmutableOopMap {[44]=NarrowOop [48]=NarrowOop [104]=Oop [120]=Oop [128]=Oop }
                      ;*if_acmpeq {reexecute=1 rethrow=0 return_oop=0}
                      ; - (reexecute) java.util.concurrent.locks.ReentrantLock$Sync::tryRelease@14
                      ; - java.util.concurrent.locks.AbstractQueuedSynchronizer::release@2
                      ; - java.util.concurrent.locks.ReentrantLock::unlock@5
                      ; - jdk.internal.misc.InternalLock::unlock@4
                      ; - java.io.BufferedInputStream::read@27
                      ; - com.google.common.io.CountingInputStream::read@7 (line 63)
                      ; - java.io.DataInputStream::read@7
                      ; - org.gradle.internal.io.StreamByteBuffer$StreamByteBufferChunk::readFrom@10 (line 384)
  0x000002c5c1bbe6f0: 8c5c 6bff 

  0x000002c5c1bbe6f4: ;   {other}
  0x000002c5c1bbe6f4: 0f1f 8400 | 641c 0022 | 48ff 7424 | 2048 8f44 | 2468 448b | 5c24 2848 | 8944 24f8 | 8b44 242c 
  0x000002c5c1bbe714: 8944 2470 | 488b 4424 | f848 ff74 | 2438 488f | 8424 8000 | 0000 4c8b | 5424 408b | 5c24 5844 
  0x000002c5c1bbe734: 8b4c 2430 | ba45 ffff | ff4c 8954 | 2438 4489 | 5c24 484c | 8954 2450 | 4489 4c24 | 5889 5c24 
  0x000002c5c1bbe754: 5c66 6690 

  0x000002c5c1bbe758: ;   {runtime_call UncommonTrapBlob}
  0x000002c5c1bbe758: c5f8 77e8 

  0x000002c5c1bbe75c: ; ImmutableOopMap {rbp=NarrowOop [56]=Oop [80]=Oop [104]=Oop [112]=NarrowOop [128]=Oop }
                      ;*ifnonnull {reexecute=1 rethrow=0 return_oop=0}
                      ; - (reexecute) java.io.BufferedInputStream::getBufIfOpen@46
                      ; - java.io.BufferedInputStream::getBufIfOpen@2
                      ; - java.io.BufferedInputStream::read1@93
                      ; - java.io.BufferedInputStream::implRead@48
                      ; - java.io.BufferedInputStream::read@18
                      ; - com.google.common.io.CountingInputStream::read@7 (line 63)
                      ; - java.io.DataInputStream::read@7
                      ; - org.gradle.internal.io.StreamByteBuffer$StreamByteBufferChunk::readFrom@10 (line 384)
  0x000002c5c1bbe75c: 205c 6bff 

  0x000002c5c1bbe760: ;   {other}
  0x000002c5c1bbe760: 0f1f 8400 | d01c 0023 | ba45 ffff | ff4c 8954 | 2438 4c89 | 5424 4044 | 894c 244c 

  0x000002c5c1bbe77c: ;   {runtime_call UncommonTrapBlob}
  0x000002c5c1bbe77c: c5f8 77e8 

  0x000002c5c1bbe780: ; ImmutableOopMap {rbp=NarrowOop [56]=Oop [64]=Oop [104]=Oop [112]=NarrowOop [128]=Oop }
                      ;*ifnonnull {reexecute=1 rethrow=0 return_oop=0}
                      ; - (reexecute) java.io.BufferedInputStream::ensureOpen@4
                      ; - java.io.BufferedInputStream::implRead@1
                      ; - java.io.BufferedInputStream::read@54
                      ; - com.google.common.io.CountingInputStream::read@7 (line 63)
                      ; - java.io.DataInputStream::read@7
                      ; - org.gradle.internal.io.StreamByteBuffer$StreamByteBufferChunk::readFrom@10 (line 384)
  0x000002c5c1bbe780: fc5b 6bff 

  0x000002c5c1bbe784: ;   {other}
  0x000002c5c1bbe784: 0f1f 8400 | f41c 0024 | ba45 ffff | ff4c 8954 | 2438 6690 

  0x000002c5c1bbe798: ;   {runtime_call UncommonTrapBlob}
  0x000002c5c1bbe798: c5f8 77e8 

  0x000002c5c1bbe79c: ; ImmutableOopMap {[56]=Oop [104]=Oop [128]=Oop }
                      ;*ifge {reexecute=1 rethrow=0 return_oop=0}
                      ; - (reexecute) java.io.BufferedInputStream::implRead@18
                      ; - java.io.BufferedInputStream::read@54
                      ; - com.google.common.io.CountingInputStream::read@7 (line 63)
                      ; - java.io.DataInputStream::read@7
                      ; - org.gradle.internal.io.StreamByteBuffer$StreamByteBufferChunk::readFrom@10 (line 384)
  0x000002c5c1bbe79c: e05b 6bff 

  0x000002c5c1bbe7a0: ;   {other}
  0x000002c5c1bbe7a0: 0f1f 8400 | 101d 0025 | ba45 ffff | ff48 8b6c | 2468 4c89 | 5424 3090 

  0x000002c5c1bbe7b8: ;   {runtime_call UncommonTrapBlob}
  0x000002c5c1bbe7b8: c5f8 77e8 

  0x000002c5c1bbe7bc: ; ImmutableOopMap {rbp=Oop [48]=Oop [128]=Oop }
                      ;*ifne {reexecute=1 rethrow=0 return_oop=0}
                      ; - (reexecute) java.io.BufferedInputStream::implRead@30
                      ; - java.io.BufferedInputStream::read@54
                      ; - com.google.common.io.CountingInputStream::read@7 (line 63)
                      ; - java.io.DataInputStream::read@7
                      ; - org.gradle.internal.io.StreamByteBuffer$StreamByteBufferChunk::readFrom@10 (line 384)
  0x000002c5c1bbe7bc: c05b 6bff 

  0x000002c5c1bbe7c0: ;   {other}
  0x000002c5c1bbe7c0: 0f1f 8400 | 301d 0026 | c4c1 797e | c1ba 45ff | ffff 4c89 | 5424 384c | 8954 2440 | 4489 5c24 
  0x000002c5c1bbe7e0: 5044 894c | 2460 895c | 2464 6690 

  0x000002c5c1bbe7ec: ;   {runtime_call UncommonTrapBlob}
  0x000002c5c1bbe7ec: c5f8 77e8 

  0x000002c5c1bbe7f0: ; ImmutableOopMap {rbp=NarrowOop [56]=Oop [64]=Oop [104]=Oop [112]=NarrowOop [128]=Oop }
                      ;*ifnonnull {reexecute=1 rethrow=0 return_oop=0}
                      ; - (reexecute) java.io.BufferedInputStream::getBufIfOpen@46
                      ; - java.io.BufferedInputStream::getBufIfOpen@2
                      ; - java.io.BufferedInputStream::read1@93
                      ; - java.io.BufferedInputStream::implRead@48
                      ; - java.io.BufferedInputStream::read@54
                      ; - com.google.common.io.CountingInputStream::read@7 (line 63)
                      ; - java.io.DataInputStream::read@7
                      ; - org.gradle.internal.io.StreamByteBuffer$StreamByteBufferChunk::readFrom@10 (line 384)
  0x000002c5c1bbe7f0: 8c5b 6bff 

  0x000002c5c1bbe7f4: ;   {other}
  0x000002c5c1bbe7f4: 0f1f 8400 | 641d 0027 | 458b 4210 | 4181 f800 | 0010 000f | 871b 0b00 | 0049 63c8 | 4181 f800 
  0x000002c5c1bbe814: 0010 000f | 872f 0900 | 004d 8baf | b801 0000 | 4883 c117 | 488b f948 | 83e7 f849 | 8bf5 4803 
  0x000002c5c1bbe834: f749 3bb7 | c801 0000 | 0f83 0a09 | 0000 4989 | b7b8 0100 | 000f 1886 | 0001 0000 | 49c7 4500 
  0x000002c5c1bbe854: 0100 0000 | 0f18 8640 

  0x000002c5c1bbe85c: ;   {metadata({type array byte})}
  0x000002c5c1bbe85c: 0100 0041 | c745 0818 | 2300 0045 | 8945 0c0f | 1886 8001 | 0000 498b | fd48 83c7 | 1048 c1e9 
  0x000002c5c1bbe87c: 0348 83c1 | fe48 33c0 | 4883 f908 | 7f10 48ff | c978 4f48 | 8904 cf48 | ffc9 7df7 | eb44 c5fd 
  0x000002c5c1bbe89c: efc0 e90d | 0000 00c5 | fe7f 07c5 | fe7f 4720 | 4883 c740 | 4883 e908 | 7ded 4883 | c104 7c0c 
  0x000002c5c1bbe8bc: c5fe 7f07 | 4883 c720 | 4883 e904 | 4883 c104 | 7e10 48ff | c9c5 f9d6 | 0748 83c7 | 0848 ffc9 
  0x000002c5c1bbe8dc: 7df3 4180 | 7f40 000f | 85e3 0500 | 0049 8bcd 

  0x000002c5c1bbe8ec: ;   {oop([B{0x00000000c05505b8})}
  0x000002c5c1bbe8ec: b8b8 0555 | c04c 8b84 | 2488 0000 | 00f0 410f | b108 400f | 94c6 400f | b6f6 85f6 | 7429 498b 
  0x000002c5c1bbe90c: cd49 33c8 | 48c1 e914 | 4885 c974 | 1a49 c1e8 | 0948 b900 | 0036 c9c5 | 0200 0049 | 03c8 8039 
  0x000002c5c1bbe92c: 020f 85c6 | 0500 0085 | f60f 8524 | efff ff4c | 8b84 2488 | 0000 0041 | 8b28 85ed | 0f84 fe04 
  0x000002c5c1bbe94c: 0000 4c8b | ede9 09ef | ffff 458b | 4210 4181 | f800 0010 | 000f 8745 | 0a00 0049 | 63c8 4181 
  0x000002c5c1bbe96c: f800 0010 | 000f 87d4 | 0800 004d | 8bb7 b801 | 0000 4883 | c117 488b | f948 83e7 | f849 8bf6 
  0x000002c5c1bbe98c: 4803 f749 | 3bb7 c801 | 0000 0f83 | af08 0000 | 4989 b7b8 | 0100 000f | 1886 0001 | 0000 49c7 
  0x000002c5c1bbe9ac: 0601 0000 | 000f 1886 | 4001 0000 

  0x000002c5c1bbe9b8: ;   {metadata({type array byte})}
  0x000002c5c1bbe9b8: 41c7 4608 | 1823 0000 | 4589 460c | 0f18 8680 | 0100 0049 | 8bfe 4883 | c710 48c1 | e903 4883 
  0x000002c5c1bbe9d8: c1fe 4833 | c048 83f9 | 087f 1048 | ffc9 784f | 4889 04cf | 48ff c97d | f7eb 44c5 | fdef c0e9 
  0x000002c5c1bbe9f8: 0d00 0000 | c5fe 7f07 | c5fe 7f47 | 2048 83c7 | 4048 83e9 | 087d ed48 | 83c1 047c | 0cc5 fe7f 
  0x000002c5c1bbea18: 0748 83c7 | 2048 83e9 | 0448 83c1 | 047e 1048 | ffc9 c5f9 | d607 4883 | c708 48ff | c97d f341 
  0x000002c5c1bbea38: 807f 4000 | 0f85 5a05 | 0000 4d8b 

  0x000002c5c1bbea44: ;   {oop([B{0x00000000c05505b8})}
  0x000002c5c1bbea44: c6b8 b805 | 55c0 488b | 8c24 8800 | 0000 f044 | 0fb1 0140 | 0f94 c640 | 0fb6 f685 | f674 3149 
  0x000002c5c1bbea64: 8bce 4c8b | 8424 8800 | 0000 4933 | c848 c1e9 | 1448 85c9 | 741a 49c1 | e809 48b9 | 0000 36c9 
  0x000002c5c1bbea84: c502 0000 | 4903 c880 | 3902 0f85 | 3505 0000 | 85f6 0f85 | 27ef ffff | 4c8b 8424 | 8800 0000 
  0x000002c5c1bbeaa4: 418b 2885 | ed0f 84e1 | 0300 004c | 8bf5 e90c | efff ff4d | 8b57 284d | 85d2 0f84 | b305 0000 
  0x000002c5c1bbeac4: 4d8b 5f38 

  0x000002c5c1bbeac8: ;   {oop([B{0x00000000c05505b8})}
  0x000002c5c1bbeac8: 49b9 b805 | 55c0 0000 | 0000 4f89 | 4c13 f849 | 83c2 f84d | 8957 28e9 | 46f2 ffff | 498b f04d 
  0x000002c5c1bbeae8: 8b57 484d | 8b5f 58f0 | 8344 24c0 | 0080 3900 | 7432 4488 | 214d 85d2 | 740f 4b89 | 4c13 f849 
  0x000002c5c1bbeb08: 83c2 f84d | 8957 48eb | 1b49 8bd7 | c5f8 7749 | ba00 a49e | 36fb 7f00 | 0041 ffd2 

  0x000002c5c1bbeb24: ;   {other}
  0x000002c5c1bbeb24: 0f1f 8400 | 0000 0000 | 4c8b c6e9 | 44f2 ffff | 418b c1e9 | 1ff7 ffff | 4d8b 4728 | 4d85 c00f 
  0x000002c5c1bbeb44: 8466 0500 | 004d 8b4f 

  0x000002c5c1bbeb4c: ;   {oop([B{0x00000000c05505b8})}
  0x000002c5c1bbeb4c: 3848 b9b8 | 0555 c000 | 0000 004b | 894c 01f8 | 4983 c0f8 | 4d89 4728 | e905 f4ff | ff4d 8b47 
  0x000002c5c1bbeb6c: 484d 8b4f | 58f0 8344 | 24c0 0080 | 3900 0f84 | 40f4 ffff | 4488 214d | 85c0 7566 | 4889 7424 
  0x000002c5c1bbeb8c: 484c 8974 | 2440 8954 | 243c 895c | 2438 4c89 | 6c24 304c | 8954 2420 | c5f9 7ec5 | 418b f349 
  0x000002c5c1bbebac: 8bd7 c5f8 | 7749 ba00 | a49e 36fb | 7f00 0041 

  0x000002c5c1bbebbc: ;   {other}
  0x000002c5c1bbebbc: ffd2 0f1f | 8400 0000 | 0000 448b | dec5 f96e | c54c 8b54 | 2420 4c8b | 6c24 308b | 5c24 388b 
  0x000002c5c1bbebdc: 5424 3c4c | 8b74 2440 | 488b 7424 | 48e9 d2f3 | ffff 4b89 | 4c01 f849 | 83c0 f84d | 8947 48e9 
  0x000002c5c1bbebfc: c0f3 ffff | 418b c1e9 | 1bf8 ffff | 48ff 7424 | 2048 8f44 | 2468 48ff | 7424 3048 | 8f44 2478 
  0x000002c5c1bbec1c: 48ff 7424 | 3848 8f84 | 2480 0000 | 004c 8b54 | 2440 e9ac | e9ff ff48 | ff74 2468 | 488f 4424 
  0x000002c5c1bbec3c: 2044 895c | 2428 4889 | 4424 f88b | 4424 7089 | 4424 2c48 | 8b44 24f8 | 897c 2430 | 48ff 7424 
  0x000002c5c1bbec5c: 7848 8f44 | 2448 48ff | b424 8000 | 0000 488f | 4424 384c | 8954 2440 | 488b ac24 | 8800 0000 
  0x000002c5c1bbec7c: 4c89 6c24 | 5089 5424 | 3489 5c24 | 5848 8974 

  0x000002c5c1bbec8c: ;   {metadata({type array byte})}
  0x000002c5c1bbec8c: 2460 48ba | 1823 00ce | c502 0000 

  0x000002c5c1bbec98: ;   {runtime_call _new_array_Java}
  0x000002c5c1bbec98: c5f8 77e8 

  0x000002c5c1bbec9c: ; ImmutableOopMap {[32]=Oop [44]=NarrowOop [56]=Oop [64]=Oop rbp=Derived_oop_[64] [72]=Oop [96]=Oop }
                      ;*newarray {reexecute=0 rethrow=0 return_oop=1}
                      ; - java.io.BufferedInputStream::getBufIfOpen@20
                      ; - java.io.BufferedInputStream::getBufIfOpen@2
                      ; - java.io.BufferedInputStream::read1@93
                      ; - java.io.BufferedInputStream::implRead@48
                      ; - java.io.BufferedInputStream::read@18
                      ; - com.google.common.io.CountingInputStream::read@7 (line 63)
                      ; - java.io.DataInputStream::read@7
                      ; - org.gradle.internal.io.StreamByteBuffer$StreamByteBufferChunk::readFrom@10 (line 384)
  0x000002c5c1bbec9c: 60cc 6dff 

  0x000002c5c1bbeca0: ;   {other}
  0x000002c5c1bbeca0: 0f1f 8400 | 1022 0028 | 4c8b c8e9 | 6cf0 ffff | 4889 6c24 | 684c 8b54 | 2438 e9a3 | eaff ffc4 
  0x000002c5c1bbecc0: c179 7ec1 | 4c89 7424 | 5889 5424 | 5089 5c24 | 2c4c 896c | 2448 48ff | b424 8800 | 0000 488f 
  0x000002c5c1bbece0: 4424 404c | 8954 2438 | 48ff b424 | 8000 0000 | 488f 4424 | 3044 894c | 2428 4889 | 4424 f88b 
  0x000002c5c1bbed00: 4424 7089 | 4424 2448 | 8b44 24f8 | 4489 5c24 | 2048 8b6c 

  0x000002c5c1bbed14: ;   {metadata({type array byte})}
  0x000002c5c1bbed14: 2468 48ba | 1823 00ce | c502 0000 

  0x000002c5c1bbed20: ;   {runtime_call _new_array_Java}
  0x000002c5c1bbed20: c5f8 77e8 

  0x000002c5c1bbed24: ; ImmutableOopMap {rbp=Oop [36]=NarrowOop [48]=Oop [56]=Oop [136]=Derived_oop_[56] [64]=Derived_oop_[56] [88]=Oop }
                      ;*newarray {reexecute=0 rethrow=0 return_oop=1}
                      ; - java.io.BufferedInputStream::getBufIfOpen@20
                      ; - java.io.BufferedInputStream::getBufIfOpen@2
                      ; - java.io.BufferedInputStream::read1@93
                      ; - java.io.BufferedInputStream::implRead@48
                      ; - java.io.BufferedInputStream::read@54
                      ; - com.google.common.io.CountingInputStream::read@7 (line 63)
                      ; - java.io.DataInputStream::read@7
                      ; - org.gradle.internal.io.StreamByteBuffer$StreamByteBufferChunk::readFrom@10 (line 384)
  0x000002c5c1bbed24: d8cb 6dff 

  0x000002c5c1bbed28: ;   {other}
  0x000002c5c1bbed28: 0f1f 8400 | 9822 0029 | 4889 6c24 | 6844 8b5c | 2420 4889 | 4424 f88b | 4424 2489 | 4424 7048 
  0x000002c5c1bbed48: 8b44 24f8 | c5fa 1044 | 2428 48ff | 7424 3048 | 8f84 2480 | 0000 004c | 8b54 2438 | 4c8b 6c24 
  0x000002c5c1bbed68: 488b 5c24 | 2c8b 5424 | 504c 8b74 | 2458 488b | f0e9 e5f1 | ffff ba45 | ffff ff4c | 8954 2430 
  0x000002c5c1bbed88: 4489 4c24 | 3c48 897c | 2448 6690 

  0x000002c5c1bbed94: ;   {runtime_call UncommonTrapBlob}
  0x000002c5c1bbed94: c5f8 77e8 

  0x000002c5c1bbed98: ; ImmutableOopMap {[48]=Oop [72]=Oop [104]=Oop [112]=NarrowOop [128]=Oop }
                      ;*ifge {reexecute=1 rethrow=0 return_oop=0}
                      ; - (reexecute) java.util.concurrent.locks.ReentrantLock$NonfairSync::initialTryLock@36
                      ; - java.util.concurrent.locks.ReentrantLock$Sync::lock@1
                      ; - java.util.concurrent.locks.ReentrantLock::lock@4
                      ; - jdk.internal.misc.InternalLock::lock@4
                      ; - java.io.BufferedInputStream::read@11
                      ; - com.google.common.io.CountingInputStream::read@7 (line 63)
                      ; - java.io.DataInputStream::read@7
                      ; - org.gradle.internal.io.StreamByteBuffer$StreamByteBufferChunk::readFrom@10 (line 384)
  0x000002c5c1bbed98: e455 6bff 

  0x000002c5c1bbed9c: ;   {other}
  0x000002c5c1bbed9c: 0f1f 8400 | 0c23 002a | 48ff 7424 | 6848 8f44 | 2420 4c89 | 5424 3848 | 8944 24f8 | 8b44 245c 
  0x000002c5c1bbedbc: 8944 2444 | 488b 4424 | f844 895c | 2448 895c | 244c 4c89 | 5424 504c | 896c 2460 | 4489 7424 
  0x000002c5c1bbeddc: 6844 894c | 246c bacc | ffff ff90 

  0x000002c5c1bbede8: ;   {runtime_call UncommonTrapBlob}
  0x000002c5c1bbede8: c5f8 77e8 

  0x000002c5c1bbedec: ; ImmutableOopMap {[32]=Oop [56]=Oop [80]=Oop [96]=Oop [112]=NarrowOop [128]=Oop }
                      ;*invokestatic arraycopy {reexecute=0 rethrow=0 return_oop=0}
                      ; - java.io.BufferedInputStream::read1@104
                      ; - java.io.BufferedInputStream::implRead@48
                      ; - java.io.BufferedInputStream::read@18
                      ; - com.google.common.io.CountingInputStream::read@7 (line 63)
                      ; - java.io.DataInputStream::read@7
                      ; - org.gradle.internal.io.StreamByteBuffer$StreamByteBufferChunk::readFrom@10 (line 384)
  0x000002c5c1bbedec: 9055 6bff 

  0x000002c5c1bbedf0: ;   {other}
  0x000002c5c1bbedf0: 0f1f 8400 | 6023 002b | bacc ffff | ff48 ff74 | 2468 488f | 4424 204c | 8954 2438 | 4c89 5424 
  0x000002c5c1bbee10: 4044 895c | 2450 895c | 2454 4889 | 4424 f88b | 4424 7089 | 4424 6048 | 8b44 24f8 | 4c89 7424 
  0x000002c5c1bbee30: 6844 896c | 2470 4489 | 4c24 7490 

  0x000002c5c1bbee3c: ;   {runtime_call UncommonTrapBlob}
  0x000002c5c1bbee3c: c5f8 77e8 

  0x000002c5c1bbee40: ; ImmutableOopMap {[32]=Oop [56]=Oop [64]=Oop [96]=NarrowOop [104]=Oop [128]=Oop }
                      ;*invokestatic arraycopy {reexecute=0 rethrow=0 return_oop=0}
                      ; - java.io.BufferedInputStream::read1@104
                      ; - java.io.BufferedInputStream::implRead@48
                      ; - java.io.BufferedInputStream::read@54
                      ; - com.google.common.io.CountingInputStream::read@7 (line 63)
                      ; - java.io.DataInputStream::read@7
                      ; - org.gradle.internal.io.StreamByteBuffer$StreamByteBufferChunk::readFrom@10 (line 384)
  0x000002c5c1bbee40: 3c55 6bff 

  0x000002c5c1bbee44: ;   {other}
  0x000002c5c1bbee44: 0f1f 8400 | b423 002c | 4c89 5424 | 3848 8944 | 24f8 8b44 | 245c 8944 | 2444 488b | 4424 f844 
  0x000002c5c1bbee64: 895c 2448 | 895c 244c | 4c89 5424 | 5044 8974 | 245c 4489 | 4c24 60ba | 45ff ffff 

  0x000002c5c1bbee80: ;   {runtime_call UncommonTrapBlob}
  0x000002c5c1bbee80: c5f8 77e8 

  0x000002c5c1bbee84: ; ImmutableOopMap {rbp=NarrowOop [56]=Oop [80]=Oop [104]=Oop [112]=NarrowOop [128]=Oop }
                      ;*ifnonnull {reexecute=1 rethrow=0 return_oop=0}
                      ; - (reexecute) java.io.BufferedInputStream::getBufIfOpen@46
                      ; - java.io.BufferedInputStream::getBufIfOpen@2
                      ; - java.io.BufferedInputStream::read1@93
                      ; - java.io.BufferedInputStream::implRead@48
                      ; - java.io.BufferedInputStream::read@18
                      ; - com.google.common.io.CountingInputStream::read@7 (line 63)
                      ; - java.io.DataInputStream::read@7
                      ; - org.gradle.internal.io.StreamByteBuffer$StreamByteBufferChunk::readFrom@10 (line 384)
  0x000002c5c1bbee84: f854 6bff 

  0x000002c5c1bbee88: ;   {other}
  0x000002c5c1bbee88: 0f1f 8400 | f823 002d | ba45 ffff | ff48 ff74 | 2468 488f | 4424 204c | 8954 2438 | 4c89 5424 
  0x000002c5c1bbeea8: 4044 895c | 2450 895c | 2454 4489 | 6c24 6444 | 894c 2468 

  0x000002c5c1bbeebc: ;   {runtime_call UncommonTrapBlob}
  0x000002c5c1bbeebc: c5f8 77e8 

  0x000002c5c1bbeec0: ; ImmutableOopMap {rbp=NarrowOop [32]=Oop [56]=Oop [64]=Oop [112]=NarrowOop [128]=Oop }
                      ;*ifnonnull {reexecute=1 rethrow=0 return_oop=0}
                      ; - (reexecute) java.io.BufferedInputStream::getBufIfOpen@46
                      ; - java.io.BufferedInputStream::getBufIfOpen@2
                      ; - java.io.BufferedInputStream::read1@93
                      ; - java.io.BufferedInputStream::implRead@48
                      ; - java.io.BufferedInputStream::read@54
                      ; - com.google.common.io.CountingInputStream::read@7 (line 63)
                      ; - java.io.DataInputStream::read@7
                      ; - org.gradle.internal.io.StreamByteBuffer$StreamByteBufferChunk::readFrom@10 (line 384)
  0x000002c5c1bbeec0: bc54 6bff 

  0x000002c5c1bbeec4: ;   {other}
  0x000002c5c1bbeec4: 0f1f 8400 | 3424 002e | 4d8b 4728 | 4d85 c00f | 8457 0400 | 0049 8b4f 

  0x000002c5c1bbeedc: ;   {oop([B{0x00000000c05505b8})}
  0x000002c5c1bbeedc: 3848 bfb8 | 0555 c000 | 0000 004a | 897c 01f8 | 4983 c0f8 | 4d89 4728 | e9f0 f9ff | ff4d 8b47 
  0x000002c5c1bbeefc: 4849 8b7f | 58f0 8344 | 24c0 0080 | 3900 0f84 | 23fa ffff | 4488 214d | 85c0 7572 | 4c89 6c24 
  0x000002c5c1bbef1c: 5044 8974 | 244c 4489 | 4c24 4848 | ff74 2428 | 488f 4424 | 4089 5c24 | 3c89 5424 | 384c 8954 
  0x000002c5c1bbef3c: 2428 418b | fb49 8bd7 | c5f8 7749 | ba00 a49e | 36fb 7f00 | 0041 ffd2 

  0x000002c5c1bbef54: ;   {other}
  0x000002c5c1bbef54: 0f1f 8400 | 0000 0000 | 448b df4c | 8b54 2428 | 8b54 2438 | 8b5c 243c | 48ff 7424 | 4048 8f44 
  0x000002c5c1bbef74: 2428 448b | 4c24 4844 | 8b74 244c | 4c8b 6c24 | 50e9 a9f9 | ffff 4a89 | 4c07 f849 | 83c0 f84d 
  0x000002c5c1bbef94: 8947 48e9 | 97f9 ffff | 4d8b 4728 | 4d85 c00f | 840b 0400 | 0049 8b4f 

  0x000002c5c1bbefac: ;   {oop([B{0x00000000c05505b8})}
  0x000002c5c1bbefac: 3848 bfb8 | 0555 c000 | 0000 004a | 897c 01f8 | 4983 c0f8 | 4d89 4728 | e979 faff | ff4d 8b47 
  0x000002c5c1bbefcc: 4849 8b7f | 58f0 8344 | 24c0 0080 | 3900 0f84 | b4fa ffff | 4488 214d | 85c0 7572 | 4c89 7424 
  0x000002c5c1bbefec: 5044 896c | 2444 4489 | 4c24 4048 | ff74 2428 | 488f 4424 | 3889 5424 | 3489 5c24 | 304c 8954 
  0x000002c5c1bbf00c: 2420 418b | fb49 8bd7 | c5f8 7749 | ba00 a49e | 36fb 7f00 | 0041 ffd2 

  0x000002c5c1bbf024: ;   {other}
  0x000002c5c1bbf024: 0f1f 8400 | 0000 0000 | 448b df4c | 8b54 2420 | 8b5c 2430 | 8b54 2434 | 48ff 7424 | 3848 8f44 
  0x000002c5c1bbf044: 2428 448b | 4c24 4044 | 8b6c 2444 | 4c8b 7424 | 50e9 3afa | ffff 4a89 | 4c07 f849 | 83c0 f84d 
  0x000002c5c1bbf064: 8947 48e9 | 28fa ffff | 418b f949 | 63c8 e974 | ebff ff49 

  0x000002c5c1bbf078: ;   {oop([B{0x00000000c05505b8})}
  0x000002c5c1bbf078: 8bd8 48b9 | b805 55c0 | 0000 0000 | 498b d7c5 | f877 49ba | 20a4 9e36 | fb7f 0000 

  0x000002c5c1bbf094: ;   {other}
  0x000002c5c1bbf094: 41ff d20f | 1f84 0000 | 0000 004c | 8bc3 e983 | ecff ff49 | 63c8 e9e3 | edff ff48 | 8974 2440 
  0x000002c5c1bbf0b4: 4c89 7424 | 3889 5424 | 3489 5c24 | 304c 896c | 2428 4d8b | f2c4 c179 | 7ec5 418b 

  0x000002c5c1bbf0d0: ;   {oop([B{0x00000000c05505b8})}
  0x000002c5c1bbf0d0: f348 b9b8 | 0555 c000 | 0000 0049 | 8bd7 c5f8 | 7749 ba20 | a49e 36fb | 7f00 0041 

  0x000002c5c1bbf0ec: ;   {other}
  0x000002c5c1bbf0ec: ffd2 0f1f | 8400 0000 | 0000 448b | dec4 c179 | 6ec5 4d8b | d64c 8b6c | 2428 8b5c | 2430 8b54 
  0x000002c5c1bbf10c: 2434 4c8b | 7424 3848 | 8b74 2440 | e951 eeff | ff48 ff74 | 2420 488f | 4424 6848 | ff74 2430 
  0x000002c5c1bbf12c: 488f 4424 | 7848 ff74 | 2438 488f | 8424 8000 | 0000 4c8b | 5424 408b | 5c24 54e9 | 0ff1 ffff 
  0x000002c5c1bbf14c: 4489 7424 | 7444 894c | 2458 48ff | 7424 2848 | 8f44 2460 | 895c 2454 | 8954 2450 | 48ff b424 
  0x000002c5c1bbf16c: 8800 0000 | 488f 4424 | 484c 8954 | 2440 48ff | b424 8000 | 0000 488f | 4424 3848 | ff74 2478 
  0x000002c5c1bbf18c: 488f 4424 | 3048 8944 | 24f8 8b44 | 245c 8944 | 242c 488b | 4424 f841 | 8beb 48ff | 7424 6848 
  0x000002c5c1bbf1ac: 8f44 2420 

  0x000002c5c1bbf1b0: ;   {metadata({type array byte})}
  0x000002c5c1bbf1b0: 48ba 1823 | 00ce c502 | 0000 6690 

  0x000002c5c1bbf1bc: ;   {runtime_call _new_array_Java}
  0x000002c5c1bbf1bc: c5f8 77e8 

  0x000002c5c1bbf1c0: ; ImmutableOopMap {[32]=Oop [48]=Oop [56]=Oop [64]=Oop [72]=Derived_oop_[64] [96]=Oop [112]=NarrowOop }
                      ;*newarray {reexecute=0 rethrow=0 return_oop=1}
                      ; - java.io.BufferedInputStream::getBufIfOpen@20
                      ; - java.io.BufferedInputStream::getBufIfOpen@2
                      ; - java.io.BufferedInputStream::read1@93
                      ; - java.io.BufferedInputStream::implRead@48
                      ; - java.io.BufferedInputStream::read@18
                      ; - com.google.common.io.CountingInputStream::read@7 (line 63)
                      ; - java.io.DataInputStream::read@7
                      ; - org.gradle.internal.io.StreamByteBuffer$StreamByteBufferChunk::readFrom@10 (line 384)
  0x000002c5c1bbf1c0: 3cc7 6dff 

  0x000002c5c1bbf1c4: ;   {other}
  0x000002c5c1bbf1c4: 0f1f 8400 | 3427 002f | 48ff 7424 | 2048 8f44 | 2468 448b | dd48 8944 | 24f8 8b44 | 242c 8944 
  0x000002c5c1bbf1e4: 245c 488b | 4424 f848 | ff74 2430 | 488f 4424 | 7848 ff74 | 2438 488f | 8424 8000 | 0000 4c8b 
  0x000002c5c1bbf204: 5424 4048 | ff74 2448 | 488f 8424 | 8800 0000 | 8b54 2450 | 8b5c 2454 | 48ff 7424 | 6048 8f44 
  0x000002c5c1bbf224: 2428 448b | 4c24 5844 | 8b74 2474 | 4c8b e8e9 | a6f6 ffff | 4889 6c24 | 684c 8b54 | 2438 8b5c 
  0x000002c5c1bbf244: 242c e9d8 | f1ff ff44 | 896c 245c | 4489 4c24 | 5848 ff74 | 2428 488f | 4424 5089 | 5424 4889 
  0x000002c5c1bbf264: 5c24 2c4c | 8954 2438 | 48ff b424 | 8000 0000 | 488f 4424 | 3048 8944 | 24f8 8b44 | 244c 8944 
  0x000002c5c1bbf284: 2428 488b | 4424 f848 | 8944 24f8 | 8b44 2470 | 8944 2424 | 488b 4424 | f844 895c | 2420 488b 
  0x000002c5c1bbf2a4: ;   {metadata({type array byte})}
  0x000002c5c1bbf2a4: 6c24 6848 | ba18 2300 | cec5 0200 | 0066 6690 

  0x000002c5c1bbf2b4: ;   {runtime_call _new_array_Java}
  0x000002c5c1bbf2b4: c5f8 77e8 

  0x000002c5c1bbf2b8: ; ImmutableOopMap {rbp=Oop [36]=NarrowOop [48]=Oop [56]=Oop [136]=Derived_oop_[56] [80]=Oop }
                      ;*newarray {reexecute=0 rethrow=0 return_oop=1}
                      ; - java.io.BufferedInputStream::getBufIfOpen@20
                      ; - java.io.BufferedInputStream::getBufIfOpen@2
                      ; - java.io.BufferedInputStream::read1@93
                      ; - java.io.BufferedInputStream::implRead@48
                      ; - java.io.BufferedInputStream::read@54
                      ; - com.google.common.io.CountingInputStream::read@7 (line 63)
                      ; - java.io.DataInputStream::read@7
                      ; - org.gradle.internal.io.StreamByteBuffer$StreamByteBufferChunk::readFrom@10 (line 384)
  0x000002c5c1bbf2b8: 44c6 6dff 

  0x000002c5c1bbf2bc: ;   {other}
  0x000002c5c1bbf2bc: 0f1f 8400 | 2c28 0030 | 4889 6c24 | 6844 8b5c | 2420 4889 | 4424 f88b | 4424 2489 | 4424 7048 
  0x000002c5c1bbf2dc: 8b44 24f8 | 4889 4424 | f88b 4424 | 2889 4424 | 4c48 8b44 | 24f8 48ff | 7424 3048 | 8f84 2480 
  0x000002c5c1bbf2fc: 0000 004c | 8b54 2438 | 8b5c 242c | 8b54 2448 | 48ff 7424 | 5048 8f44 | 2428 448b | 4c24 5844 
  0x000002c5c1bbf31c: 8b6c 245c | 4c8b f0e9 | 0ff7 ffff | 4963 c8e9 | e0f4 ffff | 4c89 6c24 | 4844 8974 | 2444 4489 
  0x000002c5c1bbf33c: 4c24 4048 | ff74 2428 | 488f 4424 | 3889 5c24 | 3489 5424 | 304c 8954 | 2420 418b 

  0x000002c5c1bbf358: ;   {oop([B{0x00000000c05505b8})}
  0x000002c5c1bbf358: f348 b9b8 | 0555 c000 | 0000 0049 | 8bd7 c5f8 | 7749 ba20 | a49e 36fb | 7f00 0041 

  0x000002c5c1bbf374: ;   {other}
  0x000002c5c1bbf374: ffd2 0f1f | 8400 0000 | 0000 448b | de4c 8b54 | 2420 8b54 | 2430 8b5c | 2434 48ff | 7424 3848 
  0x000002c5c1bbf394: 8f44 2428 | 448b 4c24 | 4044 8b74 | 2444 4c8b | 6c24 48e9 | 3df5 ffff | 4963 c8e9 | b6f5 ffff 
  0x000002c5c1bbf3b4: 4c89 7424 | 4044 896c | 243c 4489 | 4c24 3848 | ff74 2428 | 488f 4424 | 3089 5424 | 2c89 5c24 
  0x000002c5c1bbf3d4: 284d 8bf2 

  0x000002c5c1bbf3d8: ;   {oop([B{0x00000000c05505b8})}
  0x000002c5c1bbf3d8: 418b f348 | b9b8 0555 | c000 0000 | 0049 8bd7 | c5f8 7749 | ba20 a49e | 36fb 7f00 | 0041 ffd2 
  0x000002c5c1bbf3f8: ;   {other}
  0x000002c5c1bbf3f8: 0f1f 8400 | 0000 0000 | 448b de4d | 8bd6 8b5c | 2428 8b54 | 242c 48ff | 7424 3048 | 8f44 2428 
  0x000002c5c1bbf418: 448b 4c24 | 3844 8b6c | 243c 4c8b | 7424 40e9 | 16f6 ffff | baf6 ffff | ff8b 6c24 | 7044 894c 
  0x000002c5c1bbf438: 2420 6690 

  0x000002c5c1bbf43c: ;   {runtime_call UncommonTrapBlob}
  0x000002c5c1bbf43c: c5f8 77e8 

  0x000002c5c1bbf440: ; ImmutableOopMap {rbp=NarrowOop }
                      ;*invokevirtual read {reexecute=0 rethrow=0 return_oop=0}
                      ; - org.gradle.internal.io.StreamByteBuffer$StreamByteBufferChunk::readFrom@10 (line 384)
  0x000002c5c1bbf440: 3c4f 6bff 

  0x000002c5c1bbf444: ;   {other}
  0x000002c5c1bbf444: 0f1f 8400 | b429 0031 | baf6 ffff | ff8b 6c24 | 7044 894c | 2420 6690 

  0x000002c5c1bbf45c: ;   {runtime_call UncommonTrapBlob}
  0x000002c5c1bbf45c: c5f8 77e8 

  0x000002c5c1bbf460: ; ImmutableOopMap {rbp=NarrowOop }
                      ;*invokevirtual read {reexecute=0 rethrow=0 return_oop=0}
                      ; - java.io.DataInputStream::read@7
                      ; - org.gradle.internal.io.StreamByteBuffer$StreamByteBufferChunk::readFrom@10 (line 384)
  0x000002c5c1bbf460: 1c4f 6bff 

  0x000002c5c1bbf464: ;   {other}
  0x000002c5c1bbf464: 0f1f 8400 | d429 0032 | baf6 ffff | ff8b 6c24 | 7044 894c | 2420 6690 

  0x000002c5c1bbf47c: ;   {runtime_call UncommonTrapBlob}
  0x000002c5c1bbf47c: c5f8 77e8 

  0x000002c5c1bbf480: ; ImmutableOopMap {rbp=NarrowOop }
                      ;*invokevirtual read {reexecute=0 rethrow=0 return_oop=0}
                      ; - com.google.common.io.CountingInputStream::read@7 (line 63)
                      ; - java.io.DataInputStream::read@7
                      ; - org.gradle.internal.io.StreamByteBuffer$StreamByteBufferChunk::readFrom@10 (line 384)
  0x000002c5c1bbf480: fc4e 6bff 

  0x000002c5c1bbf484: ;   {other}
  0x000002c5c1bbf484: 0f1f 8400 | f429 0033 | baf6 ffff | ff48 8b6c | 2468 4c89 | 5424 2844 | 894c 2434 

  0x000002c5c1bbf4a0: ;   {runtime_call UncommonTrapBlob}
  0x000002c5c1bbf4a0: c5f8 77e8 

  0x000002c5c1bbf4a4: ; ImmutableOopMap {rbp=Oop [40]=Oop [112]=NarrowOop [128]=Oop }
                      ;*invokevirtual lock {reexecute=0 rethrow=0 return_oop=0}
                      ; - jdk.internal.misc.InternalLock::lock@4
                      ; - java.io.BufferedInputStream::read@11
                      ; - com.google.common.io.CountingInputStream::read@7 (line 63)
                      ; - java.io.DataInputStream::read@7
                      ; - org.gradle.internal.io.StreamByteBuffer$StreamByteBufferChunk::readFrom@10 (line 384)
  0x000002c5c1bbf4a4: d84e 6bff 

  0x000002c5c1bbf4a8: ;   {other}
  0x000002c5c1bbf4a8: 0f1f 8400 | 182a 0034 | baf6 ffff | ff48 8b6c | 2468 4c89 | 5424 2844 | 894c 2434 

  0x000002c5c1bbf4c4: ;   {runtime_call UncommonTrapBlob}
  0x000002c5c1bbf4c4: c5f8 77e8 

  0x000002c5c1bbf4c8: ; ImmutableOopMap {rbp=Oop [40]=Oop [112]=NarrowOop [128]=Oop }
                      ;*invokevirtual lock {reexecute=0 rethrow=0 return_oop=0}
                      ; - java.util.concurrent.locks.ReentrantLock::lock@4
                      ; - jdk.internal.misc.InternalLock::lock@4
                      ; - java.io.BufferedInputStream::read@11
                      ; - com.google.common.io.CountingInputStream::read@7 (line 63)
                      ; - java.io.DataInputStream::read@7
                      ; - org.gradle.internal.io.StreamByteBuffer$StreamByteBufferChunk::readFrom@10 (line 384)
  0x000002c5c1bbf4c8: b44e 6bff 

  0x000002c5c1bbf4cc: ;   {other}
  0x000002c5c1bbf4cc: 0f1f 8400 | 3c2a 0035 | baf6 ffff | ff4c 8954 | 2428 6690 

  0x000002c5c1bbf4e0: ;   {runtime_call UncommonTrapBlob}
  0x000002c5c1bbf4e0: c5f8 77e8 

  0x000002c5c1bbf4e4: ; ImmutableOopMap {[40]=Oop [104]=Oop [128]=Oop }
                      ;*arraylength {reexecute=0 rethrow=0 return_oop=0}
                      ; - java.io.BufferedInputStream::implRead@12
                      ; - java.io.BufferedInputStream::read@18
                      ; - com.google.common.io.CountingInputStream::read@7 (line 63)
                      ; - java.io.DataInputStream::read@7
                      ; - org.gradle.internal.io.StreamByteBuffer$StreamByteBufferChunk::readFrom@10 (line 384)
  0x000002c5c1bbf4e4: 984e 6bff 

  0x000002c5c1bbf4e8: ;   {other}
  0x000002c5c1bbf4e8: 0f1f 8400 | 582a 0036 | baf6 ffff | ff89 5c24 | 2866 6690 

  0x000002c5c1bbf4fc: ;   {runtime_call UncommonTrapBlob}
  0x000002c5c1bbf4fc: c5f8 77e8 

  0x000002c5c1bbf500: ; ImmutableOopMap {[104]=Oop [128]=Oop }
                      ;*invokevirtual unlock {reexecute=0 rethrow=0 return_oop=0}
                      ; - java.io.BufferedInputStream::read@27
                      ; - com.google.common.io.CountingInputStream::read@7 (line 63)
                      ; - java.io.DataInputStream::read@7
                      ; - org.gradle.internal.io.StreamByteBuffer$StreamByteBufferChunk::readFrom@10 (line 384)
  0x000002c5c1bbf500: 7c4e 6bff 

  0x000002c5c1bbf504: ;   {other}
  0x000002c5c1bbf504: 0f1f 8400 | 742a 0037 | baf6 ffff | ff89 5c24 | 2866 6690 

  0x000002c5c1bbf518: ;   {runtime_call UncommonTrapBlob}
  0x000002c5c1bbf518: c5f8 77e8 

  0x000002c5c1bbf51c: ; ImmutableOopMap {[104]=Oop [128]=Oop }
                      ;*invokevirtual unlock {reexecute=0 rethrow=0 return_oop=0}
                      ; - jdk.internal.misc.InternalLock::unlock@4
                      ; - java.io.BufferedInputStream::read@27
                      ; - com.google.common.io.CountingInputStream::read@7 (line 63)
                      ; - java.io.DataInputStream::read@7
                      ; - org.gradle.internal.io.StreamByteBuffer$StreamByteBufferChunk::readFrom@10 (line 384)
  0x000002c5c1bbf51c: 604e 6bff 

  0x000002c5c1bbf520: ;   {other}
  0x000002c5c1bbf520: 0f1f 8400 | 902a 0038 | baf6 ffff | ff89 5c24 | 2866 6690 

  0x000002c5c1bbf534: ;   {runtime_call UncommonTrapBlob}
  0x000002c5c1bbf534: c5f8 77e8 

  0x000002c5c1bbf538: ; ImmutableOopMap {[104]=Oop [128]=Oop }
                      ;*invokevirtual release {reexecute=0 rethrow=0 return_oop=0}
                      ; - java.util.concurrent.locks.ReentrantLock::unlock@5
                      ; - jdk.internal.misc.InternalLock::unlock@4
                      ; - java.io.BufferedInputStream::read@27
                      ; - com.google.common.io.CountingInputStream::read@7 (line 63)
                      ; - java.io.DataInputStream::read@7
                      ; - org.gradle.internal.io.StreamByteBuffer$StreamByteBufferChunk::readFrom@10 (line 384)
  0x000002c5c1bbf538: 444e 6bff 

  0x000002c5c1bbf53c: ;   {other}
  0x000002c5c1bbf53c: 0f1f 8400 | ac2a 0039 | baf6 ffff | ff48 8b6c | 2468 4c89 | 5424 3090 

  0x000002c5c1bbf554: ;   {runtime_call UncommonTrapBlob}
  0x000002c5c1bbf554: c5f8 77e8 

  0x000002c5c1bbf558: ; ImmutableOopMap {rbp=Oop [48]=Oop [128]=Oop }
                      ;*arraylength {reexecute=0 rethrow=0 return_oop=0}
                      ; - java.io.BufferedInputStream::implRead@12
                      ; - java.io.BufferedInputStream::read@54
                      ; - com.google.common.io.CountingInputStream::read@7 (line 63)
                      ; - java.io.DataInputStream::read@7
                      ; - org.gradle.internal.io.StreamByteBuffer$StreamByteBufferChunk::readFrom@10 (line 384)
  0x000002c5c1bbf558: 244e 6bff 

  0x000002c5c1bbf55c: ;   {other}
  0x000002c5c1bbf55c: 0f1f 8400 | cc2a 003a | baf6 ffff | ff48 8b6c | 2420 6690 

  0x000002c5c1bbf570: ;   {runtime_call UncommonTrapBlob}
  0x000002c5c1bbf570: c5f8 77e8 

  0x000002c5c1bbf574: ; ImmutableOopMap {rbp=Oop [56]=Oop [64]=Oop }
                      ;*arraylength {reexecute=0 rethrow=0 return_oop=0}
                      ; - java.io.BufferedInputStream::read1@21
                      ; - java.io.BufferedInputStream::implRead@48
                      ; - java.io.BufferedInputStream::read@18
                      ; - com.google.common.io.CountingInputStream::read@7 (line 63)
                      ; - java.io.DataInputStream::read@7
                      ; - org.gradle.internal.io.StreamByteBuffer$StreamByteBufferChunk::readFrom@10 (line 384)
  0x000002c5c1bbf574: 084e 6bff 

  0x000002c5c1bbf578: ;   {other}
  0x000002c5c1bbf578: 0f1f 8400 | e82a 003b | baf6 ffff | ff4c 8b54 | 2438 4c89 | 5424 3090 

  0x000002c5c1bbf590: ;   {runtime_call UncommonTrapBlob}
  0x000002c5c1bbf590: c5f8 77e8 

  0x000002c5c1bbf594: ; ImmutableOopMap {rbp=Oop [48]=Oop [56]=Oop [128]=Oop }
                      ;*arraylength {reexecute=0 rethrow=0 return_oop=0}
                      ; - java.io.BufferedInputStream::read1@21
                      ; - java.io.BufferedInputStream::implRead@48
                      ; - java.io.BufferedInputStream::read@54
                      ; - com.google.common.io.CountingInputStream::read@7 (line 63)
                      ; - java.io.DataInputStream::read@7
                      ; - org.gradle.internal.io.StreamByteBuffer$StreamByteBufferChunk::readFrom@10 (line 384)
  0x000002c5c1bbf594: e84d 6bff 

  0x000002c5c1bbf598: ;   {other}
  0x000002c5c1bbf598: 0f1f 8400 | 082b 003c | baf6 ffff | ff48 8b6c | 2420 6690 

  0x000002c5c1bbf5ac: ;   {runtime_call UncommonTrapBlob}
  0x000002c5c1bbf5ac: c5f8 77e8 

  0x000002c5c1bbf5b0: ; ImmutableOopMap {rbp=Oop [56]=Oop [64]=Oop }
                      ;*arraylength {reexecute=0 rethrow=0 return_oop=0}
                      ; - java.io.BufferedInputStream::read1@21
                      ; - java.io.BufferedInputStream::implRead@48
                      ; - java.io.BufferedInputStream::read@18
                      ; - com.google.common.io.CountingInputStream::read@7 (line 63)
                      ; - java.io.DataInputStream::read@7
                      ; - org.gradle.internal.io.StreamByteBuffer$StreamByteBufferChunk::readFrom@10 (line 384)
  0x000002c5c1bbf5b0: cc4d 6bff 

  0x000002c5c1bbf5b4: ;   {other}
  0x000002c5c1bbf5b4: 0f1f 8400 | 242b 003d | baf6 ffff | ff4c 8b54 | 2438 4c89 | 5424 3090 

  0x000002c5c1bbf5cc: ;   {runtime_call UncommonTrapBlob}
  0x000002c5c1bbf5cc: c5f8 77e8 

  0x000002c5c1bbf5d0: ; ImmutableOopMap {rbp=Oop [48]=Oop [56]=Oop [128]=Oop }
                      ;*arraylength {reexecute=0 rethrow=0 return_oop=0}
                      ; - java.io.BufferedInputStream::read1@21
                      ; - java.io.BufferedInputStream::implRead@48
                      ; - java.io.BufferedInputStream::read@54
                      ; - com.google.common.io.CountingInputStream::read@7 (line 63)
                      ; - java.io.DataInputStream::read@7
                      ; - org.gradle.internal.io.StreamByteBuffer$StreamByteBufferChunk::readFrom@10 (line 384)
  0x000002c5c1bbf5d0: ac4d 6bff 

  0x000002c5c1bbf5d4: ;   {other}
  0x000002c5c1bbf5d4: 0f1f 8400 | 442b 003e | 488b d8eb | 77eb 2c48 | 8bd8 eb70 | e938 0100 | 0048 8bd8 | e95a 0100 
  0x000002c5c1bbf5f4: 0048 8bd8 | eb5e 488b | d8eb 59eb | 0eeb 0c48 | 8bd8 eb50 | 488b d8eb | 4beb 0048 | 8be8 e911 
  0x000002c5c1bbf614: 0100 0048 | 8bd8 e930 | 0100 0048 | 8bd8 eb34 | 488b d8eb | 2fe9 f700 | 0000 e9f2 | 0000 0048 
  0x000002c5c1bbf634: 8bd8 e914 | 0100 0048 | 8bd8 e90c | 0100 0048 | 8bd8 eb10 | 488b e8e9 | d800 0000 | 488b d8eb 
  0x000002c5c1bbf654: 0348 8bd8 | 4c8b 5c24 | 3848 8d84 | 2490 0000 | 0048 8338 | 000f 8479 | 0000 004d | 8b13 41f6 
  0x000002c5c1bbf674: c202 0f84 | 6200 0000 | 4983 ba86 | 0000 0000 | 7409 49ff | 8a86 0000 | 00eb 4b49 | 8b82 9600 
  0x000002c5c1bbf694: 0000 490b | 828e 0000 | 0075 0a49 | c742 3e00 | 0000 00eb | 3d49 83ba | 9e00 0000 | 0074 2248 
  0x000002c5c1bbf6b4: 33c0 49c7 | 423e 0000 | 0000 f083 | 0424 0049 | 83ba 9e00 | 0000 0075 | 0df0 4d0f 

  0x000002c5c1bbf6d0: ;   {no_reloc}
  0x000002c5c1bbf6d0: b17a 3e75 | 0583 c801 | eb0c a800 | eb08 4c8b | 10f0 4d0f | b113 750a | 49ff 8f50 | 0500 0045 
  0x000002c5c1bbf6f0: 33d2 745b | 488b 4c24 | 3848 8d94 | 2490 0000 | 004d 8bc7 | c5f8 7749 | ba40 d9df | 36fb 7f00 
  0x000002c5c1bbf710: 0041 ffd2 

  0x000002c5c1bbf714: ;   {other}
  0x000002c5c1bbf714: 0f1f 8400 | 0000 0000 | eb31 488b | d0eb 2feb | 0048 8be8 | 4c8b 5424 | 4045 8b5a | 2445 85db 
  0x000002c5c1bbf734: 742c 498b | d366 6690 

  0x000002c5c1bbf73c: ;   {optimized virtual_call}
  0x000002c5c1bbf73c: c5f8 77e8 

  0x000002c5c1bbf740: ; ImmutableOopMap {rbp=Oop [32]=Oop [56]=Oop }
                      ;*invokevirtual unlock {reexecute=0 rethrow=0 return_oop=0}
                      ; - java.io.BufferedInputStream::read@39
                      ; - com.google.common.io.CountingInputStream::read@7 (line 63)
                      ; - java.io.DataInputStream::read@7
                      ; - org.gradle.internal.io.StreamByteBuffer$StreamByteBufferChunk::readFrom@10 (line 384)
  0x000002c5c1bbf740: 3cf3 6aff 

  0x000002c5c1bbf744: ;   {other}
  0x000002c5c1bbf744: 0f1f 8400 | b42c 003f | 488b dd48 | 8bd3 c5f8 | 7748 81c4 | a000 0000 

  0x000002c5c1bbf75c: ;   {runtime_call _rethrow_Java}
  0x000002c5c1bbf75c: 5de9 9e24 | 6eff baf6 | ffff ff90 

  0x000002c5c1bbf768: ;   {runtime_call UncommonTrapBlob}
  0x000002c5c1bbf768: c5f8 77e8 

  0x000002c5c1bbf76c: ; ImmutableOopMap {rbp=Oop [32]=Oop [56]=Oop }
                      ;*invokevirtual unlock {reexecute=0 rethrow=0 return_oop=0}
                      ; - java.io.BufferedInputStream::read@39
                      ; - com.google.common.io.CountingInputStream::read@7 (line 63)
                      ; - java.io.DataInputStream::read@7
                      ; - org.gradle.internal.io.StreamByteBuffer$StreamByteBufferChunk::readFrom@10 (line 384)
  0x000002c5c1bbf76c: 104c 6bff 

  0x000002c5c1bbf770: ;   {other}
  0x000002c5c1bbf770: 0f1f 8400 | e02c 0040 

  0x000002c5c1bbf778: ;   {internal_word}
  0x000002c5c1bbf778: 49ba 47d1 | bbc1 c502 | 0000 4d89 | 9768 0400 

  0x000002c5c1bbf788: ;   {runtime_call SafepointBlob}
  0x000002c5c1bbf788: 00e9 f25c 

  0x000002c5c1bbf78c: ;   {runtime_call StubRoutines (final stubs)}
  0x000002c5c1bbf78c: 6bff e80d | 6d69 ffe9 | c6d6 ffff 
[Stub Code]
  0x000002c5c1bbf798: ;   {no_reloc}
  0x000002c5c1bbf798: 48bb 0000 | 0000 0000 

  0x000002c5c1bbf7a0: ;   {runtime_call nmethod}
  0x000002c5c1bbf7a0: 0000 e9fb 

  0x000002c5c1bbf7a4: ;   {static_stub}
  0x000002c5c1bbf7a4: ffff ff48 | bb00 0000 | 0000 0000 

  0x000002c5c1bbf7b0: ;   {runtime_call nmethod}
  0x000002c5c1bbf7b0: 00e9 fbff 

  0x000002c5c1bbf7b4: ;   {static_stub}
  0x000002c5c1bbf7b4: ffff 48bb | 0000 0000 | 0000 0000 

  0x000002c5c1bbf7c0: ;   {runtime_call nmethod}
  0x000002c5c1bbf7c0: e9fb ffff 

  0x000002c5c1bbf7c4: ;   {static_stub}
  0x000002c5c1bbf7c4: ff48 bb00 | 0000 0000 

  0x000002c5c1bbf7cc: ;   {runtime_call nmethod}
  0x000002c5c1bbf7cc: 0000 00e9 | fbff ffff 

  0x000002c5c1bbf7d4: ;   {static_stub}
  0x000002c5c1bbf7d4: 48bb 0000 | 0000 0000 

  0x000002c5c1bbf7dc: ;   {runtime_call nmethod}
  0x000002c5c1bbf7dc: 0000 e9fb 

  0x000002c5c1bbf7e0: ;   {static_stub}
  0x000002c5c1bbf7e0: ffff ff48 | bb00 0000 | 0000 0000 

  0x000002c5c1bbf7ec: ;   {runtime_call nmethod}
  0x000002c5c1bbf7ec: 00e9 fbff 

  0x000002c5c1bbf7f0: ;   {static_stub}
  0x000002c5c1bbf7f0: ffff 48bb | 0000 0000 | 0000 0000 

  0x000002c5c1bbf7fc: ;   {runtime_call nmethod}
  0x000002c5c1bbf7fc: e9fb ffff 

  0x000002c5c1bbf800: ;   {runtime_call ExceptionBlob}
  0x000002c5c1bbf800: ffe9 fac6 | 6dff e800 | 0000 0048 | 832c 2405 

  0x000002c5c1bbf810: ;   {runtime_call DeoptimizationBlob}
  0x000002c5c1bbf810: e90b 4f6b | fff4 f4f4 
[/MachCode]


---------------  P R O C E S S  ---------------

Threads class SMR info:
_java_thread_list=0x000002c617af8320, length=75, elements={
0x000002c5b550d5c0, 0x000002c5cd59fac0, 0x000002c5cd5a0520, 0x000002c5cd5a2f90,
0x000002c5cd5a39f0, 0x000002c5cd5a4450, 0x000002c5cd5a4eb0, 0x000002c5cd5a5c40,
0x000002c5cd5d5000, 0x000002c5cd7bd330, 0x000002c5cd766c50, 0x000002c6137f59d0,
0x000002c5cd82b5f0, 0x000002c5cd94d270, 0x000002c61309cf90, 0x000002c5cd79bdd0,
0x000002c613ce4ff0, 0x000002c613ce35b0, 0x000002c613ce2890, 0x000002c613ce1b70,
0x000002c613ce2200, 0x000002c613ce2f20, 0x000002c613ce3c40, 0x000002c613ce4960,
0x000002c613ce42d0, 0x000002c613be45a0, 0x000002c613be7390, 0x000002c613be6d00,
0x000002c613be3f10, 0x000002c613be7a20, 0x000002c613be5fe0, 0x000002c613be6670,
0x000002c613be80b0, 0x000002c613be4c30, 0x000002c613bea180, 0x000002c613be9460,
0x000002c613beaea0, 0x000002c613beb530, 0x000002c615d685e0, 0x000002c615d6b3d0,
0x000002c615d69300, 0x000002c615d69990, 0x000002c615d6ba60, 0x000002c615d6a020,
0x000002c615d68c70, 0x000002c615d6ad40, 0x000002c615d6db30, 0x000002c615d6c0f0,
0x000002c615d6a6b0, 0x000002c615d6c780, 0x000002c615d6f570, 0x000002c615d6ce10,
0x000002c615d6e1c0, 0x000002c615d6e850, 0x000002c615d6d4a0, 0x000002c615d6eee0,
0x000002c6165c85f0, 0x000002c6165c8c80, 0x000002c6165ca030, 0x000002c6165c99a0,
0x000002c6165c9310, 0x000002c6165ca6c0, 0x000002c6165c7240, 0x000002c6165cad50,
0x000002c6165c78d0, 0x000002c6165cce20, 0x000002c6165ce1d0, 0x000002c6165cc100,
0x000002c6165cd4b0, 0x000002c6165cdb40, 0x000002c6165cc790, 0x000002c6165cba70,
0x000002c6165ce860, 0x000002c6165cb3e0, 0x000002c6170f72f0
}

Java Threads: ( => current thread )
  0x000002c5b550d5c0 JavaThread "main"                              [_thread_blocked, id=21128, stack(0x000000e95be00000,0x000000e95bf00000) (1024K)]
  0x000002c5cd59fac0 JavaThread "Reference Handler"          daemon [_thread_blocked, id=29788, stack(0x000000e95c600000,0x000000e95c700000) (1024K)]
  0x000002c5cd5a0520 JavaThread "Finalizer"                  daemon [_thread_blocked, id=16492, stack(0x000000e95c700000,0x000000e95c800000) (1024K)]
  0x000002c5cd5a2f90 JavaThread "Signal Dispatcher"          daemon [_thread_blocked, id=28988, stack(0x000000e95c800000,0x000000e95c900000) (1024K)]
  0x000002c5cd5a39f0 JavaThread "Attach Listener"            daemon [_thread_blocked, id=17540, stack(0x000000e95c900000,0x000000e95ca00000) (1024K)]
  0x000002c5cd5a4450 JavaThread "Service Thread"             daemon [_thread_blocked, id=14924, stack(0x000000e95ca00000,0x000000e95cb00000) (1024K)]
  0x000002c5cd5a4eb0 JavaThread "Monitor Deflation Thread"   daemon [_thread_blocked, id=21000, stack(0x000000e95cb00000,0x000000e95cc00000) (1024K)]
  0x000002c5cd5a5c40 JavaThread "C2 CompilerThread0"         daemon [_thread_blocked, id=11880, stack(0x000000e95cc00000,0x000000e95cd00000) (1024K)]
  0x000002c5cd5d5000 JavaThread "C1 CompilerThread0"         daemon [_thread_in_vm, id=23720, stack(0x000000e95cd00000,0x000000e95ce00000) (1024K)]
  0x000002c5cd7bd330 JavaThread "Common-Cleaner"             daemon [_thread_blocked, id=28860, stack(0x000000e95ce00000,0x000000e95cf00000) (1024K)]
  0x000002c5cd766c50 JavaThread "Notification Thread"        daemon [_thread_blocked, id=32460, stack(0x000000e95cf00000,0x000000e95d000000) (1024K)]
  0x000002c6137f59d0 JavaThread "Daemon health stats"               [_thread_blocked, id=256, stack(0x000000e95d400000,0x000000e95d500000) (1024K)]
  0x000002c5cd82b5f0 JavaThread "Incoming local TCP Connector on port 14840"        [_thread_in_native, id=31664, stack(0x000000e95d500000,0x000000e95d600000) (1024K)]
  0x000002c5cd94d270 JavaThread "Daemon periodic checks"            [_thread_blocked, id=1608, stack(0x000000e95d600000,0x000000e95d700000) (1024K)]
  0x000002c61309cf90 JavaThread "Daemon"                            [_thread_blocked, id=12684, stack(0x000000e95d700000,0x000000e95d800000) (1024K)]
  0x000002c5cd79bdd0 JavaThread "Handler for socket connection from /127.0.0.1:14840 to /127.0.0.1:14841"        [_thread_in_native, id=27572, stack(0x000000e95d800000,0x000000e95d900000) (1024K)]
  0x000002c613ce4ff0 JavaThread "Cancel handler"                    [_thread_blocked, id=20264, stack(0x000000e95d900000,0x000000e95da00000) (1024K)]
=>0x000002c613ce35b0 JavaThread "Daemon worker"                     [_thread_in_vm, id=28836, stack(0x000000e95da00000,0x000000e95db00000) (1024K)]
  0x000002c613ce2890 JavaThread "Asynchronous log dispatcher for DefaultDaemonConnection: socket connection from /127.0.0.1:14840 to /127.0.0.1:14841"        [_thread_blocked, id=29092, stack(0x000000e95db00000,0x000000e95dc00000) (1024K)]
  0x000002c613ce1b70 JavaThread "Stdin handler"                     [_thread_blocked, id=7300, stack(0x000000e95dc00000,0x000000e95dd00000) (1024K)]
  0x000002c613ce2200 JavaThread "Daemon client event forwarder"        [_thread_blocked, id=26692, stack(0x000000e95dd00000,0x000000e95de00000) (1024K)]
  0x000002c613ce2f20 JavaThread "Cache worker for journal cache (C:\Users\LENOVO\.gradle\caches\journal-1)"        [_thread_blocked, id=15760, stack(0x000000e95e100000,0x000000e95e200000) (1024K)]
  0x000002c613ce3c40 JavaThread "File lock request listener"        [_thread_in_native, id=8324, stack(0x000000e95e200000,0x000000e95e300000) (1024K)]
  0x000002c613ce4960 JavaThread "Cache worker for file hash cache (C:\Users\LENOVO\.gradle\caches\8.14\fileHashes)"        [_thread_blocked, id=6336, stack(0x000000e95e300000,0x000000e95e400000) (1024K)]
  0x000002c613ce42d0 JavaThread "File lock release action executor"        [_thread_blocked, id=11016, stack(0x000000e95e400000,0x000000e95e500000) (1024K)]
  0x000002c613be45a0 JavaThread "Cache worker for file hash cache (C:\Users\LENOVO\Desktop\HeliBoard-main\.gradle\8.14\fileHashes)"        [_thread_blocked, id=21320, stack(0x000000e95e600000,0x000000e95e700000) (1024K)]
  0x000002c613be7390 JavaThread "Cache worker for Build Output Cleanup Cache (C:\Users\LENOVO\Desktop\HeliBoard-main\.gradle\buildOutputCleanup)"        [_thread_blocked, id=9764, stack(0x000000e95e700000,0x000000e95e800000) (1024K)]
  0x000002c613be6d00 JavaThread "File watcher server"        daemon [_thread_in_native, id=29044, stack(0x000000e95e800000,0x000000e95e900000) (1024K)]
  0x000002c613be3f10 JavaThread "File watcher consumer"      daemon [_thread_blocked, id=4400, stack(0x000000e95e900000,0x000000e95ea00000) (1024K)]
  0x000002c613be7a20 JavaThread "jar transforms"                    [_thread_blocked, id=28736, stack(0x000000e95ea00000,0x000000e95eb00000) (1024K)]
  0x000002c613be5fe0 JavaThread "jar transforms Thread 2"           [_thread_blocked, id=2320, stack(0x000000e95eb00000,0x000000e95ec00000) (1024K)]
  0x000002c613be6670 JavaThread "Cache worker for checksums cache (C:\Users\LENOVO\Desktop\HeliBoard-main\.gradle\8.14\checksums)"        [_thread_blocked, id=30384, stack(0x000000e95ec00000,0x000000e95ed00000) (1024K)]
  0x000002c613be80b0 JavaThread "Cache worker for file content cache (C:\Users\LENOVO\.gradle\caches\8.14\fileContent)"        [_thread_blocked, id=17176, stack(0x000000e95ed00000,0x000000e95ee00000) (1024K)]
  0x000002c613be4c30 JavaThread "Cache worker for cache directory md-supplier (C:\Users\LENOVO\.gradle\caches\8.14\md-supplier)"        [_thread_blocked, id=7652, stack(0x000000e95bc00000,0x000000e95bd00000) (1024K)]
  0x000002c613bea180 JavaThread "Cache worker for cache directory md-rule (C:\Users\LENOVO\.gradle\caches\8.14\md-rule)"        [_thread_blocked, id=20204, stack(0x000000e95bd00000,0x000000e95be00000) (1024K)]
  0x000002c613be9460 JavaThread "Unconstrained build operations"        [_thread_blocked, id=23012, stack(0x000000e95ee00000,0x000000e95ef00000) (1024K)]
  0x000002c613beaea0 JavaThread "Unconstrained build operations Thread 2"        [_thread_blocked, id=9576, stack(0x000000e95ef00000,0x000000e95f000000) (1024K)]
  0x000002c613beb530 JavaThread "Unconstrained build operations Thread 3"        [_thread_blocked, id=15728, stack(0x000000e95f000000,0x000000e95f100000) (1024K)]
  0x000002c615d685e0 JavaThread "Unconstrained build operations Thread 4"        [_thread_blocked, id=31388, stack(0x000000e95f100000,0x000000e95f200000) (1024K)]
  0x000002c615d6b3d0 JavaThread "Unconstrained build operations Thread 5"        [_thread_blocked, id=26272, stack(0x000000e95f200000,0x000000e95f300000) (1024K)]
  0x000002c615d69300 JavaThread "Unconstrained build operations Thread 6"        [_thread_blocked, id=19836, stack(0x000000e95f300000,0x000000e95f400000) (1024K)]
  0x000002c615d69990 JavaThread "Unconstrained build operations Thread 7"        [_thread_blocked, id=7768, stack(0x000000e95f400000,0x000000e95f500000) (1024K)]
  0x000002c615d6ba60 JavaThread "Unconstrained build operations Thread 8"        [_thread_blocked, id=18108, stack(0x000000e95f500000,0x000000e95f600000) (1024K)]
  0x000002c615d6a020 JavaThread "Unconstrained build operations Thread 9"        [_thread_blocked, id=22400, stack(0x000000e95f600000,0x000000e95f700000) (1024K)]
  0x000002c615d68c70 JavaThread "Unconstrained build operations Thread 10"        [_thread_blocked, id=27236, stack(0x000000e95f700000,0x000000e95f800000) (1024K)]
  0x000002c615d6ad40 JavaThread "Unconstrained build operations Thread 11"        [_thread_blocked, id=32300, stack(0x000000e95f800000,0x000000e95f900000) (1024K)]
  0x000002c615d6db30 JavaThread "Unconstrained build operations Thread 12"        [_thread_blocked, id=15592, stack(0x000000e95f900000,0x000000e95fa00000) (1024K)]
  0x000002c615d6c0f0 JavaThread "Unconstrained build operations Thread 13"        [_thread_blocked, id=27580, stack(0x000000e95fa00000,0x000000e95fb00000) (1024K)]
  0x000002c615d6a6b0 JavaThread "Unconstrained build operations Thread 14"        [_thread_blocked, id=28804, stack(0x000000e95fb00000,0x000000e95fc00000) (1024K)]
  0x000002c615d6c780 JavaThread "Unconstrained build operations Thread 15"        [_thread_blocked, id=11736, stack(0x000000e95fc00000,0x000000e95fd00000) (1024K)]
  0x000002c615d6f570 JavaThread "Unconstrained build operations Thread 16"        [_thread_blocked, id=18224, stack(0x000000e95fd00000,0x000000e95fe00000) (1024K)]
  0x000002c615d6ce10 JavaThread "Unconstrained build operations Thread 17"        [_thread_blocked, id=12120, stack(0x000000e95fe00000,0x000000e95ff00000) (1024K)]
  0x000002c615d6e1c0 JavaThread "Unconstrained build operations Thread 18"        [_thread_blocked, id=25840, stack(0x000000e95ff00000,0x000000e960000000) (1024K)]
  0x000002c615d6e850 JavaThread "Unconstrained build operations Thread 19"        [_thread_blocked, id=20532, stack(0x000000e960000000,0x000000e960100000) (1024K)]
  0x000002c615d6d4a0 JavaThread "Unconstrained build operations Thread 20"        [_thread_blocked, id=20812, stack(0x000000e960100000,0x000000e960200000) (1024K)]
  0x000002c615d6eee0 JavaThread "Unconstrained build operations Thread 21"        [_thread_blocked, id=1716, stack(0x000000e960200000,0x000000e960300000) (1024K)]
  0x000002c6165c85f0 JavaThread "Unconstrained build operations Thread 22"        [_thread_blocked, id=25196, stack(0x000000e960300000,0x000000e960400000) (1024K)]
  0x000002c6165c8c80 JavaThread "Unconstrained build operations Thread 23"        [_thread_blocked, id=11320, stack(0x000000e960400000,0x000000e960500000) (1024K)]
  0x000002c6165ca030 JavaThread "Unconstrained build operations Thread 24"        [_thread_blocked, id=12032, stack(0x000000e960500000,0x000000e960600000) (1024K)]
  0x000002c6165c99a0 JavaThread "Unconstrained build operations Thread 25"        [_thread_blocked, id=32496, stack(0x000000e960600000,0x000000e960700000) (1024K)]
  0x000002c6165c9310 JavaThread "Unconstrained build operations Thread 26"        [_thread_blocked, id=28128, stack(0x000000e960700000,0x000000e960800000) (1024K)]
  0x000002c6165ca6c0 JavaThread "Unconstrained build operations Thread 27"        [_thread_blocked, id=9696, stack(0x000000e960800000,0x000000e960900000) (1024K)]
  0x000002c6165c7240 JavaThread "Unconstrained build operations Thread 28"        [_thread_blocked, id=32632, stack(0x000000e960900000,0x000000e960a00000) (1024K)]
  0x000002c6165cad50 JavaThread "Unconstrained build operations Thread 29"        [_thread_blocked, id=6056, stack(0x000000e960a00000,0x000000e960b00000) (1024K)]
  0x000002c6165c78d0 JavaThread "Unconstrained build operations Thread 30"        [_thread_blocked, id=31736, stack(0x000000e960b00000,0x000000e960c00000) (1024K)]
  0x000002c6165cce20 JavaThread "Unconstrained build operations Thread 31"        [_thread_blocked, id=25556, stack(0x000000e960c00000,0x000000e960d00000) (1024K)]
  0x000002c6165ce1d0 JavaThread "Unconstrained build operations Thread 32"        [_thread_blocked, id=24756, stack(0x000000e960d00000,0x000000e960e00000) (1024K)]
  0x000002c6165cc100 JavaThread "Unconstrained build operations Thread 33"        [_thread_blocked, id=2304, stack(0x000000e960e00000,0x000000e960f00000) (1024K)]
  0x000002c6165cd4b0 JavaThread "Unconstrained build operations Thread 34"        [_thread_blocked, id=8124, stack(0x000000e960f00000,0x000000e961000000) (1024K)]
  0x000002c6165cdb40 JavaThread "Unconstrained build operations Thread 35"        [_thread_blocked, id=13604, stack(0x000000e961000000,0x000000e961100000) (1024K)]
  0x000002c6165cc790 JavaThread "Unconstrained build operations Thread 36"        [_thread_blocked, id=17464, stack(0x000000e961100000,0x000000e961200000) (1024K)]
  0x000002c6165cba70 JavaThread "Unconstrained build operations Thread 37"        [_thread_blocked, id=32752, stack(0x000000e961200000,0x000000e961300000) (1024K)]
  0x000002c6165ce860 JavaThread "Unconstrained build operations Thread 38"        [_thread_blocked, id=6888, stack(0x000000e961300000,0x000000e961400000) (1024K)]
  0x000002c6165cb3e0 JavaThread "Unconstrained build operations Thread 39"        [_thread_blocked, id=26404, stack(0x000000e961400000,0x000000e961500000) (1024K)]
  0x000002c6170f72f0 JavaThread "Memory manager"                    [_thread_blocked, id=30508, stack(0x000000e961500000,0x000000e961600000) (1024K)]
Total: 75

Other Threads:
  0x000002c5cd578730 VMThread "VM Thread"                           [id=22592, stack(0x000000e95c500000,0x000000e95c600000) (1024K)]
  0x000002c5cd5687e0 WatcherThread "VM Periodic Task Thread"        [id=29752, stack(0x000000e95c400000,0x000000e95c500000) (1024K)]
  0x000002c5b5548ba0 WorkerThread "GC Thread#0"                     [id=3092, stack(0x000000e95bf00000,0x000000e95c000000) (1024K)]
  0x000002c5cda055d0 WorkerThread "GC Thread#1"                     [id=22268, stack(0x000000e95d000000,0x000000e95d100000) (1024K)]
  0x000002c6130efc20 WorkerThread "GC Thread#2"                     [id=9960, stack(0x000000e95d100000,0x000000e95d200000) (1024K)]
  0x000002c5cd731c20 WorkerThread "GC Thread#3"                     [id=28184, stack(0x000000e95d200000,0x000000e95d300000) (1024K)]
  0x000002c5cd732840 WorkerThread "GC Thread#4"                     [id=27116, stack(0x000000e95d300000,0x000000e95d400000) (1024K)]
  0x000002c614625520 WorkerThread "GC Thread#5"                     [id=14568, stack(0x000000e95de00000,0x000000e95df00000) (1024K)]
  0x000002c61491a120 WorkerThread "GC Thread#6"                     [id=15116, stack(0x000000e95df00000,0x000000e95e000000) (1024K)]
  0x000002c614751320 WorkerThread "GC Thread#7"                     [id=4652, stack(0x000000e95e000000,0x000000e95e100000) (1024K)]
  0x000002c5b5551a90 ConcurrentGCThread "G1 Main Marker"            [id=30632, stack(0x000000e95c000000,0x000000e95c100000) (1024K)]
  0x000002c5b55534b0 WorkerThread "G1 Conc#0"                       [id=24236, stack(0x000000e95c100000,0x000000e95c200000) (1024K)]
  0x000002c614cf98f0 WorkerThread "G1 Conc#1"                       [id=7188, stack(0x000000e95e500000,0x000000e95e600000) (1024K)]
  0x000002c5cd4350b0 ConcurrentGCThread "G1 Refine#0"               [id=15320, stack(0x000000e95c200000,0x000000e95c300000) (1024K)]
  0x000002c5cd436600 ConcurrentGCThread "G1 Service"                [id=22116, stack(0x000000e95c300000,0x000000e95c400000) (1024K)]
Total: 15

Threads with active compile tasks:
C1 CompilerThread0  159964 9453   !   3       java.util.concurrent.LinkedBlockingDeque$AbstractItr::next (100 bytes)
Total: 1

VM state: not at safepoint (normal execution)

VM Mutex/Monitor currently owned by a thread:  ([mutex/lock_event])
[0x00007ffb3737d530] Metaspace_lock - owner thread: 0x000002c613ce35b0

Heap address: 0x00000000c0000000, size: 1024 MB, Compressed Oops mode: 32-bit

CDS archive(s) mapped at: [0x000002c5ce000000-0x000002c5ceba0000-0x000002c5ceba0000), size 12189696, SharedBaseAddress: 0x000002c5ce000000, ArchiveRelocationMode: 1.
Compressed class space mapped at: 0x000002c5cf000000-0x000002c60f000000, reserved size: 1073741824
Narrow klass base: 0x000002c5ce000000, Narrow klass shift: 0, Narrow klass range: 0x100000000

GC Precious Log:
 CardTable entry size: 512
 Card Set container configuration: InlinePtr #cards 5 size 8 Array Of Cards #cards 12 size 40 Howl #buckets 4 coarsen threshold 1843 Howl Bitmap #cards 512 size 80 coarsen threshold 460 Card regions per heap region 1 cards per card region 2048
 CPUs: 8 total, 8 available
 Memory: 5965M
 Large Page Support: Disabled
 NUMA Support: Disabled
 Compressed Oops: Enabled (32-bit)
 Heap Region Size: 1M
 Heap Min Capacity: 8M
 Heap Initial Capacity: 94M
 Heap Max Capacity: 1G
 Pre-touch: Disabled
 Parallel Workers: 8
 Concurrent Workers: 2
 Concurrent Refinement Workers: 8
 Periodic GC: Disabled

Heap:
 garbage-first heap   total 133120K, used 80189K [0x00000000c0000000, 0x0000000100000000)
  region size 1024K, 8 young (8192K), 5 survivors (5120K)
 Metaspace       used 66226K, committed 68096K, reserved 1114112K
  class space    used 9340K, committed 10240K, reserved 1048576K

Heap Regions: E=young(eden), S=young(survivor), O=old, HS=humongous(starts), HC=humongous(continues), CS=collection set, F=free, TAMS=top-at-mark-start, PB=parsable bottom
|   0|0x00000000c0000000, 0x00000000c0100000, 0x00000000c0100000|100%|HS|  |TAMS 0x00000000c0000000| PB 0x00000000c0000000| Complete 
|   1|0x00000000c0100000, 0x00000000c0200000, 0x00000000c0200000|100%|HC|  |TAMS 0x00000000c0100000| PB 0x00000000c0100000| Complete 
|   2|0x00000000c0200000, 0x00000000c0300000, 0x00000000c0300000|100%|HC|  |TAMS 0x00000000c0200000| PB 0x00000000c0200000| Complete 
|   3|0x00000000c0300000, 0x00000000c0400000, 0x00000000c0400000|100%| O|  |TAMS 0x00000000c0300000| PB 0x00000000c0300000| Untracked 
|   4|0x00000000c0400000, 0x00000000c0500000, 0x00000000c0500000|100%| O|  |TAMS 0x00000000c0400000| PB 0x00000000c0400000| Untracked 
|   5|0x00000000c0500000, 0x00000000c0600000, 0x00000000c0600000|100%| O|  |TAMS 0x00000000c0500000| PB 0x00000000c0500000| Untracked 
|   6|0x00000000c0600000, 0x00000000c0700000, 0x00000000c0700000|100%|HS|  |TAMS 0x00000000c0600000| PB 0x00000000c0600000| Complete 
|   7|0x00000000c0700000, 0x00000000c0800000, 0x00000000c0800000|100%| O|  |TAMS 0x00000000c0700000| PB 0x00000000c0700000| Untracked 
|   8|0x00000000c0800000, 0x00000000c0900000, 0x00000000c0900000|100%| O|  |TAMS 0x00000000c0800000| PB 0x00000000c0800000| Untracked 
|   9|0x00000000c0900000, 0x00000000c0a00000, 0x00000000c0a00000|100%| O|  |TAMS 0x00000000c0900000| PB 0x00000000c0900000| Untracked 
|  10|0x00000000c0a00000, 0x00000000c0b00000, 0x00000000c0b00000|100%| O|  |TAMS 0x00000000c0a00000| PB 0x00000000c0a00000| Untracked 
|  11|0x00000000c0b00000, 0x00000000c0c00000, 0x00000000c0c00000|100%| O|  |TAMS 0x00000000c0b00000| PB 0x00000000c0b00000| Untracked 
|  12|0x00000000c0c00000, 0x00000000c0d00000, 0x00000000c0d00000|100%| O|  |TAMS 0x00000000c0c00000| PB 0x00000000c0c00000| Untracked 
|  13|0x00000000c0d00000, 0x00000000c0e00000, 0x00000000c0e00000|100%| O|  |TAMS 0x00000000c0d00000| PB 0x00000000c0d00000| Untracked 
|  14|0x00000000c0e00000, 0x00000000c0f00000, 0x00000000c0f00000|100%| O|  |TAMS 0x00000000c0e00000| PB 0x00000000c0e00000| Untracked 
|  15|0x00000000c0f00000, 0x00000000c1000000, 0x00000000c1000000|100%| O|  |TAMS 0x00000000c0f00000| PB 0x00000000c0f00000| Untracked 
|  16|0x00000000c1000000, 0x00000000c1100000, 0x00000000c1100000|100%| O|  |TAMS 0x00000000c1000000| PB 0x00000000c1000000| Untracked 
|  17|0x00000000c1100000, 0x00000000c1200000, 0x00000000c1200000|100%| O|  |TAMS 0x00000000c1100000| PB 0x00000000c1100000| Untracked 
|  18|0x00000000c1200000, 0x00000000c1300000, 0x00000000c1300000|100%| O|  |TAMS 0x00000000c1200000| PB 0x00000000c1200000| Untracked 
|  19|0x00000000c1300000, 0x00000000c1400000, 0x00000000c1400000|100%| O|  |TAMS 0x00000000c1300000| PB 0x00000000c1300000| Untracked 
|  20|0x00000000c1400000, 0x00000000c14fad10, 0x00000000c1500000| 97%| O|  |TAMS 0x00000000c1400000| PB 0x00000000c1400000| Untracked 
|  21|0x00000000c1500000, 0x00000000c1600000, 0x00000000c1600000|100%| O|  |TAMS 0x00000000c1500000| PB 0x00000000c1500000| Untracked 
|  22|0x00000000c1600000, 0x00000000c1700000, 0x00000000c1700000|100%| O|  |TAMS 0x00000000c1600000| PB 0x00000000c1600000| Untracked 
|  23|0x00000000c1700000, 0x00000000c1800000, 0x00000000c1800000|100%| O|  |TAMS 0x00000000c1700000| PB 0x00000000c1700000| Untracked 
|  24|0x00000000c1800000, 0x00000000c1900000, 0x00000000c1900000|100%| O|  |TAMS 0x00000000c1800000| PB 0x00000000c1800000| Untracked 
|  25|0x00000000c1900000, 0x00000000c1900000, 0x00000000c1a00000|  0%| F|  |TAMS 0x00000000c1900000| PB 0x00000000c1900000| Untracked 
|  26|0x00000000c1a00000, 0x00000000c1b00000, 0x00000000c1b00000|100%| O|  |TAMS 0x00000000c1a00000| PB 0x00000000c1a00000| Untracked 
|  27|0x00000000c1b00000, 0x00000000c1c00000, 0x00000000c1c00000|100%| O|  |TAMS 0x00000000c1b00000| PB 0x00000000c1b00000| Untracked 
|  28|0x00000000c1c00000, 0x00000000c1d00000, 0x00000000c1d00000|100%| O|  |TAMS 0x00000000c1c00000| PB 0x00000000c1c00000| Untracked 
|  29|0x00000000c1d00000, 0x00000000c1e00000, 0x00000000c1e00000|100%| O|  |TAMS 0x00000000c1d00000| PB 0x00000000c1d00000| Untracked 
|  30|0x00000000c1e00000, 0x00000000c1f00000, 0x00000000c1f00000|100%|HS|  |TAMS 0x00000000c1e00000| PB 0x00000000c1e00000| Complete 
|  31|0x00000000c1f00000, 0x00000000c2000000, 0x00000000c2000000|100%| O|  |TAMS 0x00000000c1f00000| PB 0x00000000c1f00000| Untracked 
|  32|0x00000000c2000000, 0x00000000c2100000, 0x00000000c2100000|100%| O|  |TAMS 0x00000000c2000000| PB 0x00000000c2000000| Untracked 
|  33|0x00000000c2100000, 0x00000000c2200000, 0x00000000c2200000|100%| O|  |TAMS 0x00000000c2100000| PB 0x00000000c2100000| Untracked 
|  34|0x00000000c2200000, 0x00000000c2300000, 0x00000000c2300000|100%| O|  |TAMS 0x00000000c2200000| PB 0x00000000c2200000| Untracked 
|  35|0x00000000c2300000, 0x00000000c2400000, 0x00000000c2400000|100%| O|  |TAMS 0x00000000c2300000| PB 0x00000000c2300000| Untracked 
|  36|0x00000000c2400000, 0x00000000c2500000, 0x00000000c2500000|100%| O|  |TAMS 0x00000000c2400000| PB 0x00000000c2400000| Untracked 
|  37|0x00000000c2500000, 0x00000000c2600000, 0x00000000c2600000|100%| O|  |TAMS 0x00000000c2500000| PB 0x00000000c2500000| Untracked 
|  38|0x00000000c2600000, 0x00000000c2700000, 0x00000000c2700000|100%| O|  |TAMS 0x00000000c2600000| PB 0x00000000c2600000| Untracked 
|  39|0x00000000c2700000, 0x00000000c2800000, 0x00000000c2800000|100%| O|  |TAMS 0x00000000c2700000| PB 0x00000000c2700000| Untracked 
|  40|0x00000000c2800000, 0x00000000c2900000, 0x00000000c2900000|100%| O|  |TAMS 0x00000000c2800000| PB 0x00000000c2800000| Untracked 
|  41|0x00000000c2900000, 0x00000000c2a00000, 0x00000000c2a00000|100%| O|  |TAMS 0x00000000c2900000| PB 0x00000000c2900000| Untracked 
|  42|0x00000000c2a00000, 0x00000000c2b00000, 0x00000000c2b00000|100%| O|  |TAMS 0x00000000c2a00000| PB 0x00000000c2a00000| Untracked 
|  43|0x00000000c2b00000, 0x00000000c2c00000, 0x00000000c2c00000|100%| O|Cm|TAMS 0x00000000c2b00000| PB 0x00000000c2b00000| Complete 
|  44|0x00000000c2c00000, 0x00000000c2d00000, 0x00000000c2d00000|100%| O|  |TAMS 0x00000000c2c00000| PB 0x00000000c2c00000| Untracked 
|  45|0x00000000c2d00000, 0x00000000c2e00000, 0x00000000c2e00000|100%| O|  |TAMS 0x00000000c2d00000| PB 0x00000000c2d00000| Untracked 
|  46|0x00000000c2e00000, 0x00000000c2f00000, 0x00000000c2f00000|100%| O|  |TAMS 0x00000000c2e00000| PB 0x00000000c2e00000| Untracked 
|  47|0x00000000c2f00000, 0x00000000c3000000, 0x00000000c3000000|100%|HS|  |TAMS 0x00000000c2f00000| PB 0x00000000c2f00000| Complete 
|  48|0x00000000c3000000, 0x00000000c3100000, 0x00000000c3100000|100%|HC|  |TAMS 0x00000000c3000000| PB 0x00000000c3000000| Complete 
|  49|0x00000000c3100000, 0x00000000c3200000, 0x00000000c3200000|100%|HS|  |TAMS 0x00000000c3100000| PB 0x00000000c3100000| Complete 
|  50|0x00000000c3200000, 0x00000000c3300000, 0x00000000c3300000|100%| O|  |TAMS 0x00000000c3200000| PB 0x00000000c3200000| Untracked 
|  51|0x00000000c3300000, 0x00000000c3400000, 0x00000000c3400000|100%|HS|  |TAMS 0x00000000c3300000| PB 0x00000000c3300000| Complete 
|  52|0x00000000c3400000, 0x00000000c3500000, 0x00000000c3500000|100%|HS|  |TAMS 0x00000000c3400000| PB 0x00000000c3400000| Complete 
|  53|0x00000000c3500000, 0x00000000c3600000, 0x00000000c3600000|100%|HS|  |TAMS 0x00000000c3500000| PB 0x00000000c3500000| Complete 
|  54|0x00000000c3600000, 0x00000000c3700000, 0x00000000c3700000|100%|HC|  |TAMS 0x00000000c3600000| PB 0x00000000c3600000| Complete 
|  55|0x00000000c3700000, 0x00000000c3800000, 0x00000000c3800000|100%| O|  |TAMS 0x00000000c3700000| PB 0x00000000c3700000| Untracked 
|  56|0x00000000c3800000, 0x00000000c3900000, 0x00000000c3900000|100%| O|Cm|TAMS 0x00000000c3800000| PB 0x00000000c3800000| Complete 
|  57|0x00000000c3900000, 0x00000000c3a00000, 0x00000000c3a00000|100%| O|  |TAMS 0x00000000c3900000| PB 0x00000000c3900000| Untracked 
|  58|0x00000000c3a00000, 0x00000000c3b00000, 0x00000000c3b00000|100%| O|  |TAMS 0x00000000c3a00000| PB 0x00000000c3a00000| Untracked 
|  59|0x00000000c3b00000, 0x00000000c3c00000, 0x00000000c3c00000|100%| O|Cm|TAMS 0x00000000c3b00000| PB 0x00000000c3b00000| Complete 
|  60|0x00000000c3c00000, 0x00000000c3d00000, 0x00000000c3d00000|100%|HS|  |TAMS 0x00000000c3c00000| PB 0x00000000c3c00000| Complete 
|  61|0x00000000c3d00000, 0x00000000c3e00000, 0x00000000c3e00000|100%|HS|  |TAMS 0x00000000c3d00000| PB 0x00000000c3d00000| Complete 
|  62|0x00000000c3e00000, 0x00000000c3e00000, 0x00000000c3f00000|  0%| F|  |TAMS 0x00000000c3e00000| PB 0x00000000c3e00000| Untracked 
|  63|0x00000000c3f00000, 0x00000000c3f00000, 0x00000000c4000000|  0%| F|  |TAMS 0x00000000c3f00000| PB 0x00000000c3f00000| Untracked 
|  64|0x00000000c4000000, 0x00000000c4100000, 0x00000000c4100000|100%| O|  |TAMS 0x00000000c4000000| PB 0x00000000c4000000| Untracked 
|  65|0x00000000c4100000, 0x00000000c4200000, 0x00000000c4200000|100%| O|  |TAMS 0x00000000c4100000| PB 0x00000000c4100000| Untracked 
|  66|0x00000000c4200000, 0x00000000c4200000, 0x00000000c4300000|  0%| F|  |TAMS 0x00000000c4200000| PB 0x00000000c4200000| Untracked 
|  67|0x00000000c4300000, 0x00000000c4300000, 0x00000000c4400000|  0%| F|  |TAMS 0x00000000c4300000| PB 0x00000000c4300000| Untracked 
|  68|0x00000000c4400000, 0x00000000c4500000, 0x00000000c4500000|100%|HS|  |TAMS 0x00000000c4400000| PB 0x00000000c4400000| Complete 
|  69|0x00000000c4500000, 0x00000000c4600000, 0x00000000c4600000|100%| O|  |TAMS 0x00000000c4500000| PB 0x00000000c4500000| Untracked 
|  70|0x00000000c4600000, 0x00000000c4600000, 0x00000000c4700000|  0%| F|  |TAMS 0x00000000c4600000| PB 0x00000000c4600000| Untracked 
|  71|0x00000000c4700000, 0x00000000c4700000, 0x00000000c4800000|  0%| F|  |TAMS 0x00000000c4700000| PB 0x00000000c4700000| Untracked 
|  72|0x00000000c4800000, 0x00000000c4800000, 0x00000000c4900000|  0%| F|  |TAMS 0x00000000c4800000| PB 0x00000000c4800000| Untracked 
|  73|0x00000000c4900000, 0x00000000c4900000, 0x00000000c4a00000|  0%| F|  |TAMS 0x00000000c4900000| PB 0x00000000c4900000| Untracked 
|  74|0x00000000c4a00000, 0x00000000c4b00000, 0x00000000c4b00000|100%| O|  |TAMS 0x00000000c4a00000| PB 0x00000000c4a00000| Untracked 
|  75|0x00000000c4b00000, 0x00000000c4c00000, 0x00000000c4c00000|100%| O|  |TAMS 0x00000000c4b00000| PB 0x00000000c4b00000| Untracked 
|  76|0x00000000c4c00000, 0x00000000c4c54900, 0x00000000c4d00000| 33%| O|  |TAMS 0x00000000c4c00000| PB 0x00000000c4c00000| Untracked 
|  77|0x00000000c4d00000, 0x00000000c4d00000, 0x00000000c4e00000|  0%| F|  |TAMS 0x00000000c4d00000| PB 0x00000000c4d00000| Untracked 
|  78|0x00000000c4e00000, 0x00000000c4e00000, 0x00000000c4f00000|  0%| F|  |TAMS 0x00000000c4e00000| PB 0x00000000c4e00000| Untracked 
|  79|0x00000000c4f00000, 0x00000000c4f00000, 0x00000000c5000000|  0%| F|  |TAMS 0x00000000c4f00000| PB 0x00000000c4f00000| Untracked 
|  80|0x00000000c5000000, 0x00000000c5000000, 0x00000000c5100000|  0%| F|  |TAMS 0x00000000c5000000| PB 0x00000000c5000000| Untracked 
|  81|0x00000000c5100000, 0x00000000c5100000, 0x00000000c5200000|  0%| F|  |TAMS 0x00000000c5100000| PB 0x00000000c5100000| Untracked 
|  82|0x00000000c5200000, 0x00000000c5200000, 0x00000000c5300000|  0%| F|  |TAMS 0x00000000c5200000| PB 0x00000000c5200000| Untracked 
|  83|0x00000000c5300000, 0x00000000c5300000, 0x00000000c5400000|  0%| F|  |TAMS 0x00000000c5300000| PB 0x00000000c5300000| Untracked 
|  84|0x00000000c5400000, 0x00000000c5400000, 0x00000000c5500000|  0%| F|  |TAMS 0x00000000c5400000| PB 0x00000000c5400000| Untracked 
|  85|0x00000000c5500000, 0x00000000c5500000, 0x00000000c5600000|  0%| F|  |TAMS 0x00000000c5500000| PB 0x00000000c5500000| Untracked 
|  86|0x00000000c5600000, 0x00000000c5600000, 0x00000000c5700000|  0%| F|  |TAMS 0x00000000c5600000| PB 0x00000000c5600000| Untracked 
|  87|0x00000000c5700000, 0x00000000c5700000, 0x00000000c5800000|  0%| F|  |TAMS 0x00000000c5700000| PB 0x00000000c5700000| Untracked 
|  88|0x00000000c5800000, 0x00000000c5900000, 0x00000000c5900000|100%| S|CS|TAMS 0x00000000c5800000| PB 0x00000000c5800000| Complete 
|  89|0x00000000c5900000, 0x00000000c5a00000, 0x00000000c5a00000|100%| S|CS|TAMS 0x00000000c5900000| PB 0x00000000c5900000| Complete 
|  90|0x00000000c5a00000, 0x00000000c5b00000, 0x00000000c5b00000|100%| S|CS|TAMS 0x00000000c5a00000| PB 0x00000000c5a00000| Complete 
|  91|0x00000000c5b00000, 0x00000000c5c00000, 0x00000000c5c00000|100%| S|CS|TAMS 0x00000000c5b00000| PB 0x00000000c5b00000| Complete 
|  92|0x00000000c5c00000, 0x00000000c5d00000, 0x00000000c5d00000|100%| S|CS|TAMS 0x00000000c5c00000| PB 0x00000000c5c00000| Complete 
|  93|0x00000000c5d00000, 0x00000000c5d00000, 0x00000000c5e00000|  0%| F|  |TAMS 0x00000000c5d00000| PB 0x00000000c5d00000| Untracked 
|  94|0x00000000c5e00000, 0x00000000c5e00000, 0x00000000c5f00000|  0%| F|  |TAMS 0x00000000c5e00000| PB 0x00000000c5e00000| Untracked 
|  95|0x00000000c5f00000, 0x00000000c5f00000, 0x00000000c6000000|  0%| F|  |TAMS 0x00000000c5f00000| PB 0x00000000c5f00000| Untracked 
|  96|0x00000000c6000000, 0x00000000c6000000, 0x00000000c6100000|  0%| F|  |TAMS 0x00000000c6000000| PB 0x00000000c6000000| Untracked 
|  97|0x00000000c6100000, 0x00000000c6100000, 0x00000000c6200000|  0%| F|  |TAMS 0x00000000c6100000| PB 0x00000000c6100000| Untracked 
|  98|0x00000000c6200000, 0x00000000c6200000, 0x00000000c6300000|  0%| F|  |TAMS 0x00000000c6200000| PB 0x00000000c6200000| Untracked 
|  99|0x00000000c6300000, 0x00000000c6300000, 0x00000000c6400000|  0%| F|  |TAMS 0x00000000c6300000| PB 0x00000000c6300000| Untracked 
| 100|0x00000000c6400000, 0x00000000c6400000, 0x00000000c6500000|  0%| F|  |TAMS 0x00000000c6400000| PB 0x00000000c6400000| Untracked 
| 101|0x00000000c6500000, 0x00000000c6500000, 0x00000000c6600000|  0%| F|  |TAMS 0x00000000c6500000| PB 0x00000000c6500000| Untracked 
| 102|0x00000000c6600000, 0x00000000c6600000, 0x00000000c6700000|  0%| F|  |TAMS 0x00000000c6600000| PB 0x00000000c6600000| Untracked 
| 103|0x00000000c6700000, 0x00000000c6700000, 0x00000000c6800000|  0%| F|  |TAMS 0x00000000c6700000| PB 0x00000000c6700000| Untracked 
| 104|0x00000000c6800000, 0x00000000c6800000, 0x00000000c6900000|  0%| F|  |TAMS 0x00000000c6800000| PB 0x00000000c6800000| Untracked 
| 105|0x00000000c6900000, 0x00000000c6900000, 0x00000000c6a00000|  0%| F|  |TAMS 0x00000000c6900000| PB 0x00000000c6900000| Untracked 
| 106|0x00000000c6a00000, 0x00000000c6a00000, 0x00000000c6b00000|  0%| F|  |TAMS 0x00000000c6a00000| PB 0x00000000c6a00000| Untracked 
| 107|0x00000000c6b00000, 0x00000000c6b00000, 0x00000000c6c00000|  0%| F|  |TAMS 0x00000000c6b00000| PB 0x00000000c6b00000| Untracked 
| 108|0x00000000c6c00000, 0x00000000c6c00000, 0x00000000c6d00000|  0%| F|  |TAMS 0x00000000c6c00000| PB 0x00000000c6c00000| Untracked 
| 109|0x00000000c6d00000, 0x00000000c6d00000, 0x00000000c6e00000|  0%| F|  |TAMS 0x00000000c6d00000| PB 0x00000000c6d00000| Untracked 
| 110|0x00000000c6e00000, 0x00000000c6e00000, 0x00000000c6f00000|  0%| F|  |TAMS 0x00000000c6e00000| PB 0x00000000c6e00000| Untracked 
| 111|0x00000000c6f00000, 0x00000000c6f00000, 0x00000000c7000000|  0%| F|  |TAMS 0x00000000c6f00000| PB 0x00000000c6f00000| Untracked 
| 112|0x00000000c7000000, 0x00000000c7000000, 0x00000000c7100000|  0%| F|  |TAMS 0x00000000c7000000| PB 0x00000000c7000000| Untracked 
| 113|0x00000000c7100000, 0x00000000c7100000, 0x00000000c7200000|  0%| F|  |TAMS 0x00000000c7100000| PB 0x00000000c7100000| Untracked 
| 114|0x00000000c7200000, 0x00000000c7200000, 0x00000000c7300000|  0%| F|  |TAMS 0x00000000c7200000| PB 0x00000000c7200000| Untracked 
| 115|0x00000000c7300000, 0x00000000c7300000, 0x00000000c7400000|  0%| F|  |TAMS 0x00000000c7300000| PB 0x00000000c7300000| Untracked 
| 116|0x00000000c7400000, 0x00000000c7400000, 0x00000000c7500000|  0%| F|  |TAMS 0x00000000c7400000| PB 0x00000000c7400000| Untracked 
| 117|0x00000000c7500000, 0x00000000c7500000, 0x00000000c7600000|  0%| F|  |TAMS 0x00000000c7500000| PB 0x00000000c7500000| Untracked 
| 118|0x00000000c7600000, 0x00000000c7600000, 0x00000000c7700000|  0%| F|  |TAMS 0x00000000c7600000| PB 0x00000000c7600000| Untracked 
| 119|0x00000000c7700000, 0x00000000c7700000, 0x00000000c7800000|  0%| F|  |TAMS 0x00000000c7700000| PB 0x00000000c7700000| Untracked 
| 120|0x00000000c7800000, 0x00000000c7800000, 0x00000000c7900000|  0%| F|  |TAMS 0x00000000c7800000| PB 0x00000000c7800000| Untracked 
| 121|0x00000000c7900000, 0x00000000c7900000, 0x00000000c7a00000|  0%| F|  |TAMS 0x00000000c7900000| PB 0x00000000c7900000| Untracked 
| 122|0x00000000c7a00000, 0x00000000c7a00000, 0x00000000c7b00000|  0%| F|  |TAMS 0x00000000c7a00000| PB 0x00000000c7a00000| Untracked 
| 123|0x00000000c7b00000, 0x00000000c7bbd128, 0x00000000c7c00000| 73%| E|  |TAMS 0x00000000c7b00000| PB 0x00000000c7b00000| Complete 
| 124|0x00000000c7c00000, 0x00000000c7d00000, 0x00000000c7d00000|100%| E|CS|TAMS 0x00000000c7c00000| PB 0x00000000c7c00000| Complete 
|1019|0x00000000ffb00000, 0x00000000ffc00000, 0x00000000ffc00000|100%| O|  |TAMS 0x00000000ffb00000| PB 0x00000000ffb00000| Untracked 
|1020|0x00000000ffc00000, 0x00000000ffd00000, 0x00000000ffd00000|100%| E|CS|TAMS 0x00000000ffc00000| PB 0x00000000ffc00000| Complete 
|1021|0x00000000ffd00000, 0x00000000ffe00000, 0x00000000ffe00000|100%| O|  |TAMS 0x00000000ffd00000| PB 0x00000000ffd00000| Untracked 
|1022|0x00000000ffe00000, 0x00000000fff00000, 0x00000000fff00000|100%| O|  |TAMS 0x00000000ffe00000| PB 0x00000000ffe00000| Untracked 
|1023|0x00000000fff00000, 0x0000000100000000, 0x0000000100000000|100%| O|  |TAMS 0x00000000fff00000| PB 0x00000000fff00000| Untracked 

Card table byte_map: [0x000002c5c9960000,0x000002c5c9b60000] _byte_map_base: 0x000002c5c9360000

Marking Bits: (CMBitMap*) 0x000002c5b55491b0
 Bits: [0x000002c5c9b60000, 0x000002c5cab60000)

Polling page: 0x000002c5b55d0000

Metaspace:

Usage:
  Non-class:     55.55 MB used.
      Class:      9.12 MB used.
       Both:     64.67 MB used.

Virtual space:
  Non-class space:       64.00 MB reserved,      56.50 MB ( 88%) committed,  1 nodes.
      Class space:        1.00 GB reserved,      10.00 MB ( <1%) committed,  1 nodes.
             Both:        1.06 GB reserved,      66.50 MB (  6%) committed. 

Chunk freelists:
   Non-Class:  7.09 MB
       Class:  5.94 MB
        Both:  13.04 MB

MaxMetaspaceSize: unlimited
CompressedClassSpaceSize: 1.00 GB
Initial GC threshold: 21.00 MB
Current GC threshold: 107.81 MB
CDS: on
 - commit_granule_bytes: 65536.
 - commit_granule_words: 8192.
 - virtual_space_node_default_size: 8388608.
 - enlarge_chunks_in_place: 1.
 - use_allocation_guard: 0.


Internal statistics:

num_allocs_failed_limit: 6.
num_arena_births: 3522.
num_arena_deaths: 0.
num_vsnodes_births: 2.
num_vsnodes_deaths: 0.
num_space_committed: 1064.
num_space_uncommitted: 0.
num_chunks_returned_to_freelist: 6.
num_chunks_taken_from_freelist: 6637.
num_chunk_merges: 6.
num_chunk_splits: 4328.
num_chunks_enlarged: 2669.
num_inconsistent_stats: 0.

CodeHeap 'non-profiled nmethods': size=120000Kb used=4550Kb max_used=4550Kb free=115450Kb
 bounds [0x000002c5c17c0000, 0x000002c5c1c40000, 0x000002c5c8cf0000]
CodeHeap 'profiled nmethods': size=120000Kb used=14347Kb max_used=14362Kb free=105653Kb
 bounds [0x000002c5b9cf0000, 0x000002c5bab10000, 0x000002c5c1220000]
CodeHeap 'non-nmethods': size=5760Kb used=2656Kb max_used=2702Kb free=3103Kb
 bounds [0x000002c5c1220000, 0x000002c5c14e0000, 0x000002c5c17c0000]
CodeCache: size=245760Kb, used=21553Kb, max_used=21614Kb, free=224206Kb
 total_blobs=8878, nmethods=7958, adapters=824, full_count=0
Compilation: enabled, stopped_count=0, restarted_count=0

Compilation events (20 events):
Event: 159.143 Thread 0x000002c5cd5d5000 9443       3       org.gradle.api.Named$Namer::determineName (9 bytes)
Event: 159.144 Thread 0x000002c5cd5d5000 nmethod 9443 0x000002c5ba7f4a90 code [0x000002c5ba7f4c60, 0x000002c5ba7f4fb0]
Event: 159.144 Thread 0x000002c5cd5d5000 9444       3       org.gradle.api.Named$Namer::determineName (7 bytes)
Event: 159.144 Thread 0x000002c5cd5d5000 nmethod 9444 0x000002c5ba8b1190 code [0x000002c5ba8b1340, 0x000002c5ba8b1518]
Event: 159.188 Thread 0x000002c5cd5a5c40 9445       4       com.google.common.collect.MapMakerInternalMap$1::clear (1 bytes)
Event: 159.188 Thread 0x000002c5cd5a5c40 nmethod 9445 0x000002c5c1a20290 code [0x000002c5c1a20420, 0x000002c5c1a204a8]
Event: 159.243 Thread 0x000002c5cd5a5c40 9446       4       sun.reflect.annotation.AnnotationInvocationHandler::invoke (182 bytes)
Event: 159.282 Thread 0x000002c5cd5a5c40 nmethod 9446 0x000002c5c1ba9390 code [0x000002c5c1ba9640, 0x000002c5c1baa150]
Event: 159.285 Thread 0x000002c5cd5a5c40 9447       4       org.objectweb.asm.MethodWriter::endCurrentBasicBlockWithNoSuccessor (98 bytes)
Event: 159.286 Thread 0x000002c5cd5d5000 9448       3       org.objectweb.asm.AnnotationVisitor::<init> (79 bytes)
Event: 159.287 Thread 0x000002c5cd5d5000 nmethod 9448 0x000002c5b9f6d590 code [0x000002c5b9f6d7e0, 0x000002c5b9f6e0d0]
Event: 159.301 Thread 0x000002c5cd5a5c40 nmethod 9447 0x000002c5c1ba8590 code [0x000002c5c1ba8760, 0x000002c5c1ba8ed8]
Event: 159.301 Thread 0x000002c5cd5a5c40 9449       4       org.objectweb.asm.MethodWriter::putMethodInfo (1274 bytes)
Event: 159.422 Thread 0x000002c5cd5d5000 9450       3       java.lang.invoke.BoundMethodHandle$Species_L::speciesData (4 bytes)
Event: 159.422 Thread 0x000002c5cd5d5000 nmethod 9450 0x000002c5ba17c790 code [0x000002c5ba17c920, 0x000002c5ba17ca38]
Event: 159.431 Thread 0x000002c5cd5d5000 9452       3       org.gradle.api.internal.DefaultNamedDomainObjectCollection$UnfilteredIndex::get (11 bytes)
Event: 159.431 Thread 0x000002c5cd5d5000 nmethod 9452 0x000002c5ba8fe710 code [0x000002c5ba8fe8c0, 0x000002c5ba8fea98]
Event: 159.446 Thread 0x000002c5cd5a5c40 nmethod 9449 0x000002c5c1c2f190 code [0x000002c5c1c2f7c0, 0x000002c5c1c322b8]
Event: 159.447 Thread 0x000002c5cd5a5c40 9451       4       java.lang.invoke.LambdaFormEditor::getInCache (165 bytes)
Event: 159.455 Thread 0x000002c5cd5a5c40 nmethod 9451 0x000002c5c1997890 code [0x000002c5c1997a40, 0x000002c5c1997f00]

GC Heap History (20 events):
Event: 130.915 GC heap before
{Heap before GC invocations=17 (full 0):
 garbage-first heap   total 87040K, used 75794K [0x00000000c0000000, 0x0000000100000000)
  region size 1024K, 33 young (33792K), 4 survivors (4096K)
 Metaspace       used 51140K, committed 52864K, reserved 1114112K
  class space    used 7346K, committed 8192K, reserved 1048576K
}
Event: 130.920 GC heap after
{Heap after GC invocations=18 (full 0):
 garbage-first heap   total 87040K, used 47791K [0x00000000c0000000, 0x0000000100000000)
  region size 1024K, 3 young (3072K), 3 survivors (3072K)
 Metaspace       used 51140K, committed 52864K, reserved 1114112K
  class space    used 7346K, committed 8192K, reserved 1048576K
}
Event: 132.261 GC heap before
{Heap before GC invocations=18 (full 0):
 garbage-first heap   total 87040K, used 76463K [0x00000000c0000000, 0x0000000100000000)
  region size 1024K, 32 young (32768K), 3 survivors (3072K)
 Metaspace       used 51145K, committed 52864K, reserved 1114112K
  class space    used 7347K, committed 8192K, reserved 1048576K
}
Event: 132.268 GC heap after
{Heap after GC invocations=19 (full 0):
 garbage-first heap   total 87040K, used 48302K [0x00000000c0000000, 0x0000000100000000)
  region size 1024K, 3 young (3072K), 3 survivors (3072K)
 Metaspace       used 51145K, committed 52864K, reserved 1114112K
  class space    used 7347K, committed 8192K, reserved 1048576K
}
Event: 138.587 GC heap before
{Heap before GC invocations=19 (full 0):
 garbage-first heap   total 87040K, used 76974K [0x00000000c0000000, 0x0000000100000000)
  region size 1024K, 32 young (32768K), 3 survivors (3072K)
 Metaspace       used 53197K, committed 54912K, reserved 1114112K
  class space    used 7630K, committed 8448K, reserved 1048576K
}
Event: 138.598 GC heap after
{Heap after GC invocations=20 (full 0):
 garbage-first heap   total 87040K, used 49845K [0x00000000c0000000, 0x0000000100000000)
  region size 1024K, 3 young (3072K), 3 survivors (3072K)
 Metaspace       used 53197K, committed 54912K, reserved 1114112K
  class space    used 7630K, committed 8448K, reserved 1048576K
}
Event: 142.867 GC heap before
{Heap before GC invocations=21 (full 0):
 garbage-first heap   total 87040K, used 84661K [0x00000000c0000000, 0x0000000100000000)
  region size 1024K, 31 young (31744K), 3 survivors (3072K)
 Metaspace       used 55438K, committed 57152K, reserved 1114112K
  class space    used 7916K, committed 8768K, reserved 1048576K
}
Event: 142.874 GC heap after
{Heap after GC invocations=22 (full 0):
 garbage-first heap   total 95232K, used 61542K [0x00000000c0000000, 0x0000000100000000)
  region size 1024K, 4 young (4096K), 4 survivors (4096K)
 Metaspace       used 55438K, committed 57152K, reserved 1114112K
  class space    used 7916K, committed 8768K, reserved 1048576K
}
Event: 144.640 GC heap before
{Heap before GC invocations=22 (full 0):
 garbage-first heap   total 95232K, used 85094K [0x00000000c0000000, 0x0000000100000000)
  region size 1024K, 25 young (25600K), 4 survivors (4096K)
 Metaspace       used 55808K, committed 57536K, reserved 1114112K
  class space    used 7973K, committed 8832K, reserved 1048576K
}
Event: 144.646 GC heap after
{Heap after GC invocations=23 (full 0):
 garbage-first heap   total 95232K, used 67181K [0x00000000c0000000, 0x0000000100000000)
  region size 1024K, 4 young (4096K), 4 survivors (4096K)
 Metaspace       used 55808K, committed 57536K, reserved 1114112K
  class space    used 7973K, committed 8832K, reserved 1048576K
}
Event: 144.789 GC heap before
{Heap before GC invocations=23 (full 0):
 garbage-first heap   total 95232K, used 68205K [0x00000000c0000000, 0x0000000100000000)
  region size 1024K, 6 young (6144K), 4 survivors (4096K)
 Metaspace       used 55842K, committed 57600K, reserved 1114112K
  class space    used 7981K, committed 8832K, reserved 1048576K
}
Event: 144.793 GC heap after
{Heap after GC invocations=24 (full 0):
 garbage-first heap   total 95232K, used 68287K [0x00000000c0000000, 0x0000000100000000)
  region size 1024K, 1 young (1024K), 1 survivors (1024K)
 Metaspace       used 55842K, committed 57600K, reserved 1114112K
  class space    used 7981K, committed 8832K, reserved 1048576K
}
Event: 147.067 GC heap before
{Heap before GC invocations=25 (full 0):
 garbage-first heap   total 117760K, used 85695K [0x00000000c0000000, 0x0000000100000000)
  region size 1024K, 17 young (17408K), 1 survivors (1024K)
 Metaspace       used 57008K, committed 58752K, reserved 1114112K
  class space    used 8111K, committed 8960K, reserved 1048576K
}
Event: 147.069 GC heap after
{Heap after GC invocations=26 (full 0):
 garbage-first heap   total 117760K, used 71222K [0x00000000c0000000, 0x0000000100000000)
  region size 1024K, 2 young (2048K), 2 survivors (2048K)
 Metaspace       used 57008K, committed 58752K, reserved 1114112K
  class space    used 8111K, committed 8960K, reserved 1048576K
}
Event: 149.783 GC heap before
{Heap before GC invocations=26 (full 0):
 garbage-first heap   total 117760K, used 101942K [0x00000000c0000000, 0x0000000100000000)
  region size 1024K, 33 young (33792K), 2 survivors (2048K)
 Metaspace       used 60294K, committed 62144K, reserved 1114112K
  class space    used 8486K, committed 9408K, reserved 1048576K
}
Event: 149.788 GC heap after
{Heap after GC invocations=27 (full 0):
 garbage-first heap   total 117760K, used 71113K [0x00000000c0000000, 0x0000000100000000)
  region size 1024K, 3 young (3072K), 3 survivors (3072K)
 Metaspace       used 60294K, committed 62144K, reserved 1114112K
  class space    used 8486K, committed 9408K, reserved 1048576K
}
Event: 155.510 GC heap before
{Heap before GC invocations=27 (full 0):
 garbage-first heap   total 117760K, used 103881K [0x00000000c0000000, 0x0000000100000000)
  region size 1024K, 36 young (36864K), 3 survivors (3072K)
 Metaspace       used 64325K, committed 66240K, reserved 1114112K
  class space    used 9062K, committed 9984K, reserved 1048576K
}
Event: 155.523 GC heap after
{Heap after GC invocations=28 (full 0):
 garbage-first heap   total 117760K, used 72690K [0x00000000c0000000, 0x0000000100000000)
  region size 1024K, 5 young (5120K), 5 survivors (5120K)
 Metaspace       used 64325K, committed 66240K, reserved 1114112K
  class space    used 9062K, committed 9984K, reserved 1048576K
}
Event: 159.255 GC heap before
{Heap before GC invocations=29 (full 0):
 garbage-first heap   total 133120K, used 112626K [0x00000000c0000000, 0x0000000100000000)
  region size 1024K, 38 young (38912K), 5 survivors (5120K)
 Metaspace       used 66052K, committed 67968K, reserved 1114112K
  class space    used 9307K, committed 10240K, reserved 1048576K
}
Event: 159.264 GC heap after
{Heap after GC invocations=30 (full 0):
 garbage-first heap   total 133120K, used 78141K [0x00000000c0000000, 0x0000000100000000)
  region size 1024K, 5 young (5120K), 5 survivors (5120K)
 Metaspace       used 66052K, committed 67968K, reserved 1114112K
  class space    used 9307K, committed 10240K, reserved 1048576K
}

Dll operation events (20 events):
Event: 1.137 Attempting to load shared library C:\Users\LENOVO\.antigravity-ide\extensions\redhat.java-1.56.0-win32-x64\jre\21.0.12.1-win32-x86_64\bin\nio.dll
Event: 1.145 Loaded shared library C:\Users\LENOVO\.antigravity-ide\extensions\redhat.java-1.56.0-win32-x64\jre\21.0.12.1-win32-x86_64\bin\nio.dll
Event: 1.152 Attempting to load shared library C:\Users\LENOVO\.antigravity-ide\extensions\redhat.java-1.56.0-win32-x64\jre\21.0.12.1-win32-x86_64\bin\zip.dll
Event: 1.152 Loaded shared library C:\Users\LENOVO\.antigravity-ide\extensions\redhat.java-1.56.0-win32-x64\jre\21.0.12.1-win32-x86_64\bin\zip.dll
Event: 4.001 Attempting to load shared library C:\Users\LENOVO\.antigravity-ide\extensions\redhat.java-1.56.0-win32-x64\jre\21.0.12.1-win32-x86_64\bin\jimage.dll
Event: 4.001 Loaded shared library C:\Users\LENOVO\.antigravity-ide\extensions\redhat.java-1.56.0-win32-x64\jre\21.0.12.1-win32-x86_64\bin\jimage.dll
Event: 6.434 Attempting to load shared library C:\Users\LENOVO\.antigravity-ide\extensions\redhat.java-1.56.0-win32-x64\jre\21.0.12.1-win32-x86_64\bin\verify.dll
Event: 6.439 Loaded shared library C:\Users\LENOVO\.antigravity-ide\extensions\redhat.java-1.56.0-win32-x64\jre\21.0.12.1-win32-x86_64\bin\verify.dll
Event: 7.377 Attempting to load shared library C:\Users\LENOVO\.gradle\native\1def1411415f61bf3af743bc5b6707747c0891f09f0c88961ee8f79bc544acac\windows-amd64\native-platform.dll
Event: 7.383 Loaded shared library C:\Users\LENOVO\.gradle\native\1def1411415f61bf3af743bc5b6707747c0891f09f0c88961ee8f79bc544acac\windows-amd64\native-platform.dll
Event: 7.486 Attempting to load shared library C:\Users\LENOVO\.gradle\native\0.2.7\x86_64-windows-gnu\gradle-fileevents.dll
Event: 7.497 Loaded shared library C:\Users\LENOVO\.gradle\native\0.2.7\x86_64-windows-gnu\gradle-fileevents.dll
Event: 22.405 Attempting to load shared library C:\Users\LENOVO\.antigravity-ide\extensions\redhat.java-1.56.0-win32-x64\jre\21.0.12.1-win32-x86_64\bin\management.dll
Event: 22.416 Loaded shared library C:\Users\LENOVO\.antigravity-ide\extensions\redhat.java-1.56.0-win32-x64\jre\21.0.12.1-win32-x86_64\bin\management.dll
Event: 22.502 Attempting to load shared library C:\Users\LENOVO\.antigravity-ide\extensions\redhat.java-1.56.0-win32-x64\jre\21.0.12.1-win32-x86_64\bin\management_ext.dll
Event: 22.512 Loaded shared library C:\Users\LENOVO\.antigravity-ide\extensions\redhat.java-1.56.0-win32-x64\jre\21.0.12.1-win32-x86_64\bin\management_ext.dll
Event: 26.036 Attempting to load shared library C:\Users\LENOVO\.antigravity-ide\extensions\redhat.java-1.56.0-win32-x64\jre\21.0.12.1-win32-x86_64\bin\extnet.dll
Event: 26.057 Loaded shared library C:\Users\LENOVO\.antigravity-ide\extensions\redhat.java-1.56.0-win32-x64\jre\21.0.12.1-win32-x86_64\bin\extnet.dll
Event: 31.471 Attempting to load shared library C:\Users\LENOVO\.antigravity-ide\extensions\redhat.java-1.56.0-win32-x64\jre\21.0.12.1-win32-x86_64\bin\sunmscapi.dll
Event: 31.575 Loaded shared library C:\Users\LENOVO\.antigravity-ide\extensions\redhat.java-1.56.0-win32-x64\jre\21.0.12.1-win32-x86_64\bin\sunmscapi.dll

Deoptimization events (20 events):
Event: 158.039 Thread 0x000002c613ce35b0 Uncommon trap: trap_request=0xffffff45 fr.pc=0x000002c5c1889b08 relative=0x0000000000000068
Event: 158.039 Thread 0x000002c613ce35b0 Uncommon trap: reason=unstable_if action=reinterpret pc=0x000002c5c1889b08 method=java.util.regex.Pattern.has(I)Z @ 6 c2
Event: 158.039 Thread 0x000002c613ce35b0 DEOPT PACKING pc=0x000002c5c1889b08 sp=0x000000e95daf5e20
Event: 158.039 Thread 0x000002c613ce35b0 DEOPT UNPACKING pc=0x000002c5c1274422 sp=0x000000e95daf5db0 mode 2
Event: 158.317 Thread 0x000002c613ce35b0 Uncommon trap: trap_request=0xffffffc6 fr.pc=0x000002c5c1b7fb48 relative=0x0000000000000068
Event: 158.317 Thread 0x000002c613ce35b0 Uncommon trap: reason=bimorphic_or_optimized_type_check action=maybe_recompile pc=0x000002c5c1b7fb48 method=java.util.AbstractQueue.add(Ljava/lang/Object;)Z @ 2 c2
Event: 158.317 Thread 0x000002c613ce35b0 DEOPT PACKING pc=0x000002c5c1b7fb48 sp=0x000000e95daf6df0
Event: 158.317 Thread 0x000002c613ce35b0 DEOPT UNPACKING pc=0x000002c5c1274422 sp=0x000000e95daf6db8 mode 2
Event: 158.317 Thread 0x000002c613ce35b0 Uncommon trap: trap_request=0xffffffc6 fr.pc=0x000002c5c1b7fb48 relative=0x0000000000000068
Event: 158.317 Thread 0x000002c613ce35b0 Uncommon trap: reason=bimorphic_or_optimized_type_check action=maybe_recompile pc=0x000002c5c1b7fb48 method=java.util.AbstractQueue.add(Ljava/lang/Object;)Z @ 2 c2
Event: 158.317 Thread 0x000002c613ce35b0 DEOPT PACKING pc=0x000002c5c1b7fb48 sp=0x000000e95daf6df0
Event: 158.317 Thread 0x000002c613ce35b0 DEOPT UNPACKING pc=0x000002c5c1274422 sp=0x000000e95daf6db8 mode 2
Event: 158.712 Thread 0x000002c613ce35b0 Uncommon trap: trap_request=0xffffffc6 fr.pc=0x000002c5c1b7fb48 relative=0x0000000000000068
Event: 158.712 Thread 0x000002c613ce35b0 Uncommon trap: reason=bimorphic_or_optimized_type_check action=maybe_recompile pc=0x000002c5c1b7fb48 method=java.util.AbstractQueue.add(Ljava/lang/Object;)Z @ 2 c2
Event: 158.712 Thread 0x000002c613ce35b0 DEOPT PACKING pc=0x000002c5c1b7fb48 sp=0x000000e95daf6680
Event: 158.712 Thread 0x000002c613ce35b0 DEOPT UNPACKING pc=0x000002c5c1274422 sp=0x000000e95daf6648 mode 2
Event: 158.712 Thread 0x000002c613ce35b0 Uncommon trap: trap_request=0xffffffc6 fr.pc=0x000002c5c1b7fb48 relative=0x0000000000000068
Event: 158.712 Thread 0x000002c613ce35b0 Uncommon trap: reason=bimorphic_or_optimized_type_check action=maybe_recompile pc=0x000002c5c1b7fb48 method=java.util.AbstractQueue.add(Ljava/lang/Object;)Z @ 2 c2
Event: 158.712 Thread 0x000002c613ce35b0 DEOPT PACKING pc=0x000002c5c1b7fb48 sp=0x000000e95daf6680
Event: 158.712 Thread 0x000002c613ce35b0 DEOPT UNPACKING pc=0x000002c5c1274422 sp=0x000000e95daf6648 mode 2

Classes loaded (20 events):
Event: 155.488 Loading class java/util/Base64 done
Event: 155.488 Loading class java/util/Base64$Decoder
Event: 155.489 Loading class java/util/Base64$Decoder done
Event: 155.489 Loading class java/util/Base64$Encoder
Event: 155.489 Loading class java/util/Base64$Encoder done
Event: 155.493 Loading class java/util/jar/JarVerifier$VerifierStream
Event: 155.494 Loading class java/util/jar/JarVerifier$VerifierStream done
Event: 155.495 Loading class sun/security/util/ManifestEntryVerifier$SunProviderHolder
Event: 155.495 Loading class sun/security/util/ManifestEntryVerifier$SunProviderHolder done
Event: 155.669 Loading class sun/security/util/MemoryCache$QueueCacheEntry
Event: 155.670 Loading class sun/security/util/MemoryCache$QueueCacheEntry done
Event: 157.662 Loading class sun/misc/Unsafe
Event: 157.663 Loading class sun/misc/Unsafe done
Event: 158.142 Loading class sun/reflect/annotation/AnnotationInvocationHandler$1
Event: 158.145 Loading class sun/reflect/annotation/AnnotationInvocationHandler$1 done
Event: 158.275 Loading class java/lang/foreign/ValueLayout
Event: 158.276 Loading class java/lang/foreign/MemoryLayout
Event: 158.277 Loading class java/lang/foreign/MemoryLayout done
Event: 158.277 Loading class java/lang/foreign/ValueLayout done
Event: 159.600 Loading class java/util/zip/DataFormatException

Classes unloaded (0 events):
No events

Classes redefined (0 events):
No events

Internal exceptions (20 events):
Event: 124.927 Thread 0x000002c613ce35b0 Exception <a 'java/lang/NoSuchMethodError'{0x00000000c4d907d8}: 'java.lang.Object java.lang.invoke.Invokers$Holder.linkToTargetMethod(java.lang.Object, java.lang.Object, java.lang.Object, int, java.lang.Object, java.lang.Object)'> (0x00000000c4d907d8) 
thrown [s\src\hotspot\share\interpreter\linkResolver.cpp, line 773]
Event: 128.177 Thread 0x000002c613ce35b0 Exception <a 'java/lang/NoSuchMethodError'{0x00000000c4e7ad40}: 'java.lang.Object java.lang.invoke.DirectMethodHandle$Holder.invokeSpecialIFC(java.lang.Object, java.lang.Object, java.lang.Object)'> (0x00000000c4e7ad40) 
thrown [s\src\hotspot\share\interpreter\linkResolver.cpp, line 773]
Event: 142.902 Thread 0x000002c613ce35b0 Exception <a 'java/lang/ClassNotFoundException'{0x00000000c5d4de48}: sun/misc/SharedSecrets> (0x00000000c5d4de48) 
thrown [s\src\hotspot\share\classfile\systemDictionary.cpp, line 313]
Event: 142.946 Thread 0x000002c613ce35b0 Exception <a 'java/lang/NoSuchMethodError'{0x00000000c5d8ab28}: 'java.lang.Object java.lang.invoke.DirectMethodHandle$Holder.newInvokeSpecial(java.lang.Object, java.lang.Object, java.lang.Object, java.lang.Object, java.lang.Object, java.lang.Object, java.lang.Object, java.lang.Object, java.lang.Object, java.lang.Object, java.lang.Object, java.lang.Object, java.lang.Object, java.lang.Object, java.lang.Object, java.lang.Object, java.lang.Object, java.lang.Object)'> (0x00000000c5d8ab28) 
thrown [s\src\hotspot
Event: 142.949 Thread 0x000002c613ce35b0 Exception <a 'java/lang/NoSuchMethodError'{0x00000000c5d91630}: 'java.lang.Object java.lang.invoke.DirectMethodHandle$Holder.invokeSpecial(java.lang.Object, java.lang.Object, java.lang.Object, java.lang.Object, java.lang.Object, java.lang.Object, java.lang.Object, java.lang.Object, java.lang.Object, java.lang.Object, java.lang.Object, java.lang.Object, java.lang.Object, java.lang.Object, java.lang.Object, java.lang.Object, java.lang.Object, java.lang.Object, java.lang.Object)'> (0x00000000c5d91630) 
thrown
Event: 142.950 Thread 0x000002c613ce35b0 Exception <a 'java/lang/NoSuchMethodError'{0x00000000c5d96f98}: 'java.lang.Object java.lang.invoke.DelegatingMethodHandle$Holder.reinvoke_L(java.lang.Object, java.lang.Object, java.lang.Object, java.lang.Object, java.lang.Object, java.lang.Object, java.lang.Object, java.lang.Object, java.lang.Object, java.lang.Object, java.lang.Object, java.lang.Object, java.lang.Object, java.lang.Object, java.lang.Object, java.lang.Object, java.lang.Object, java.lang.Object)'> (0x00000000c5d96f98) 
thrown [s\src\hotspot\s
Event: 143.001 Thread 0x000002c613ce35b0 Exception <a 'java/lang/NoSuchMethodError'{0x00000000c533a070}: 'void java.lang.invoke.DirectMethodHandle$Holder.invokeInterface(java.lang.Object, java.lang.Object, java.lang.Object, java.lang.Object)'> (0x00000000c533a070) 
thrown [s\src\hotspot\share\interpreter\linkResolver.cpp, line 773]
Event: 143.119 Thread 0x000002c613ce35b0 Implicit null exception at 0x000002c5c1ad20dd to 0x000002c5c1ad2570
Event: 143.119 Thread 0x000002c613ce35b0 Implicit null exception at 0x000002c5c1ad2d3f to 0x000002c5c1ad31d4
Event: 144.702 Thread 0x000002c613ce35b0 Exception <a 'java/lang/ClassNotFoundException'{0x00000000c56168e0}: org/gradle/api/internal/plugins/DefaultObjectConfigurationActionBeanInfo> (0x00000000c56168e0) 
thrown [s\src\hotspot\share\classfile\systemDictionary.cpp, line 313]
Event: 144.706 Thread 0x000002c613ce35b0 Exception <a 'java/lang/ClassNotFoundException'{0x00000000c562a390}: org/gradle/api/internal/plugins/DefaultObjectConfigurationActionCustomizer> (0x00000000c562a390) 
thrown [s\src\hotspot\share\classfile\systemDictionary.cpp, line 313]
Event: 144.758 Thread 0x000002c613ce35b0 Implicit null exception at 0x000002c5c1940c72 to 0x000002c5c1940ef0
Event: 144.761 Thread 0x000002c613ce35b0 Exception <a 'java/lang/NoSuchMethodError'{0x00000000c5638098}: 'int java.lang.invoke.DirectMethodHandle$Holder.invokeSpecial(java.lang.Object, java.lang.Object, java.lang.Object, int)'> (0x00000000c5638098) 
thrown [s\src\hotspot\share\interpreter\linkResolver.cpp, line 773]
Event: 144.767 Thread 0x000002c613ce35b0 Exception <a 'java/lang/NoSuchMethodError'{0x00000000c5649248}: 'java.lang.Object java.lang.invoke.DirectMethodHandle$Holder.invokeStatic(java.lang.Object, java.lang.Object, java.lang.Object, java.lang.Object, int)'> (0x00000000c5649248) 
thrown [s\src\hotspot\share\interpreter\linkResolver.cpp, line 773]
Event: 148.733 Thread 0x000002c613ce35b0 Exception <a 'java/lang/NoSuchMethodError'{0x00000000c60dc3f8}: 'int java.lang.invoke.DirectMethodHandle$Holder.invokeSpecialIFC(java.lang.Object, java.lang.Object, java.lang.Object, java.lang.Object, java.lang.Object)'> (0x00000000c60dc3f8) 
thrown [s\src\hotspot\share\interpreter\linkResolver.cpp, line 773]
Event: 152.178 Thread 0x000002c613ce35b0 Exception <a 'java/lang/NoSuchMethodError'{0x00000000c5c43160}: 'java.lang.Object java.lang.invoke.DirectMethodHandle$Holder.newInvokeSpecial(java.lang.Object, java.lang.Object, java.lang.Object, java.lang.Object, java.lang.Object, java.lang.Object, java.lang.Object, java.lang.Object, java.lang.Object, java.lang.Object, java.lang.Object, java.lang.Object, java.lang.Object, java.lang.Object, java.lang.Object, java.lang.Object)'> (0x00000000c5c43160) 
thrown [s\src\hotspot\share\interpreter\linkResolver.cpp,
Event: 152.179 Thread 0x000002c613ce35b0 Exception <a 'java/lang/NoSuchMethodError'{0x00000000c5c49dd8}: 'java.lang.Object java.lang.invoke.DirectMethodHandle$Holder.invokeSpecial(java.lang.Object, java.lang.Object, java.lang.Object, java.lang.Object, java.lang.Object, java.lang.Object, java.lang.Object, java.lang.Object, java.lang.Object, java.lang.Object, java.lang.Object, java.lang.Object, java.lang.Object, java.lang.Object, java.lang.Object, java.lang.Object, java.lang.Object)'> (0x00000000c5c49dd8) 
thrown [s\src\hotspot\share\interpreter\li
Event: 152.180 Thread 0x000002c613ce35b0 Exception <a 'java/lang/NoSuchMethodError'{0x00000000c5c4fc68}: 'java.lang.Object java.lang.invoke.DelegatingMethodHandle$Holder.reinvoke_L(java.lang.Object, java.lang.Object, java.lang.Object, java.lang.Object, java.lang.Object, java.lang.Object, java.lang.Object, java.lang.Object, java.lang.Object, java.lang.Object, java.lang.Object, java.lang.Object, java.lang.Object, java.lang.Object, java.lang.Object, java.lang.Object)'> (0x00000000c5c4fc68) 
thrown [s\src\hotspot\share\interpreter\linkResolver.cpp, l
Event: 152.614 Thread 0x000002c613ce35b0 Exception <a 'java/lang/NoSuchMethodError'{0x00000000c59b9768}: 'void java.lang.invoke.DirectMethodHandle$Holder.invokeVirtual(java.lang.Object, java.lang.Object)'> (0x00000000c59b9768) 
thrown [s\src\hotspot\share\interpreter\linkResolver.cpp, line 773]
Event: 159.599 Thread 0x000002c613ce35b0 Exception <a 'java/io/IOException'{0x00000000c7b45b10}> (0x00000000c7b45b10) 
thrown [s\src\hotspot\share\prims\jni.cpp, line 520]

ZGC Phase Switch (0 events):
No events

VM Operations (20 events):
Event: 154.824 Executing non-safepoint VM operation: HandshakeAllThreads (Deoptimize)
Event: 154.825 Executing non-safepoint VM operation: HandshakeAllThreads (Deoptimize) done
Event: 155.189 Executing non-safepoint VM operation: HandshakeAllThreads (Deoptimize)
Event: 155.189 Executing non-safepoint VM operation: HandshakeAllThreads (Deoptimize) done
Event: 155.194 Executing non-safepoint VM operation: HandshakeAllThreads (Deoptimize)
Event: 155.194 Executing non-safepoint VM operation: HandshakeAllThreads (Deoptimize) done
Event: 155.509 Executing safepoint VM operation: G1CollectForAllocation (G1 Evacuation Pause)
Event: 155.523 Executing safepoint VM operation: G1CollectForAllocation (G1 Evacuation Pause) done
Event: 155.780 Executing safepoint VM operation: G1PauseRemark
Event: 155.799 Executing safepoint VM operation: G1PauseRemark done
Event: 155.842 Executing safepoint VM operation: G1PauseCleanup
Event: 155.843 Executing safepoint VM operation: G1PauseCleanup done
Event: 156.849 Executing safepoint VM operation: Cleanup
Event: 156.864 Executing safepoint VM operation: Cleanup done
Event: 157.870 Executing safepoint VM operation: Cleanup
Event: 157.870 Executing safepoint VM operation: Cleanup done
Event: 158.872 Executing safepoint VM operation: Cleanup
Event: 158.873 Executing safepoint VM operation: Cleanup done
Event: 159.255 Executing safepoint VM operation: G1CollectForAllocation (G1 Evacuation Pause)
Event: 159.265 Executing safepoint VM operation: G1CollectForAllocation (G1 Evacuation Pause) done

Memory protections (0 events):
No events

Nmethod flushes (20 events):
Event: 155.795 Thread 0x000002c5cd578730 flushing  nmethod 0x000002c5b9d5e610
Event: 155.795 Thread 0x000002c5cd578730 flushing  nmethod 0x000002c5b9de8310
Event: 155.795 Thread 0x000002c5cd578730 flushing  nmethod 0x000002c5ba013e10
Event: 155.795 Thread 0x000002c5cd578730 flushing  nmethod 0x000002c5ba734f90
Event: 155.795 Thread 0x000002c5cd578730 flushing  nmethod 0x000002c5baa06310
Event: 155.795 Thread 0x000002c5cd578730 flushing  nmethod 0x000002c5c19a8710
Event: 155.795 Thread 0x000002c5cd578730 flushing  nmethod 0x000002c5c19b1110
Event: 155.795 Thread 0x000002c5cd578730 flushing  nmethod 0x000002c5c1a06e10
Event: 155.795 Thread 0x000002c5cd578730 flushing  nmethod 0x000002c5c1a0dd10
Event: 155.795 Thread 0x000002c5cd578730 flushing  nmethod 0x000002c5b9dd8a90
Event: 155.795 Thread 0x000002c5cd578730 flushing  nmethod 0x000002c5ba155f10
Event: 155.795 Thread 0x000002c5cd578730 flushing  nmethod 0x000002c5ba1e4b10
Event: 155.795 Thread 0x000002c5cd578730 flushing  nmethod 0x000002c5ba7c6810
Event: 155.795 Thread 0x000002c5cd578730 flushing  nmethod 0x000002c5ba7ef190
Event: 155.795 Thread 0x000002c5cd578730 flushing  nmethod 0x000002c5ba7efb10
Event: 155.795 Thread 0x000002c5cd578730 flushing  nmethod 0x000002c5ba7f1b90
Event: 155.795 Thread 0x000002c5cd578730 flushing  nmethod 0x000002c5ba7f3190
Event: 155.795 Thread 0x000002c5cd578730 flushing  nmethod 0x000002c5ba7f4a90
Event: 155.795 Thread 0x000002c5cd578730 flushing  nmethod 0x000002c5baa2cc10
Event: 155.795 Thread 0x000002c5cd578730 flushing  nmethod 0x000002c5baa2ec10

Events (20 events):
Event: 128.237 Thread 0x000002c613ce35b0 Thread added: 0x000002c615d6eee0
Event: 143.889 Thread 0x000002c613ce35b0 Thread added: 0x000002c6165c85f0
Event: 143.889 Thread 0x000002c613ce35b0 Thread added: 0x000002c6165c8c80
Event: 143.890 Thread 0x000002c613ce35b0 Thread added: 0x000002c6165ca030
Event: 143.891 Thread 0x000002c613ce35b0 Thread added: 0x000002c6165c99a0
Event: 143.893 Thread 0x000002c613ce35b0 Thread added: 0x000002c6165c9310
Event: 143.893 Thread 0x000002c613ce35b0 Thread added: 0x000002c6165ca6c0
Event: 143.894 Thread 0x000002c613ce35b0 Thread added: 0x000002c6165c7240
Event: 144.212 Thread 0x000002c613ce35b0 Thread added: 0x000002c6165cad50
Event: 144.217 Thread 0x000002c613ce35b0 Thread added: 0x000002c6165c78d0
Event: 144.221 Thread 0x000002c613ce35b0 Thread added: 0x000002c6165cce20
Event: 144.223 Thread 0x000002c613ce35b0 Thread added: 0x000002c6165ce1d0
Event: 144.326 Thread 0x000002c613ce35b0 Thread added: 0x000002c6165cc100
Event: 144.335 Thread 0x000002c613ce35b0 Thread added: 0x000002c6165cd4b0
Event: 144.340 Thread 0x000002c613ce35b0 Thread added: 0x000002c6165cdb40
Event: 144.341 Thread 0x000002c613ce35b0 Thread added: 0x000002c6165cc790
Event: 144.343 Thread 0x000002c613ce35b0 Thread added: 0x000002c6165cba70
Event: 144.344 Thread 0x000002c613ce35b0 Thread added: 0x000002c6165ce860
Event: 144.351 Thread 0x000002c613ce35b0 Thread added: 0x000002c6165cb3e0
Event: 152.523 Thread 0x000002c613ce35b0 Thread added: 0x000002c6170f72f0


Dynamic libraries:
0x00007ff68b060000 - 0x00007ff68b06e000 	C:\Users\LENOVO\.antigravity-ide\extensions\redhat.java-1.56.0-win32-x64\jre\21.0.12.1-win32-x86_64\bin\java.exe
0x00007ffba7f40000 - 0x00007ffba81a7000 	C:\WINDOWS\SYSTEM32\ntdll.dll
0x00007ffba6070000 - 0x00007ffba613b000 	C:\WINDOWS\System32\KERNEL32.DLL
0x00007ffba5490000 - 0x00007ffba5892000 	C:\WINDOWS\System32\KERNELBASE.dll
0x00007ffba5140000 - 0x00007ffba528c000 	C:\WINDOWS\System32\ucrtbase.dll
0x00007ffb98210000 - 0x00007ffb98228000 	C:\Users\LENOVO\.antigravity-ide\extensions\redhat.java-1.56.0-win32-x64\jre\21.0.12.1-win32-x86_64\bin\jli.dll
0x00007ffba5e00000 - 0x00007ffba5fcf000 	C:\WINDOWS\System32\USER32.dll
0x00007ffba59e0000 - 0x00007ffba5a07000 	C:\WINDOWS\System32\win32u.dll
0x00007ffba5d80000 - 0x00007ffba5dab000 	C:\WINDOWS\System32\GDI32.dll
0x00007ffba52a0000 - 0x00007ffba53c9000 	C:\WINDOWS\System32\gdi32full.dll
0x00007ffba5930000 - 0x00007ffba59d3000 	C:\WINDOWS\System32\msvcp_win.dll
0x00007ffb97910000 - 0x00007ffb9792e000 	C:\Users\LENOVO\.antigravity-ide\extensions\redhat.java-1.56.0-win32-x64\jre\21.0.12.1-win32-x86_64\bin\VCRUNTIME140.dll
0x00007ffb8ec40000 - 0x00007ffb8eed0000 	C:\WINDOWS\WinSxS\amd64_microsoft.windows.common-controls_6595b64144ccf1df_6.0.26100.9278_none_3e0d1ba8e3303201\COMCTL32.dll
0x00007ffba6840000 - 0x00007ffba68e9000 	C:\WINDOWS\System32\msvcrt.dll
0x00007ffba5dc0000 - 0x00007ffba5df1000 	C:\WINDOWS\System32\IMM32.DLL
0x00007ffb98200000 - 0x00007ffb9820c000 	C:\Users\LENOVO\.antigravity-ide\extensions\redhat.java-1.56.0-win32-x64\jre\21.0.12.1-win32-x86_64\bin\vcruntime140_1.dll
0x00007ffb763b0000 - 0x00007ffb7643d000 	C:\Users\LENOVO\.antigravity-ide\extensions\redhat.java-1.56.0-win32-x64\jre\21.0.12.1-win32-x86_64\bin\msvcp140.dll
0x00007ffb366c0000 - 0x00007ffb37462000 	C:\Users\LENOVO\.antigravity-ide\extensions\redhat.java-1.56.0-win32-x64\jre\21.0.12.1-win32-x86_64\bin\server\jvm.dll
0x00007ffba66f0000 - 0x00007ffba67ac000 	C:\WINDOWS\System32\ADVAPI32.dll
0x00007ffba7e30000 - 0x00007ffba7ed9000 	C:\WINDOWS\System32\sechost.dll
0x00007ffba5c60000 - 0x00007ffba5d78000 	C:\WINDOWS\System32\RPCRT4.dll
0x00007ffba7090000 - 0x00007ffba7110000 	C:\WINDOWS\System32\WS2_32.dll
0x00007ffba4f90000 - 0x00007ffba4fee000 	C:\WINDOWS\SYSTEM32\POWRPROF.dll
0x00007ffb983b0000 - 0x00007ffb983e6000 	C:\WINDOWS\SYSTEM32\WINMM.dll
0x00007ffb93ff0000 - 0x00007ffb93ffb000 	C:\WINDOWS\SYSTEM32\VERSION.dll
0x00007ffba4f70000 - 0x00007ffba4f85000 	C:\WINDOWS\SYSTEM32\UMPDC.dll
0x00007ffba3dd0000 - 0x00007ffba3deb000 	C:\WINDOWS\SYSTEM32\kernel.appcore.dll
0x00007ffb97640000 - 0x00007ffb9764a000 	C:\Users\LENOVO\.antigravity-ide\extensions\redhat.java-1.56.0-win32-x64\jre\21.0.12.1-win32-x86_64\bin\jimage.dll
0x00007ffba2480000 - 0x00007ffba26cc000 	C:\WINDOWS\SYSTEM32\DBGHELP.DLL
0x00007ffba7950000 - 0x00007ffba7cd5000 	C:\WINDOWS\System32\combase.dll
0x00007ffba62c0000 - 0x00007ffba6399000 	C:\WINDOWS\System32\OLEAUT32.dll
0x00007ffb8c4f0000 - 0x00007ffb8c52b000 	C:\WINDOWS\SYSTEM32\dbgcore.DLL
0x00007ffba5a10000 - 0x00007ffba5abc000 	C:\WINDOWS\System32\bcryptPrimitives.dll
0x00007ffb87510000 - 0x00007ffb8751f000 	C:\Users\LENOVO\.antigravity-ide\extensions\redhat.java-1.56.0-win32-x64\jre\21.0.12.1-win32-x86_64\bin\instrument.dll
0x00007ffb77ba0000 - 0x00007ffb77bc0000 	C:\Users\LENOVO\.antigravity-ide\extensions\redhat.java-1.56.0-win32-x64\jre\21.0.12.1-win32-x86_64\bin\java.dll
0x00007ffba68f0000 - 0x00007ffba7088000 	C:\WINDOWS\System32\SHELL32.dll
0x00007ffba2b60000 - 0x00007ffba340e000 	C:\WINDOWS\SYSTEM32\windows.storage.dll
0x00007ffba7d30000 - 0x00007ffba7e2b000 	C:\WINDOWS\System32\SHCORE.dll
0x00007ffba67d0000 - 0x00007ffba6836000 	C:\WINDOWS\System32\shlwapi.dll
0x00007ffba5060000 - 0x00007ffba5089000 	C:\WINDOWS\SYSTEM32\profapi.dll
0x00007ffb77b80000 - 0x00007ffb77b98000 	C:\Users\LENOVO\.antigravity-ide\extensions\redhat.java-1.56.0-win32-x64\jre\21.0.12.1-win32-x86_64\bin\zip.dll
0x00007ffb97630000 - 0x00007ffb97640000 	C:\Users\LENOVO\.antigravity-ide\extensions\redhat.java-1.56.0-win32-x64\jre\21.0.12.1-win32-x86_64\bin\net.dll
0x00007ffb9d7d0000 - 0x00007ffb9d8fa000 	C:\WINDOWS\SYSTEM32\WINHTTP.dll
0x00007ffba4370000 - 0x00007ffba43dc000 	C:\WINDOWS\system32\mswsock.dll
0x00007ffb759a0000 - 0x00007ffb759b6000 	C:\Users\LENOVO\.antigravity-ide\extensions\redhat.java-1.56.0-win32-x64\jre\21.0.12.1-win32-x86_64\bin\nio.dll
0x00007ffb87520000 - 0x00007ffb87530000 	C:\Users\LENOVO\.antigravity-ide\extensions\redhat.java-1.56.0-win32-x64\jre\21.0.12.1-win32-x86_64\bin\verify.dll
0x00007ffb75970000 - 0x00007ffb75997000 	C:\Users\LENOVO\.gradle\native\1def1411415f61bf3af743bc5b6707747c0891f09f0c88961ee8f79bc544acac\windows-amd64\native-platform.dll
0x00007ffb39e90000 - 0x00007ffb39f08000 	C:\Users\LENOVO\.gradle\native\0.2.7\x86_64-windows-gnu\gradle-fileevents.dll
0x00007ffb865b0000 - 0x00007ffb865ba000 	C:\Users\LENOVO\.antigravity-ide\extensions\redhat.java-1.56.0-win32-x64\jre\21.0.12.1-win32-x86_64\bin\management.dll
0x00007ffb7a950000 - 0x00007ffb7a95c000 	C:\Users\LENOVO\.antigravity-ide\extensions\redhat.java-1.56.0-win32-x64\jre\21.0.12.1-win32-x86_64\bin\management_ext.dll
0x00007ffba5db0000 - 0x00007ffba5db8000 	C:\WINDOWS\System32\PSAPI.DLL
0x00007ffba3780000 - 0x00007ffba37b3000 	C:\WINDOWS\SYSTEM32\IPHLPAPI.DLL
0x00007ffba7120000 - 0x00007ffba712a000 	C:\WINDOWS\System32\NSI.dll
0x00007ffb7a900000 - 0x00007ffb7a909000 	C:\Users\LENOVO\.antigravity-ide\extensions\redhat.java-1.56.0-win32-x64\jre\21.0.12.1-win32-x86_64\bin\extnet.dll
0x00007ffba4790000 - 0x00007ffba47ab000 	C:\WINDOWS\SYSTEM32\CRYPTSP.dll
0x00007ffba3d30000 - 0x00007ffba3d69000 	C:\WINDOWS\system32\rsaenh.dll
0x00007ffba4420000 - 0x00007ffba4454000 	C:\WINDOWS\SYSTEM32\USERENV.dll
0x00007ffba5030000 - 0x00007ffba505a000 	C:\WINDOWS\SYSTEM32\bcrypt.dll
0x00007ffba45d0000 - 0x00007ffba45dc000 	C:\WINDOWS\SYSTEM32\CRYPTBASE.dll
0x00007ffb47f00000 - 0x00007ffb47f0e000 	C:\Users\LENOVO\.antigravity-ide\extensions\redhat.java-1.56.0-win32-x64\jre\21.0.12.1-win32-x86_64\bin\sunmscapi.dll
0x00007ffba5ad0000 - 0x00007ffba5c4e000 	C:\WINDOWS\System32\CRYPT32.dll
0x00007ffba4900000 - 0x00007ffba4930000 	C:\WINDOWS\SYSTEM32\ncrypt.dll
0x00007ffba48b0000 - 0x00007ffba48ef000 	C:\WINDOWS\SYSTEM32\NTASN1.dll
0x00007ffb66b40000 - 0x00007ffb66b48000 	C:\WINDOWS\system32\wshunix.dll

JVMTI agents:
C:\Users\LENOVO\.gradle\wrapper\dists\gradle-8.14-bin\38aieal9i53h9rfe7vjup95b9\gradle-8.14\lib\agents\gradle-instrumentation-agent-8.14.jar path:C:\Users\LENOVO\.antigravity-ide\extensions\redhat.java-1.56.0-win32-x64\jre\21.0.12.1-win32-x86_64\bin\instrument.dll, loaded, initialized, instrumentlib options:none

dbghelp: loaded successfully - version: 4.0.5 - missing functions: none
symbol engine: initialized successfully - sym options: 0x614 - pdb path: .;C:\Users\LENOVO\.antigravity-ide\extensions\redhat.java-1.56.0-win32-x64\jre\21.0.12.1-win32-x86_64\bin;C:\WINDOWS\SYSTEM32;C:\WINDOWS\WinSxS\amd64_microsoft.windows.common-controls_6595b64144ccf1df_6.0.26100.9278_none_3e0d1ba8e3303201;C:\Users\LENOVO\.antigravity-ide\extensions\redhat.java-1.56.0-win32-x64\jre\21.0.12.1-win32-x86_64\bin\server;C:\Users\LENOVO\.gradle\native\1def1411415f61bf3af743bc5b6707747c0891f09f0c88961ee8f79bc544acac\windows-amd64;C:\Users\LENOVO\.gradle\native\0.2.7\x86_64-windows-gnu

VM Arguments:
jvm_args: --add-opens=java.base/java.lang=ALL-UNNAMED --add-opens=java.base/java.lang.invoke=ALL-UNNAMED --add-opens=java.base/java.util=ALL-UNNAMED --add-opens=java.prefs/java.util.prefs=ALL-UNNAMED --add-exports=jdk.compiler/com.sun.tools.javac.api=ALL-UNNAMED --add-exports=jdk.compiler/com.sun.tools.javac.util=ALL-UNNAMED --add-opens=java.base/java.util=ALL-UNNAMED --add-opens=java.prefs/java.util.prefs=ALL-UNNAMED --add-opens=java.base/java.nio.charset=ALL-UNNAMED --add-opens=java.base/java.net=ALL-UNNAMED --add-opens=java.base/java.util.concurrent.atomic=ALL-UNNAMED --add-opens=java.xml/javax.xml.namespace=ALL-UNNAMED -Xmx1024m -Dfile.encoding=UTF-8 -Duser.country=US -Duser.language=en -Duser.variant -javaagent:C:\Users\LENOVO\.gradle\wrapper\dists\gradle-8.14-bin\38aieal9i53h9rfe7vjup95b9\gradle-8.14\lib\agents\gradle-instrumentation-agent-8.14.jar 
java_command: org.gradle.launcher.daemon.bootstrap.GradleDaemon 8.14
java_class_path (initial): C:\Users\LENOVO\.gradle\wrapper\dists\gradle-8.14-bin\38aieal9i53h9rfe7vjup95b9\gradle-8.14\lib\gradle-daemon-main-8.14.jar
Launcher Type: SUN_STANDARD

[Global flags]
     intx CICompilerCount                          = 4                                         {product} {ergonomic}
     uint ConcGCThreads                            = 2                                         {product} {ergonomic}
     uint G1ConcRefinementThreads                  = 8                                         {product} {ergonomic}
   size_t G1HeapRegionSize                         = 1048576                                   {product} {ergonomic}
    uintx GCDrainStackTargetSize                   = 64                                        {product} {ergonomic}
   size_t InitialHeapSize                          = 98566144                                  {product} {ergonomic}
   size_t MarkStackSize                            = 4194304                                   {product} {ergonomic}
   size_t MaxHeapSize                              = 1073741824                                {product} {command line}
   size_t MaxNewSize                               = 643825664                                 {product} {ergonomic}
   size_t MinHeapDeltaBytes                        = 1048576                                   {product} {ergonomic}
   size_t MinHeapSize                              = 8388608                                   {product} {ergonomic}
    uintx NonNMethodCodeHeapSize                   = 5839372                                {pd product} {ergonomic}
    uintx NonProfiledCodeHeapSize                  = 122909434                              {pd product} {ergonomic}
    uintx ProfiledCodeHeapSize                     = 122909434                              {pd product} {ergonomic}
    uintx ReservedCodeCacheSize                    = 251658240                              {pd product} {ergonomic}
     bool SegmentedCodeCache                       = true                                      {product} {ergonomic}
   size_t SoftMaxHeapSize                          = 1073741824                             {manageable} {ergonomic}
     bool UseCompressedOops                        = true                           {product lp64_product} {ergonomic}
     bool UseG1GC                                  = true                                      {product} {ergonomic}
     bool UseLargePagesIndividualAllocation        = false                                  {pd product} {ergonomic}

Logging:
Log output configuration:
 #0: stdout all=warning uptime,level,tags foldmultilines=false
 #1: stderr all=off uptime,level,tags foldmultilines=false

Release file:
JAVA_VERSION="21.0.12.1" 
MODULES="java.base java.compiler java.datatransfer java.xml java.prefs java.desktop java.instrument java.logging java.management java.security.sasl java.naming java.rmi java.management.rmi java.net.http java.scripting java.security.jgss java.transaction.xa java.sql java.sql.rowset java.xml.crypto java.se java.smartcardio jdk.accessibility jdk.internal.jvmstat jdk.attach jdk.charsets jdk.internal.opt jdk.zipfs jdk.compiler jdk.crypto.ec jdk.crypto.cryptoki jdk.crypto.mscapi jdk.dynalink jdk.internal.ed jdk.editpad jdk.hotspot.agent jdk.httpserver jdk.internal.le jdk.internal.vm.ci jdk.internal.vm.compiler jdk.internal.vm.compiler.management jdk.jartool jdk.javadoc jdk.jcmd jdk.management jdk.management.agent jdk.jconsole jdk.jdeps jdk.jdwp.agent jdk.jdi jdk.jfr jdk.jshell jdk.jsobject jdk.jstatd jdk.localedata jdk.management.jfr jdk.naming.dns jdk.naming.rmi jdk.net jdk.nio.mapmode jdk.random jdk.sctp jdk.security.auth jdk.security.jgss jdk.unsupported jdk.unsupported.desktop jdk.xml.dom" 

Environment Variables:
JAVA_HOME=C:\Program Files\Android\Android Studio\jbr
PATH=C:\WINDOWS\system32;C:\WINDOWS;C:\WINDOWS\System32\Wbem;C:\WINDOWS\System32\WindowsPowerShell\v1.0\;C:\WINDOWS\System32\OpenSSH\;C:\Program Files\Docker\Docker\resources\bin;C:\Program Files\nodejs\;C:\Program Files\Git\cmd;C:\Users\LENOVO\AppData\Local\Programs\Python\Python312\Scripts\;C:\Users\LENOVO\AppData\Local\Programs\Python\Python312\;C:\Users\LENOVO\AppData\Local\Programs\Python\Launcher\;C:\Users\LENOVO\AppData\Local\Programs\Python\Python314\Scripts\;C:\Users\LENOVO\AppData\Local\Programs\Python\Python314\;C:\Users\LENOVO\AppData\Local\Microsoft\WindowsApps;C:\Users\LENOVO\AppData\Local\Programs\Antigravity\bin;C:\Users\LENOVO\AppData\Roaming\npm;C:\ScrcpyLauncher by praveen;C:\Users\LENOVO\AppData\Local\PowerToys\DSCModules\;C:\Users\LENOVO\AppData\Local\Programs\Antigravity IDE\bin
USERNAME=LENOVO
OS=Windows_NT
PROCESSOR_IDENTIFIER=AMD64 Family 23 Model 160 Stepping 0, AuthenticAMD
TMP=C:\Users\LENOVO\AppData\Local\Temp
TEMP=C:\Users\LENOVO\AppData\Local\Temp




Periodic native trim disabled

---------------  S Y S T E M  ---------------

OS:
 Windows 11 , 64 bit Build 26100 (10.0.26100.9444)
OS uptime: 8 days 1:48 hours
Hyper-V role detected

CPU: total 8 (initial active 8) (8 cores per cpu, 2 threads per core) family 23 model 160 stepping 0 microcode 0x8a0000a, cx8, cmov, fxsr, ht, mmx, 3dnowpref, sse, sse2, sse3, ssse3, sse4a, sse4.1, sse4.2, popcnt, lzcnt, tsc, tscinvbit, avx, avx2, aes, clmul, bmi1, bmi2, adx, sha, fma, vzeroupper, clflush, clflushopt, hv, rdtscp, rdpid, f16c
Processor Information for the first 8 processors :
  Max Mhz: 2401, Current Mhz: 2401, Mhz Limit: 2401

Memory: 4k page, system-wide physical 5965M (317M free)
TotalPageFile size 24397M (AvailPageFile size 1M)
current process WorkingSet (physical memory assigned to process): 190M, peak: 246M
current process commit charge ("private bytes"): 382M, peak: 384M

vm_info: OpenJDK 64-Bit Server VM (21.0.12.1+1-LTS) for windows-amd64 JRE (21.0.12.1+1-LTS), built on 2026-08-18T00:00:00Z by "admin" with MS VC++ 17.12 (VS2022)

END.
