#
# There is insufficient memory for the Java Runtime Environment to continue.
# Native memory allocation (malloc) failed to allocate 2097152 bytes. Error detail: AllocateHeap
# Possible reasons:
#   The system is out of physical RAM or swap space
#   This process is running with CompressedOops enabled, and the Java Heap may be blocking the growth of the native heap
# Possible solutions:
#   Reduce memory load on the system
#   Increase physical memory or swap space
#   Check if swap backing store is full
#   Decrease Java heap size (-Xmx/-Xms)
#   Decrease number of Java threads
#   Decrease Java thread stack sizes (-Xss)
#   Set larger code cache with -XX:ReservedCodeCacheSize=
#   JVM is running with Unscaled Compressed Oops mode in which the Java heap is
#     placed in the first 4GB address space. The Java Heap base address is the
#     maximum limit for the native heap growth. Please use -XX:HeapBaseMinAddress
#     to set the Java Heap base and to place the Java Heap above 4GB virtual address.
# This output file may be truncated or incomplete.
#
#  Out of Memory Error (allocation.cpp:44), pid=27204, tid=31100
#
# JRE version: OpenJDK Runtime Environment (21.0.9) (build 21.0.9+-14787801-b1163.94)
# Java VM: OpenJDK 64-Bit Server VM (21.0.9+-14787801-b1163.94, mixed mode, tiered, compressed oops, compressed class ptrs, g1 gc, windows-amd64)
# No core dump will be written. Minidumps are not enabled by default on client versions of Windows
#

---------------  S U M M A R Y ------------

Command Line: --add-opens=java.base/java.lang=ALL-UNNAMED --add-opens=java.base/java.lang.invoke=ALL-UNNAMED --add-opens=java.base/java.util=ALL-UNNAMED --add-opens=java.prefs/java.util.prefs=ALL-UNNAMED --add-exports=jdk.compiler/com.sun.tools.javac.api=ALL-UNNAMED --add-exports=jdk.compiler/com.sun.tools.javac.util=ALL-UNNAMED --add-opens=java.base/java.util=ALL-UNNAMED --add-opens=java.prefs/java.util.prefs=ALL-UNNAMED --add-opens=java.base/java.nio.charset=ALL-UNNAMED --add-opens=java.base/java.net=ALL-UNNAMED --add-opens=java.base/java.util.concurrent.atomic=ALL-UNNAMED --add-opens=java.xml/javax.xml.namespace=ALL-UNNAMED -Xmx1024m -Dfile.encoding=UTF-8 -Duser.country=US -Duser.language=en -Duser.variant -javaagent:C:\Users\LENOVO\.gradle\wrapper\dists\gradle-8.14-bin\38aieal9i53h9rfe7vjup95b9\gradle-8.14\lib\agents\gradle-instrumentation-agent-8.14.jar org.gradle.launcher.daemon.bootstrap.GradleDaemon 8.14

Host: AMD Ryzen 3 7320U with Radeon Graphics         , 8 cores, 5G,  Windows 11 , 64 bit Build 26100 (10.0.26100.9444)
Time: Sun Sep 27 22:48:12 2026 Nepal Standard Time elapsed time: 624.243125 seconds (0d 0h 10m 24s)

---------------  T H R E A D  ---------------

Current thread (0x000002265044f7c0):  VMThread "VM Thread"          [id=31100, stack(0x000000e0e0500000,0x000000e0e0600000) (1024K)]

Stack: [0x000000e0e0500000,0x000000e0e0600000]
Native frames: (J=compiled Java code, j=interpreted, Vv=VM code, C=native code)
V  [jvm.dll+0x6d6c99]
V  [jvm.dll+0x866b83]
V  [jvm.dll+0x8691ae]
V  [jvm.dll+0x869893]
V  [jvm.dll+0x280776]
V  [jvm.dll+0xbaf47]
V  [jvm.dll+0x34903e]
V  [jvm.dll+0x34285e]
V  [jvm.dll+0x32a9b9]
V  [jvm.dll+0x32ddea]
V  [jvm.dll+0x32dc9d]
V  [jvm.dll+0x36ed4c]
V  [jvm.dll+0x86f618]
V  [jvm.dll+0x870994]
V  [jvm.dll+0x870ed0]
V  [jvm.dll+0x871163]
V  [jvm.dll+0x80f118]
V  [jvm.dll+0x6d54ed]
C  [ucrtbase.dll+0x2cd30]
C  [KERNEL32.DLL+0x2cd87]
C  [ntdll.dll+0xacaec]

VM_Operation (0x000000e0e91fcc20): G1CollectForAllocation, mode: safepoint, requested by thread 0x0000022672a01880


---------------  P R O C E S S  ---------------

Threads class SMR info:
_java_thread_list=0x0000022673751d10, length=148, elements={
0x00000226527cb1c0, 0x000002266d03bd60, 0x000002266d054460, 0x000002266d055a30,
0x000002266d06b8e0, 0x000002266d06c340, 0x000002266d06cda0, 0x000002266d06d800,
0x000002266d06f100, 0x000002266d06fba0, 0x000002266d358370, 0x000002266f7d3750,
0x000002266f724320, 0x000002266f037010, 0x000002266d777c20, 0x000002266f5ef260,
0x000002266e704e80, 0x000002266e4d26d0, 0x000002266e4d1320, 0x000002266e4d19b0,
0x000002266e4d0c90, 0x000002266e4d2d60, 0x000002266e4d3a80, 0x000002266e4d0600,
0x000002266f6990e0, 0x000002266f699770, 0x000002266f697d30, 0x000002266f696980,
0x000002266f6983c0, 0x000002266f69a490, 0x000002266f69d910, 0x000002266f69b1b0,
0x000002266f69c560, 0x000002266f69d280, 0x0000022670dae420, 0x0000022670daf140,
0x0000022670db0b80, 0x0000022670dad700, 0x0000022670db1210, 0x0000022670dadd90,
0x0000022670db25c0, 0x0000022670db18a0, 0x0000022670daf7d0, 0x0000022670dafe60,
0x0000022670dac9e0, 0x0000022670db04f0, 0x0000022670daeab0, 0x0000022670dad070,
0x0000022670db1f30, 0x0000022670db3970, 0x0000022670db2c50, 0x0000022670db32e0,
0x000002266f69cbf0, 0x000002266f69ab20, 0x000002266f69bed0, 0x000002266d94ee30,
0x000002266d94da80, 0x000002266d94f4c0, 0x000002266d9501e0, 0x000002266d94fb50,
0x000002266d950870, 0x000002266d94d3f0, 0x000002266d94e7a0, 0x000002266d950f00,
0x000002266d951590, 0x000002266d94e110, 0x000002266d952fd0, 0x000002266d954a10,
0x000002266d954380, 0x000002266d951c20, 0x000002266d953cf0, 0x000002266d9522b0,
0x000002266d952940, 0x000002266d953660, 0x000002266d6d19f0, 0x000002266d6d0cd0,
0x000002266d6d1360, 0x000002266d6d2080, 0x000002266d6d2710, 0x000002266d6cf290,
0x000002266d6d2da0, 0x000002266d6cf920, 0x000002266d6d3430, 0x000002266d6cffb0,
0x000002266d6d3ac0, 0x000002266d6d0640, 0x000002266d6d47e0, 0x000002266d6d68b0,
0x000002266d6d4e70, 0x000002266d6d4150, 0x000002266d6d5500, 0x000002266d6d5b90,
0x000002266d6d6220, 0x000002266fbc6b90, 0x000002266fbc5e70, 0x000002266fbc5150,
0x000002266fbc4ac0, 0x000002266fbc6500, 0x000002266fbc57e0, 0x000002266fbc7220,
0x000002266fbc4430, 0x000002266fbc3da0, 0x000002266fbc92f0, 0x000002266fbc7f40,
0x000002266fbc78b0, 0x000002266fbc85d0, 0x000002266fbc9980, 0x000002266fbca6a0,
0x000002266fbca010, 0x000002266f8eb710, 0x000002266f8ed150, 0x000002266f8ede70,
0x000002266f8eeb90, 0x000002266f8ef220, 0x000002266f8ebda0, 0x000002266f8ef8b0,
0x000002266f8ec430, 0x000002266f8eff40, 0x000002266f8ecac0, 0x000002266f8f05d0,
0x00000226729ff120, 0x00000226729ff7b0, 0x00000226729fe400, 0x000002266f8eb080,
0x0000022672a01880, 0x0000022672a01f10, 0x0000022672a03950, 0x000002266f8ed7e0,
0x000002266f8ea360, 0x000002266ea4f5c0, 0x000002266ea50970, 0x000002266ea51000,
0x000002266ea4ef30, 0x000002266ea502e0, 0x000002266ea51d20, 0x000002266ea54480,
0x000002266ea54b10, 0x0000022672af48f0, 0x0000022672af5ca0, 0x0000022672afd950,
0x0000022672afd2c0, 0x0000022672afcc30, 0x0000022672affa20, 0x0000022672afc5a0,
0x0000022672b00740, 0x0000022672b000b0, 0x0000022672b00dd0, 0x00000226733841d0
}

Java Threads: ( => current thread )
  0x00000226527cb1c0 JavaThread "main"                              [_thread_blocked, id=9604, stack(0x000000e0dfe00000,0x000000e0dff00000) (1024K)]
  0x000002266d03bd60 JavaThread "Common-Cleaner"             daemon [_thread_blocked, id=22356, stack(0x000000e0e0600000,0x000000e0e0700000) (1024K)]
  0x000002266d054460 JavaThread "Reference Handler"          daemon [_thread_blocked, id=23644, stack(0x000000e0e0700000,0x000000e0e0800000) (1024K)]
  0x000002266d055a30 JavaThread "Finalizer"                  daemon [_thread_blocked, id=31236, stack(0x000000e0e0800000,0x000000e0e0900000) (1024K)]
  0x000002266d06b8e0 JavaThread "Signal Dispatcher"          daemon [_thread_blocked, id=6560, stack(0x000000e0e0900000,0x000000e0e0a00000) (1024K)]
  0x000002266d06c340 JavaThread "Attach Listener"            daemon [_thread_blocked, id=9852, stack(0x000000e0e0a00000,0x000000e0e0b00000) (1024K)]
  0x000002266d06cda0 JavaThread "Service Thread"             daemon [_thread_blocked, id=22884, stack(0x000000e0e0b00000,0x000000e0e0c00000) (1024K)]
  0x000002266d06d800 JavaThread "Monitor Deflation Thread"   daemon [_thread_blocked, id=21500, stack(0x000000e0e0c00000,0x000000e0e0d00000) (1024K)]
  0x000002266d06f100 JavaThread "C2 CompilerThread0"         daemon [_thread_in_native, id=23472, stack(0x000000e0e0d00000,0x000000e0e0e00000) (1024K)]
  0x000002266d06fba0 JavaThread "C1 CompilerThread0"         daemon [_thread_blocked, id=22244, stack(0x000000e0e0e00000,0x000000e0e0f00000) (1024K)]
  0x000002266d358370 JavaThread "Notification Thread"        daemon [_thread_blocked, id=22832, stack(0x000000e0e0f00000,0x000000e0e1000000) (1024K)]
  0x000002266f7d3750 JavaThread "Daemon health stats"               [_thread_blocked, id=31316, stack(0x000000e0e1200000,0x000000e0e1300000) (1024K)]
  0x000002266f724320 JavaThread "Incoming local TCP Connector on port 50378"        [_thread_in_native, id=18916, stack(0x000000e0e1500000,0x000000e0e1600000) (1024K)]
  0x000002266f037010 JavaThread "Daemon periodic checks"            [_thread_blocked, id=18268, stack(0x000000e0e1600000,0x000000e0e1700000) (1024K)]
  0x000002266d777c20 JavaThread "Daemon"                            [_thread_blocked, id=21256, stack(0x000000e0e1700000,0x000000e0e1800000) (1024K)]
  0x000002266f5ef260 JavaThread "Handler for socket connection from /127.0.0.1:50378 to /127.0.0.1:50379"        [_thread_in_native, id=20020, stack(0x000000e0e1800000,0x000000e0e1900000) (1024K)]
  0x000002266e704e80 JavaThread "Cancel handler"                    [_thread_blocked, id=3692, stack(0x000000e0e1900000,0x000000e0e1a00000) (1024K)]
  0x000002266e4d26d0 JavaThread "Daemon worker"                     [_thread_blocked, id=5728, stack(0x000000e0e1a00000,0x000000e0e1b00000) (1024K)]
  0x000002266e4d1320 JavaThread "Asynchronous log dispatcher for DefaultDaemonConnection: socket connection from /127.0.0.1:50378 to /127.0.0.1:50379"        [_thread_blocked, id=28052, stack(0x000000e0e1b00000,0x000000e0e1c00000) (1024K)]
  0x000002266e4d19b0 JavaThread "Stdin handler"                     [_thread_blocked, id=29020, stack(0x000000e0e1c00000,0x000000e0e1d00000) (1024K)]
  0x000002266e4d0c90 JavaThread "Daemon client event forwarder"        [_thread_blocked, id=19904, stack(0x000000e0e1d00000,0x000000e0e1e00000) (1024K)]
  0x000002266e4d2d60 JavaThread "Cache worker for journal cache (C:\Users\LENOVO\.gradle\caches\journal-1)"        [_thread_blocked, id=18300, stack(0x000000e0e2200000,0x000000e0e2300000) (1024K)]
  0x000002266e4d3a80 JavaThread "File lock request listener"        [_thread_in_native, id=1724, stack(0x000000e0e2300000,0x000000e0e2400000) (1024K)]
  0x000002266e4d0600 JavaThread "Cache worker for file hash cache (C:\Users\LENOVO\.gradle\caches\8.14\fileHashes)"        [_thread_blocked, id=13756, stack(0x000000e0e2400000,0x000000e0e2500000) (1024K)]
  0x000002266f6990e0 JavaThread "Cache worker for file hash cache (C:\Users\LENOVO\Desktop\HeliBoard-main\.gradle\8.14\fileHashes)"        [_thread_blocked, id=26020, stack(0x000000e0e2600000,0x000000e0e2700000) (1024K)]
  0x000002266f699770 JavaThread "Cache worker for checksums cache (C:\Users\LENOVO\Desktop\HeliBoard-main\.gradle\8.14\checksums)"        [_thread_blocked, id=24388, stack(0x000000e0e2700000,0x000000e0e2800000) (1024K)]
  0x000002266f697d30 JavaThread "Cache worker for Build Output Cleanup Cache (C:\Users\LENOVO\Desktop\HeliBoard-main\.gradle\buildOutputCleanup)"        [_thread_blocked, id=2824, stack(0x000000e0e2800000,0x000000e0e2900000) (1024K)]
  0x000002266f696980 JavaThread "Cache worker for file content cache (C:\Users\LENOVO\.gradle\caches\8.14\fileContent)"        [_thread_blocked, id=24844, stack(0x000000e0e2900000,0x000000e0e2a00000) (1024K)]
  0x000002266f6983c0 JavaThread "File watcher server"        daemon [_thread_blocked, id=11944, stack(0x000000e0e2a00000,0x000000e0e2b00000) (1024K)]
  0x000002266f69a490 JavaThread "File watcher consumer"      daemon [_thread_blocked, id=2332, stack(0x000000e0e2b00000,0x000000e0e2c00000) (1024K)]
  0x000002266f69d910 JavaThread "build event listener"              [_thread_blocked, id=24052, stack(0x000000e0e2d00000,0x000000e0e2e00000) (1024K)]
  0x000002266f69b1b0 JavaThread "build event listener"              [_thread_blocked, id=22428, stack(0x000000e0e2e00000,0x000000e0e2f00000) (1024K)]
  0x000002266f69c560 JavaThread "Build operations"                  [_thread_blocked, id=31372, stack(0x000000e0e2f00000,0x000000e0e3000000) (1024K)]
  0x000002266f69d280 JavaThread "Memory manager"                    [_thread_blocked, id=26628, stack(0x000000e0e2c00000,0x000000e0e2d00000) (1024K)]
  0x0000022670dae420 JavaThread "included builds"                   [_thread_blocked, id=2296, stack(0x000000e0e3000000,0x000000e0e3100000) (1024K)]
  0x0000022670daf140 JavaThread "Execution worker"                  [_thread_blocked, id=7264, stack(0x000000e0e3100000,0x000000e0e3200000) (1024K)]
  0x0000022670db0b80 JavaThread "Execution worker Thread 2"         [_thread_blocked, id=26680, stack(0x000000e0e3200000,0x000000e0e3300000) (1024K)]
  0x0000022670dad700 JavaThread "Execution worker Thread 3"         [_thread_blocked, id=27964, stack(0x000000e0e3300000,0x000000e0e3400000) (1024K)]
  0x0000022670db1210 JavaThread "Execution worker Thread 4"         [_thread_blocked, id=28140, stack(0x000000e0e3400000,0x000000e0e3500000) (1024K)]
  0x0000022670dadd90 JavaThread "Execution worker Thread 5"         [_thread_blocked, id=27428, stack(0x000000e0e3500000,0x000000e0e3600000) (1024K)]
  0x0000022670db25c0 JavaThread "Execution worker Thread 6"         [_thread_blocked, id=19912, stack(0x000000e0e3600000,0x000000e0e3700000) (1024K)]
  0x0000022670db18a0 JavaThread "Execution worker Thread 7"         [_thread_blocked, id=26336, stack(0x000000e0e3700000,0x000000e0e3800000) (1024K)]
  0x0000022670daf7d0 JavaThread "Cache worker for execution history cache (C:\Users\LENOVO\Desktop\HeliBoard-main\.gradle\8.14\executionHistory)"        [_thread_blocked, id=5304, stack(0x000000e0e3800000,0x000000e0e3900000) (1024K)]
  0x0000022670dafe60 JavaThread "Unconstrained build operations"        [_thread_blocked, id=17932, stack(0x000000e0e3900000,0x000000e0e3a00000) (1024K)]
  0x0000022670dac9e0 JavaThread "Unconstrained build operations Thread 3"        [_thread_blocked, id=15808, stack(0x000000e0e3a00000,0x000000e0e3b00000) (1024K)]
  0x0000022670db04f0 JavaThread "Unconstrained build operations Thread 2"        [_thread_blocked, id=21980, stack(0x000000e0e3b00000,0x000000e0e3c00000) (1024K)]
  0x0000022670daeab0 JavaThread "Unconstrained build operations Thread 4"        [_thread_blocked, id=4832, stack(0x000000e0e3c00000,0x000000e0e3d00000) (1024K)]
  0x0000022670dad070 JavaThread "Unconstrained build operations Thread 7"        [_thread_blocked, id=1716, stack(0x000000e0e3d00000,0x000000e0e3e00000) (1024K)]
  0x0000022670db1f30 JavaThread "Unconstrained build operations Thread 6"        [_thread_blocked, id=24712, stack(0x000000e0e3e00000,0x000000e0e3f00000) (1024K)]
  0x0000022670db3970 JavaThread "Unconstrained build operations Thread 5"        [_thread_blocked, id=28556, stack(0x000000e0e3f00000,0x000000e0e4000000) (1024K)]
  0x0000022670db2c50 JavaThread "Unconstrained build operations Thread 9"        [_thread_blocked, id=25760, stack(0x000000e0e4000000,0x000000e0e4100000) (1024K)]
  0x0000022670db32e0 JavaThread "Unconstrained build operations Thread 11"        [_thread_blocked, id=8772, stack(0x000000e0e4100000,0x000000e0e4200000) (1024K)]
  0x000002266f69cbf0 JavaThread "Unconstrained build operations Thread 12"        [_thread_blocked, id=7292, stack(0x000000e0e4200000,0x000000e0e4300000) (1024K)]
  0x000002266f69ab20 JavaThread "Unconstrained build operations Thread 13"        [_thread_blocked, id=10064, stack(0x000000e0e4300000,0x000000e0e4400000) (1024K)]
  0x000002266f69bed0 JavaThread "Unconstrained build operations Thread 10"        [_thread_blocked, id=26888, stack(0x000000e0e4400000,0x000000e0e4500000) (1024K)]
  0x000002266d94ee30 JavaThread "Unconstrained build operations Thread 8"        [_thread_blocked, id=19300, stack(0x000000e0e4500000,0x000000e0e4600000) (1024K)]
  0x000002266d94da80 JavaThread "Unconstrained build operations Thread 16"        [_thread_blocked, id=26952, stack(0x000000e0e4600000,0x000000e0e4700000) (1024K)]
  0x000002266d94f4c0 JavaThread "Unconstrained build operations Thread 15"        [_thread_blocked, id=25712, stack(0x000000e0e4700000,0x000000e0e4800000) (1024K)]
  0x000002266d9501e0 JavaThread "Unconstrained build operations Thread 17"        [_thread_blocked, id=22892, stack(0x000000e0e4800000,0x000000e0e4900000) (1024K)]
  0x000002266d94fb50 JavaThread "Unconstrained build operations Thread 18"        [_thread_blocked, id=10596, stack(0x000000e0e4900000,0x000000e0e4a00000) (1024K)]
  0x000002266d950870 JavaThread "Unconstrained build operations Thread 19"        [_thread_blocked, id=25224, stack(0x000000e0e4a00000,0x000000e0e4b00000) (1024K)]
  0x000002266d94d3f0 JavaThread "Unconstrained build operations Thread 14"        [_thread_blocked, id=15264, stack(0x000000e0e4b00000,0x000000e0e4c00000) (1024K)]
  0x000002266d94e7a0 JavaThread "Unconstrained build operations Thread 20"        [_thread_blocked, id=15516, stack(0x000000e0e4c00000,0x000000e0e4d00000) (1024K)]
  0x000002266d950f00 JavaThread "Unconstrained build operations Thread 21"        [_thread_blocked, id=30608, stack(0x000000e0e4d00000,0x000000e0e4e00000) (1024K)]
  0x000002266d951590 JavaThread "Unconstrained build operations Thread 22"        [_thread_blocked, id=30204, stack(0x000000e0e4e00000,0x000000e0e4f00000) (1024K)]
  0x000002266d94e110 JavaThread "Unconstrained build operations Thread 23"        [_thread_blocked, id=16984, stack(0x000000e0e4f00000,0x000000e0e5000000) (1024K)]
  0x000002266d952fd0 JavaThread "Unconstrained build operations Thread 24"        [_thread_blocked, id=13024, stack(0x000000e0e5000000,0x000000e0e5100000) (1024K)]
  0x000002266d954a10 JavaThread "Unconstrained build operations Thread 27"        [_thread_blocked, id=12276, stack(0x000000e0e5100000,0x000000e0e5200000) (1024K)]
  0x000002266d954380 JavaThread "Unconstrained build operations Thread 29"        [_thread_blocked, id=28348, stack(0x000000e0e5200000,0x000000e0e5300000) (1024K)]
  0x000002266d951c20 JavaThread "Unconstrained build operations Thread 31"        [_thread_blocked, id=26084, stack(0x000000e0e5300000,0x000000e0e5400000) (1024K)]
  0x000002266d953cf0 JavaThread "Unconstrained build operations Thread 28"        [_thread_blocked, id=5744, stack(0x000000e0e5400000,0x000000e0e5500000) (1024K)]
  0x000002266d9522b0 JavaThread "Unconstrained build operations Thread 30"        [_thread_blocked, id=30864, stack(0x000000e0e5500000,0x000000e0e5600000) (1024K)]
  0x000002266d952940 JavaThread "Unconstrained build operations Thread 34"        [_thread_blocked, id=30692, stack(0x000000e0e5600000,0x000000e0e5700000) (1024K)]
  0x000002266d953660 JavaThread "Unconstrained build operations Thread 35"        [_thread_blocked, id=18028, stack(0x000000e0e5700000,0x000000e0e5800000) (1024K)]
  0x000002266d6d19f0 JavaThread "Unconstrained build operations Thread 32"        [_thread_blocked, id=29616, stack(0x000000e0e5800000,0x000000e0e5900000) (1024K)]
  0x000002266d6d0cd0 JavaThread "Unconstrained build operations Thread 25"        [_thread_blocked, id=14120, stack(0x000000e0e5900000,0x000000e0e5a00000) (1024K)]
  0x000002266d6d1360 JavaThread "Unconstrained build operations Thread 33"        [_thread_blocked, id=30828, stack(0x000000e0e5a00000,0x000000e0e5b00000) (1024K)]
  0x000002266d6d2080 JavaThread "Unconstrained build operations Thread 40"        [_thread_blocked, id=30084, stack(0x000000e0e5b00000,0x000000e0e5c00000) (1024K)]
  0x000002266d6d2710 JavaThread "Unconstrained build operations Thread 38"        [_thread_blocked, id=4152, stack(0x000000e0e5c00000,0x000000e0e5d00000) (1024K)]
  0x000002266d6cf290 JavaThread "Unconstrained build operations Thread 36"        [_thread_blocked, id=18116, stack(0x000000e0e5d00000,0x000000e0e5e00000) (1024K)]
  0x000002266d6d2da0 JavaThread "Unconstrained build operations Thread 42"        [_thread_blocked, id=17060, stack(0x000000e0e5e00000,0x000000e0e5f00000) (1024K)]
  0x000002266d6cf920 JavaThread "Unconstrained build operations Thread 26"        [_thread_blocked, id=20764, stack(0x000000e0e5f00000,0x000000e0e6000000) (1024K)]
  0x000002266d6d3430 JavaThread "Unconstrained build operations Thread 41"        [_thread_blocked, id=29112, stack(0x000000e0e6000000,0x000000e0e6100000) (1024K)]
  0x000002266d6cffb0 JavaThread "Unconstrained build operations Thread 44"        [_thread_blocked, id=17068, stack(0x000000e0e6100000,0x000000e0e6200000) (1024K)]
  0x000002266d6d3ac0 JavaThread "Unconstrained build operations Thread 45"        [_thread_blocked, id=24572, stack(0x000000e0e6200000,0x000000e0e6300000) (1024K)]
  0x000002266d6d0640 JavaThread "Unconstrained build operations Thread 43"        [_thread_blocked, id=29960, stack(0x000000e0e6300000,0x000000e0e6400000) (1024K)]
  0x000002266d6d47e0 JavaThread "Unconstrained build operations Thread 46"        [_thread_blocked, id=6636, stack(0x000000e0e6400000,0x000000e0e6500000) (1024K)]
  0x000002266d6d68b0 JavaThread "Unconstrained build operations Thread 37"        [_thread_blocked, id=29416, stack(0x000000e0e6500000,0x000000e0e6600000) (1024K)]
  0x000002266d6d4e70 JavaThread "Unconstrained build operations Thread 47"        [_thread_blocked, id=17548, stack(0x000000e0e6600000,0x000000e0e6700000) (1024K)]
  0x000002266d6d4150 JavaThread "Unconstrained build operations Thread 39"        [_thread_blocked, id=12940, stack(0x000000e0e6700000,0x000000e0e6800000) (1024K)]
  0x000002266d6d5500 JavaThread "Unconstrained build operations Thread 48"        [_thread_blocked, id=25800, stack(0x000000e0e6800000,0x000000e0e6900000) (1024K)]
  0x000002266d6d5b90 JavaThread "Unconstrained build operations Thread 49"        [_thread_blocked, id=13992, stack(0x000000e0e6900000,0x000000e0e6a00000) (1024K)]
  0x000002266d6d6220 JavaThread "Unconstrained build operations Thread 50"        [_thread_blocked, id=5460, stack(0x000000e0e6a00000,0x000000e0e6b00000) (1024K)]
  0x000002266fbc6b90 JavaThread "Unconstrained build operations Thread 51"        [_thread_blocked, id=15644, stack(0x000000e0e6b00000,0x000000e0e6c00000) (1024K)]
  0x000002266fbc5e70 JavaThread "Unconstrained build operations Thread 52"        [_thread_blocked, id=26968, stack(0x000000e0e6c00000,0x000000e0e6d00000) (1024K)]
  0x000002266fbc5150 JavaThread "Unconstrained build operations Thread 53"        [_thread_blocked, id=25284, stack(0x000000e0e6d00000,0x000000e0e6e00000) (1024K)]
  0x000002266fbc4ac0 JavaThread "Unconstrained build operations Thread 54"        [_thread_blocked, id=15880, stack(0x000000e0e6e00000,0x000000e0e6f00000) (1024K)]
  0x000002266fbc6500 JavaThread "Unconstrained build operations Thread 55"        [_thread_blocked, id=17224, stack(0x000000e0e6f00000,0x000000e0e7000000) (1024K)]
  0x000002266fbc57e0 JavaThread "Unconstrained build operations Thread 56"        [_thread_blocked, id=13984, stack(0x000000e0e7000000,0x000000e0e7100000) (1024K)]
  0x000002266fbc7220 JavaThread "Unconstrained build operations Thread 57"        [_thread_blocked, id=8468, stack(0x000000e0e7100000,0x000000e0e7200000) (1024K)]
  0x000002266fbc4430 JavaThread "Unconstrained build operations Thread 58"        [_thread_blocked, id=31464, stack(0x000000e0e7200000,0x000000e0e7300000) (1024K)]
  0x000002266fbc3da0 JavaThread "Unconstrained build operations Thread 59"        [_thread_blocked, id=1712, stack(0x000000e0e7300000,0x000000e0e7400000) (1024K)]
  0x000002266fbc92f0 JavaThread "Unconstrained build operations Thread 60"        [_thread_blocked, id=28632, stack(0x000000e0e7400000,0x000000e0e7500000) (1024K)]
  0x000002266fbc7f40 JavaThread "Unconstrained build operations Thread 61"        [_thread_blocked, id=9796, stack(0x000000e0e7500000,0x000000e0e7600000) (1024K)]
  0x000002266fbc78b0 JavaThread "Unconstrained build operations Thread 62"        [_thread_blocked, id=24900, stack(0x000000e0e7600000,0x000000e0e7700000) (1024K)]
  0x000002266fbc85d0 JavaThread "Unconstrained build operations Thread 63"        [_thread_blocked, id=10908, stack(0x000000e0e7700000,0x000000e0e7800000) (1024K)]
  0x000002266fbc9980 JavaThread "Unconstrained build operations Thread 64"        [_thread_blocked, id=27216, stack(0x000000e0e7800000,0x000000e0e7900000) (1024K)]
  0x000002266fbca6a0 JavaThread "Unconstrained build operations Thread 65"        [_thread_blocked, id=16228, stack(0x000000e0e7900000,0x000000e0e7a00000) (1024K)]
  0x000002266fbca010 JavaThread "Unconstrained build operations Thread 66"        [_thread_blocked, id=22948, stack(0x000000e0e7a00000,0x000000e0e7b00000) (1024K)]
  0x000002266f8eb710 JavaThread "Unconstrained build operations Thread 67"        [_thread_blocked, id=10568, stack(0x000000e0e7b00000,0x000000e0e7c00000) (1024K)]
  0x000002266f8ed150 JavaThread "Unconstrained build operations Thread 68"        [_thread_blocked, id=14624, stack(0x000000e0e7c00000,0x000000e0e7d00000) (1024K)]
  0x000002266f8ede70 JavaThread "Unconstrained build operations Thread 69"        [_thread_blocked, id=27704, stack(0x000000e0e7d00000,0x000000e0e7e00000) (1024K)]
  0x000002266f8eeb90 JavaThread "Unconstrained build operations Thread 70"        [_thread_blocked, id=17180, stack(0x000000e0e7e00000,0x000000e0e7f00000) (1024K)]
  0x000002266f8ef220 JavaThread "Unconstrained build operations Thread 71"        [_thread_blocked, id=29276, stack(0x000000e0e7f00000,0x000000e0e8000000) (1024K)]
  0x000002266f8ebda0 JavaThread "Unconstrained build operations Thread 72"        [_thread_blocked, id=9956, stack(0x000000e0e8000000,0x000000e0e8100000) (1024K)]
  0x000002266f8ef8b0 JavaThread "Unconstrained build operations Thread 73"        [_thread_blocked, id=14808, stack(0x000000e0e8100000,0x000000e0e8200000) (1024K)]
  0x000002266f8ec430 JavaThread "Unconstrained build operations Thread 74"        [_thread_blocked, id=8832, stack(0x000000e0e8200000,0x000000e0e8300000) (1024K)]
  0x000002266f8eff40 JavaThread "Unconstrained build operations Thread 75"        [_thread_blocked, id=28332, stack(0x000000e0e8300000,0x000000e0e8400000) (1024K)]
  0x000002266f8ecac0 JavaThread "Unconstrained build operations Thread 76"        [_thread_blocked, id=31648, stack(0x000000e0e8400000,0x000000e0e8500000) (1024K)]
  0x000002266f8f05d0 JavaThread "Unconstrained build operations Thread 77"        [_thread_blocked, id=16044, stack(0x000000e0e8500000,0x000000e0e8600000) (1024K)]
  0x00000226729ff120 JavaThread "Unconstrained build operations Thread 78"        [_thread_blocked, id=10580, stack(0x000000e0e8600000,0x000000e0e8700000) (1024K)]
  0x00000226729ff7b0 JavaThread "Unconstrained build operations Thread 79"        [_thread_blocked, id=27500, stack(0x000000e0e8700000,0x000000e0e8800000) (1024K)]
  0x00000226729fe400 JavaThread "Unconstrained build operations Thread 80"        [_thread_blocked, id=28456, stack(0x000000e0e8800000,0x000000e0e8900000) (1024K)]
  0x000002266f8eb080 JavaThread "WorkerExecutor Queue Thread 2"        [_thread_blocked, id=20952, stack(0x000000e0e8d00000,0x000000e0e8e00000) (1024K)]
  0x0000022672a01880 JavaThread "WorkerExecutor Queue Thread 3"        [_thread_blocked, id=14928, stack(0x000000e0e9100000,0x000000e0e9200000) (1024K)]
  0x0000022672a01f10 JavaThread "RMI Scheduler(0)"           daemon [_thread_blocked, id=9812, stack(0x000000e0e9200000,0x000000e0e9300000) (1024K)]
  0x0000022672a03950 JavaThread "RMI GC Daemon"              daemon [_thread_blocked, id=31104, stack(0x000000e0e9400000,0x000000e0e9500000) (1024K)]
  0x000002266f8ed7e0 JavaThread "RMI TCP Accept-0"           daemon [_thread_in_native, id=876, stack(0x000000e0e9500000,0x000000e0e9600000) (1024K)]
  0x000002266f8ea360 JavaThread "RMI Reaper"                        [_thread_blocked, id=25680, stack(0x000000e0e9600000,0x000000e0e9700000) (1024K)]
  0x000002266ea4f5c0 JavaThread "Cache worker for Java compile cache (C:\Users\LENOVO\.gradle\caches\8.14\javaCompile)"        [_thread_blocked, id=29728, stack(0x000000e0dfc00000,0x000000e0dfd00000) (1024K)]
  0x000002266ea50970 JavaThread "Build operations Thread 2"         [_thread_blocked, id=8016, stack(0x000000e0dfd00000,0x000000e0dfe00000) (1024K)]
  0x000002266ea51000 JavaThread "Build operations Thread 3"         [_thread_blocked, id=308, stack(0x000000e0e2500000,0x000000e0e2600000) (1024K)]
  0x000002266ea4ef30 JavaThread "Build operations Thread 4"         [_thread_blocked, id=27720, stack(0x000000e0e8900000,0x000000e0e8a00000) (1024K)]
  0x000002266ea502e0 JavaThread "Build operations Thread 5"         [_thread_blocked, id=28132, stack(0x000000e0e8a00000,0x000000e0e8b00000) (1024K)]
  0x000002266ea51d20 JavaThread "Build operations Thread 6"         [_thread_blocked, id=23008, stack(0x000000e0e8b00000,0x000000e0e8c00000) (1024K)]
  0x000002266ea54480 JavaThread "Build operations Thread 7"         [_thread_blocked, id=27532, stack(0x000000e0e8e00000,0x000000e0e8f00000) (1024K)]
  0x000002266ea54b10 JavaThread "Build operations Thread 8"         [_thread_blocked, id=28416, stack(0x000000e0e8f00000,0x000000e0e9000000) (1024K)]
  0x0000022672af48f0 JavaThread "Problems report writer"            [_thread_blocked, id=5520, stack(0x000000e0e9000000,0x000000e0e9100000) (1024K)]
  0x0000022672af5ca0 JavaThread "WorkerExecutor Queue Thread 4"        [_thread_blocked, id=29436, stack(0x000000e0e9300000,0x000000e0e9400000) (1024K)]
  0x0000022672afd950 JavaThread "ForkJoinPool-1-worker-1"    daemon [_thread_blocked, id=26204, stack(0x000000e0e8c00000,0x000000e0e8d00000) (1024K)]
  0x0000022672afd2c0 JavaThread "ForkJoinPool-1-worker-2"    daemon [_thread_blocked, id=30444, stack(0x000000e0e9700000,0x000000e0e9800000) (1024K)]
  0x0000022672afcc30 JavaThread "ForkJoinPool-1-worker-3"    daemon [_thread_blocked, id=27832, stack(0x000000e0e9800000,0x000000e0e9900000) (1024K)]
  0x0000022672affa20 JavaThread "ForkJoinPool-1-worker-4"    daemon [_thread_blocked, id=28668, stack(0x000000e0e9900000,0x000000e0e9a00000) (1024K)]
  0x0000022672afc5a0 JavaThread "ForkJoinPool-1-worker-5"    daemon [_thread_blocked, id=9288, stack(0x000000e0e9a00000,0x000000e0e9b00000) (1024K)]
  0x0000022672b00740 JavaThread "ForkJoinPool-1-worker-6"    daemon [_thread_blocked, id=4812, stack(0x000000e0e9b00000,0x000000e0e9c00000) (1024K)]
  0x0000022672b000b0 JavaThread "ForkJoinPool-1-worker-7"    daemon [_thread_blocked, id=6592, stack(0x000000e0e9c00000,0x000000e0e9d00000) (1024K)]
  0x0000022672b00dd0 JavaThread "ForkJoinPool-1-worker-8"    daemon [_thread_blocked, id=27368, stack(0x000000e0e9d00000,0x000000e0e9e00000) (1024K)]
  0x00000226733841d0 JavaThread "C2 CompilerThread1"         daemon [_thread_blocked, id=24688, stack(0x000000e0e9f00000,0x000000e0ea000000) (1024K)]
Total: 148

Other Threads:
=>0x000002265044f7c0 VMThread "VM Thread"                           [id=31100, stack(0x000000e0e0500000,0x000000e0e0600000) (1024K)]
  0x0000022668a39730 WatcherThread "VM Periodic Task Thread"        [id=31072, stack(0x000000e0e0400000,0x000000e0e0500000) (1024K)]
  0x000002265044f080 WorkerThread "GC Thread#0"                     [id=26992, stack(0x000000e0dff00000,0x000000e0e0000000) (1024K)]
  0x000002265044f420 WorkerThread "GC Thread#1"                     [id=27576, stack(0x000000e0e1000000,0x000000e0e1100000) (1024K)]
  0x000002265044fb60 WorkerThread "GC Thread#2"                     [id=31652, stack(0x000000e0e1100000,0x000000e0e1200000) (1024K)]
  0x000002265044e5a0 WorkerThread "GC Thread#3"                     [id=7516, stack(0x000000e0e1300000,0x000000e0e1400000) (1024K)]
  0x000002266e0ac7e0 WorkerThread "GC Thread#4"                     [id=8072, stack(0x000000e0e1400000,0x000000e0e1500000) (1024K)]
  0x000002266e0acf20 WorkerThread "GC Thread#5"                     [id=14340, stack(0x000000e0e1e00000,0x000000e0e1f00000) (1024K)]
  0x000002266e0ac0a0 WorkerThread "GC Thread#6"                     [id=24732, stack(0x000000e0e1f00000,0x000000e0e2000000) (1024K)]
  0x000002266e0ad660 WorkerThread "GC Thread#7"                     [id=6984, stack(0x000000e0e2000000,0x000000e0e2100000) (1024K)]
  0x0000022652810000 ConcurrentGCThread "G1 Main Marker"            [id=29304, stack(0x000000e0e0000000,0x000000e0e0100000) (1024K)]
  0x000002265044e200 WorkerThread "G1 Conc#0"                       [id=29224, stack(0x000000e0e0100000,0x000000e0e0200000) (1024K)]
  0x000002266e0aaae0 WorkerThread "G1 Conc#1"                       [id=14348, stack(0x000000e0e2100000,0x000000e0e2200000) (1024K)]
  0x000002265288e510 ConcurrentGCThread "G1 Refine#0"               [id=8224, stack(0x000000e0e0200000,0x000000e0e0300000) (1024K)]
  0x000002266890e130 ConcurrentGCThread "G1 Service"                [id=31492, stack(0x000000e0e0300000,0x000000e0e0400000) (1024K)]
Total: 15

Threads with active compile tasks:
C2 CompilerThread0  624367 34418   !   4       com.android.tools.r8.shaking.m0::a (310 bytes)
C2 CompilerThread1  624367 34232       4       com.android.tools.r8.shaking.m0$$Lambda/0x0000000101118000::accept (28 bytes)
Total: 2

VM state: at safepoint (normal execution)

VM Mutex/Monitor currently owned by a thread:  ([mutex/lock_event])
[0x00007ffb06f28690] Threads_lock - owner thread: 0x000002265044f7c0
[0x00007ffb06f28790] Heap_lock - owner thread: 0x0000022672a01880

Heap address: 0x00000000c0000000, size: 1024 MB, Compressed Oops mode: 32-bit

CDS archive(s) not mapped
Compressed class space mapped at: 0x0000000100000000-0x0000000140000000, reserved size: 1073741824
Narrow klass base: 0x0000000000000000, Narrow klass shift: 3, Narrow klass range: 0x140000000

GC Precious Log:
 CardTable entry size: 512
 Card Set container configuration: InlinePtr #cards 5 size 8 Array Of Cards #cards 12 size 40 Howl #buckets 4 coarsen threshold 1843 Howl Bitmap #cards 512 size 80 coarsen threshold 460 Card regions per heap region 1 cards per card region 2048
 CPUs: 8 total, 8 available
 Memory: 5965M
 Large Page Support: Disabled
 NUMA Support: Disabled
 Compressed Oops: Enabled (32-bit)
 Heap Region Size: 1M
 Heap Min Capacity: 8M
 Heap Initial Capacity: 94M
 Heap Max Capacity: 1G
 Pre-touch: Disabled
 Parallel Workers: 8
 Concurrent Workers: 2
 Concurrent Refinement Workers: 8
 Periodic GC: Disabled

Heap:
 garbage-first heap   total 1048576K, used 1047518K [0x00000000c0000000, 0x0000000100000000)
  region size 1024K, 0 young (0K), 0 survivors (0K)
 Metaspace       used 136403K, committed 137408K, reserved 1179648K
  class space    used 18262K, committed 18752K, reserved 1048576K

Heap Regions: E=young(eden), S=young(survivor), O=old, HS=humongous(starts), HC=humongous(continues), CS=collection set, F=free, TAMS=top-at-mark-start, PB=parsable bottom
|   0|0x00000000c0000000, 0x00000000c0100000, 0x00000000c0100000|100%|HS|  |TAMS 0x00000000c0100000| PB 0x00000000c0000000| Complete 
|   1|0x00000000c0100000, 0x00000000c0200000, 0x00000000c0200000|100%|HC|  |TAMS 0x00000000c0200000| PB 0x00000000c0100000| Complete 
|   2|0x00000000c0200000, 0x00000000c0300000, 0x00000000c0300000|100%|HC|  |TAMS 0x00000000c0300000| PB 0x00000000c0200000| Complete 
|   3|0x00000000c0300000, 0x00000000c0400000, 0x00000000c0400000|100%| O|  |TAMS 0x00000000c0400000| PB 0x00000000c0300000| Untracked 
|   4|0x00000000c0400000, 0x00000000c04fc2f0, 0x00000000c0500000| 98%| O|  |TAMS 0x00000000c04fc2f0| PB 0x00000000c0400000| Untracked 
|   5|0x00000000c0500000, 0x00000000c0600000, 0x00000000c0600000|100%| O|  |TAMS 0x00000000c0600000| PB 0x00000000c0500000| Untracked 
|   6|0x00000000c0600000, 0x00000000c06fffd0, 0x00000000c0700000| 99%| O|  |TAMS 0x00000000c06fffd0| PB 0x00000000c0600000| Untracked 
|   7|0x00000000c0700000, 0x00000000c07fffe8, 0x00000000c0800000| 99%| O|  |TAMS 0x00000000c07fffe8| PB 0x00000000c0700000| Untracked 
|   8|0x00000000c0800000, 0x00000000c0900000, 0x00000000c0900000|100%| O|  |TAMS 0x00000000c0900000| PB 0x00000000c0800000| Untracked 
|   9|0x00000000c0900000, 0x00000000c0a00000, 0x00000000c0a00000|100%| O|  |TAMS 0x00000000c0a00000| PB 0x00000000c0900000| Untracked 
|  10|0x00000000c0a00000, 0x00000000c0afff98, 0x00000000c0b00000| 99%| O|  |TAMS 0x00000000c0afff98| PB 0x00000000c0a00000| Untracked 
|  11|0x00000000c0b00000, 0x00000000c0c00000, 0x00000000c0c00000|100%|HS|  |TAMS 0x00000000c0c00000| PB 0x00000000c0b00000| Complete 
|  12|0x00000000c0c00000, 0x00000000c0cfff98, 0x00000000c0d00000| 99%| O|  |TAMS 0x00000000c0cfff98| PB 0x00000000c0c00000| Untracked 
|  13|0x00000000c0d00000, 0x00000000c0e00000, 0x00000000c0e00000|100%| O|  |TAMS 0x00000000c0e00000| PB 0x00000000c0d00000| Untracked 
|  14|0x00000000c0e00000, 0x00000000c0f00000, 0x00000000c0f00000|100%| O|  |TAMS 0x00000000c0f00000| PB 0x00000000c0e00000| Untracked 
|  15|0x00000000c0f00000, 0x00000000c0ffffe0, 0x00000000c1000000| 99%| O|  |TAMS 0x00000000c0ffffe0| PB 0x00000000c0f00000| Untracked 
|  16|0x00000000c1000000, 0x00000000c10ffff8, 0x00000000c1100000| 99%| O|  |TAMS 0x00000000c10ffff8| PB 0x00000000c1000000| Untracked 
|  17|0x00000000c1100000, 0x00000000c11faa90, 0x00000000c1200000| 97%| O|  |TAMS 0x00000000c11faa90| PB 0x00000000c1100000| Untracked 
|  18|0x00000000c1200000, 0x00000000c12ffff8, 0x00000000c1300000| 99%| O|  |TAMS 0x00000000c12ffff8| PB 0x00000000c1200000| Untracked 
|  19|0x00000000c1300000, 0x00000000c13ffe30, 0x00000000c1400000| 99%| O|  |TAMS 0x00000000c13ffe30| PB 0x00000000c1300000| Untracked 
|  20|0x00000000c1400000, 0x00000000c14fffc0, 0x00000000c1500000| 99%| O|  |TAMS 0x00000000c14fffc0| PB 0x00000000c1400000| Untracked 
|  21|0x00000000c1500000, 0x00000000c15ec038, 0x00000000c1600000| 92%| O|  |TAMS 0x00000000c15ec038| PB 0x00000000c1500000| Untracked 
|  22|0x00000000c1600000, 0x00000000c1700000, 0x00000000c1700000|100%|HS|  |TAMS 0x00000000c1700000| PB 0x00000000c1600000| Complete 
|  23|0x00000000c1700000, 0x00000000c1800000, 0x00000000c1800000|100%|HS|  |TAMS 0x00000000c1800000| PB 0x00000000c1700000| Complete 
|  24|0x00000000c1800000, 0x00000000c18fffd8, 0x00000000c1900000| 99%| O|  |TAMS 0x00000000c18fffd8| PB 0x00000000c1800000| Untracked 
|  25|0x00000000c1900000, 0x00000000c19ffff0, 0x00000000c1a00000| 99%| O|  |TAMS 0x00000000c19ffff0| PB 0x00000000c1900000| Untracked 
|  26|0x00000000c1a00000, 0x00000000c1afffb8, 0x00000000c1b00000| 99%| O|  |TAMS 0x00000000c1afffb8| PB 0x00000000c1a00000| Untracked 
|  27|0x00000000c1b00000, 0x00000000c1c00000, 0x00000000c1c00000|100%| O|  |TAMS 0x00000000c1c00000| PB 0x00000000c1b00000| Untracked 
|  28|0x00000000c1c00000, 0x00000000c1cfffd8, 0x00000000c1d00000| 99%| O|  |TAMS 0x00000000c1cfffd8| PB 0x00000000c1c00000| Untracked 
|  29|0x00000000c1d00000, 0x00000000c1e00000, 0x00000000c1e00000|100%| O|  |TAMS 0x00000000c1e00000| PB 0x00000000c1d00000| Untracked 
|  30|0x00000000c1e00000, 0x00000000c1f00000, 0x00000000c1f00000|100%|HS|  |TAMS 0x00000000c1f00000| PB 0x00000000c1e00000| Complete 
|  31|0x00000000c1f00000, 0x00000000c2000000, 0x00000000c2000000|100%|HC|  |TAMS 0x00000000c2000000| PB 0x00000000c1f00000| Complete 
|  32|0x00000000c2000000, 0x00000000c2100000, 0x00000000c2100000|100%|HS|  |TAMS 0x00000000c2100000| PB 0x00000000c2000000| Complete 
|  33|0x00000000c2100000, 0x00000000c2200000, 0x00000000c2200000|100%|HS|  |TAMS 0x00000000c2200000| PB 0x00000000c2100000| Complete 
|  34|0x00000000c2200000, 0x00000000c2300000, 0x00000000c2300000|100%|HS|  |TAMS 0x00000000c2300000| PB 0x00000000c2200000| Complete 
|  35|0x00000000c2300000, 0x00000000c2400000, 0x00000000c2400000|100%|HC|  |TAMS 0x00000000c2400000| PB 0x00000000c2300000| Complete 
|  36|0x00000000c2400000, 0x00000000c24fff80, 0x00000000c2500000| 99%| O|  |TAMS 0x00000000c24fff80| PB 0x00000000c2400000| Untracked 
|  37|0x00000000c2500000, 0x00000000c25fffd0, 0x00000000c2600000| 99%| O|  |TAMS 0x00000000c25fffd0| PB 0x00000000c2500000| Untracked 
|  38|0x00000000c2600000, 0x00000000c26ff808, 0x00000000c2700000| 99%| O|  |TAMS 0x00000000c26ff808| PB 0x00000000c2600000| Untracked 
|  39|0x00000000c2700000, 0x00000000c27ffff8, 0x00000000c2800000| 99%| O|  |TAMS 0x00000000c27ffff8| PB 0x00000000c2700000| Untracked 
|  40|0x00000000c2800000, 0x00000000c28ffff8, 0x00000000c2900000| 99%| O|  |TAMS 0x00000000c28ffff8| PB 0x00000000c2800000| Untracked 
|  41|0x00000000c2900000, 0x00000000c29fffc8, 0x00000000c2a00000| 99%| O|  |TAMS 0x00000000c29fffc8| PB 0x00000000c2900000| Untracked 
|  42|0x00000000c2a00000, 0x00000000c2b00000, 0x00000000c2b00000|100%| O|  |TAMS 0x00000000c2b00000| PB 0x00000000c2a00000| Untracked 
|  43|0x00000000c2b00000, 0x00000000c2bffff8, 0x00000000c2c00000| 99%| O|  |TAMS 0x00000000c2bffff8| PB 0x00000000c2b00000| Untracked 
|  44|0x00000000c2c00000, 0x00000000c2d00000, 0x00000000c2d00000|100%|HS|  |TAMS 0x00000000c2d00000| PB 0x00000000c2c00000| Complete 
|  45|0x00000000c2d00000, 0x00000000c2dfa560, 0x00000000c2e00000| 97%| O|  |TAMS 0x00000000c2dfa560| PB 0x00000000c2d00000| Untracked 
|  46|0x00000000c2e00000, 0x00000000c2f00000, 0x00000000c2f00000|100%| O|  |TAMS 0x00000000c2f00000| PB 0x00000000c2e00000| Untracked 
|  47|0x00000000c2f00000, 0x00000000c2fffff0, 0x00000000c3000000| 99%| O|  |TAMS 0x00000000c2fffff0| PB 0x00000000c2f00000| Untracked 
|  48|0x00000000c3000000, 0x00000000c3100000, 0x00000000c3100000|100%|HS|  |TAMS 0x00000000c3100000| PB 0x00000000c3000000| Complete 
|  49|0x00000000c3100000, 0x00000000c31fffb8, 0x00000000c3200000| 99%| O|  |TAMS 0x00000000c31fffb8| PB 0x00000000c3100000| Untracked 
|  50|0x00000000c3200000, 0x00000000c32ffff8, 0x00000000c3300000| 99%| O|  |TAMS 0x00000000c32ffff8| PB 0x00000000c3200000| Untracked 
|  51|0x00000000c3300000, 0x00000000c33ffff8, 0x00000000c3400000| 99%| O|  |TAMS 0x00000000c33ffff8| PB 0x00000000c3300000| Untracked 
|  52|0x00000000c3400000, 0x00000000c34fffe0, 0x00000000c3500000| 99%| O|  |TAMS 0x00000000c34fffe0| PB 0x00000000c3400000| Untracked 
|  53|0x00000000c3500000, 0x00000000c35ffff8, 0x00000000c3600000| 99%| O|  |TAMS 0x00000000c35ffff8| PB 0x00000000c3500000| Untracked 
|  54|0x00000000c3600000, 0x00000000c36ff458, 0x00000000c3700000| 99%| O|  |TAMS 0x00000000c36ff458| PB 0x00000000c3600000| Untracked 
|  55|0x00000000c3700000, 0x00000000c37fff60, 0x00000000c3800000| 99%| O|  |TAMS 0x00000000c37fff60| PB 0x00000000c3700000| Untracked 
|  56|0x00000000c3800000, 0x00000000c38fffe8, 0x00000000c3900000| 99%| O|  |TAMS 0x00000000c38fffe8| PB 0x00000000c3800000| Untracked 
|  57|0x00000000c3900000, 0x00000000c39fffe8, 0x00000000c3a00000| 99%| O|  |TAMS 0x00000000c39fffe8| PB 0x00000000c3900000| Untracked 
|  58|0x00000000c3a00000, 0x00000000c3affff0, 0x00000000c3b00000| 99%| O|  |TAMS 0x00000000c3affff0| PB 0x00000000c3a00000| Untracked 
|  59|0x00000000c3b00000, 0x00000000c3bfffe0, 0x00000000c3c00000| 99%| O|  |TAMS 0x00000000c3bfffe0| PB 0x00000000c3b00000| Untracked 
|  60|0x00000000c3c00000, 0x00000000c3cfffa0, 0x00000000c3d00000| 99%| O|  |TAMS 0x00000000c3cfffa0| PB 0x00000000c3c00000| Untracked 
|  61|0x00000000c3d00000, 0x00000000c3e00000, 0x00000000c3e00000|100%| O|  |TAMS 0x00000000c3e00000| PB 0x00000000c3d00000| Untracked 
|  62|0x00000000c3e00000, 0x00000000c3effff0, 0x00000000c3f00000| 99%| O|  |TAMS 0x00000000c3effff0| PB 0x00000000c3e00000| Untracked 
|  63|0x00000000c3f00000, 0x00000000c3ffffe0, 0x00000000c4000000| 99%| O|  |TAMS 0x00000000c3ffffe0| PB 0x00000000c3f00000| Untracked 
|  64|0x00000000c4000000, 0x00000000c4100000, 0x00000000c4100000|100%| O|  |TAMS 0x00000000c4100000| PB 0x00000000c4000000| Untracked 
|  65|0x00000000c4100000, 0x00000000c41ffff0, 0x00000000c4200000| 99%| O|  |TAMS 0x00000000c41ffff0| PB 0x00000000c4100000| Untracked 
|  66|0x00000000c4200000, 0x00000000c4300000, 0x00000000c4300000|100%| O|  |TAMS 0x00000000c4300000| PB 0x00000000c4200000| Untracked 
|  67|0x00000000c4300000, 0x00000000c4400000, 0x00000000c4400000|100%| O|  |TAMS 0x00000000c4400000| PB 0x00000000c4300000| Untracked 
|  68|0x00000000c4400000, 0x00000000c44ffff0, 0x00000000c4500000| 99%| O|  |TAMS 0x00000000c44ffff0| PB 0x00000000c4400000| Untracked 
|  69|0x00000000c4500000, 0x00000000c4600000, 0x00000000c4600000|100%| O|  |TAMS 0x00000000c4600000| PB 0x00000000c4500000| Untracked 
|  70|0x00000000c4600000, 0x00000000c46ffff8, 0x00000000c4700000| 99%| O|  |TAMS 0x00000000c46ffff8| PB 0x00000000c4600000| Untracked 
|  71|0x00000000c4700000, 0x00000000c4800000, 0x00000000c4800000|100%| O|  |TAMS 0x00000000c4800000| PB 0x00000000c4700000| Untracked 
|  72|0x00000000c4800000, 0x00000000c4900000, 0x00000000c4900000|100%| O|  |TAMS 0x00000000c4900000| PB 0x00000000c4800000| Untracked 
|  73|0x00000000c4900000, 0x00000000c49fee80, 0x00000000c4a00000| 99%| O|  |TAMS 0x00000000c49fee80| PB 0x00000000c4900000| Untracked 
|  74|0x00000000c4a00000, 0x00000000c4afffe8, 0x00000000c4b00000| 99%| O|  |TAMS 0x00000000c4afffe8| PB 0x00000000c4a00000| Untracked 
|  75|0x00000000c4b00000, 0x00000000c4bffff8, 0x00000000c4c00000| 99%| O|  |TAMS 0x00000000c4bffff8| PB 0x00000000c4b00000| Untracked 
|  76|0x00000000c4c00000, 0x00000000c4cffff0, 0x00000000c4d00000| 99%| O|  |TAMS 0x00000000c4cffff0| PB 0x00000000c4c00000| Untracked 
|  77|0x00000000c4d00000, 0x00000000c4dfffe8, 0x00000000c4e00000| 99%| O|  |TAMS 0x00000000c4dfffe8| PB 0x00000000c4d00000| Untracked 
|  78|0x00000000c4e00000, 0x00000000c4efffc8, 0x00000000c4f00000| 99%| O|  |TAMS 0x00000000c4efffc8| PB 0x00000000c4e00000| Untracked 
|  79|0x00000000c4f00000, 0x00000000c4fffff0, 0x00000000c5000000| 99%| O|  |TAMS 0x00000000c4fffff0| PB 0x00000000c4f00000| Untracked 
|  80|0x00000000c5000000, 0x00000000c50fffe8, 0x00000000c5100000| 99%| O|  |TAMS 0x00000000c50fffe8| PB 0x00000000c5000000| Untracked 
|  81|0x00000000c5100000, 0x00000000c5200000, 0x00000000c5200000|100%| O|  |TAMS 0x00000000c5200000| PB 0x00000000c5100000| Untracked 
|  82|0x00000000c5200000, 0x00000000c52ffff0, 0x00000000c5300000| 99%| O|  |TAMS 0x00000000c52ffff0| PB 0x00000000c5200000| Untracked 
|  83|0x00000000c5300000, 0x00000000c53ffff0, 0x00000000c5400000| 99%| O|  |TAMS 0x00000000c53ffff0| PB 0x00000000c5300000| Untracked 
|  84|0x00000000c5400000, 0x00000000c54fffe8, 0x00000000c5500000| 99%| O|  |TAMS 0x00000000c54fffe8| PB 0x00000000c5400000| Untracked 
|  85|0x00000000c5500000, 0x00000000c55ffff8, 0x00000000c5600000| 99%| O|  |TAMS 0x00000000c55ffff8| PB 0x00000000c5500000| Untracked 
|  86|0x00000000c5600000, 0x00000000c56ffff8, 0x00000000c5700000| 99%| O|  |TAMS 0x00000000c56ffff8| PB 0x00000000c5600000| Untracked 
|  87|0x00000000c5700000, 0x00000000c57fffe0, 0x00000000c5800000| 99%| O|  |TAMS 0x00000000c57fffe0| PB 0x00000000c5700000| Untracked 
|  88|0x00000000c5800000, 0x00000000c58ff988, 0x00000000c5900000| 99%| O|  |TAMS 0x00000000c58ff988| PB 0x00000000c5800000| Untracked 
|  89|0x00000000c5900000, 0x00000000c5a00000, 0x00000000c5a00000|100%| O|  |TAMS 0x00000000c5a00000| PB 0x00000000c5900000| Untracked 
|  90|0x00000000c5a00000, 0x00000000c5affff8, 0x00000000c5b00000| 99%| O|  |TAMS 0x00000000c5affff8| PB 0x00000000c5a00000| Untracked 
|  91|0x00000000c5b00000, 0x00000000c5c00000, 0x00000000c5c00000|100%| O|  |TAMS 0x00000000c5c00000| PB 0x00000000c5b00000| Untracked 
|  92|0x00000000c5c00000, 0x00000000c5d00000, 0x00000000c5d00000|100%| O|  |TAMS 0x00000000c5d00000| PB 0x00000000c5c00000| Untracked 
|  93|0x00000000c5d00000, 0x00000000c5e00000, 0x00000000c5e00000|100%| O|  |TAMS 0x00000000c5e00000| PB 0x00000000c5d00000| Untracked 
|  94|0x00000000c5e00000, 0x00000000c5effff8, 0x00000000c5f00000| 99%| O|  |TAMS 0x00000000c5effff8| PB 0x00000000c5e00000| Untracked 
|  95|0x00000000c5f00000, 0x00000000c5ffffe8, 0x00000000c6000000| 99%| O|  |TAMS 0x00000000c5ffffe8| PB 0x00000000c5f00000| Untracked 
|  96|0x00000000c6000000, 0x00000000c60ff2b8, 0x00000000c6100000| 99%| O|  |TAMS 0x00000000c60ff2b8| PB 0x00000000c6000000| Untracked 
|  97|0x00000000c6100000, 0x00000000c6200000, 0x00000000c6200000|100%| O|  |TAMS 0x00000000c6200000| PB 0x00000000c6100000| Untracked 
|  98|0x00000000c6200000, 0x00000000c62feb80, 0x00000000c6300000| 99%| O|  |TAMS 0x00000000c62feb80| PB 0x00000000c6200000| Untracked 
|  99|0x00000000c6300000, 0x00000000c63fd2f0, 0x00000000c6400000| 98%| O|  |TAMS 0x00000000c63fd2f0| PB 0x00000000c6300000| Untracked 
| 100|0x00000000c6400000, 0x00000000c6500000, 0x00000000c6500000|100%| O|  |TAMS 0x00000000c6500000| PB 0x00000000c6400000| Untracked 
| 101|0x00000000c6500000, 0x00000000c65feb38, 0x00000000c6600000| 99%| O|  |TAMS 0x00000000c65feb38| PB 0x00000000c6500000| Untracked 
| 102|0x00000000c6600000, 0x00000000c66ffff0, 0x00000000c6700000| 99%| O|  |TAMS 0x00000000c66ffff0| PB 0x00000000c6600000| Untracked 
| 103|0x00000000c6700000, 0x00000000c67ffff0, 0x00000000c6800000| 99%| O|  |TAMS 0x00000000c67ffff0| PB 0x00000000c6700000| Untracked 
| 104|0x00000000c6800000, 0x00000000c6900000, 0x00000000c6900000|100%| O|  |TAMS 0x00000000c6900000| PB 0x00000000c6800000| Untracked 
| 105|0x00000000c6900000, 0x00000000c6a00000, 0x00000000c6a00000|100%| O|  |TAMS 0x00000000c6a00000| PB 0x00000000c6900000| Untracked 
| 106|0x00000000c6a00000, 0x00000000c6afffe0, 0x00000000c6b00000| 99%| O|  |TAMS 0x00000000c6afffe0| PB 0x00000000c6a00000| Untracked 
| 107|0x00000000c6b00000, 0x00000000c6bfef30, 0x00000000c6c00000| 99%| O|  |TAMS 0x00000000c6bfef30| PB 0x00000000c6b00000| Untracked 
| 108|0x00000000c6c00000, 0x00000000c6cffd88, 0x00000000c6d00000| 99%| O|  |TAMS 0x00000000c6cffd88| PB 0x00000000c6c00000| Untracked 
| 109|0x00000000c6d00000, 0x00000000c6e00000, 0x00000000c6e00000|100%| O|  |TAMS 0x00000000c6e00000| PB 0x00000000c6d00000| Untracked 
| 110|0x00000000c6e00000, 0x00000000c6eff830, 0x00000000c6f00000| 99%| O|  |TAMS 0x00000000c6eff830| PB 0x00000000c6e00000| Untracked 
| 111|0x00000000c6f00000, 0x00000000c7000000, 0x00000000c7000000|100%| O|  |TAMS 0x00000000c7000000| PB 0x00000000c6f00000| Untracked 
| 112|0x00000000c7000000, 0x00000000c70ffa80, 0x00000000c7100000| 99%| O|  |TAMS 0x00000000c70ffa80| PB 0x00000000c7000000| Untracked 
| 113|0x00000000c7100000, 0x00000000c71f80b8, 0x00000000c7200000| 96%| O|  |TAMS 0x00000000c71f80b8| PB 0x00000000c7100000| Untracked 
| 114|0x00000000c7200000, 0x00000000c72ffff0, 0x00000000c7300000| 99%| O|  |TAMS 0x00000000c72ffff0| PB 0x00000000c7200000| Untracked 
| 115|0x00000000c7300000, 0x00000000c73ff908, 0x00000000c7400000| 99%| O|  |TAMS 0x00000000c73ff908| PB 0x00000000c7300000| Untracked 
| 116|0x00000000c7400000, 0x00000000c74fffc8, 0x00000000c7500000| 99%| O|  |TAMS 0x00000000c74fffc8| PB 0x00000000c7400000| Untracked 
| 117|0x00000000c7500000, 0x00000000c75fffe0, 0x00000000c7600000| 99%| O|  |TAMS 0x00000000c75fffe0| PB 0x00000000c7500000| Untracked 
| 118|0x00000000c7600000, 0x00000000c76fff90, 0x00000000c7700000| 99%| O|  |TAMS 0x00000000c76fff90| PB 0x00000000c7600000| Untracked 
| 119|0x00000000c7700000, 0x00000000c7800000, 0x00000000c7800000|100%| O|  |TAMS 0x00000000c7800000| PB 0x00000000c7700000| Untracked 
| 120|0x00000000c7800000, 0x00000000c7900000, 0x00000000c7900000|100%| O|  |TAMS 0x00000000c7900000| PB 0x00000000c7800000| Untracked 
| 121|0x00000000c7900000, 0x00000000c7a00000, 0x00000000c7a00000|100%| O|  |TAMS 0x00000000c7a00000| PB 0x00000000c7900000| Untracked 
| 122|0x00000000c7a00000, 0x00000000c7afffc0, 0x00000000c7b00000| 99%| O|  |TAMS 0x00000000c7afffc0| PB 0x00000000c7a00000| Untracked 
| 123|0x00000000c7b00000, 0x00000000c7bffff8, 0x00000000c7c00000| 99%| O|  |TAMS 0x00000000c7bffff8| PB 0x00000000c7b00000| Untracked 
| 124|0x00000000c7c00000, 0x00000000c7d00000, 0x00000000c7d00000|100%| O|  |TAMS 0x00000000c7d00000| PB 0x00000000c7c00000| Untracked 
| 125|0x00000000c7d00000, 0x00000000c7dffff8, 0x00000000c7e00000| 99%| O|  |TAMS 0x00000000c7dffff8| PB 0x00000000c7d00000| Untracked 
| 126|0x00000000c7e00000, 0x00000000c7efe268, 0x00000000c7f00000| 99%| O|  |TAMS 0x00000000c7efe268| PB 0x00000000c7e00000| Untracked 
| 127|0x00000000c7f00000, 0x00000000c8000000, 0x00000000c8000000|100%| O|  |TAMS 0x00000000c8000000| PB 0x00000000c7f00000| Untracked 
| 128|0x00000000c8000000, 0x00000000c80ff830, 0x00000000c8100000| 99%| O|  |TAMS 0x00000000c80ff830| PB 0x00000000c8000000| Untracked 
| 129|0x00000000c8100000, 0x00000000c8200000, 0x00000000c8200000|100%| O|  |TAMS 0x00000000c8200000| PB 0x00000000c8100000| Untracked 
| 130|0x00000000c8200000, 0x00000000c82ffed0, 0x00000000c8300000| 99%| O|  |TAMS 0x00000000c82ffed0| PB 0x00000000c8200000| Untracked 
| 131|0x00000000c8300000, 0x00000000c83ffff0, 0x00000000c8400000| 99%| O|  |TAMS 0x00000000c83ffff0| PB 0x00000000c8300000| Untracked 
| 132|0x00000000c8400000, 0x00000000c84ffff8, 0x00000000c8500000| 99%| O|  |TAMS 0x00000000c84ffff8| PB 0x00000000c8400000| Untracked 
| 133|0x00000000c8500000, 0x00000000c8600000, 0x00000000c8600000|100%| O|  |TAMS 0x00000000c8600000| PB 0x00000000c8500000| Untracked 
| 134|0x00000000c8600000, 0x00000000c86ffff0, 0x00000000c8700000| 99%| O|  |TAMS 0x00000000c86ffff0| PB 0x00000000c8600000| Untracked 
| 135|0x00000000c8700000, 0x00000000c87ffff8, 0x00000000c8800000| 99%| O|  |TAMS 0x00000000c87ffff8| PB 0x00000000c8700000| Untracked 
| 136|0x00000000c8800000, 0x00000000c8900000, 0x00000000c8900000|100%| O|  |TAMS 0x00000000c8900000| PB 0x00000000c8800000| Untracked 
| 137|0x00000000c8900000, 0x00000000c8a00000, 0x00000000c8a00000|100%| O|  |TAMS 0x00000000c8a00000| PB 0x00000000c8900000| Untracked 
| 138|0x00000000c8a00000, 0x00000000c8b00000, 0x00000000c8b00000|100%| O|  |TAMS 0x00000000c8b00000| PB 0x00000000c8a00000| Untracked 
| 139|0x00000000c8b00000, 0x00000000c8bffff0, 0x00000000c8c00000| 99%| O|  |TAMS 0x00000000c8bffff0| PB 0x00000000c8b00000| Untracked 
| 140|0x00000000c8c00000, 0x00000000c8d00000, 0x00000000c8d00000|100%| O|  |TAMS 0x00000000c8d00000| PB 0x00000000c8c00000| Untracked 
| 141|0x00000000c8d00000, 0x00000000c8dff5a8, 0x00000000c8e00000| 99%| O|  |TAMS 0x00000000c8dff5a8| PB 0x00000000c8d00000| Untracked 
| 142|0x00000000c8e00000, 0x00000000c8f00000, 0x00000000c8f00000|100%| O|  |TAMS 0x00000000c8f00000| PB 0x00000000c8e00000| Untracked 
| 143|0x00000000c8f00000, 0x00000000c9000000, 0x00000000c9000000|100%| O|  |TAMS 0x00000000c9000000| PB 0x00000000c8f00000| Untracked 
| 144|0x00000000c9000000, 0x00000000c9100000, 0x00000000c9100000|100%| O|  |TAMS 0x00000000c9100000| PB 0x00000000c9000000| Untracked 
| 145|0x00000000c9100000, 0x00000000c9200000, 0x00000000c9200000|100%| O|  |TAMS 0x00000000c9200000| PB 0x00000000c9100000| Untracked 
| 146|0x00000000c9200000, 0x00000000c9300000, 0x00000000c9300000|100%| O|  |TAMS 0x00000000c9300000| PB 0x00000000c9200000| Untracked 
| 147|0x00000000c9300000, 0x00000000c9400000, 0x00000000c9400000|100%| O|  |TAMS 0x00000000c9400000| PB 0x00000000c9300000| Untracked 
| 148|0x00000000c9400000, 0x00000000c9500000, 0x00000000c9500000|100%| O|  |TAMS 0x00000000c9500000| PB 0x00000000c9400000| Untracked 
| 149|0x00000000c9500000, 0x00000000c95fde68, 0x00000000c9600000| 99%| O|  |TAMS 0x00000000c95fde68| PB 0x00000000c9500000| Untracked 
| 150|0x00000000c9600000, 0x00000000c96ffff0, 0x00000000c9700000| 99%| O|  |TAMS 0x00000000c96ffff0| PB 0x00000000c9600000| Untracked 
| 151|0x00000000c9700000, 0x00000000c97fffe8, 0x00000000c9800000| 99%| O|  |TAMS 0x00000000c97fffe8| PB 0x00000000c9700000| Untracked 
| 152|0x00000000c9800000, 0x00000000c98ffff8, 0x00000000c9900000| 99%| O|  |TAMS 0x00000000c98ffff8| PB 0x00000000c9800000| Untracked 
| 153|0x00000000c9900000, 0x00000000c9a00000, 0x00000000c9a00000|100%| O|  |TAMS 0x00000000c9a00000| PB 0x00000000c9900000| Untracked 
| 154|0x00000000c9a00000, 0x00000000c9b00000, 0x00000000c9b00000|100%| O|  |TAMS 0x00000000c9b00000| PB 0x00000000c9a00000| Untracked 
| 155|0x00000000c9b00000, 0x00000000c9c00000, 0x00000000c9c00000|100%| O|  |TAMS 0x00000000c9c00000| PB 0x00000000c9b00000| Untracked 
| 156|0x00000000c9c00000, 0x00000000c9d00000, 0x00000000c9d00000|100%| O|  |TAMS 0x00000000c9d00000| PB 0x00000000c9c00000| Untracked 
| 157|0x00000000c9d00000, 0x00000000c9e00000, 0x00000000c9e00000|100%| O|  |TAMS 0x00000000c9e00000| PB 0x00000000c9d00000| Untracked 
| 158|0x00000000c9e00000, 0x00000000c9f00000, 0x00000000c9f00000|100%| O|  |TAMS 0x00000000c9f00000| PB 0x00000000c9e00000| Untracked 
| 159|0x00000000c9f00000, 0x00000000ca000000, 0x00000000ca000000|100%| O|  |TAMS 0x00000000ca000000| PB 0x00000000c9f00000| Untracked 
| 160|0x00000000ca000000, 0x00000000ca100000, 0x00000000ca100000|100%| O|  |TAMS 0x00000000ca100000| PB 0x00000000ca000000| Untracked 
| 161|0x00000000ca100000, 0x00000000ca1ffff8, 0x00000000ca200000| 99%| O|  |TAMS 0x00000000ca1ffff8| PB 0x00000000ca100000| Untracked 
| 162|0x00000000ca200000, 0x00000000ca300000, 0x00000000ca300000|100%| O|  |TAMS 0x00000000ca300000| PB 0x00000000ca200000| Untracked 
| 163|0x00000000ca300000, 0x00000000ca400000, 0x00000000ca400000|100%| O|  |TAMS 0x00000000ca400000| PB 0x00000000ca300000| Untracked 
| 164|0x00000000ca400000, 0x00000000ca500000, 0x00000000ca500000|100%| O|  |TAMS 0x00000000ca500000| PB 0x00000000ca400000| Untracked 
| 165|0x00000000ca500000, 0x00000000ca600000, 0x00000000ca600000|100%| O|  |TAMS 0x00000000ca600000| PB 0x00000000ca500000| Untracked 
| 166|0x00000000ca600000, 0x00000000ca700000, 0x00000000ca700000|100%| O|  |TAMS 0x00000000ca700000| PB 0x00000000ca600000| Untracked 
| 167|0x00000000ca700000, 0x00000000ca800000, 0x00000000ca800000|100%| O|  |TAMS 0x00000000ca800000| PB 0x00000000ca700000| Untracked 
| 168|0x00000000ca800000, 0x00000000ca900000, 0x00000000ca900000|100%| O|  |TAMS 0x00000000ca900000| PB 0x00000000ca800000| Untracked 
| 169|0x00000000ca900000, 0x00000000caa00000, 0x00000000caa00000|100%| O|  |TAMS 0x00000000caa00000| PB 0x00000000ca900000| Untracked 
| 170|0x00000000caa00000, 0x00000000cab00000, 0x00000000cab00000|100%| O|  |TAMS 0x00000000cab00000| PB 0x00000000caa00000| Untracked 
| 171|0x00000000cab00000, 0x00000000cac00000, 0x00000000cac00000|100%| O|  |TAMS 0x00000000cac00000| PB 0x00000000cab00000| Untracked 
| 172|0x00000000cac00000, 0x00000000cad00000, 0x00000000cad00000|100%| O|  |TAMS 0x00000000cad00000| PB 0x00000000cac00000| Untracked 
| 173|0x00000000cad00000, 0x00000000cadfffd8, 0x00000000cae00000| 99%| O|  |TAMS 0x00000000cadfffd8| PB 0x00000000cad00000| Untracked 
| 174|0x00000000cae00000, 0x00000000caf00000, 0x00000000caf00000|100%| O|  |TAMS 0x00000000caf00000| PB 0x00000000cae00000| Untracked 
| 175|0x00000000caf00000, 0x00000000cb000000, 0x00000000cb000000|100%| O|  |TAMS 0x00000000cb000000| PB 0x00000000caf00000| Untracked 
| 176|0x00000000cb000000, 0x00000000cb0ffff8, 0x00000000cb100000| 99%| O|  |TAMS 0x00000000cb0ffff8| PB 0x00000000cb000000| Untracked 
| 177|0x00000000cb100000, 0x00000000cb200000, 0x00000000cb200000|100%| O|  |TAMS 0x00000000cb200000| PB 0x00000000cb100000| Untracked 
| 178|0x00000000cb200000, 0x00000000cb300000, 0x00000000cb300000|100%| O|  |TAMS 0x00000000cb300000| PB 0x00000000cb200000| Untracked 
| 179|0x00000000cb300000, 0x00000000cb400000, 0x00000000cb400000|100%|HS|  |TAMS 0x00000000cb400000| PB 0x00000000cb300000| Complete 
| 180|0x00000000cb400000, 0x00000000cb500000, 0x00000000cb500000|100%| O|  |TAMS 0x00000000cb500000| PB 0x00000000cb400000| Untracked 
| 181|0x00000000cb500000, 0x00000000cb5ffff8, 0x00000000cb600000| 99%| O|  |TAMS 0x00000000cb5ffff8| PB 0x00000000cb500000| Untracked 
| 182|0x00000000cb600000, 0x00000000cb700000, 0x00000000cb700000|100%| O|  |TAMS 0x00000000cb700000| PB 0x00000000cb600000| Untracked 
| 183|0x00000000cb700000, 0x00000000cb7fffe8, 0x00000000cb800000| 99%| O|  |TAMS 0x00000000cb7fffe8| PB 0x00000000cb700000| Untracked 
| 184|0x00000000cb800000, 0x00000000cb900000, 0x00000000cb900000|100%| O|  |TAMS 0x00000000cb900000| PB 0x00000000cb800000| Untracked 
| 185|0x00000000cb900000, 0x00000000cba00000, 0x00000000cba00000|100%| O|  |TAMS 0x00000000cba00000| PB 0x00000000cb900000| Untracked 
| 186|0x00000000cba00000, 0x00000000cbb00000, 0x00000000cbb00000|100%| O|  |TAMS 0x00000000cbb00000| PB 0x00000000cba00000| Untracked 
| 187|0x00000000cbb00000, 0x00000000cbc00000, 0x00000000cbc00000|100%| O|  |TAMS 0x00000000cbc00000| PB 0x00000000cbb00000| Untracked 
| 188|0x00000000cbc00000, 0x00000000cbcfffb8, 0x00000000cbd00000| 99%| O|  |TAMS 0x00000000cbcfffb8| PB 0x00000000cbc00000| Untracked 
| 189|0x00000000cbd00000, 0x00000000cbe00000, 0x00000000cbe00000|100%| O|  |TAMS 0x00000000cbe00000| PB 0x00000000cbd00000| Untracked 
| 190|0x00000000cbe00000, 0x00000000cbeffff8, 0x00000000cbf00000| 99%| O|  |TAMS 0x00000000cbeffff8| PB 0x00000000cbe00000| Untracked 
| 191|0x00000000cbf00000, 0x00000000cc000000, 0x00000000cc000000|100%| O|  |TAMS 0x00000000cc000000| PB 0x00000000cbf00000| Untracked 
| 192|0x00000000cc000000, 0x00000000cc100000, 0x00000000cc100000|100%| O|  |TAMS 0x00000000cc100000| PB 0x00000000cc000000| Untracked 
| 193|0x00000000cc100000, 0x00000000cc200000, 0x00000000cc200000|100%| O|  |TAMS 0x00000000cc200000| PB 0x00000000cc100000| Untracked 
| 194|0x00000000cc200000, 0x00000000cc300000, 0x00000000cc300000|100%| O|  |TAMS 0x00000000cc300000| PB 0x00000000cc200000| Untracked 
| 195|0x00000000cc300000, 0x00000000cc400000, 0x00000000cc400000|100%| O|  |TAMS 0x00000000cc400000| PB 0x00000000cc300000| Untracked 
| 196|0x00000000cc400000, 0x00000000cc500000, 0x00000000cc500000|100%| O|  |TAMS 0x00000000cc500000| PB 0x00000000cc400000| Untracked 
| 197|0x00000000cc500000, 0x00000000cc600000, 0x00000000cc600000|100%| O|  |TAMS 0x00000000cc600000| PB 0x00000000cc500000| Untracked 
| 198|0x00000000cc600000, 0x00000000cc700000, 0x00000000cc700000|100%| O|  |TAMS 0x00000000cc700000| PB 0x00000000cc600000| Untracked 
| 199|0x00000000cc700000, 0x00000000cc800000, 0x00000000cc800000|100%| O|  |TAMS 0x00000000cc800000| PB 0x00000000cc700000| Untracked 
| 200|0x00000000cc800000, 0x00000000cc900000, 0x00000000cc900000|100%| O|  |TAMS 0x00000000cc900000| PB 0x00000000cc800000| Untracked 
| 201|0x00000000cc900000, 0x00000000cca00000, 0x00000000cca00000|100%| O|  |TAMS 0x00000000cca00000| PB 0x00000000cc900000| Untracked 
| 202|0x00000000cca00000, 0x00000000ccb00000, 0x00000000ccb00000|100%| O|  |TAMS 0x00000000ccb00000| PB 0x00000000cca00000| Untracked 
| 203|0x00000000ccb00000, 0x00000000ccbffff0, 0x00000000ccc00000| 99%| O|  |TAMS 0x00000000ccbffff0| PB 0x00000000ccb00000| Untracked 
| 204|0x00000000ccc00000, 0x00000000ccd00000, 0x00000000ccd00000|100%| O|  |TAMS 0x00000000ccd00000| PB 0x00000000ccc00000| Untracked 
| 205|0x00000000ccd00000, 0x00000000ccdfffd8, 0x00000000cce00000| 99%| O|  |TAMS 0x00000000ccdfffd8| PB 0x00000000ccd00000| Untracked 
| 206|0x00000000cce00000, 0x00000000ccefffe8, 0x00000000ccf00000| 99%| O|  |TAMS 0x00000000ccefffe8| PB 0x00000000cce00000| Untracked 
| 207|0x00000000ccf00000, 0x00000000ccfffff0, 0x00000000cd000000| 99%| O|  |TAMS 0x00000000ccfffff0| PB 0x00000000ccf00000| Untracked 
| 208|0x00000000cd000000, 0x00000000cd100000, 0x00000000cd100000|100%|HS|  |TAMS 0x00000000cd100000| PB 0x00000000cd000000| Complete 
| 209|0x00000000cd100000, 0x00000000cd200000, 0x00000000cd200000|100%|HC|  |TAMS 0x00000000cd200000| PB 0x00000000cd100000| Complete 
| 210|0x00000000cd200000, 0x00000000cd300000, 0x00000000cd300000|100%| O|  |TAMS 0x00000000cd300000| PB 0x00000000cd200000| Untracked 
| 211|0x00000000cd300000, 0x00000000cd3fffb8, 0x00000000cd400000| 99%| O|  |TAMS 0x00000000cd3fffb8| PB 0x00000000cd300000| Untracked 
| 212|0x00000000cd400000, 0x00000000cd500000, 0x00000000cd500000|100%| O|  |TAMS 0x00000000cd500000| PB 0x00000000cd400000| Untracked 
| 213|0x00000000cd500000, 0x00000000cd5fffe8, 0x00000000cd600000| 99%| O|  |TAMS 0x00000000cd5fffe8| PB 0x00000000cd500000| Untracked 
| 214|0x00000000cd600000, 0x00000000cd6ffff0, 0x00000000cd700000| 99%| O|  |TAMS 0x00000000cd6ffff0| PB 0x00000000cd600000| Untracked 
| 215|0x00000000cd700000, 0x00000000cd7ffff8, 0x00000000cd800000| 99%| O|  |TAMS 0x00000000cd7ffff8| PB 0x00000000cd700000| Untracked 
| 216|0x00000000cd800000, 0x00000000cd8fffe8, 0x00000000cd900000| 99%| O|  |TAMS 0x00000000cd8fffe8| PB 0x00000000cd800000| Untracked 
| 217|0x00000000cd900000, 0x00000000cd9fffe8, 0x00000000cda00000| 99%| O|  |TAMS 0x00000000cd9fffe8| PB 0x00000000cd900000| Untracked 
| 218|0x00000000cda00000, 0x00000000cdaffff8, 0x00000000cdb00000| 99%| O|  |TAMS 0x00000000cdaffff8| PB 0x00000000cda00000| Untracked 
| 219|0x00000000cdb00000, 0x00000000cdbffff8, 0x00000000cdc00000| 99%| O|  |TAMS 0x00000000cdbffff8| PB 0x00000000cdb00000| Untracked 
| 220|0x00000000cdc00000, 0x00000000cdcffff8, 0x00000000cdd00000| 99%| O|  |TAMS 0x00000000cdcffff8| PB 0x00000000cdc00000| Untracked 
| 221|0x00000000cdd00000, 0x00000000cde00000, 0x00000000cde00000|100%| O|  |TAMS 0x00000000cde00000| PB 0x00000000cdd00000| Untracked 
| 222|0x00000000cde00000, 0x00000000cdeffff0, 0x00000000cdf00000| 99%| O|  |TAMS 0x00000000cdeffff0| PB 0x00000000cde00000| Untracked 
| 223|0x00000000cdf00000, 0x00000000cdfffff8, 0x00000000ce000000| 99%| O|  |TAMS 0x00000000cdfffff8| PB 0x00000000cdf00000| Untracked 
| 224|0x00000000ce000000, 0x00000000ce0ffff8, 0x00000000ce100000| 99%| O|  |TAMS 0x00000000ce0ffff8| PB 0x00000000ce000000| Untracked 
| 225|0x00000000ce100000, 0x00000000ce1ffff0, 0x00000000ce200000| 99%| O|  |TAMS 0x00000000ce1ffff0| PB 0x00000000ce100000| Untracked 
| 226|0x00000000ce200000, 0x00000000ce2ffff8, 0x00000000ce300000| 99%| O|  |TAMS 0x00000000ce2ffff8| PB 0x00000000ce200000| Untracked 
| 227|0x00000000ce300000, 0x00000000ce3ffff8, 0x00000000ce400000| 99%| O|  |TAMS 0x00000000ce3ffff8| PB 0x00000000ce300000| Untracked 
| 228|0x00000000ce400000, 0x00000000ce4fffe8, 0x00000000ce500000| 99%| O|  |TAMS 0x00000000ce4fffe8| PB 0x00000000ce400000| Untracked 
| 229|0x00000000ce500000, 0x00000000ce5fffd8, 0x00000000ce600000| 99%| O|  |TAMS 0x00000000ce5fffd8| PB 0x00000000ce500000| Untracked 
| 230|0x00000000ce600000, 0x00000000ce6fffe8, 0x00000000ce700000| 99%| O|  |TAMS 0x00000000ce6fffe8| PB 0x00000000ce600000| Untracked 
| 231|0x00000000ce700000, 0x00000000ce7fffe0, 0x00000000ce800000| 99%| O|  |TAMS 0x00000000ce7fffe0| PB 0x00000000ce700000| Untracked 
| 232|0x00000000ce800000, 0x00000000ce8ffff8, 0x00000000ce900000| 99%| O|  |TAMS 0x00000000ce8ffff8| PB 0x00000000ce800000| Untracked 
| 233|0x00000000ce900000, 0x00000000ce9ffff8, 0x00000000cea00000| 99%| O|  |TAMS 0x00000000ce9ffff8| PB 0x00000000ce900000| Untracked 
| 234|0x00000000cea00000, 0x00000000ceafffa8, 0x00000000ceb00000| 99%| O|  |TAMS 0x00000000ceafffa8| PB 0x00000000cea00000| Untracked 
| 235|0x00000000ceb00000, 0x00000000cebffff0, 0x00000000cec00000| 99%| O|  |TAMS 0x00000000cebffff0| PB 0x00000000ceb00000| Untracked 
| 236|0x00000000cec00000, 0x00000000cecffff0, 0x00000000ced00000| 99%| O|  |TAMS 0x00000000cecffff0| PB 0x00000000cec00000| Untracked 
| 237|0x00000000ced00000, 0x00000000cedffff8, 0x00000000cee00000| 99%| O|  |TAMS 0x00000000cedffff8| PB 0x00000000ced00000| Untracked 
| 238|0x00000000cee00000, 0x00000000ceeffff8, 0x00000000cef00000| 99%| O|  |TAMS 0x00000000ceeffff8| PB 0x00000000cee00000| Untracked 
| 239|0x00000000cef00000, 0x00000000cefff128, 0x00000000cf000000| 99%| O|  |TAMS 0x00000000cefff128| PB 0x00000000cef00000| Untracked 
| 240|0x00000000cf000000, 0x00000000cf0fffe8, 0x00000000cf100000| 99%| O|  |TAMS 0x00000000cf0fffe8| PB 0x00000000cf000000| Untracked 
| 241|0x00000000cf100000, 0x00000000cf1ffff0, 0x00000000cf200000| 99%| O|  |TAMS 0x00000000cf1ffff0| PB 0x00000000cf100000| Untracked 
| 242|0x00000000cf200000, 0x00000000cf2ffff8, 0x00000000cf300000| 99%| O|  |TAMS 0x00000000cf2ffff8| PB 0x00000000cf200000| Untracked 
| 243|0x00000000cf300000, 0x00000000cf400000, 0x00000000cf400000|100%| O|  |TAMS 0x00000000cf400000| PB 0x00000000cf300000| Untracked 
| 244|0x00000000cf400000, 0x00000000cf500000, 0x00000000cf500000|100%| O|  |TAMS 0x00000000cf500000| PB 0x00000000cf400000| Untracked 
| 245|0x00000000cf500000, 0x00000000cf5fffd8, 0x00000000cf600000| 99%| O|  |TAMS 0x00000000cf5fffd8| PB 0x00000000cf500000| Untracked 
| 246|0x00000000cf600000, 0x00000000cf6fffc8, 0x00000000cf700000| 99%| O|  |TAMS 0x00000000cf6fffc8| PB 0x00000000cf600000| Untracked 
| 247|0x00000000cf700000, 0x00000000cf7ffb00, 0x00000000cf800000| 99%| O|  |TAMS 0x00000000cf7ffb00| PB 0x00000000cf700000| Untracked 
| 248|0x00000000cf800000, 0x00000000cf900000, 0x00000000cf900000|100%| O|  |TAMS 0x00000000cf900000| PB 0x00000000cf800000| Untracked 
| 249|0x00000000cf900000, 0x00000000cf9fffe8, 0x00000000cfa00000| 99%| O|  |TAMS 0x00000000cf9fffe8| PB 0x00000000cf900000| Untracked 
| 250|0x00000000cfa00000, 0x00000000cfaffb80, 0x00000000cfb00000| 99%| O|  |TAMS 0x00000000cfaffb80| PB 0x00000000cfa00000| Untracked 
| 251|0x00000000cfb00000, 0x00000000cfc00000, 0x00000000cfc00000|100%| O|  |TAMS 0x00000000cfc00000| PB 0x00000000cfb00000| Untracked 
| 252|0x00000000cfc00000, 0x00000000cfcffff8, 0x00000000cfd00000| 99%| O|  |TAMS 0x00000000cfcffff8| PB 0x00000000cfc00000| Untracked 
| 253|0x00000000cfd00000, 0x00000000cfdfffa8, 0x00000000cfe00000| 99%| O|  |TAMS 0x00000000cfdfffa8| PB 0x00000000cfd00000| Untracked 
| 254|0x00000000cfe00000, 0x00000000cff00000, 0x00000000cff00000|100%| O|  |TAMS 0x00000000cff00000| PB 0x00000000cfe00000| Untracked 
| 255|0x00000000cff00000, 0x00000000cffffff0, 0x00000000d0000000| 99%| O|  |TAMS 0x00000000cffffff0| PB 0x00000000cff00000| Untracked 
| 256|0x00000000d0000000, 0x00000000d00fffe8, 0x00000000d0100000| 99%| O|  |TAMS 0x00000000d00fffe8| PB 0x00000000d0000000| Untracked 
| 257|0x00000000d0100000, 0x00000000d01ffe30, 0x00000000d0200000| 99%| O|  |TAMS 0x00000000d01ffe30| PB 0x00000000d0100000| Untracked 
| 258|0x00000000d0200000, 0x00000000d0300000, 0x00000000d0300000|100%| O|  |TAMS 0x00000000d0300000| PB 0x00000000d0200000| Untracked 
| 259|0x00000000d0300000, 0x00000000d0400000, 0x00000000d0400000|100%| O|  |TAMS 0x00000000d0400000| PB 0x00000000d0300000| Untracked 
| 260|0x00000000d0400000, 0x00000000d04faea0, 0x00000000d0500000| 98%| O|  |TAMS 0x00000000d04faea0| PB 0x00000000d0400000| Untracked 
| 261|0x00000000d0500000, 0x00000000d05fffe8, 0x00000000d0600000| 99%| O|  |TAMS 0x00000000d05fffe8| PB 0x00000000d0500000| Untracked 
| 262|0x00000000d0600000, 0x00000000d06ffff8, 0x00000000d0700000| 99%| O|  |TAMS 0x00000000d06ffff8| PB 0x00000000d0600000| Untracked 
| 263|0x00000000d0700000, 0x00000000d07ffa48, 0x00000000d0800000| 99%| O|  |TAMS 0x00000000d07ffa48| PB 0x00000000d0700000| Untracked 
| 264|0x00000000d0800000, 0x00000000d08ffff8, 0x00000000d0900000| 99%| O|  |TAMS 0x00000000d08ffff8| PB 0x00000000d0800000| Untracked 
| 265|0x00000000d0900000, 0x00000000d0a00000, 0x00000000d0a00000|100%| O|  |TAMS 0x00000000d0a00000| PB 0x00000000d0900000| Untracked 
| 266|0x00000000d0a00000, 0x00000000d0b00000, 0x00000000d0b00000|100%|HS|  |TAMS 0x00000000d0b00000| PB 0x00000000d0a00000| Untracked 
| 267|0x00000000d0b00000, 0x00000000d0c00000, 0x00000000d0c00000|100%|HC|  |TAMS 0x00000000d0c00000| PB 0x00000000d0b00000| Untracked 
| 268|0x00000000d0c00000, 0x00000000d0d00000, 0x00000000d0d00000|100%| O|  |TAMS 0x00000000d0d00000| PB 0x00000000d0c00000| Untracked 
| 269|0x00000000d0d00000, 0x00000000d0e00000, 0x00000000d0e00000|100%| O|  |TAMS 0x00000000d0e00000| PB 0x00000000d0d00000| Untracked 
| 270|0x00000000d0e00000, 0x00000000d0f00000, 0x00000000d0f00000|100%| O|  |TAMS 0x00000000d0f00000| PB 0x00000000d0e00000| Untracked 
| 271|0x00000000d0f00000, 0x00000000d0fffff8, 0x00000000d1000000| 99%| O|  |TAMS 0x00000000d0fffff8| PB 0x00000000d0f00000| Untracked 
| 272|0x00000000d1000000, 0x00000000d1100000, 0x00000000d1100000|100%| O|  |TAMS 0x00000000d1100000| PB 0x00000000d1000000| Untracked 
| 273|0x00000000d1100000, 0x00000000d1200000, 0x00000000d1200000|100%| O|  |TAMS 0x00000000d1200000| PB 0x00000000d1100000| Untracked 
| 274|0x00000000d1200000, 0x00000000d12fff50, 0x00000000d1300000| 99%| O|  |TAMS 0x00000000d12fff50| PB 0x00000000d1200000| Untracked 
| 275|0x00000000d1300000, 0x00000000d1400000, 0x00000000d1400000|100%| O|  |TAMS 0x00000000d1400000| PB 0x00000000d1300000| Untracked 
| 276|0x00000000d1400000, 0x00000000d14fffe8, 0x00000000d1500000| 99%| O|  |TAMS 0x00000000d14fffe8| PB 0x00000000d1400000| Untracked 
| 277|0x00000000d1500000, 0x00000000d15fffc8, 0x00000000d1600000| 99%| O|  |TAMS 0x00000000d15fffc8| PB 0x00000000d1500000| Untracked 
| 278|0x00000000d1600000, 0x00000000d16fee88, 0x00000000d1700000| 99%| O|  |TAMS 0x00000000d16fee88| PB 0x00000000d1600000| Untracked 
| 279|0x00000000d1700000, 0x00000000d17ffff8, 0x00000000d1800000| 99%| O|  |TAMS 0x00000000d17ffff8| PB 0x00000000d1700000| Untracked 
| 280|0x00000000d1800000, 0x00000000d18fffd8, 0x00000000d1900000| 99%| O|  |TAMS 0x00000000d18fffd8| PB 0x00000000d1800000| Untracked 
| 281|0x00000000d1900000, 0x00000000d19ffff8, 0x00000000d1a00000| 99%| O|  |TAMS 0x00000000d19ffff8| PB 0x00000000d1900000| Untracked 
| 282|0x00000000d1a00000, 0x00000000d1affff8, 0x00000000d1b00000| 99%| O|  |TAMS 0x00000000d1affff8| PB 0x00000000d1a00000| Untracked 
| 283|0x00000000d1b00000, 0x00000000d1bfffe8, 0x00000000d1c00000| 99%| O|  |TAMS 0x00000000d1bfffe8| PB 0x00000000d1b00000| Untracked 
| 284|0x00000000d1c00000, 0x00000000d1cffff8, 0x00000000d1d00000| 99%| O|  |TAMS 0x00000000d1cffff8| PB 0x00000000d1c00000| Untracked 
| 285|0x00000000d1d00000, 0x00000000d1e00000, 0x00000000d1e00000|100%| O|  |TAMS 0x00000000d1e00000| PB 0x00000000d1d00000| Untracked 
| 286|0x00000000d1e00000, 0x00000000d1efff58, 0x00000000d1f00000| 99%| O|  |TAMS 0x00000000d1efff58| PB 0x00000000d1e00000| Untracked 
| 287|0x00000000d1f00000, 0x00000000d2000000, 0x00000000d2000000|100%|HS|  |TAMS 0x00000000d2000000| PB 0x00000000d1f00000| Untracked 
| 288|0x00000000d2000000, 0x00000000d2100000, 0x00000000d2100000|100%|HC|  |TAMS 0x00000000d2100000| PB 0x00000000d2000000| Untracked 
| 289|0x00000000d2100000, 0x00000000d2200000, 0x00000000d2200000|100%|HS|  |TAMS 0x00000000d2200000| PB 0x00000000d2100000| Untracked 
| 290|0x00000000d2200000, 0x00000000d2300000, 0x00000000d2300000|100%| O|  |TAMS 0x00000000d2300000| PB 0x00000000d2200000| Untracked 
| 291|0x00000000d2300000, 0x00000000d2400000, 0x00000000d2400000|100%| O|  |TAMS 0x00000000d2400000| PB 0x00000000d2300000| Untracked 
| 292|0x00000000d2400000, 0x00000000d2500000, 0x00000000d2500000|100%| O|  |TAMS 0x00000000d2500000| PB 0x00000000d2400000| Untracked 
| 293|0x00000000d2500000, 0x00000000d2600000, 0x00000000d2600000|100%| O|  |TAMS 0x00000000d2600000| PB 0x00000000d2500000| Untracked 
| 294|0x00000000d2600000, 0x00000000d2700000, 0x00000000d2700000|100%| O|  |TAMS 0x00000000d2700000| PB 0x00000000d2600000| Untracked 
| 295|0x00000000d2700000, 0x00000000d2800000, 0x00000000d2800000|100%| O|  |TAMS 0x00000000d2800000| PB 0x00000000d2700000| Untracked 
| 296|0x00000000d2800000, 0x00000000d28fffe8, 0x00000000d2900000| 99%| O|  |TAMS 0x00000000d28fffe8| PB 0x00000000d2800000| Untracked 
| 297|0x00000000d2900000, 0x00000000d29ffff8, 0x00000000d2a00000| 99%| O|  |TAMS 0x00000000d29ffff8| PB 0x00000000d2900000| Untracked 
| 298|0x00000000d2a00000, 0x00000000d2afffe8, 0x00000000d2b00000| 99%| O|  |TAMS 0x00000000d2afffe8| PB 0x00000000d2a00000| Untracked 
| 299|0x00000000d2b00000, 0x00000000d2c00000, 0x00000000d2c00000|100%| O|  |TAMS 0x00000000d2c00000| PB 0x00000000d2b00000| Untracked 
| 300|0x00000000d2c00000, 0x00000000d2cffdc0, 0x00000000d2d00000| 99%| O|  |TAMS 0x00000000d2cffdc0| PB 0x00000000d2c00000| Untracked 
| 301|0x00000000d2d00000, 0x00000000d2e00000, 0x00000000d2e00000|100%| O|  |TAMS 0x00000000d2e00000| PB 0x00000000d2d00000| Untracked 
| 302|0x00000000d2e00000, 0x00000000d2effff8, 0x00000000d2f00000| 99%| O|  |TAMS 0x00000000d2effff8| PB 0x00000000d2e00000| Untracked 
| 303|0x00000000d2f00000, 0x00000000d2ffffe0, 0x00000000d3000000| 99%| O|  |TAMS 0x00000000d2ffffe0| PB 0x00000000d2f00000| Untracked 
| 304|0x00000000d3000000, 0x00000000d30fffe8, 0x00000000d3100000| 99%| O|  |TAMS 0x00000000d30fffe8| PB 0x00000000d3000000| Untracked 
| 305|0x00000000d3100000, 0x00000000d31fffe0, 0x00000000d3200000| 99%| O|  |TAMS 0x00000000d31fffe0| PB 0x00000000d3100000| Untracked 
| 306|0x00000000d3200000, 0x00000000d32ff810, 0x00000000d3300000| 99%| O|  |TAMS 0x00000000d32ff810| PB 0x00000000d3200000| Untracked 
| 307|0x00000000d3300000, 0x00000000d3400000, 0x00000000d3400000|100%| O|  |TAMS 0x00000000d3400000| PB 0x00000000d3300000| Untracked 
| 308|0x00000000d3400000, 0x00000000d34fff28, 0x00000000d3500000| 99%| O|  |TAMS 0x00000000d34fff28| PB 0x00000000d3400000| Untracked 
| 309|0x00000000d3500000, 0x00000000d3600000, 0x00000000d3600000|100%| O|  |TAMS 0x00000000d3600000| PB 0x00000000d3500000| Untracked 
| 310|0x00000000d3600000, 0x00000000d36fffc0, 0x00000000d3700000| 99%| O|  |TAMS 0x00000000d36fffc0| PB 0x00000000d3600000| Untracked 
| 311|0x00000000d3700000, 0x00000000d37f3718, 0x00000000d3800000| 95%| O|  |TAMS 0x00000000d37f3718| PB 0x00000000d3700000| Untracked 
| 312|0x00000000d3800000, 0x00000000d3900000, 0x00000000d3900000|100%| O|  |TAMS 0x00000000d3900000| PB 0x00000000d3800000| Untracked 
| 313|0x00000000d3900000, 0x00000000d39ffff0, 0x00000000d3a00000| 99%| O|  |TAMS 0x00000000d39ffff0| PB 0x00000000d3900000| Untracked 
| 314|0x00000000d3a00000, 0x00000000d3afffe0, 0x00000000d3b00000| 99%| O|  |TAMS 0x00000000d3afffe0| PB 0x00000000d3a00000| Untracked 
| 315|0x00000000d3b00000, 0x00000000d3c00000, 0x00000000d3c00000|100%| O|  |TAMS 0x00000000d3c00000| PB 0x00000000d3b00000| Untracked 
| 316|0x00000000d3c00000, 0x00000000d3d00000, 0x00000000d3d00000|100%| O|  |TAMS 0x00000000d3d00000| PB 0x00000000d3c00000| Untracked 
| 317|0x00000000d3d00000, 0x00000000d3dfffd8, 0x00000000d3e00000| 99%| O|  |TAMS 0x00000000d3dfffd8| PB 0x00000000d3d00000| Untracked 
| 318|0x00000000d3e00000, 0x00000000d3f00000, 0x00000000d3f00000|100%| O|  |TAMS 0x00000000d3f00000| PB 0x00000000d3e00000| Untracked 
| 319|0x00000000d3f00000, 0x00000000d4000000, 0x00000000d4000000|100%| O|  |TAMS 0x00000000d4000000| PB 0x00000000d3f00000| Untracked 
| 320|0x00000000d4000000, 0x00000000d4100000, 0x00000000d4100000|100%| O|  |TAMS 0x00000000d4100000| PB 0x00000000d4000000| Untracked 
| 321|0x00000000d4100000, 0x00000000d4200000, 0x00000000d4200000|100%| O|  |TAMS 0x00000000d4200000| PB 0x00000000d4100000| Untracked 
| 322|0x00000000d4200000, 0x00000000d4300000, 0x00000000d4300000|100%| O|  |TAMS 0x00000000d4300000| PB 0x00000000d4200000| Untracked 
| 323|0x00000000d4300000, 0x00000000d4400000, 0x00000000d4400000|100%| O|  |TAMS 0x00000000d4400000| PB 0x00000000d4300000| Untracked 
| 324|0x00000000d4400000, 0x00000000d4500000, 0x00000000d4500000|100%| O|  |TAMS 0x00000000d4500000| PB 0x00000000d4400000| Untracked 
| 325|0x00000000d4500000, 0x00000000d4600000, 0x00000000d4600000|100%| O|  |TAMS 0x00000000d4600000| PB 0x00000000d4500000| Untracked 
| 326|0x00000000d4600000, 0x00000000d4700000, 0x00000000d4700000|100%| O|  |TAMS 0x00000000d4700000| PB 0x00000000d4600000| Untracked 
| 327|0x00000000d4700000, 0x00000000d4800000, 0x00000000d4800000|100%| O|  |TAMS 0x00000000d4800000| PB 0x00000000d4700000| Untracked 
| 328|0x00000000d4800000, 0x00000000d48fffd8, 0x00000000d4900000| 99%| O|  |TAMS 0x00000000d48fffd8| PB 0x00000000d4800000| Untracked 
| 329|0x00000000d4900000, 0x00000000d49ffff0, 0x00000000d4a00000| 99%| O|  |TAMS 0x00000000d49ffff0| PB 0x00000000d4900000| Untracked 
| 330|0x00000000d4a00000, 0x00000000d4afffe0, 0x00000000d4b00000| 99%| O|  |TAMS 0x00000000d4afffe0| PB 0x00000000d4a00000| Untracked 
| 331|0x00000000d4b00000, 0x00000000d4bffff0, 0x00000000d4c00000| 99%| O|  |TAMS 0x00000000d4bffff0| PB 0x00000000d4b00000| Untracked 
| 332|0x00000000d4c00000, 0x00000000d4d00000, 0x00000000d4d00000|100%| O|  |TAMS 0x00000000d4d00000| PB 0x00000000d4c00000| Untracked 
| 333|0x00000000d4d00000, 0x00000000d4dffff8, 0x00000000d4e00000| 99%| O|  |TAMS 0x00000000d4dffff8| PB 0x00000000d4d00000| Untracked 
| 334|0x00000000d4e00000, 0x00000000d4effff8, 0x00000000d4f00000| 99%| O|  |TAMS 0x00000000d4effff8| PB 0x00000000d4e00000| Untracked 
| 335|0x00000000d4f00000, 0x00000000d5000000, 0x00000000d5000000|100%| O|  |TAMS 0x00000000d5000000| PB 0x00000000d4f00000| Untracked 
| 336|0x00000000d5000000, 0x00000000d50fffd8, 0x00000000d5100000| 99%| O|  |TAMS 0x00000000d50fffd8| PB 0x00000000d5000000| Untracked 
| 337|0x00000000d5100000, 0x00000000d5200000, 0x00000000d5200000|100%| O|  |TAMS 0x00000000d5200000| PB 0x00000000d5100000| Untracked 
| 338|0x00000000d5200000, 0x00000000d52ffff8, 0x00000000d5300000| 99%| O|  |TAMS 0x00000000d52ffff8| PB 0x00000000d5200000| Untracked 
| 339|0x00000000d5300000, 0x00000000d53ffff0, 0x00000000d5400000| 99%| O|  |TAMS 0x00000000d53ffff0| PB 0x00000000d5300000| Untracked 
| 340|0x00000000d5400000, 0x00000000d5500000, 0x00000000d5500000|100%| O|  |TAMS 0x00000000d5500000| PB 0x00000000d5400000| Untracked 
| 341|0x00000000d5500000, 0x00000000d55fff98, 0x00000000d5600000| 99%| O|  |TAMS 0x00000000d55fff98| PB 0x00000000d5500000| Untracked 
| 342|0x00000000d5600000, 0x00000000d56fffe0, 0x00000000d5700000| 99%| O|  |TAMS 0x00000000d56fffe0| PB 0x00000000d5600000| Untracked 
| 343|0x00000000d5700000, 0x00000000d5800000, 0x00000000d5800000|100%| O|  |TAMS 0x00000000d5800000| PB 0x00000000d5700000| Untracked 
| 344|0x00000000d5800000, 0x00000000d5900000, 0x00000000d5900000|100%| O|  |TAMS 0x00000000d5900000| PB 0x00000000d5800000| Untracked 
| 345|0x00000000d5900000, 0x00000000d5a00000, 0x00000000d5a00000|100%| O|  |TAMS 0x00000000d5a00000| PB 0x00000000d5900000| Untracked 
| 346|0x00000000d5a00000, 0x00000000d5b00000, 0x00000000d5b00000|100%| O|  |TAMS 0x00000000d5b00000| PB 0x00000000d5a00000| Untracked 
| 347|0x00000000d5b00000, 0x00000000d5c00000, 0x00000000d5c00000|100%| O|  |TAMS 0x00000000d5c00000| PB 0x00000000d5b00000| Untracked 
| 348|0x00000000d5c00000, 0x00000000d5cfffa8, 0x00000000d5d00000| 99%| O|  |TAMS 0x00000000d5cfffa8| PB 0x00000000d5c00000| Untracked 
| 349|0x00000000d5d00000, 0x00000000d5dfffe0, 0x00000000d5e00000| 99%| O|  |TAMS 0x00000000d5dfffe0| PB 0x00000000d5d00000| Untracked 
| 350|0x00000000d5e00000, 0x00000000d5effff8, 0x00000000d5f00000| 99%| O|  |TAMS 0x00000000d5effff8| PB 0x00000000d5e00000| Untracked 
| 351|0x00000000d5f00000, 0x00000000d6000000, 0x00000000d6000000|100%| O|  |TAMS 0x00000000d6000000| PB 0x00000000d5f00000| Untracked 
| 352|0x00000000d6000000, 0x00000000d6100000, 0x00000000d6100000|100%| O|  |TAMS 0x00000000d6100000| PB 0x00000000d6000000| Untracked 
| 353|0x00000000d6100000, 0x00000000d6200000, 0x00000000d6200000|100%| O|  |TAMS 0x00000000d6200000| PB 0x00000000d6100000| Untracked 
| 354|0x00000000d6200000, 0x00000000d62ffff8, 0x00000000d6300000| 99%| O|  |TAMS 0x00000000d62ffff8| PB 0x00000000d6200000| Untracked 
| 355|0x00000000d6300000, 0x00000000d6400000, 0x00000000d6400000|100%| O|  |TAMS 0x00000000d6400000| PB 0x00000000d6300000| Untracked 
| 356|0x00000000d6400000, 0x00000000d6500000, 0x00000000d6500000|100%| O|  |TAMS 0x00000000d6500000| PB 0x00000000d6400000| Untracked 
| 357|0x00000000d6500000, 0x00000000d6600000, 0x00000000d6600000|100%| O|  |TAMS 0x00000000d6600000| PB 0x00000000d6500000| Untracked 
| 358|0x00000000d6600000, 0x00000000d6700000, 0x00000000d6700000|100%| O|  |TAMS 0x00000000d6700000| PB 0x00000000d6600000| Untracked 
| 359|0x00000000d6700000, 0x00000000d6800000, 0x00000000d6800000|100%| O|  |TAMS 0x00000000d6800000| PB 0x00000000d6700000| Untracked 
| 360|0x00000000d6800000, 0x00000000d68fffa0, 0x00000000d6900000| 99%| O|  |TAMS 0x00000000d68fffa0| PB 0x00000000d6800000| Untracked 
| 361|0x00000000d6900000, 0x00000000d6a00000, 0x00000000d6a00000|100%| O|  |TAMS 0x00000000d6a00000| PB 0x00000000d6900000| Untracked 
| 362|0x00000000d6a00000, 0x00000000d6affe60, 0x00000000d6b00000| 99%| O|  |TAMS 0x00000000d6affe60| PB 0x00000000d6a00000| Untracked 
| 363|0x00000000d6b00000, 0x00000000d6bfffd0, 0x00000000d6c00000| 99%| O|  |TAMS 0x00000000d6bfffd0| PB 0x00000000d6b00000| Untracked 
| 364|0x00000000d6c00000, 0x00000000d6cffff8, 0x00000000d6d00000| 99%| O|  |TAMS 0x00000000d6cffff8| PB 0x00000000d6c00000| Untracked 
| 365|0x00000000d6d00000, 0x00000000d6e00000, 0x00000000d6e00000|100%| O|  |TAMS 0x00000000d6e00000| PB 0x00000000d6d00000| Untracked 
| 366|0x00000000d6e00000, 0x00000000d6f00000, 0x00000000d6f00000|100%| O|  |TAMS 0x00000000d6f00000| PB 0x00000000d6e00000| Untracked 
| 367|0x00000000d6f00000, 0x00000000d7000000, 0x00000000d7000000|100%| O|  |TAMS 0x00000000d7000000| PB 0x00000000d6f00000| Untracked 
| 368|0x00000000d7000000, 0x00000000d7100000, 0x00000000d7100000|100%| O|  |TAMS 0x00000000d7100000| PB 0x00000000d7000000| Untracked 
| 369|0x00000000d7100000, 0x00000000d7200000, 0x00000000d7200000|100%| O|  |TAMS 0x00000000d7200000| PB 0x00000000d7100000| Untracked 
| 370|0x00000000d7200000, 0x00000000d72ffff0, 0x00000000d7300000| 99%| O|  |TAMS 0x00000000d72ffff0| PB 0x00000000d7200000| Untracked 
| 371|0x00000000d7300000, 0x00000000d7400000, 0x00000000d7400000|100%| O|  |TAMS 0x00000000d7400000| PB 0x00000000d7300000| Untracked 
| 372|0x00000000d7400000, 0x00000000d7500000, 0x00000000d7500000|100%| O|  |TAMS 0x00000000d7500000| PB 0x00000000d7400000| Untracked 
| 373|0x00000000d7500000, 0x00000000d75e9c48, 0x00000000d7600000| 91%| O|  |TAMS 0x00000000d75e9c48| PB 0x00000000d7500000| Untracked 
| 374|0x00000000d7600000, 0x00000000d76ffff0, 0x00000000d7700000| 99%| O|  |TAMS 0x00000000d76ffff0| PB 0x00000000d7600000| Untracked 
| 375|0x00000000d7700000, 0x00000000d77ffff8, 0x00000000d7800000| 99%| O|  |TAMS 0x00000000d77ffff8| PB 0x00000000d7700000| Untracked 
| 376|0x00000000d7800000, 0x00000000d78ffff8, 0x00000000d7900000| 99%| O|  |TAMS 0x00000000d78ffff8| PB 0x00000000d7800000| Untracked 
| 377|0x00000000d7900000, 0x00000000d79ffff0, 0x00000000d7a00000| 99%| O|  |TAMS 0x00000000d79ffff0| PB 0x00000000d7900000| Untracked 
| 378|0x00000000d7a00000, 0x00000000d7b00000, 0x00000000d7b00000|100%|HS|  |TAMS 0x00000000d7b00000| PB 0x00000000d7a00000| Complete 
| 379|0x00000000d7b00000, 0x00000000d7bfffe0, 0x00000000d7c00000| 99%| O|  |TAMS 0x00000000d7bfffe0| PB 0x00000000d7b00000| Untracked 
| 380|0x00000000d7c00000, 0x00000000d7d00000, 0x00000000d7d00000|100%| O|  |TAMS 0x00000000d7d00000| PB 0x00000000d7c00000| Untracked 
| 381|0x00000000d7d00000, 0x00000000d7dffff0, 0x00000000d7e00000| 99%| O|  |TAMS 0x00000000d7dffff0| PB 0x00000000d7d00000| Untracked 
| 382|0x00000000d7e00000, 0x00000000d7efffb8, 0x00000000d7f00000| 99%| O|  |TAMS 0x00000000d7efffb8| PB 0x00000000d7e00000| Untracked 
| 383|0x00000000d7f00000, 0x00000000d7fffff0, 0x00000000d8000000| 99%| O|  |TAMS 0x00000000d7fffff0| PB 0x00000000d7f00000| Untracked 
| 384|0x00000000d8000000, 0x00000000d80ffff8, 0x00000000d8100000| 99%| O|  |TAMS 0x00000000d80ffff8| PB 0x00000000d8000000| Untracked 
| 385|0x00000000d8100000, 0x00000000d8200000, 0x00000000d8200000|100%| O|  |TAMS 0x00000000d8200000| PB 0x00000000d8100000| Untracked 
| 386|0x00000000d8200000, 0x00000000d82ffff8, 0x00000000d8300000| 99%| O|  |TAMS 0x00000000d82ffff8| PB 0x00000000d8200000| Untracked 
| 387|0x00000000d8300000, 0x00000000d83ffff8, 0x00000000d8400000| 99%| O|  |TAMS 0x00000000d83ffff8| PB 0x00000000d8300000| Untracked 
| 388|0x00000000d8400000, 0x00000000d8500000, 0x00000000d8500000|100%|HS|  |TAMS 0x00000000d8500000| PB 0x00000000d8400000| Complete 
| 389|0x00000000d8500000, 0x00000000d8600000, 0x00000000d8600000|100%|HC|  |TAMS 0x00000000d8600000| PB 0x00000000d8500000| Complete 
| 390|0x00000000d8600000, 0x00000000d8700000, 0x00000000d8700000|100%|HC|  |TAMS 0x00000000d8700000| PB 0x00000000d8600000| Complete 
| 391|0x00000000d8700000, 0x00000000d8800000, 0x00000000d8800000|100%|HC|  |TAMS 0x00000000d8800000| PB 0x00000000d8700000| Complete 
| 392|0x00000000d8800000, 0x00000000d8900000, 0x00000000d8900000|100%|HC|  |TAMS 0x00000000d8900000| PB 0x00000000d8800000| Complete 
| 393|0x00000000d8900000, 0x00000000d8a00000, 0x00000000d8a00000|100%|HC|  |TAMS 0x00000000d8a00000| PB 0x00000000d8900000| Complete 
| 394|0x00000000d8a00000, 0x00000000d8b00000, 0x00000000d8b00000|100%|HC|  |TAMS 0x00000000d8b00000| PB 0x00000000d8a00000| Complete 
| 395|0x00000000d8b00000, 0x00000000d8bffff8, 0x00000000d8c00000| 99%| O|  |TAMS 0x00000000d8bffff8| PB 0x00000000d8b00000| Untracked 
| 396|0x00000000d8c00000, 0x00000000d8d00000, 0x00000000d8d00000|100%| O|  |TAMS 0x00000000d8d00000| PB 0x00000000d8c00000| Untracked 
| 397|0x00000000d8d00000, 0x00000000d8e00000, 0x00000000d8e00000|100%| O|  |TAMS 0x00000000d8e00000| PB 0x00000000d8d00000| Untracked 
| 398|0x00000000d8e00000, 0x00000000d8efff50, 0x00000000d8f00000| 99%| O|  |TAMS 0x00000000d8efff50| PB 0x00000000d8e00000| Untracked 
| 399|0x00000000d8f00000, 0x00000000d8ffffd8, 0x00000000d9000000| 99%| O|  |TAMS 0x00000000d8ffffd8| PB 0x00000000d8f00000| Untracked 
| 400|0x00000000d9000000, 0x00000000d90fffe0, 0x00000000d9100000| 99%| O|  |TAMS 0x00000000d90fffe0| PB 0x00000000d9000000| Untracked 
| 401|0x00000000d9100000, 0x00000000d9200000, 0x00000000d9200000|100%| O|  |TAMS 0x00000000d9200000| PB 0x00000000d9100000| Untracked 
| 402|0x00000000d9200000, 0x00000000d92ffff0, 0x00000000d9300000| 99%| O|  |TAMS 0x00000000d92ffff0| PB 0x00000000d9200000| Untracked 
| 403|0x00000000d9300000, 0x00000000d9400000, 0x00000000d9400000|100%| O|  |TAMS 0x00000000d9400000| PB 0x00000000d9300000| Untracked 
| 404|0x00000000d9400000, 0x00000000d94ffff0, 0x00000000d9500000| 99%| O|  |TAMS 0x00000000d94ffff0| PB 0x00000000d9400000| Untracked 
| 405|0x00000000d9500000, 0x00000000d95fffd8, 0x00000000d9600000| 99%| O|  |TAMS 0x00000000d95fffd8| PB 0x00000000d9500000| Untracked 
| 406|0x00000000d9600000, 0x00000000d9700000, 0x00000000d9700000|100%| O|  |TAMS 0x00000000d9700000| PB 0x00000000d9600000| Untracked 
| 407|0x00000000d9700000, 0x00000000d9800000, 0x00000000d9800000|100%| O|  |TAMS 0x00000000d9800000| PB 0x00000000d9700000| Untracked 
| 408|0x00000000d9800000, 0x00000000d98ffff8, 0x00000000d9900000| 99%| O|  |TAMS 0x00000000d98ffff8| PB 0x00000000d9800000| Untracked 
| 409|0x00000000d9900000, 0x00000000d9a00000, 0x00000000d9a00000|100%| O|  |TAMS 0x00000000d9a00000| PB 0x00000000d9900000| Untracked 
| 410|0x00000000d9a00000, 0x00000000d9afff80, 0x00000000d9b00000| 99%| O|  |TAMS 0x00000000d9afff80| PB 0x00000000d9a00000| Untracked 
| 411|0x00000000d9b00000, 0x00000000d9bf4a80, 0x00000000d9c00000| 95%| O|  |TAMS 0x00000000d9bf4a80| PB 0x00000000d9b00000| Untracked 
| 412|0x00000000d9c00000, 0x00000000d9d00000, 0x00000000d9d00000|100%| O|  |TAMS 0x00000000d9d00000| PB 0x00000000d9c00000| Untracked 
| 413|0x00000000d9d00000, 0x00000000d9e00000, 0x00000000d9e00000|100%| O|  |TAMS 0x00000000d9e00000| PB 0x00000000d9d00000| Untracked 
| 414|0x00000000d9e00000, 0x00000000d9efffe8, 0x00000000d9f00000| 99%| O|  |TAMS 0x00000000d9efffe8| PB 0x00000000d9e00000| Untracked 
| 415|0x00000000d9f00000, 0x00000000da000000, 0x00000000da000000|100%| O|  |TAMS 0x00000000da000000| PB 0x00000000d9f00000| Untracked 
| 416|0x00000000da000000, 0x00000000da100000, 0x00000000da100000|100%| O|  |TAMS 0x00000000da100000| PB 0x00000000da000000| Untracked 
| 417|0x00000000da100000, 0x00000000da1fff30, 0x00000000da200000| 99%| O|  |TAMS 0x00000000da1fff30| PB 0x00000000da100000| Untracked 
| 418|0x00000000da200000, 0x00000000da2fffd8, 0x00000000da300000| 99%| O|  |TAMS 0x00000000da2fffd8| PB 0x00000000da200000| Untracked 
| 419|0x00000000da300000, 0x00000000da400000, 0x00000000da400000|100%| O|  |TAMS 0x00000000da400000| PB 0x00000000da300000| Untracked 
| 420|0x00000000da400000, 0x00000000da500000, 0x00000000da500000|100%|HS|  |TAMS 0x00000000da500000| PB 0x00000000da400000| Complete 
| 421|0x00000000da500000, 0x00000000da600000, 0x00000000da600000|100%| O|  |TAMS 0x00000000da600000| PB 0x00000000da500000| Untracked 
| 422|0x00000000da600000, 0x00000000da700000, 0x00000000da700000|100%| O|  |TAMS 0x00000000da700000| PB 0x00000000da600000| Untracked 
| 423|0x00000000da700000, 0x00000000da800000, 0x00000000da800000|100%| O|  |TAMS 0x00000000da800000| PB 0x00000000da700000| Untracked 
| 424|0x00000000da800000, 0x00000000da900000, 0x00000000da900000|100%| O|  |TAMS 0x00000000da900000| PB 0x00000000da800000| Untracked 
| 425|0x00000000da900000, 0x00000000daa00000, 0x00000000daa00000|100%| O|  |TAMS 0x00000000daa00000| PB 0x00000000da900000| Untracked 
| 426|0x00000000daa00000, 0x00000000daa6b748, 0x00000000dab00000| 41%| O|  |TAMS 0x00000000daa6b748| PB 0x00000000daa00000| Untracked 
| 427|0x00000000dab00000, 0x00000000dac00000, 0x00000000dac00000|100%| O|  |TAMS 0x00000000dac00000| PB 0x00000000dab00000| Untracked 
| 428|0x00000000dac00000, 0x00000000dad00000, 0x00000000dad00000|100%| O|  |TAMS 0x00000000dad00000| PB 0x00000000dac00000| Untracked 
| 429|0x00000000dad00000, 0x00000000dae00000, 0x00000000dae00000|100%| O|  |TAMS 0x00000000dae00000| PB 0x00000000dad00000| Untracked 
| 430|0x00000000dae00000, 0x00000000daf00000, 0x00000000daf00000|100%|HS|  |TAMS 0x00000000daf00000| PB 0x00000000dae00000| Complete 
| 431|0x00000000daf00000, 0x00000000db000000, 0x00000000db000000|100%|HS|  |TAMS 0x00000000db000000| PB 0x00000000daf00000| Complete 
| 432|0x00000000db000000, 0x00000000db100000, 0x00000000db100000|100%| O|  |TAMS 0x00000000db100000| PB 0x00000000db000000| Untracked 
| 433|0x00000000db100000, 0x00000000db200000, 0x00000000db200000|100%| O|  |TAMS 0x00000000db200000| PB 0x00000000db100000| Untracked 
| 434|0x00000000db200000, 0x00000000db300000, 0x00000000db300000|100%| O|  |TAMS 0x00000000db200000| PB 0x00000000db200000| Untracked 
| 435|0x00000000db300000, 0x00000000db400000, 0x00000000db400000|100%|HS|  |TAMS 0x00000000db400000| PB 0x00000000db300000| Complete 
| 436|0x00000000db400000, 0x00000000db500000, 0x00000000db500000|100%| O|  |TAMS 0x00000000db500000| PB 0x00000000db400000| Untracked 
| 437|0x00000000db500000, 0x00000000db600000, 0x00000000db600000|100%|HS|  |TAMS 0x00000000db600000| PB 0x00000000db500000| Complete 
| 438|0x00000000db600000, 0x00000000db700000, 0x00000000db700000|100%|HC|  |TAMS 0x00000000db700000| PB 0x00000000db600000| Complete 
| 439|0x00000000db700000, 0x00000000db800000, 0x00000000db800000|100%| O|  |TAMS 0x00000000db800000| PB 0x00000000db700000| Untracked 
| 440|0x00000000db800000, 0x00000000db900000, 0x00000000db900000|100%| O|  |TAMS 0x00000000db900000| PB 0x00000000db800000| Untracked 
| 441|0x00000000db900000, 0x00000000dba00000, 0x00000000dba00000|100%| O|  |TAMS 0x00000000dba00000| PB 0x00000000db900000| Untracked 
| 442|0x00000000dba00000, 0x00000000dbb00000, 0x00000000dbb00000|100%| O|  |TAMS 0x00000000dbb00000| PB 0x00000000dba00000| Untracked 
| 443|0x00000000dbb00000, 0x00000000dbc00000, 0x00000000dbc00000|100%| O|  |TAMS 0x00000000dbc00000| PB 0x00000000dbb00000| Untracked 
| 444|0x00000000dbc00000, 0x00000000dbd00000, 0x00000000dbd00000|100%| O|  |TAMS 0x00000000dbd00000| PB 0x00000000dbc00000| Untracked 
| 445|0x00000000dbd00000, 0x00000000dbe00000, 0x00000000dbe00000|100%| O|  |TAMS 0x00000000dbe00000| PB 0x00000000dbd00000| Untracked 
| 446|0x00000000dbe00000, 0x00000000dbf00000, 0x00000000dbf00000|100%| O|  |TAMS 0x00000000dbf00000| PB 0x00000000dbe00000| Untracked 
| 447|0x00000000dbf00000, 0x00000000dc000000, 0x00000000dc000000|100%|HS|  |TAMS 0x00000000dc000000| PB 0x00000000dbf00000| Complete 
| 448|0x00000000dc000000, 0x00000000dc100000, 0x00000000dc100000|100%|HC|  |TAMS 0x00000000dc100000| PB 0x00000000dc000000| Complete 
| 449|0x00000000dc100000, 0x00000000dc200000, 0x00000000dc200000|100%|HS|  |TAMS 0x00000000dc200000| PB 0x00000000dc100000| Complete 
| 450|0x00000000dc200000, 0x00000000dc300000, 0x00000000dc300000|100%|HC|  |TAMS 0x00000000dc300000| PB 0x00000000dc200000| Complete 
| 451|0x00000000dc300000, 0x00000000dc400000, 0x00000000dc400000|100%|HS|  |TAMS 0x00000000dc400000| PB 0x00000000dc300000| Complete 
| 452|0x00000000dc400000, 0x00000000dc500000, 0x00000000dc500000|100%|HC|  |TAMS 0x00000000dc500000| PB 0x00000000dc400000| Complete 
| 453|0x00000000dc500000, 0x00000000dc600000, 0x00000000dc600000|100%|HS|  |TAMS 0x00000000dc600000| PB 0x00000000dc500000| Complete 
| 454|0x00000000dc600000, 0x00000000dc700000, 0x00000000dc700000|100%| O|  |TAMS 0x00000000dc700000| PB 0x00000000dc600000| Untracked 
| 455|0x00000000dc700000, 0x00000000dc800000, 0x00000000dc800000|100%| O|  |TAMS 0x00000000dc800000| PB 0x00000000dc700000| Untracked 
| 456|0x00000000dc800000, 0x00000000dc900000, 0x00000000dc900000|100%| O|  |TAMS 0x00000000dc900000| PB 0x00000000dc800000| Untracked 
| 457|0x00000000dc900000, 0x00000000dca00000, 0x00000000dca00000|100%| O|  |TAMS 0x00000000dca00000| PB 0x00000000dc900000| Untracked 
| 458|0x00000000dca00000, 0x00000000dcb00000, 0x00000000dcb00000|100%| O|  |TAMS 0x00000000dcb00000| PB 0x00000000dca00000| Untracked 
| 459|0x00000000dcb00000, 0x00000000dcc00000, 0x00000000dcc00000|100%| O|  |TAMS 0x00000000dcc00000| PB 0x00000000dcb00000| Untracked 
| 460|0x00000000dcc00000, 0x00000000dcd00000, 0x00000000dcd00000|100%| O|  |TAMS 0x00000000dcd00000| PB 0x00000000dcc00000| Untracked 
| 461|0x00000000dcd00000, 0x00000000dce00000, 0x00000000dce00000|100%| O|  |TAMS 0x00000000dcd00000| PB 0x00000000dcd00000| Untracked 
| 462|0x00000000dce00000, 0x00000000dcf00000, 0x00000000dcf00000|100%| O|  |TAMS 0x00000000dcf00000| PB 0x00000000dce00000| Untracked 
| 463|0x00000000dcf00000, 0x00000000dd000000, 0x00000000dd000000|100%| O|  |TAMS 0x00000000dcf00000| PB 0x00000000dcf00000| Untracked 
| 464|0x00000000dd000000, 0x00000000dd100000, 0x00000000dd100000|100%| O|  |TAMS 0x00000000dd000000| PB 0x00000000dd000000| Untracked 
| 465|0x00000000dd100000, 0x00000000dd200000, 0x00000000dd200000|100%| O|  |TAMS 0x00000000dd200000| PB 0x00000000dd100000| Untracked 
| 466|0x00000000dd200000, 0x00000000dd300000, 0x00000000dd300000|100%| O|  |TAMS 0x00000000dd300000| PB 0x00000000dd200000| Untracked 
| 467|0x00000000dd300000, 0x00000000dd400000, 0x00000000dd400000|100%| O|  |TAMS 0x00000000dd300000| PB 0x00000000dd300000| Untracked 
| 468|0x00000000dd400000, 0x00000000dd500000, 0x00000000dd500000|100%| O|  |TAMS 0x00000000dd500000| PB 0x00000000dd400000| Untracked 
| 469|0x00000000dd500000, 0x00000000dd600000, 0x00000000dd600000|100%| O|  |TAMS 0x00000000dd500000| PB 0x00000000dd500000| Untracked 
| 470|0x00000000dd600000, 0x00000000dd700000, 0x00000000dd700000|100%| O|  |TAMS 0x00000000dd700000| PB 0x00000000dd600000| Untracked 
| 471|0x00000000dd700000, 0x00000000dd800000, 0x00000000dd800000|100%| O|  |TAMS 0x00000000dd700000| PB 0x00000000dd700000| Untracked 
| 472|0x00000000dd800000, 0x00000000dd900000, 0x00000000dd900000|100%| O|  |TAMS 0x00000000dd900000| PB 0x00000000dd800000| Untracked 
| 473|0x00000000dd900000, 0x00000000dda00000, 0x00000000dda00000|100%| O|  |TAMS 0x00000000dda00000| PB 0x00000000dd900000| Untracked 
| 474|0x00000000dda00000, 0x00000000ddb00000, 0x00000000ddb00000|100%|HS|  |TAMS 0x00000000dda00000| PB 0x00000000dda00000| Complete 
| 475|0x00000000ddb00000, 0x00000000ddc00000, 0x00000000ddc00000|100%| O|  |TAMS 0x00000000ddc00000| PB 0x00000000ddb00000| Untracked 
| 476|0x00000000ddc00000, 0x00000000ddd00000, 0x00000000ddd00000|100%| O|  |TAMS 0x00000000ddd00000| PB 0x00000000ddc00000| Untracked 
| 477|0x00000000ddd00000, 0x00000000dde00000, 0x00000000dde00000|100%| O|  |TAMS 0x00000000dde00000| PB 0x00000000ddd00000| Untracked 
| 478|0x00000000dde00000, 0x00000000ddf00000, 0x00000000ddf00000|100%| O|  |TAMS 0x00000000ddf00000| PB 0x00000000dde00000| Untracked 
| 479|0x00000000ddf00000, 0x00000000de000000, 0x00000000de000000|100%| O|  |TAMS 0x00000000de000000| PB 0x00000000ddf00000| Untracked 
| 480|0x00000000de000000, 0x00000000de100000, 0x00000000de100000|100%| O|  |TAMS 0x00000000de000000| PB 0x00000000de000000| Untracked 
| 481|0x00000000de100000, 0x00000000de200000, 0x00000000de200000|100%| O|  |TAMS 0x00000000de200000| PB 0x00000000de100000| Untracked 
| 482|0x00000000de200000, 0x00000000de300000, 0x00000000de300000|100%| O|  |TAMS 0x00000000de300000| PB 0x00000000de200000| Untracked 
| 483|0x00000000de300000, 0x00000000de400000, 0x00000000de400000|100%| O|  |TAMS 0x00000000de400000| PB 0x00000000de300000| Untracked 
| 484|0x00000000de400000, 0x00000000de500000, 0x00000000de500000|100%| O|  |TAMS 0x00000000de500000| PB 0x00000000de400000| Untracked 
| 485|0x00000000de500000, 0x00000000de600000, 0x00000000de600000|100%| O|  |TAMS 0x00000000de600000| PB 0x00000000de500000| Untracked 
| 486|0x00000000de600000, 0x00000000de700000, 0x00000000de700000|100%| O|  |TAMS 0x00000000de700000| PB 0x00000000de600000| Untracked 
| 487|0x00000000de700000, 0x00000000de800000, 0x00000000de800000|100%| O|  |TAMS 0x00000000de800000| PB 0x00000000de700000| Untracked 
| 488|0x00000000de800000, 0x00000000de900000, 0x00000000de900000|100%| O|  |TAMS 0x00000000de900000| PB 0x00000000de800000| Untracked 
| 489|0x00000000de900000, 0x00000000dea00000, 0x00000000dea00000|100%| O|  |TAMS 0x00000000dea00000| PB 0x00000000de900000| Untracked 
| 490|0x00000000dea00000, 0x00000000deb00000, 0x00000000deb00000|100%| O|  |TAMS 0x00000000deb00000| PB 0x00000000dea00000| Untracked 
| 491|0x00000000deb00000, 0x00000000dec00000, 0x00000000dec00000|100%| O|  |TAMS 0x00000000dec00000| PB 0x00000000deb00000| Untracked 
| 492|0x00000000dec00000, 0x00000000ded00000, 0x00000000ded00000|100%| O|  |TAMS 0x00000000ded00000| PB 0x00000000dec00000| Untracked 
| 493|0x00000000ded00000, 0x00000000dee00000, 0x00000000dee00000|100%| O|  |TAMS 0x00000000dee00000| PB 0x00000000ded00000| Untracked 
| 494|0x00000000dee00000, 0x00000000def00000, 0x00000000def00000|100%|HS|  |TAMS 0x00000000def00000| PB 0x00000000dee00000| Untracked 
| 495|0x00000000def00000, 0x00000000df000000, 0x00000000df000000|100%| O|  |TAMS 0x00000000df000000| PB 0x00000000def00000| Untracked 
| 496|0x00000000df000000, 0x00000000df100000, 0x00000000df100000|100%| O|  |TAMS 0x00000000df100000| PB 0x00000000df000000| Untracked 
| 497|0x00000000df100000, 0x00000000df200000, 0x00000000df200000|100%| O|  |TAMS 0x00000000df200000| PB 0x00000000df100000| Untracked 
| 498|0x00000000df200000, 0x00000000df300000, 0x00000000df300000|100%| O|  |TAMS 0x00000000df300000| PB 0x00000000df200000| Untracked 
| 499|0x00000000df300000, 0x00000000df400000, 0x00000000df400000|100%| O|  |TAMS 0x00000000df400000| PB 0x00000000df300000| Untracked 
| 500|0x00000000df400000, 0x00000000df500000, 0x00000000df500000|100%| O|  |TAMS 0x00000000df400000| PB 0x00000000df400000| Untracked 
| 501|0x00000000df500000, 0x00000000df600000, 0x00000000df600000|100%| O|  |TAMS 0x00000000df600000| PB 0x00000000df500000| Untracked 
| 502|0x00000000df600000, 0x00000000df700000, 0x00000000df700000|100%| O|  |TAMS 0x00000000df700000| PB 0x00000000df600000| Untracked 
| 503|0x00000000df700000, 0x00000000df800000, 0x00000000df800000|100%| O|  |TAMS 0x00000000df800000| PB 0x00000000df700000| Untracked 
| 504|0x00000000df800000, 0x00000000df900000, 0x00000000df900000|100%| O|  |TAMS 0x00000000df900000| PB 0x00000000df800000| Untracked 
| 505|0x00000000df900000, 0x00000000dfa00000, 0x00000000dfa00000|100%| O|  |TAMS 0x00000000dfa00000| PB 0x00000000df900000| Untracked 
| 506|0x00000000dfa00000, 0x00000000dfb00000, 0x00000000dfb00000|100%| O|  |TAMS 0x00000000dfb00000| PB 0x00000000dfa00000| Untracked 
| 507|0x00000000dfb00000, 0x00000000dfc00000, 0x00000000dfc00000|100%| O|  |TAMS 0x00000000dfc00000| PB 0x00000000dfb00000| Untracked 
| 508|0x00000000dfc00000, 0x00000000dfd00000, 0x00000000dfd00000|100%| O|  |TAMS 0x00000000dfd00000| PB 0x00000000dfc00000| Untracked 
| 509|0x00000000dfd00000, 0x00000000dfe00000, 0x00000000dfe00000|100%| O|  |TAMS 0x00000000dfe00000| PB 0x00000000dfd00000| Untracked 
| 510|0x00000000dfe00000, 0x00000000dff00000, 0x00000000dff00000|100%| O|  |TAMS 0x00000000dff00000| PB 0x00000000dfe00000| Untracked 
| 511|0x00000000dff00000, 0x00000000e0000000, 0x00000000e0000000|100%| O|  |TAMS 0x00000000e0000000| PB 0x00000000dff00000| Untracked 
| 512|0x00000000e0000000, 0x00000000e0100000, 0x00000000e0100000|100%|HS|  |TAMS 0x00000000e0100000| PB 0x00000000e0000000| Untracked 
| 513|0x00000000e0100000, 0x00000000e0200000, 0x00000000e0200000|100%|HC|  |TAMS 0x00000000e0200000| PB 0x00000000e0100000| Untracked 
| 514|0x00000000e0200000, 0x00000000e0300000, 0x00000000e0300000|100%|HS|  |TAMS 0x00000000e0300000| PB 0x00000000e0200000| Untracked 
| 515|0x00000000e0300000, 0x00000000e0400000, 0x00000000e0400000|100%| O|  |TAMS 0x00000000e0400000| PB 0x00000000e0300000| Untracked 
| 516|0x00000000e0400000, 0x00000000e0500000, 0x00000000e0500000|100%| O|  |TAMS 0x00000000e0500000| PB 0x00000000e0400000| Untracked 
| 517|0x00000000e0500000, 0x00000000e0600000, 0x00000000e0600000|100%| O|  |TAMS 0x00000000e0600000| PB 0x00000000e0500000| Untracked 
| 518|0x00000000e0600000, 0x00000000e0700000, 0x00000000e0700000|100%| O|  |TAMS 0x00000000e0700000| PB 0x00000000e0600000| Untracked 
| 519|0x00000000e0700000, 0x00000000e0800000, 0x00000000e0800000|100%| O|  |TAMS 0x00000000e0800000| PB 0x00000000e0700000| Untracked 
| 520|0x00000000e0800000, 0x00000000e0900000, 0x00000000e0900000|100%| O|  |TAMS 0x00000000e0900000| PB 0x00000000e0800000| Untracked 
| 521|0x00000000e0900000, 0x00000000e0a00000, 0x00000000e0a00000|100%| O|  |TAMS 0x00000000e0a00000| PB 0x00000000e0900000| Untracked 
| 522|0x00000000e0a00000, 0x00000000e0b00000, 0x00000000e0b00000|100%| O|  |TAMS 0x00000000e0b00000| PB 0x00000000e0a00000| Untracked 
| 523|0x00000000e0b00000, 0x00000000e0c00000, 0x00000000e0c00000|100%| O|  |TAMS 0x00000000e0c00000| PB 0x00000000e0b00000| Untracked 
| 524|0x00000000e0c00000, 0x00000000e0d00000, 0x00000000e0d00000|100%| O|  |TAMS 0x00000000e0d00000| PB 0x00000000e0c00000| Untracked 
| 525|0x00000000e0d00000, 0x00000000e0e00000, 0x00000000e0e00000|100%| O|  |TAMS 0x00000000e0e00000| PB 0x00000000e0d00000| Untracked 
| 526|0x00000000e0e00000, 0x00000000e0f00000, 0x00000000e0f00000|100%| O|  |TAMS 0x00000000e0f00000| PB 0x00000000e0e00000| Untracked 
| 527|0x00000000e0f00000, 0x00000000e1000000, 0x00000000e1000000|100%| O|  |TAMS 0x00000000e1000000| PB 0x00000000e0f00000| Untracked 
| 528|0x00000000e1000000, 0x00000000e1100000, 0x00000000e1100000|100%| O|  |TAMS 0x00000000e1000000| PB 0x00000000e1000000| Untracked 
| 529|0x00000000e1100000, 0x00000000e1200000, 0x00000000e1200000|100%| O|  |TAMS 0x00000000e1200000| PB 0x00000000e1100000| Untracked 
| 530|0x00000000e1200000, 0x00000000e1300000, 0x00000000e1300000|100%| O|  |TAMS 0x00000000e1300000| PB 0x00000000e1200000| Untracked 
| 531|0x00000000e1300000, 0x00000000e1400000, 0x00000000e1400000|100%| O|  |TAMS 0x00000000e1400000| PB 0x00000000e1300000| Untracked 
| 532|0x00000000e1400000, 0x00000000e1500000, 0x00000000e1500000|100%| O|  |TAMS 0x00000000e1500000| PB 0x00000000e1400000| Untracked 
| 533|0x00000000e1500000, 0x00000000e1600000, 0x00000000e1600000|100%| O|  |TAMS 0x00000000e1600000| PB 0x00000000e1500000| Untracked 
| 534|0x00000000e1600000, 0x00000000e1700000, 0x00000000e1700000|100%| O|  |TAMS 0x00000000e1700000| PB 0x00000000e1600000| Untracked 
| 535|0x00000000e1700000, 0x00000000e1800000, 0x00000000e1800000|100%| O|  |TAMS 0x00000000e1800000| PB 0x00000000e1700000| Untracked 
| 536|0x00000000e1800000, 0x00000000e1900000, 0x00000000e1900000|100%| O|  |TAMS 0x00000000e1900000| PB 0x00000000e1800000| Untracked 
| 537|0x00000000e1900000, 0x00000000e1a00000, 0x00000000e1a00000|100%| O|  |TAMS 0x00000000e1a00000| PB 0x00000000e1900000| Untracked 
| 538|0x00000000e1a00000, 0x00000000e1b00000, 0x00000000e1b00000|100%| O|  |TAMS 0x00000000e1b00000| PB 0x00000000e1a00000| Untracked 
| 539|0x00000000e1b00000, 0x00000000e1c00000, 0x00000000e1c00000|100%| O|  |TAMS 0x00000000e1c00000| PB 0x00000000e1b00000| Untracked 
| 540|0x00000000e1c00000, 0x00000000e1d00000, 0x00000000e1d00000|100%| O|  |TAMS 0x00000000e1d00000| PB 0x00000000e1c00000| Untracked 
| 541|0x00000000e1d00000, 0x00000000e1e00000, 0x00000000e1e00000|100%| O|  |TAMS 0x00000000e1e00000| PB 0x00000000e1d00000| Untracked 
| 542|0x00000000e1e00000, 0x00000000e1f00000, 0x00000000e1f00000|100%| O|  |TAMS 0x00000000e1f00000| PB 0x00000000e1e00000| Untracked 
| 543|0x00000000e1f00000, 0x00000000e2000000, 0x00000000e2000000|100%| O|  |TAMS 0x00000000e2000000| PB 0x00000000e1f00000| Untracked 
| 544|0x00000000e2000000, 0x00000000e2100000, 0x00000000e2100000|100%| O|  |TAMS 0x00000000e2100000| PB 0x00000000e2000000| Untracked 
| 545|0x00000000e2100000, 0x00000000e2200000, 0x00000000e2200000|100%| O|  |TAMS 0x00000000e2200000| PB 0x00000000e2100000| Untracked 
| 546|0x00000000e2200000, 0x00000000e2300000, 0x00000000e2300000|100%| O|  |TAMS 0x00000000e2300000| PB 0x00000000e2200000| Untracked 
| 547|0x00000000e2300000, 0x00000000e2400000, 0x00000000e2400000|100%| O|  |TAMS 0x00000000e2400000| PB 0x00000000e2300000| Untracked 
| 548|0x00000000e2400000, 0x00000000e2500000, 0x00000000e2500000|100%| O|  |TAMS 0x00000000e2500000| PB 0x00000000e2400000| Untracked 
| 549|0x00000000e2500000, 0x00000000e2600000, 0x00000000e2600000|100%| O|  |TAMS 0x00000000e2600000| PB 0x00000000e2500000| Untracked 
| 550|0x00000000e2600000, 0x00000000e2700000, 0x00000000e2700000|100%| O|  |TAMS 0x00000000e2700000| PB 0x00000000e2600000| Untracked 
| 551|0x00000000e2700000, 0x00000000e2800000, 0x00000000e2800000|100%| O|  |TAMS 0x00000000e2800000| PB 0x00000000e2700000| Untracked 
| 552|0x00000000e2800000, 0x00000000e2900000, 0x00000000e2900000|100%| O|  |TAMS 0x00000000e2900000| PB 0x00000000e2800000| Untracked 
| 553|0x00000000e2900000, 0x00000000e2a00000, 0x00000000e2a00000|100%| O|  |TAMS 0x00000000e2a00000| PB 0x00000000e2900000| Untracked 
| 554|0x00000000e2a00000, 0x00000000e2b00000, 0x00000000e2b00000|100%| O|  |TAMS 0x00000000e2b00000| PB 0x00000000e2a00000| Untracked 
| 555|0x00000000e2b00000, 0x00000000e2c00000, 0x00000000e2c00000|100%| O|  |TAMS 0x00000000e2c00000| PB 0x00000000e2b00000| Untracked 
| 556|0x00000000e2c00000, 0x00000000e2d00000, 0x00000000e2d00000|100%| O|  |TAMS 0x00000000e2d00000| PB 0x00000000e2c00000| Untracked 
| 557|0x00000000e2d00000, 0x00000000e2e00000, 0x00000000e2e00000|100%|HS|  |TAMS 0x00000000e2e00000| PB 0x00000000e2d00000| Untracked 
| 558|0x00000000e2e00000, 0x00000000e2f00000, 0x00000000e2f00000|100%|HC|  |TAMS 0x00000000e2f00000| PB 0x00000000e2e00000| Untracked 
| 559|0x00000000e2f00000, 0x00000000e3000000, 0x00000000e3000000|100%| O|  |TAMS 0x00000000e3000000| PB 0x00000000e2f00000| Untracked 
| 560|0x00000000e3000000, 0x00000000e3100000, 0x00000000e3100000|100%| O|  |TAMS 0x00000000e3100000| PB 0x00000000e3000000| Untracked 
| 561|0x00000000e3100000, 0x00000000e3200000, 0x00000000e3200000|100%| O|  |TAMS 0x00000000e3200000| PB 0x00000000e3100000| Untracked 
| 562|0x00000000e3200000, 0x00000000e3300000, 0x00000000e3300000|100%| O|  |TAMS 0x00000000e3300000| PB 0x00000000e3200000| Untracked 
| 563|0x00000000e3300000, 0x00000000e3400000, 0x00000000e3400000|100%| O|  |TAMS 0x00000000e3400000| PB 0x00000000e3300000| Untracked 
| 564|0x00000000e3400000, 0x00000000e3500000, 0x00000000e3500000|100%| O|  |TAMS 0x00000000e3500000| PB 0x00000000e3400000| Untracked 
| 565|0x00000000e3500000, 0x00000000e3600000, 0x00000000e3600000|100%| O|  |TAMS 0x00000000e3600000| PB 0x00000000e3500000| Untracked 
| 566|0x00000000e3600000, 0x00000000e3700000, 0x00000000e3700000|100%| O|  |TAMS 0x00000000e3700000| PB 0x00000000e3600000| Untracked 
| 567|0x00000000e3700000, 0x00000000e3800000, 0x00000000e3800000|100%| O|  |TAMS 0x00000000e3800000| PB 0x00000000e3700000| Untracked 
| 568|0x00000000e3800000, 0x00000000e3900000, 0x00000000e3900000|100%| O|  |TAMS 0x00000000e3900000| PB 0x00000000e3800000| Untracked 
| 569|0x00000000e3900000, 0x00000000e3a00000, 0x00000000e3a00000|100%| O|  |TAMS 0x00000000e3a00000| PB 0x00000000e3900000| Untracked 
| 570|0x00000000e3a00000, 0x00000000e3b00000, 0x00000000e3b00000|100%| O|  |TAMS 0x00000000e3b00000| PB 0x00000000e3a00000| Untracked 
| 571|0x00000000e3b00000, 0x00000000e3c00000, 0x00000000e3c00000|100%| O|  |TAMS 0x00000000e3c00000| PB 0x00000000e3b00000| Untracked 
| 572|0x00000000e3c00000, 0x00000000e3d00000, 0x00000000e3d00000|100%| O|  |TAMS 0x00000000e3d00000| PB 0x00000000e3c00000| Untracked 
| 573|0x00000000e3d00000, 0x00000000e3e00000, 0x00000000e3e00000|100%| O|  |TAMS 0x00000000e3e00000| PB 0x00000000e3d00000| Untracked 
| 574|0x00000000e3e00000, 0x00000000e3f00000, 0x00000000e3f00000|100%| O|  |TAMS 0x00000000e3f00000| PB 0x00000000e3e00000| Untracked 
| 575|0x00000000e3f00000, 0x00000000e4000000, 0x00000000e4000000|100%| O|  |TAMS 0x00000000e4000000| PB 0x00000000e3f00000| Untracked 
| 576|0x00000000e4000000, 0x00000000e4100000, 0x00000000e4100000|100%| O|  |TAMS 0x00000000e4100000| PB 0x00000000e4000000| Untracked 
| 577|0x00000000e4100000, 0x00000000e4200000, 0x00000000e4200000|100%| O|  |TAMS 0x00000000e4200000| PB 0x00000000e4100000| Untracked 
| 578|0x00000000e4200000, 0x00000000e4300000, 0x00000000e4300000|100%| O|  |TAMS 0x00000000e4300000| PB 0x00000000e4200000| Untracked 
| 579|0x00000000e4300000, 0x00000000e4400000, 0x00000000e4400000|100%| O|  |TAMS 0x00000000e4400000| PB 0x00000000e4300000| Untracked 
| 580|0x00000000e4400000, 0x00000000e4500000, 0x00000000e4500000|100%| O|  |TAMS 0x00000000e4500000| PB 0x00000000e4400000| Untracked 
| 581|0x00000000e4500000, 0x00000000e4600000, 0x00000000e4600000|100%| O|  |TAMS 0x00000000e4600000| PB 0x00000000e4500000| Untracked 
| 582|0x00000000e4600000, 0x00000000e4700000, 0x00000000e4700000|100%| O|  |TAMS 0x00000000e4700000| PB 0x00000000e4600000| Untracked 
| 583|0x00000000e4700000, 0x00000000e4800000, 0x00000000e4800000|100%| O|  |TAMS 0x00000000e4800000| PB 0x00000000e4700000| Untracked 
| 584|0x00000000e4800000, 0x00000000e4900000, 0x00000000e4900000|100%| O|  |TAMS 0x00000000e4900000| PB 0x00000000e4800000| Untracked 
| 585|0x00000000e4900000, 0x00000000e4a00000, 0x00000000e4a00000|100%| O|  |TAMS 0x00000000e4a00000| PB 0x00000000e4900000| Untracked 
| 586|0x00000000e4a00000, 0x00000000e4b00000, 0x00000000e4b00000|100%| O|  |TAMS 0x00000000e4b00000| PB 0x00000000e4a00000| Untracked 
| 587|0x00000000e4b00000, 0x00000000e4c00000, 0x00000000e4c00000|100%| O|  |TAMS 0x00000000e4c00000| PB 0x00000000e4b00000| Untracked 
| 588|0x00000000e4c00000, 0x00000000e4d00000, 0x00000000e4d00000|100%| O|  |TAMS 0x00000000e4d00000| PB 0x00000000e4c00000| Untracked 
| 589|0x00000000e4d00000, 0x00000000e4e00000, 0x00000000e4e00000|100%| O|  |TAMS 0x00000000e4e00000| PB 0x00000000e4d00000| Untracked 
| 590|0x00000000e4e00000, 0x00000000e4f00000, 0x00000000e4f00000|100%| O|  |TAMS 0x00000000e4f00000| PB 0x00000000e4e00000| Untracked 
| 591|0x00000000e4f00000, 0x00000000e5000000, 0x00000000e5000000|100%| O|  |TAMS 0x00000000e5000000| PB 0x00000000e4f00000| Untracked 
| 592|0x00000000e5000000, 0x00000000e5100000, 0x00000000e5100000|100%| O|  |TAMS 0x00000000e5100000| PB 0x00000000e5000000| Untracked 
| 593|0x00000000e5100000, 0x00000000e5200000, 0x00000000e5200000|100%| O|  |TAMS 0x00000000e5200000| PB 0x00000000e5100000| Untracked 
| 594|0x00000000e5200000, 0x00000000e5300000, 0x00000000e5300000|100%| O|  |TAMS 0x00000000e5300000| PB 0x00000000e5200000| Untracked 
| 595|0x00000000e5300000, 0x00000000e5400000, 0x00000000e5400000|100%| O|  |TAMS 0x00000000e5400000| PB 0x00000000e5300000| Untracked 
| 596|0x00000000e5400000, 0x00000000e5500000, 0x00000000e5500000|100%| O|  |TAMS 0x00000000e5500000| PB 0x00000000e5400000| Untracked 
| 597|0x00000000e5500000, 0x00000000e5600000, 0x00000000e5600000|100%| O|  |TAMS 0x00000000e5600000| PB 0x00000000e5500000| Untracked 
| 598|0x00000000e5600000, 0x00000000e5700000, 0x00000000e5700000|100%| O|  |TAMS 0x00000000e5700000| PB 0x00000000e5600000| Untracked 
| 599|0x00000000e5700000, 0x00000000e5800000, 0x00000000e5800000|100%| O|  |TAMS 0x00000000e5800000| PB 0x00000000e5700000| Untracked 
| 600|0x00000000e5800000, 0x00000000e5900000, 0x00000000e5900000|100%| O|  |TAMS 0x00000000e5900000| PB 0x00000000e5800000| Untracked 
| 601|0x00000000e5900000, 0x00000000e5a00000, 0x00000000e5a00000|100%| O|  |TAMS 0x00000000e5a00000| PB 0x00000000e5900000| Untracked 
| 602|0x00000000e5a00000, 0x00000000e5b00000, 0x00000000e5b00000|100%| O|  |TAMS 0x00000000e5b00000| PB 0x00000000e5a00000| Untracked 
| 603|0x00000000e5b00000, 0x00000000e5c00000, 0x00000000e5c00000|100%| O|  |TAMS 0x00000000e5c00000| PB 0x00000000e5b00000| Untracked 
| 604|0x00000000e5c00000, 0x00000000e5d00000, 0x00000000e5d00000|100%| O|  |TAMS 0x00000000e5d00000| PB 0x00000000e5c00000| Untracked 
| 605|0x00000000e5d00000, 0x00000000e5e00000, 0x00000000e5e00000|100%|HS|  |TAMS 0x00000000e5e00000| PB 0x00000000e5d00000| Untracked 
| 606|0x00000000e5e00000, 0x00000000e5f00000, 0x00000000e5f00000|100%|HS|  |TAMS 0x00000000e5f00000| PB 0x00000000e5e00000| Untracked 
| 607|0x00000000e5f00000, 0x00000000e6000000, 0x00000000e6000000|100%|HC|  |TAMS 0x00000000e6000000| PB 0x00000000e5f00000| Untracked 
| 608|0x00000000e6000000, 0x00000000e6100000, 0x00000000e6100000|100%|HC|  |TAMS 0x00000000e6100000| PB 0x00000000e6000000| Untracked 
| 609|0x00000000e6100000, 0x00000000e6200000, 0x00000000e6200000|100%|HS|  |TAMS 0x00000000e6200000| PB 0x00000000e6100000| Untracked 
| 610|0x00000000e6200000, 0x00000000e6300000, 0x00000000e6300000|100%|HC|  |TAMS 0x00000000e6300000| PB 0x00000000e6200000| Untracked 
| 611|0x00000000e6300000, 0x00000000e6400000, 0x00000000e6400000|100%|HC|  |TAMS 0x00000000e6400000| PB 0x00000000e6300000| Untracked 
| 612|0x00000000e6400000, 0x00000000e6500000, 0x00000000e6500000|100%| O|  |TAMS 0x00000000e6500000| PB 0x00000000e6400000| Untracked 
| 613|0x00000000e6500000, 0x00000000e6600000, 0x00000000e6600000|100%| O|  |TAMS 0x00000000e6600000| PB 0x00000000e6500000| Untracked 
| 614|0x00000000e6600000, 0x00000000e6700000, 0x00000000e6700000|100%| O|  |TAMS 0x00000000e6700000| PB 0x00000000e6600000| Untracked 
| 615|0x00000000e6700000, 0x00000000e6800000, 0x00000000e6800000|100%| O|  |TAMS 0x00000000e6800000| PB 0x00000000e6700000| Untracked 
| 616|0x00000000e6800000, 0x00000000e6900000, 0x00000000e6900000|100%| O|  |TAMS 0x00000000e6900000| PB 0x00000000e6800000| Untracked 
| 617|0x00000000e6900000, 0x00000000e6a00000, 0x00000000e6a00000|100%| O|  |TAMS 0x00000000e6a00000| PB 0x00000000e6900000| Untracked 
| 618|0x00000000e6a00000, 0x00000000e6b00000, 0x00000000e6b00000|100%| O|  |TAMS 0x00000000e6b00000| PB 0x00000000e6a00000| Untracked 
| 619|0x00000000e6b00000, 0x00000000e6c00000, 0x00000000e6c00000|100%| O|  |TAMS 0x00000000e6c00000| PB 0x00000000e6b00000| Untracked 
| 620|0x00000000e6c00000, 0x00000000e6d00000, 0x00000000e6d00000|100%| O|  |TAMS 0x00000000e6d00000| PB 0x00000000e6c00000| Untracked 
| 621|0x00000000e6d00000, 0x00000000e6e00000, 0x00000000e6e00000|100%| O|  |TAMS 0x00000000e6e00000| PB 0x00000000e6d00000| Untracked 
| 622|0x00000000e6e00000, 0x00000000e6f00000, 0x00000000e6f00000|100%| O|  |TAMS 0x00000000e6f00000| PB 0x00000000e6e00000| Untracked 
| 623|0x00000000e6f00000, 0x00000000e7000000, 0x00000000e7000000|100%| O|  |TAMS 0x00000000e7000000| PB 0x00000000e6f00000| Untracked 
| 624|0x00000000e7000000, 0x00000000e7100000, 0x00000000e7100000|100%| O|  |TAMS 0x00000000e7100000| PB 0x00000000e7000000| Untracked 
| 625|0x00000000e7100000, 0x00000000e7200000, 0x00000000e7200000|100%| O|  |TAMS 0x00000000e7200000| PB 0x00000000e7100000| Untracked 
| 626|0x00000000e7200000, 0x00000000e7300000, 0x00000000e7300000|100%| O|  |TAMS 0x00000000e7300000| PB 0x00000000e7200000| Untracked 
| 627|0x00000000e7300000, 0x00000000e7400000, 0x00000000e7400000|100%| O|  |TAMS 0x00000000e7400000| PB 0x00000000e7300000| Untracked 
| 628|0x00000000e7400000, 0x00000000e7500000, 0x00000000e7500000|100%| O|  |TAMS 0x00000000e7500000| PB 0x00000000e7400000| Untracked 
| 629|0x00000000e7500000, 0x00000000e7600000, 0x00000000e7600000|100%| O|  |TAMS 0x00000000e7600000| PB 0x00000000e7500000| Untracked 
| 630|0x00000000e7600000, 0x00000000e7700000, 0x00000000e7700000|100%| O|  |TAMS 0x00000000e7700000| PB 0x00000000e7600000| Untracked 
| 631|0x00000000e7700000, 0x00000000e7800000, 0x00000000e7800000|100%| O|  |TAMS 0x00000000e7800000| PB 0x00000000e7700000| Untracked 
| 632|0x00000000e7800000, 0x00000000e7900000, 0x00000000e7900000|100%| O|  |TAMS 0x00000000e7900000| PB 0x00000000e7800000| Untracked 
| 633|0x00000000e7900000, 0x00000000e7a00000, 0x00000000e7a00000|100%| O|  |TAMS 0x00000000e7a00000| PB 0x00000000e7900000| Untracked 
| 634|0x00000000e7a00000, 0x00000000e7b00000, 0x00000000e7b00000|100%| O|  |TAMS 0x00000000e7b00000| PB 0x00000000e7a00000| Untracked 
| 635|0x00000000e7b00000, 0x00000000e7c00000, 0x00000000e7c00000|100%| O|  |TAMS 0x00000000e7c00000| PB 0x00000000e7b00000| Untracked 
| 636|0x00000000e7c00000, 0x00000000e7d00000, 0x00000000e7d00000|100%| O|  |TAMS 0x00000000e7d00000| PB 0x00000000e7c00000| Untracked 
| 637|0x00000000e7d00000, 0x00000000e7e00000, 0x00000000e7e00000|100%| O|  |TAMS 0x00000000e7e00000| PB 0x00000000e7d00000| Untracked 
| 638|0x00000000e7e00000, 0x00000000e7f00000, 0x00000000e7f00000|100%| O|  |TAMS 0x00000000e7f00000| PB 0x00000000e7e00000| Untracked 
| 639|0x00000000e7f00000, 0x00000000e8000000, 0x00000000e8000000|100%| O|  |TAMS 0x00000000e8000000| PB 0x00000000e7f00000| Untracked 
| 640|0x00000000e8000000, 0x00000000e8100000, 0x00000000e8100000|100%| O|  |TAMS 0x00000000e8100000| PB 0x00000000e8000000| Untracked 
| 641|0x00000000e8100000, 0x00000000e8200000, 0x00000000e8200000|100%| O|  |TAMS 0x00000000e8200000| PB 0x00000000e8100000| Untracked 
| 642|0x00000000e8200000, 0x00000000e8300000, 0x00000000e8300000|100%| O|  |TAMS 0x00000000e8300000| PB 0x00000000e8200000| Untracked 
| 643|0x00000000e8300000, 0x00000000e8400000, 0x00000000e8400000|100%| O|  |TAMS 0x00000000e8400000| PB 0x00000000e8300000| Untracked 
| 644|0x00000000e8400000, 0x00000000e8500000, 0x00000000e8500000|100%| O|  |TAMS 0x00000000e8500000| PB 0x00000000e8400000| Untracked 
| 645|0x00000000e8500000, 0x00000000e8600000, 0x00000000e8600000|100%| O|  |TAMS 0x00000000e8600000| PB 0x00000000e8500000| Untracked 
| 646|0x00000000e8600000, 0x00000000e8700000, 0x00000000e8700000|100%| O|  |TAMS 0x00000000e8700000| PB 0x00000000e8600000| Untracked 
| 647|0x00000000e8700000, 0x00000000e8800000, 0x00000000e8800000|100%| O|  |TAMS 0x00000000e8800000| PB 0x00000000e8700000| Untracked 
| 648|0x00000000e8800000, 0x00000000e8900000, 0x00000000e8900000|100%| O|  |TAMS 0x00000000e8900000| PB 0x00000000e8800000| Untracked 
| 649|0x00000000e8900000, 0x00000000e8a00000, 0x00000000e8a00000|100%| O|  |TAMS 0x00000000e8a00000| PB 0x00000000e8900000| Untracked 
| 650|0x00000000e8a00000, 0x00000000e8b00000, 0x00000000e8b00000|100%| O|  |TAMS 0x00000000e8b00000| PB 0x00000000e8a00000| Untracked 
| 651|0x00000000e8b00000, 0x00000000e8c00000, 0x00000000e8c00000|100%| O|  |TAMS 0x00000000e8c00000| PB 0x00000000e8b00000| Untracked 
| 652|0x00000000e8c00000, 0x00000000e8d00000, 0x00000000e8d00000|100%| O|  |TAMS 0x00000000e8d00000| PB 0x00000000e8c00000| Untracked 
| 653|0x00000000e8d00000, 0x00000000e8e00000, 0x00000000e8e00000|100%| O|  |TAMS 0x00000000e8e00000| PB 0x00000000e8d00000| Untracked 
| 654|0x00000000e8e00000, 0x00000000e8f00000, 0x00000000e8f00000|100%| O|  |TAMS 0x00000000e8f00000| PB 0x00000000e8e00000| Untracked 
| 655|0x00000000e8f00000, 0x00000000e9000000, 0x00000000e9000000|100%| O|  |TAMS 0x00000000e9000000| PB 0x00000000e8f00000| Untracked 
| 656|0x00000000e9000000, 0x00000000e9100000, 0x00000000e9100000|100%| O|  |TAMS 0x00000000e9100000| PB 0x00000000e9000000| Untracked 
| 657|0x00000000e9100000, 0x00000000e9200000, 0x00000000e9200000|100%| O|  |TAMS 0x00000000e9200000| PB 0x00000000e9100000| Untracked 
| 658|0x00000000e9200000, 0x00000000e9300000, 0x00000000e9300000|100%| O|  |TAMS 0x00000000e9300000| PB 0x00000000e9200000| Untracked 
| 659|0x00000000e9300000, 0x00000000e9400000, 0x00000000e9400000|100%| O|  |TAMS 0x00000000e9400000| PB 0x00000000e9300000| Untracked 
| 660|0x00000000e9400000, 0x00000000e9500000, 0x00000000e9500000|100%| O|  |TAMS 0x00000000e9500000| PB 0x00000000e9400000| Untracked 
| 661|0x00000000e9500000, 0x00000000e9600000, 0x00000000e9600000|100%| O|  |TAMS 0x00000000e9600000| PB 0x00000000e9500000| Untracked 
| 662|0x00000000e9600000, 0x00000000e9700000, 0x00000000e9700000|100%| O|  |TAMS 0x00000000e9700000| PB 0x00000000e9600000| Untracked 
| 663|0x00000000e9700000, 0x00000000e9800000, 0x00000000e9800000|100%| O|  |TAMS 0x00000000e9800000| PB 0x00000000e9700000| Untracked 
| 664|0x00000000e9800000, 0x00000000e9900000, 0x00000000e9900000|100%| O|  |TAMS 0x00000000e9900000| PB 0x00000000e9800000| Untracked 
| 665|0x00000000e9900000, 0x00000000e9a00000, 0x00000000e9a00000|100%| O|  |TAMS 0x00000000e9a00000| PB 0x00000000e9900000| Untracked 
| 666|0x00000000e9a00000, 0x00000000e9b00000, 0x00000000e9b00000|100%| O|  |TAMS 0x00000000e9b00000| PB 0x00000000e9a00000| Untracked 
| 667|0x00000000e9b00000, 0x00000000e9c00000, 0x00000000e9c00000|100%| O|  |TAMS 0x00000000e9c00000| PB 0x00000000e9b00000| Untracked 
| 668|0x00000000e9c00000, 0x00000000e9d00000, 0x00000000e9d00000|100%| O|  |TAMS 0x00000000e9d00000| PB 0x00000000e9c00000| Untracked 
| 669|0x00000000e9d00000, 0x00000000e9e00000, 0x00000000e9e00000|100%| O|  |TAMS 0x00000000e9e00000| PB 0x00000000e9d00000| Untracked 
| 670|0x00000000e9e00000, 0x00000000e9f00000, 0x00000000e9f00000|100%| O|  |TAMS 0x00000000e9f00000| PB 0x00000000e9e00000| Untracked 
| 671|0x00000000e9f00000, 0x00000000ea000000, 0x00000000ea000000|100%| O|  |TAMS 0x00000000ea000000| PB 0x00000000e9f00000| Untracked 
| 672|0x00000000ea000000, 0x00000000ea100000, 0x00000000ea100000|100%| O|  |TAMS 0x00000000ea100000| PB 0x00000000ea000000| Untracked 
| 673|0x00000000ea100000, 0x00000000ea200000, 0x00000000ea200000|100%| O|  |TAMS 0x00000000ea200000| PB 0x00000000ea100000| Untracked 
| 674|0x00000000ea200000, 0x00000000ea300000, 0x00000000ea300000|100%| O|  |TAMS 0x00000000ea300000| PB 0x00000000ea200000| Untracked 
| 675|0x00000000ea300000, 0x00000000ea400000, 0x00000000ea400000|100%| O|  |TAMS 0x00000000ea400000| PB 0x00000000ea300000| Untracked 
| 676|0x00000000ea400000, 0x00000000ea500000, 0x00000000ea500000|100%| O|  |TAMS 0x00000000ea500000| PB 0x00000000ea400000| Untracked 
| 677|0x00000000ea500000, 0x00000000ea600000, 0x00000000ea600000|100%| O|  |TAMS 0x00000000ea600000| PB 0x00000000ea500000| Untracked 
| 678|0x00000000ea600000, 0x00000000ea700000, 0x00000000ea700000|100%| O|  |TAMS 0x00000000ea700000| PB 0x00000000ea600000| Untracked 
| 679|0x00000000ea700000, 0x00000000ea800000, 0x00000000ea800000|100%| O|  |TAMS 0x00000000ea800000| PB 0x00000000ea700000| Untracked 
| 680|0x00000000ea800000, 0x00000000ea900000, 0x00000000ea900000|100%| O|  |TAMS 0x00000000ea900000| PB 0x00000000ea800000| Untracked 
| 681|0x00000000ea900000, 0x00000000eaa00000, 0x00000000eaa00000|100%| O|  |TAMS 0x00000000eaa00000| PB 0x00000000ea900000| Untracked 
| 682|0x00000000eaa00000, 0x00000000eab00000, 0x00000000eab00000|100%| O|  |TAMS 0x00000000eab00000| PB 0x00000000eaa00000| Untracked 
| 683|0x00000000eab00000, 0x00000000eac00000, 0x00000000eac00000|100%| O|  |TAMS 0x00000000eac00000| PB 0x00000000eab00000| Untracked 
| 684|0x00000000eac00000, 0x00000000ead00000, 0x00000000ead00000|100%| O|  |TAMS 0x00000000ead00000| PB 0x00000000eac00000| Untracked 
| 685|0x00000000ead00000, 0x00000000eae00000, 0x00000000eae00000|100%| O|  |TAMS 0x00000000eae00000| PB 0x00000000ead00000| Untracked 
| 686|0x00000000eae00000, 0x00000000eaf00000, 0x00000000eaf00000|100%| O|  |TAMS 0x00000000eaf00000| PB 0x00000000eae00000| Untracked 
| 687|0x00000000eaf00000, 0x00000000eb000000, 0x00000000eb000000|100%| O|  |TAMS 0x00000000eb000000| PB 0x00000000eaf00000| Untracked 
| 688|0x00000000eb000000, 0x00000000eb100000, 0x00000000eb100000|100%| O|  |TAMS 0x00000000eb100000| PB 0x00000000eb000000| Untracked 
| 689|0x00000000eb100000, 0x00000000eb200000, 0x00000000eb200000|100%| O|  |TAMS 0x00000000eb200000| PB 0x00000000eb100000| Untracked 
| 690|0x00000000eb200000, 0x00000000eb300000, 0x00000000eb300000|100%| O|  |TAMS 0x00000000eb300000| PB 0x00000000eb200000| Untracked 
| 691|0x00000000eb300000, 0x00000000eb400000, 0x00000000eb400000|100%| O|  |TAMS 0x00000000eb400000| PB 0x00000000eb300000| Untracked 
| 692|0x00000000eb400000, 0x00000000eb500000, 0x00000000eb500000|100%| O|  |TAMS 0x00000000eb500000| PB 0x00000000eb400000| Untracked 
| 693|0x00000000eb500000, 0x00000000eb600000, 0x00000000eb600000|100%| O|  |TAMS 0x00000000eb600000| PB 0x00000000eb500000| Untracked 
| 694|0x00000000eb600000, 0x00000000eb700000, 0x00000000eb700000|100%| O|  |TAMS 0x00000000eb600000| PB 0x00000000eb600000| Untracked 
| 695|0x00000000eb700000, 0x00000000eb800000, 0x00000000eb800000|100%| O|  |TAMS 0x00000000eb700000| PB 0x00000000eb700000| Untracked 
| 696|0x00000000eb800000, 0x00000000eb900000, 0x00000000eb900000|100%| O|  |TAMS 0x00000000eb800000| PB 0x00000000eb800000| Untracked 
| 697|0x00000000eb900000, 0x00000000eba00000, 0x00000000eba00000|100%| O|  |TAMS 0x00000000eb900000| PB 0x00000000eb900000| Untracked 
| 698|0x00000000eba00000, 0x00000000ebb00000, 0x00000000ebb00000|100%| O|  |TAMS 0x00000000ebb00000| PB 0x00000000eba00000| Untracked 
| 699|0x00000000ebb00000, 0x00000000ebc00000, 0x00000000ebc00000|100%| O|  |TAMS 0x00000000ebb00000| PB 0x00000000ebb00000| Untracked 
| 700|0x00000000ebc00000, 0x00000000ebd00000, 0x00000000ebd00000|100%| O|  |TAMS 0x00000000ebc00000| PB 0x00000000ebc00000| Untracked 
| 701|0x00000000ebd00000, 0x00000000ebe00000, 0x00000000ebe00000|100%| O|  |TAMS 0x00000000ebe00000| PB 0x00000000ebd00000| Untracked 
| 702|0x00000000ebe00000, 0x00000000ebf00000, 0x00000000ebf00000|100%| O|  |TAMS 0x00000000ebe00000| PB 0x00000000ebe00000| Untracked 
| 703|0x00000000ebf00000, 0x00000000ec000000, 0x00000000ec000000|100%| O|  |TAMS 0x00000000ebf00000| PB 0x00000000ebf00000| Untracked 
| 704|0x00000000ec000000, 0x00000000ec100000, 0x00000000ec100000|100%| O|  |TAMS 0x00000000ec000000| PB 0x00000000ec000000| Untracked 
| 705|0x00000000ec100000, 0x00000000ec200000, 0x00000000ec200000|100%| O|  |TAMS 0x00000000ec200000| PB 0x00000000ec100000| Untracked 
| 706|0x00000000ec200000, 0x00000000ec300000, 0x00000000ec300000|100%| O|  |TAMS 0x00000000ec300000| PB 0x00000000ec200000| Untracked 
| 707|0x00000000ec300000, 0x00000000ec400000, 0x00000000ec400000|100%| O|  |TAMS 0x00000000ec400000| PB 0x00000000ec300000| Untracked 
| 708|0x00000000ec400000, 0x00000000ec500000, 0x00000000ec500000|100%| O|  |TAMS 0x00000000ec500000| PB 0x00000000ec400000| Untracked 
| 709|0x00000000ec500000, 0x00000000ec600000, 0x00000000ec600000|100%| O|  |TAMS 0x00000000ec600000| PB 0x00000000ec500000| Untracked 
| 710|0x00000000ec600000, 0x00000000ec700000, 0x00000000ec700000|100%| O|  |TAMS 0x00000000ec700000| PB 0x00000000ec600000| Untracked 
| 711|0x00000000ec700000, 0x00000000ec800000, 0x00000000ec800000|100%| O|  |TAMS 0x00000000ec800000| PB 0x00000000ec700000| Untracked 
| 712|0x00000000ec800000, 0x00000000ec900000, 0x00000000ec900000|100%| O|  |TAMS 0x00000000ec900000| PB 0x00000000ec800000| Untracked 
| 713|0x00000000ec900000, 0x00000000eca00000, 0x00000000eca00000|100%| O|  |TAMS 0x00000000eca00000| PB 0x00000000ec900000| Untracked 
| 714|0x00000000eca00000, 0x00000000ecb00000, 0x00000000ecb00000|100%| O|  |TAMS 0x00000000ecb00000| PB 0x00000000eca00000| Untracked 
| 715|0x00000000ecb00000, 0x00000000ecc00000, 0x00000000ecc00000|100%| O|  |TAMS 0x00000000ecc00000| PB 0x00000000ecb00000| Untracked 
| 716|0x00000000ecc00000, 0x00000000ecd00000, 0x00000000ecd00000|100%| O|  |TAMS 0x00000000ecd00000| PB 0x00000000ecc00000| Untracked 
| 717|0x00000000ecd00000, 0x00000000ece00000, 0x00000000ece00000|100%| O|  |TAMS 0x00000000ece00000| PB 0x00000000ecd00000| Untracked 
| 718|0x00000000ece00000, 0x00000000ecf00000, 0x00000000ecf00000|100%| O|  |TAMS 0x00000000ecf00000| PB 0x00000000ece00000| Untracked 
| 719|0x00000000ecf00000, 0x00000000ed000000, 0x00000000ed000000|100%| O|  |TAMS 0x00000000ed000000| PB 0x00000000ecf00000| Untracked 
| 720|0x00000000ed000000, 0x00000000ed100000, 0x00000000ed100000|100%| O|  |TAMS 0x00000000ed100000| PB 0x00000000ed000000| Untracked 
| 721|0x00000000ed100000, 0x00000000ed200000, 0x00000000ed200000|100%| O|  |TAMS 0x00000000ed200000| PB 0x00000000ed100000| Untracked 
| 722|0x00000000ed200000, 0x00000000ed300000, 0x00000000ed300000|100%| O|  |TAMS 0x00000000ed300000| PB 0x00000000ed200000| Untracked 
| 723|0x00000000ed300000, 0x00000000ed400000, 0x00000000ed400000|100%| O|  |TAMS 0x00000000ed400000| PB 0x00000000ed300000| Untracked 
| 724|0x00000000ed400000, 0x00000000ed500000, 0x00000000ed500000|100%| O|  |TAMS 0x00000000ed500000| PB 0x00000000ed400000| Untracked 
| 725|0x00000000ed500000, 0x00000000ed600000, 0x00000000ed600000|100%| O|  |TAMS 0x00000000ed600000| PB 0x00000000ed500000| Untracked 
| 726|0x00000000ed600000, 0x00000000ed700000, 0x00000000ed700000|100%| O|  |TAMS 0x00000000ed700000| PB 0x00000000ed600000| Untracked 
| 727|0x00000000ed700000, 0x00000000ed800000, 0x00000000ed800000|100%| O|  |TAMS 0x00000000ed800000| PB 0x00000000ed700000| Untracked 
| 728|0x00000000ed800000, 0x00000000ed900000, 0x00000000ed900000|100%| O|  |TAMS 0x00000000ed900000| PB 0x00000000ed800000| Untracked 
| 729|0x00000000ed900000, 0x00000000eda00000, 0x00000000eda00000|100%| O|  |TAMS 0x00000000eda00000| PB 0x00000000ed900000| Untracked 
| 730|0x00000000eda00000, 0x00000000edb00000, 0x00000000edb00000|100%| O|  |TAMS 0x00000000edb00000| PB 0x00000000eda00000| Untracked 
| 731|0x00000000edb00000, 0x00000000edc00000, 0x00000000edc00000|100%| O|  |TAMS 0x00000000edc00000| PB 0x00000000edb00000| Untracked 
| 732|0x00000000edc00000, 0x00000000edd00000, 0x00000000edd00000|100%| O|  |TAMS 0x00000000edd00000| PB 0x00000000edc00000| Untracked 
| 733|0x00000000edd00000, 0x00000000ede00000, 0x00000000ede00000|100%| O|  |TAMS 0x00000000ede00000| PB 0x00000000edd00000| Untracked 
| 734|0x00000000ede00000, 0x00000000edf00000, 0x00000000edf00000|100%| O|  |TAMS 0x00000000edf00000| PB 0x00000000ede00000| Untracked 
| 735|0x00000000edf00000, 0x00000000ee000000, 0x00000000ee000000|100%| O|  |TAMS 0x00000000ee000000| PB 0x00000000edf00000| Untracked 
| 736|0x00000000ee000000, 0x00000000ee100000, 0x00000000ee100000|100%| O|  |TAMS 0x00000000ee100000| PB 0x00000000ee000000| Untracked 
| 737|0x00000000ee100000, 0x00000000ee200000, 0x00000000ee200000|100%| O|  |TAMS 0x00000000ee200000| PB 0x00000000ee100000| Untracked 
| 738|0x00000000ee200000, 0x00000000ee300000, 0x00000000ee300000|100%| O|  |TAMS 0x00000000ee300000| PB 0x00000000ee200000| Untracked 
| 739|0x00000000ee300000, 0x00000000ee400000, 0x00000000ee400000|100%| O|  |TAMS 0x00000000ee400000| PB 0x00000000ee300000| Untracked 
| 740|0x00000000ee400000, 0x00000000ee500000, 0x00000000ee500000|100%| O|  |TAMS 0x00000000ee500000| PB 0x00000000ee400000| Untracked 
| 741|0x00000000ee500000, 0x00000000ee600000, 0x00000000ee600000|100%| O|  |TAMS 0x00000000ee600000| PB 0x00000000ee500000| Untracked 
| 742|0x00000000ee600000, 0x00000000ee700000, 0x00000000ee700000|100%| O|  |TAMS 0x00000000ee700000| PB 0x00000000ee600000| Untracked 
| 743|0x00000000ee700000, 0x00000000ee800000, 0x00000000ee800000|100%| O|  |TAMS 0x00000000ee800000| PB 0x00000000ee700000| Untracked 
| 744|0x00000000ee800000, 0x00000000ee900000, 0x00000000ee900000|100%| O|  |TAMS 0x00000000ee900000| PB 0x00000000ee800000| Untracked 
| 745|0x00000000ee900000, 0x00000000eea00000, 0x00000000eea00000|100%| O|  |TAMS 0x00000000eea00000| PB 0x00000000ee900000| Untracked 
| 746|0x00000000eea00000, 0x00000000eeb00000, 0x00000000eeb00000|100%| O|  |TAMS 0x00000000eeb00000| PB 0x00000000eea00000| Untracked 
| 747|0x00000000eeb00000, 0x00000000eec00000, 0x00000000eec00000|100%| O|  |TAMS 0x00000000eec00000| PB 0x00000000eeb00000| Untracked 
| 748|0x00000000eec00000, 0x00000000eed00000, 0x00000000eed00000|100%| O|  |TAMS 0x00000000eed00000| PB 0x00000000eec00000| Untracked 
| 749|0x00000000eed00000, 0x00000000eee00000, 0x00000000eee00000|100%| O|  |TAMS 0x00000000eee00000| PB 0x00000000eed00000| Untracked 
| 750|0x00000000eee00000, 0x00000000eef00000, 0x00000000eef00000|100%| O|  |TAMS 0x00000000eef00000| PB 0x00000000eee00000| Untracked 
| 751|0x00000000eef00000, 0x00000000ef000000, 0x00000000ef000000|100%| O|  |TAMS 0x00000000ef000000| PB 0x00000000eef00000| Untracked 
| 752|0x00000000ef000000, 0x00000000ef100000, 0x00000000ef100000|100%| O|  |TAMS 0x00000000ef100000| PB 0x00000000ef000000| Untracked 
| 753|0x00000000ef100000, 0x00000000ef200000, 0x00000000ef200000|100%| O|  |TAMS 0x00000000ef200000| PB 0x00000000ef100000| Untracked 
| 754|0x00000000ef200000, 0x00000000ef300000, 0x00000000ef300000|100%| O|  |TAMS 0x00000000ef300000| PB 0x00000000ef200000| Untracked 
| 755|0x00000000ef300000, 0x00000000ef400000, 0x00000000ef400000|100%| O|  |TAMS 0x00000000ef400000| PB 0x00000000ef300000| Untracked 
| 756|0x00000000ef400000, 0x00000000ef500000, 0x00000000ef500000|100%| O|  |TAMS 0x00000000ef500000| PB 0x00000000ef400000| Untracked 
| 757|0x00000000ef500000, 0x00000000ef600000, 0x00000000ef600000|100%| O|  |TAMS 0x00000000ef600000| PB 0x00000000ef500000| Untracked 
| 758|0x00000000ef600000, 0x00000000ef700000, 0x00000000ef700000|100%| O|  |TAMS 0x00000000ef700000| PB 0x00000000ef600000| Untracked 
| 759|0x00000000ef700000, 0x00000000ef800000, 0x00000000ef800000|100%| O|  |TAMS 0x00000000ef800000| PB 0x00000000ef700000| Untracked 
| 760|0x00000000ef800000, 0x00000000ef900000, 0x00000000ef900000|100%| O|  |TAMS 0x00000000ef900000| PB 0x00000000ef800000| Untracked 
| 761|0x00000000ef900000, 0x00000000efa00000, 0x00000000efa00000|100%| O|  |TAMS 0x00000000efa00000| PB 0x00000000ef900000| Untracked 
| 762|0x00000000efa00000, 0x00000000efb00000, 0x00000000efb00000|100%| O|  |TAMS 0x00000000efb00000| PB 0x00000000efa00000| Untracked 
| 763|0x00000000efb00000, 0x00000000efc00000, 0x00000000efc00000|100%| O|  |TAMS 0x00000000efc00000| PB 0x00000000efb00000| Untracked 
| 764|0x00000000efc00000, 0x00000000efd00000, 0x00000000efd00000|100%| O|  |TAMS 0x00000000efd00000| PB 0x00000000efc00000| Untracked 
| 765|0x00000000efd00000, 0x00000000efe00000, 0x00000000efe00000|100%| O|  |TAMS 0x00000000efe00000| PB 0x00000000efd00000| Untracked 
| 766|0x00000000efe00000, 0x00000000eff00000, 0x00000000eff00000|100%| O|  |TAMS 0x00000000eff00000| PB 0x00000000efe00000| Untracked 
| 767|0x00000000eff00000, 0x00000000f0000000, 0x00000000f0000000|100%| O|  |TAMS 0x00000000f0000000| PB 0x00000000eff00000| Untracked 
| 768|0x00000000f0000000, 0x00000000f0100000, 0x00000000f0100000|100%| O|  |TAMS 0x00000000f0100000| PB 0x00000000f0000000| Untracked 
| 769|0x00000000f0100000, 0x00000000f0200000, 0x00000000f0200000|100%| O|  |TAMS 0x00000000f0200000| PB 0x00000000f0100000| Untracked 
| 770|0x00000000f0200000, 0x00000000f0300000, 0x00000000f0300000|100%| O|  |TAMS 0x00000000f0300000| PB 0x00000000f0200000| Untracked 
| 771|0x00000000f0300000, 0x00000000f0400000, 0x00000000f0400000|100%| O|  |TAMS 0x00000000f0400000| PB 0x00000000f0300000| Untracked 
| 772|0x00000000f0400000, 0x00000000f0500000, 0x00000000f0500000|100%| O|  |TAMS 0x00000000f0500000| PB 0x00000000f0400000| Untracked 
| 773|0x00000000f0500000, 0x00000000f0600000, 0x00000000f0600000|100%| O|  |TAMS 0x00000000f0600000| PB 0x00000000f0500000| Untracked 
| 774|0x00000000f0600000, 0x00000000f0700000, 0x00000000f0700000|100%| O|  |TAMS 0x00000000f0700000| PB 0x00000000f0600000| Untracked 
| 775|0x00000000f0700000, 0x00000000f0800000, 0x00000000f0800000|100%| O|  |TAMS 0x00000000f0800000| PB 0x00000000f0700000| Untracked 
| 776|0x00000000f0800000, 0x00000000f0900000, 0x00000000f0900000|100%| O|  |TAMS 0x00000000f0900000| PB 0x00000000f0800000| Untracked 
| 777|0x00000000f0900000, 0x00000000f0a00000, 0x00000000f0a00000|100%| O|  |TAMS 0x00000000f0a00000| PB 0x00000000f0900000| Untracked 
| 778|0x00000000f0a00000, 0x00000000f0b00000, 0x00000000f0b00000|100%| O|  |TAMS 0x00000000f0b00000| PB 0x00000000f0a00000| Untracked 
| 779|0x00000000f0b00000, 0x00000000f0c00000, 0x00000000f0c00000|100%| O|  |TAMS 0x00000000f0c00000| PB 0x00000000f0b00000| Untracked 
| 780|0x00000000f0c00000, 0x00000000f0d00000, 0x00000000f0d00000|100%| O|  |TAMS 0x00000000f0d00000| PB 0x00000000f0c00000| Untracked 
| 781|0x00000000f0d00000, 0x00000000f0e00000, 0x00000000f0e00000|100%| O|  |TAMS 0x00000000f0e00000| PB 0x00000000f0d00000| Untracked 
| 782|0x00000000f0e00000, 0x00000000f0f00000, 0x00000000f0f00000|100%| O|  |TAMS 0x00000000f0f00000| PB 0x00000000f0e00000| Untracked 
| 783|0x00000000f0f00000, 0x00000000f1000000, 0x00000000f1000000|100%| O|  |TAMS 0x00000000f1000000| PB 0x00000000f0f00000| Untracked 
| 784|0x00000000f1000000, 0x00000000f1100000, 0x00000000f1100000|100%| O|  |TAMS 0x00000000f1100000| PB 0x00000000f1000000| Untracked 
| 785|0x00000000f1100000, 0x00000000f1200000, 0x00000000f1200000|100%| O|  |TAMS 0x00000000f1200000| PB 0x00000000f1100000| Untracked 
| 786|0x00000000f1200000, 0x00000000f1300000, 0x00000000f1300000|100%| O|  |TAMS 0x00000000f1300000| PB 0x00000000f1200000| Untracked 
| 787|0x00000000f1300000, 0x00000000f1400000, 0x00000000f1400000|100%| O|  |TAMS 0x00000000f1400000| PB 0x00000000f1300000| Untracked 
| 788|0x00000000f1400000, 0x00000000f1500000, 0x00000000f1500000|100%| O|  |TAMS 0x00000000f1500000| PB 0x00000000f1400000| Untracked 
| 789|0x00000000f1500000, 0x00000000f1600000, 0x00000000f1600000|100%| O|  |TAMS 0x00000000f1600000| PB 0x00000000f1500000| Untracked 
| 790|0x00000000f1600000, 0x00000000f1700000, 0x00000000f1700000|100%| O|  |TAMS 0x00000000f1700000| PB 0x00000000f1600000| Untracked 
| 791|0x00000000f1700000, 0x00000000f1800000, 0x00000000f1800000|100%| O|  |TAMS 0x00000000f1800000| PB 0x00000000f1700000| Untracked 
| 792|0x00000000f1800000, 0x00000000f1900000, 0x00000000f1900000|100%| O|  |TAMS 0x00000000f1900000| PB 0x00000000f1800000| Untracked 
| 793|0x00000000f1900000, 0x00000000f1a00000, 0x00000000f1a00000|100%| O|  |TAMS 0x00000000f1a00000| PB 0x00000000f1900000| Untracked 
| 794|0x00000000f1a00000, 0x00000000f1b00000, 0x00000000f1b00000|100%| O|  |TAMS 0x00000000f1b00000| PB 0x00000000f1a00000| Untracked 
| 795|0x00000000f1b00000, 0x00000000f1c00000, 0x00000000f1c00000|100%| O|  |TAMS 0x00000000f1c00000| PB 0x00000000f1b00000| Untracked 
| 796|0x00000000f1c00000, 0x00000000f1d00000, 0x00000000f1d00000|100%| O|  |TAMS 0x00000000f1d00000| PB 0x00000000f1c00000| Untracked 
| 797|0x00000000f1d00000, 0x00000000f1e00000, 0x00000000f1e00000|100%| O|  |TAMS 0x00000000f1e00000| PB 0x00000000f1d00000| Untracked 
| 798|0x00000000f1e00000, 0x00000000f1f00000, 0x00000000f1f00000|100%| O|  |TAMS 0x00000000f1f00000| PB 0x00000000f1e00000| Untracked 
| 799|0x00000000f1f00000, 0x00000000f2000000, 0x00000000f2000000|100%| O|  |TAMS 0x00000000f2000000| PB 0x00000000f1f00000| Untracked 
| 800|0x00000000f2000000, 0x00000000f2100000, 0x00000000f2100000|100%| O|  |TAMS 0x00000000f2100000| PB 0x00000000f2000000| Untracked 
| 801|0x00000000f2100000, 0x00000000f2200000, 0x00000000f2200000|100%| O|  |TAMS 0x00000000f2200000| PB 0x00000000f2100000| Untracked 
| 802|0x00000000f2200000, 0x00000000f2300000, 0x00000000f2300000|100%| O|  |TAMS 0x00000000f2300000| PB 0x00000000f2200000| Untracked 
| 803|0x00000000f2300000, 0x00000000f2400000, 0x00000000f2400000|100%| O|  |TAMS 0x00000000f2400000| PB 0x00000000f2300000| Untracked 
| 804|0x00000000f2400000, 0x00000000f2500000, 0x00000000f2500000|100%| O|  |TAMS 0x00000000f2500000| PB 0x00000000f2400000| Untracked 
| 805|0x00000000f2500000, 0x00000000f2600000, 0x00000000f2600000|100%| O|  |TAMS 0x00000000f2600000| PB 0x00000000f2500000| Untracked 
| 806|0x00000000f2600000, 0x00000000f2700000, 0x00000000f2700000|100%| O|  |TAMS 0x00000000f2700000| PB 0x00000000f2600000| Untracked 
| 807|0x00000000f2700000, 0x00000000f2800000, 0x00000000f2800000|100%| O|  |TAMS 0x00000000f2800000| PB 0x00000000f2700000| Untracked 
| 808|0x00000000f2800000, 0x00000000f2900000, 0x00000000f2900000|100%| O|  |TAMS 0x00000000f2900000| PB 0x00000000f2800000| Untracked 
| 809|0x00000000f2900000, 0x00000000f2a00000, 0x00000000f2a00000|100%| O|  |TAMS 0x00000000f2a00000| PB 0x00000000f2900000| Untracked 
| 810|0x00000000f2a00000, 0x00000000f2b00000, 0x00000000f2b00000|100%| O|  |TAMS 0x00000000f2b00000| PB 0x00000000f2a00000| Untracked 
| 811|0x00000000f2b00000, 0x00000000f2c00000, 0x00000000f2c00000|100%| O|  |TAMS 0x00000000f2c00000| PB 0x00000000f2b00000| Untracked 
| 812|0x00000000f2c00000, 0x00000000f2d00000, 0x00000000f2d00000|100%| O|  |TAMS 0x00000000f2d00000| PB 0x00000000f2c00000| Untracked 
| 813|0x00000000f2d00000, 0x00000000f2e00000, 0x00000000f2e00000|100%| O|  |TAMS 0x00000000f2e00000| PB 0x00000000f2d00000| Untracked 
| 814|0x00000000f2e00000, 0x00000000f2f00000, 0x00000000f2f00000|100%| O|  |TAMS 0x00000000f2f00000| PB 0x00000000f2e00000| Untracked 
| 815|0x00000000f2f00000, 0x00000000f3000000, 0x00000000f3000000|100%| O|  |TAMS 0x00000000f3000000| PB 0x00000000f2f00000| Untracked 
| 816|0x00000000f3000000, 0x00000000f3100000, 0x00000000f3100000|100%| O|  |TAMS 0x00000000f3100000| PB 0x00000000f3000000| Untracked 
| 817|0x00000000f3100000, 0x00000000f3200000, 0x00000000f3200000|100%| O|  |TAMS 0x00000000f3200000| PB 0x00000000f3100000| Untracked 
| 818|0x00000000f3200000, 0x00000000f3300000, 0x00000000f3300000|100%| O|  |TAMS 0x00000000f3300000| PB 0x00000000f3200000| Untracked 
| 819|0x00000000f3300000, 0x00000000f3400000, 0x00000000f3400000|100%| O|  |TAMS 0x00000000f3400000| PB 0x00000000f3300000| Untracked 
| 820|0x00000000f3400000, 0x00000000f3500000, 0x00000000f3500000|100%| O|  |TAMS 0x00000000f3500000| PB 0x00000000f3400000| Untracked 
| 821|0x00000000f3500000, 0x00000000f3600000, 0x00000000f3600000|100%| O|  |TAMS 0x00000000f3600000| PB 0x00000000f3500000| Untracked 
| 822|0x00000000f3600000, 0x00000000f3700000, 0x00000000f3700000|100%| O|  |TAMS 0x00000000f3700000| PB 0x00000000f3600000| Untracked 
| 823|0x00000000f3700000, 0x00000000f3800000, 0x00000000f3800000|100%| O|  |TAMS 0x00000000f3800000| PB 0x00000000f3700000| Untracked 
| 824|0x00000000f3800000, 0x00000000f3900000, 0x00000000f3900000|100%| O|  |TAMS 0x00000000f3900000| PB 0x00000000f3800000| Untracked 
| 825|0x00000000f3900000, 0x00000000f3a00000, 0x00000000f3a00000|100%| O|  |TAMS 0x00000000f3a00000| PB 0x00000000f3900000| Untracked 
| 826|0x00000000f3a00000, 0x00000000f3b00000, 0x00000000f3b00000|100%| O|  |TAMS 0x00000000f3b00000| PB 0x00000000f3a00000| Untracked 
| 827|0x00000000f3b00000, 0x00000000f3c00000, 0x00000000f3c00000|100%| O|  |TAMS 0x00000000f3c00000| PB 0x00000000f3b00000| Untracked 
| 828|0x00000000f3c00000, 0x00000000f3d00000, 0x00000000f3d00000|100%| O|  |TAMS 0x00000000f3d00000| PB 0x00000000f3c00000| Untracked 
| 829|0x00000000f3d00000, 0x00000000f3e00000, 0x00000000f3e00000|100%| O|  |TAMS 0x00000000f3e00000| PB 0x00000000f3d00000| Untracked 
| 830|0x00000000f3e00000, 0x00000000f3f00000, 0x00000000f3f00000|100%| O|  |TAMS 0x00000000f3f00000| PB 0x00000000f3e00000| Untracked 
| 831|0x00000000f3f00000, 0x00000000f4000000, 0x00000000f4000000|100%| O|  |TAMS 0x00000000f4000000| PB 0x00000000f3f00000| Untracked 
| 832|0x00000000f4000000, 0x00000000f4100000, 0x00000000f4100000|100%| O|  |TAMS 0x00000000f4100000| PB 0x00000000f4000000| Untracked 
| 833|0x00000000f4100000, 0x00000000f4200000, 0x00000000f4200000|100%| O|  |TAMS 0x00000000f4200000| PB 0x00000000f4100000| Untracked 
| 834|0x00000000f4200000, 0x00000000f4300000, 0x00000000f4300000|100%| O|  |TAMS 0x00000000f4300000| PB 0x00000000f4200000| Untracked 
| 835|0x00000000f4300000, 0x00000000f4400000, 0x00000000f4400000|100%| O|  |TAMS 0x00000000f4400000| PB 0x00000000f4300000| Untracked 
| 836|0x00000000f4400000, 0x00000000f4500000, 0x00000000f4500000|100%| O|  |TAMS 0x00000000f4500000| PB 0x00000000f4400000| Untracked 
| 837|0x00000000f4500000, 0x00000000f4600000, 0x00000000f4600000|100%| O|  |TAMS 0x00000000f4600000| PB 0x00000000f4500000| Untracked 
| 838|0x00000000f4600000, 0x00000000f4700000, 0x00000000f4700000|100%| O|  |TAMS 0x00000000f4700000| PB 0x00000000f4600000| Untracked 
| 839|0x00000000f4700000, 0x00000000f4800000, 0x00000000f4800000|100%| O|  |TAMS 0x00000000f4800000| PB 0x00000000f4700000| Untracked 
| 840|0x00000000f4800000, 0x00000000f4900000, 0x00000000f4900000|100%| O|  |TAMS 0x00000000f4900000| PB 0x00000000f4800000| Untracked 
| 841|0x00000000f4900000, 0x00000000f4a00000, 0x00000000f4a00000|100%| O|  |TAMS 0x00000000f4a00000| PB 0x00000000f4900000| Untracked 
| 842|0x00000000f4a00000, 0x00000000f4b00000, 0x00000000f4b00000|100%| O|  |TAMS 0x00000000f4b00000| PB 0x00000000f4a00000| Untracked 
| 843|0x00000000f4b00000, 0x00000000f4c00000, 0x00000000f4c00000|100%| O|  |TAMS 0x00000000f4c00000| PB 0x00000000f4b00000| Untracked 
| 844|0x00000000f4c00000, 0x00000000f4d00000, 0x00000000f4d00000|100%| O|  |TAMS 0x00000000f4d00000| PB 0x00000000f4c00000| Untracked 
| 845|0x00000000f4d00000, 0x00000000f4e00000, 0x00000000f4e00000|100%| O|  |TAMS 0x00000000f4e00000| PB 0x00000000f4d00000| Untracked 
| 846|0x00000000f4e00000, 0x00000000f4f00000, 0x00000000f4f00000|100%| O|  |TAMS 0x00000000f4f00000| PB 0x00000000f4e00000| Untracked 
| 847|0x00000000f4f00000, 0x00000000f5000000, 0x00000000f5000000|100%| O|  |TAMS 0x00000000f5000000| PB 0x00000000f4f00000| Untracked 
| 848|0x00000000f5000000, 0x00000000f5100000, 0x00000000f5100000|100%| O|  |TAMS 0x00000000f5100000| PB 0x00000000f5000000| Untracked 
| 849|0x00000000f5100000, 0x00000000f5200000, 0x00000000f5200000|100%| O|  |TAMS 0x00000000f5200000| PB 0x00000000f5100000| Untracked 
| 850|0x00000000f5200000, 0x00000000f5300000, 0x00000000f5300000|100%| O|  |TAMS 0x00000000f5300000| PB 0x00000000f5200000| Untracked 
| 851|0x00000000f5300000, 0x00000000f5400000, 0x00000000f5400000|100%| O|  |TAMS 0x00000000f5400000| PB 0x00000000f5300000| Untracked 
| 852|0x00000000f5400000, 0x00000000f5500000, 0x00000000f5500000|100%| O|  |TAMS 0x00000000f5500000| PB 0x00000000f5400000| Untracked 
| 853|0x00000000f5500000, 0x00000000f5600000, 0x00000000f5600000|100%| O|  |TAMS 0x00000000f5600000| PB 0x00000000f5500000| Untracked 
| 854|0x00000000f5600000, 0x00000000f5700000, 0x00000000f5700000|100%| O|  |TAMS 0x00000000f5700000| PB 0x00000000f5600000| Untracked 
| 855|0x00000000f5700000, 0x00000000f5800000, 0x00000000f5800000|100%| O|  |TAMS 0x00000000f5800000| PB 0x00000000f5700000| Untracked 
| 856|0x00000000f5800000, 0x00000000f5900000, 0x00000000f5900000|100%| O|  |TAMS 0x00000000f5900000| PB 0x00000000f5800000| Untracked 
| 857|0x00000000f5900000, 0x00000000f5a00000, 0x00000000f5a00000|100%| O|  |TAMS 0x00000000f5a00000| PB 0x00000000f5900000| Untracked 
| 858|0x00000000f5a00000, 0x00000000f5b00000, 0x00000000f5b00000|100%| O|  |TAMS 0x00000000f5b00000| PB 0x00000000f5a00000| Untracked 
| 859|0x00000000f5b00000, 0x00000000f5c00000, 0x00000000f5c00000|100%| O|  |TAMS 0x00000000f5c00000| PB 0x00000000f5b00000| Untracked 
| 860|0x00000000f5c00000, 0x00000000f5d00000, 0x00000000f5d00000|100%| O|  |TAMS 0x00000000f5d00000| PB 0x00000000f5c00000| Untracked 
| 861|0x00000000f5d00000, 0x00000000f5e00000, 0x00000000f5e00000|100%| O|  |TAMS 0x00000000f5e00000| PB 0x00000000f5d00000| Untracked 
| 862|0x00000000f5e00000, 0x00000000f5f00000, 0x00000000f5f00000|100%| O|  |TAMS 0x00000000f5f00000| PB 0x00000000f5e00000| Untracked 
| 863|0x00000000f5f00000, 0x00000000f6000000, 0x00000000f6000000|100%| O|  |TAMS 0x00000000f6000000| PB 0x00000000f5f00000| Untracked 
| 864|0x00000000f6000000, 0x00000000f6100000, 0x00000000f6100000|100%| O|  |TAMS 0x00000000f6100000| PB 0x00000000f6000000| Untracked 
| 865|0x00000000f6100000, 0x00000000f6200000, 0x00000000f6200000|100%| O|  |TAMS 0x00000000f6200000| PB 0x00000000f6100000| Untracked 
| 866|0x00000000f6200000, 0x00000000f6300000, 0x00000000f6300000|100%| O|  |TAMS 0x00000000f6300000| PB 0x00000000f6200000| Untracked 
| 867|0x00000000f6300000, 0x00000000f6400000, 0x00000000f6400000|100%| O|  |TAMS 0x00000000f6400000| PB 0x00000000f6300000| Untracked 
| 868|0x00000000f6400000, 0x00000000f6500000, 0x00000000f6500000|100%| O|  |TAMS 0x00000000f6500000| PB 0x00000000f6400000| Untracked 
| 869|0x00000000f6500000, 0x00000000f6600000, 0x00000000f6600000|100%| O|  |TAMS 0x00000000f6600000| PB 0x00000000f6500000| Untracked 
| 870|0x00000000f6600000, 0x00000000f6700000, 0x00000000f6700000|100%| O|  |TAMS 0x00000000f6700000| PB 0x00000000f6600000| Untracked 
| 871|0x00000000f6700000, 0x00000000f6800000, 0x00000000f6800000|100%| O|  |TAMS 0x00000000f6800000| PB 0x00000000f6700000| Untracked 
| 872|0x00000000f6800000, 0x00000000f6900000, 0x00000000f6900000|100%| O|  |TAMS 0x00000000f6900000| PB 0x00000000f6800000| Untracked 
| 873|0x00000000f6900000, 0x00000000f6a00000, 0x00000000f6a00000|100%| O|  |TAMS 0x00000000f6a00000| PB 0x00000000f6900000| Untracked 
| 874|0x00000000f6a00000, 0x00000000f6b00000, 0x00000000f6b00000|100%| O|  |TAMS 0x00000000f6b00000| PB 0x00000000f6a00000| Untracked 
| 875|0x00000000f6b00000, 0x00000000f6c00000, 0x00000000f6c00000|100%| O|  |TAMS 0x00000000f6c00000| PB 0x00000000f6b00000| Untracked 
| 876|0x00000000f6c00000, 0x00000000f6d00000, 0x00000000f6d00000|100%| O|  |TAMS 0x00000000f6d00000| PB 0x00000000f6c00000| Untracked 
| 877|0x00000000f6d00000, 0x00000000f6e00000, 0x00000000f6e00000|100%| O|  |TAMS 0x00000000f6e00000| PB 0x00000000f6d00000| Untracked 
| 878|0x00000000f6e00000, 0x00000000f6f00000, 0x00000000f6f00000|100%| O|  |TAMS 0x00000000f6f00000| PB 0x00000000f6e00000| Untracked 
| 879|0x00000000f6f00000, 0x00000000f7000000, 0x00000000f7000000|100%| O|  |TAMS 0x00000000f7000000| PB 0x00000000f6f00000| Untracked 
| 880|0x00000000f7000000, 0x00000000f7100000, 0x00000000f7100000|100%| O|  |TAMS 0x00000000f7100000| PB 0x00000000f7000000| Untracked 
| 881|0x00000000f7100000, 0x00000000f7200000, 0x00000000f7200000|100%| O|  |TAMS 0x00000000f7200000| PB 0x00000000f7100000| Untracked 
| 882|0x00000000f7200000, 0x00000000f7300000, 0x00000000f7300000|100%| O|  |TAMS 0x00000000f7300000| PB 0x00000000f7200000| Untracked 
| 883|0x00000000f7300000, 0x00000000f7400000, 0x00000000f7400000|100%| O|  |TAMS 0x00000000f7400000| PB 0x00000000f7300000| Untracked 
| 884|0x00000000f7400000, 0x00000000f7500000, 0x00000000f7500000|100%| O|  |TAMS 0x00000000f7500000| PB 0x00000000f7400000| Untracked 
| 885|0x00000000f7500000, 0x00000000f7600000, 0x00000000f7600000|100%| O|  |TAMS 0x00000000f7600000| PB 0x00000000f7500000| Untracked 
| 886|0x00000000f7600000, 0x00000000f7700000, 0x00000000f7700000|100%| O|  |TAMS 0x00000000f7700000| PB 0x00000000f7600000| Untracked 
| 887|0x00000000f7700000, 0x00000000f7800000, 0x00000000f7800000|100%| O|  |TAMS 0x00000000f7800000| PB 0x00000000f7700000| Untracked 
| 888|0x00000000f7800000, 0x00000000f7900000, 0x00000000f7900000|100%| O|  |TAMS 0x00000000f7900000| PB 0x00000000f7800000| Untracked 
| 889|0x00000000f7900000, 0x00000000f7a00000, 0x00000000f7a00000|100%| O|  |TAMS 0x00000000f7a00000| PB 0x00000000f7900000| Untracked 
| 890|0x00000000f7a00000, 0x00000000f7b00000, 0x00000000f7b00000|100%| O|  |TAMS 0x00000000f7b00000| PB 0x00000000f7a00000| Untracked 
| 891|0x00000000f7b00000, 0x00000000f7c00000, 0x00000000f7c00000|100%| O|  |TAMS 0x00000000f7c00000| PB 0x00000000f7b00000| Untracked 
| 892|0x00000000f7c00000, 0x00000000f7d00000, 0x00000000f7d00000|100%| O|  |TAMS 0x00000000f7d00000| PB 0x00000000f7c00000| Untracked 
| 893|0x00000000f7d00000, 0x00000000f7e00000, 0x00000000f7e00000|100%| O|  |TAMS 0x00000000f7e00000| PB 0x00000000f7d00000| Untracked 
| 894|0x00000000f7e00000, 0x00000000f7f00000, 0x00000000f7f00000|100%| O|  |TAMS 0x00000000f7f00000| PB 0x00000000f7e00000| Untracked 
| 895|0x00000000f7f00000, 0x00000000f8000000, 0x00000000f8000000|100%| O|  |TAMS 0x00000000f8000000| PB 0x00000000f7f00000| Untracked 
| 896|0x00000000f8000000, 0x00000000f8100000, 0x00000000f8100000|100%| O|  |TAMS 0x00000000f8100000| PB 0x00000000f8000000| Untracked 
| 897|0x00000000f8100000, 0x00000000f8200000, 0x00000000f8200000|100%| O|  |TAMS 0x00000000f8200000| PB 0x00000000f8100000| Untracked 
| 898|0x00000000f8200000, 0x00000000f8300000, 0x00000000f8300000|100%| O|  |TAMS 0x00000000f8300000| PB 0x00000000f8200000| Untracked 
| 899|0x00000000f8300000, 0x00000000f8400000, 0x00000000f8400000|100%| O|  |TAMS 0x00000000f8400000| PB 0x00000000f8300000| Untracked 
| 900|0x00000000f8400000, 0x00000000f8500000, 0x00000000f8500000|100%| O|  |TAMS 0x00000000f8500000| PB 0x00000000f8400000| Untracked 
| 901|0x00000000f8500000, 0x00000000f8600000, 0x00000000f8600000|100%| O|  |TAMS 0x00000000f8600000| PB 0x00000000f8500000| Untracked 
| 902|0x00000000f8600000, 0x00000000f8700000, 0x00000000f8700000|100%| O|  |TAMS 0x00000000f8700000| PB 0x00000000f8600000| Untracked 
| 903|0x00000000f8700000, 0x00000000f8800000, 0x00000000f8800000|100%| O|  |TAMS 0x00000000f8800000| PB 0x00000000f8700000| Untracked 
| 904|0x00000000f8800000, 0x00000000f8900000, 0x00000000f8900000|100%| O|  |TAMS 0x00000000f8900000| PB 0x00000000f8800000| Untracked 
| 905|0x00000000f8900000, 0x00000000f8a00000, 0x00000000f8a00000|100%| O|  |TAMS 0x00000000f8a00000| PB 0x00000000f8900000| Untracked 
| 906|0x00000000f8a00000, 0x00000000f8b00000, 0x00000000f8b00000|100%| O|  |TAMS 0x00000000f8b00000| PB 0x00000000f8a00000| Untracked 
| 907|0x00000000f8b00000, 0x00000000f8c00000, 0x00000000f8c00000|100%| O|  |TAMS 0x00000000f8c00000| PB 0x00000000f8b00000| Untracked 
| 908|0x00000000f8c00000, 0x00000000f8d00000, 0x00000000f8d00000|100%| O|  |TAMS 0x00000000f8d00000| PB 0x00000000f8c00000| Untracked 
| 909|0x00000000f8d00000, 0x00000000f8e00000, 0x00000000f8e00000|100%| O|  |TAMS 0x00000000f8e00000| PB 0x00000000f8d00000| Untracked 
| 910|0x00000000f8e00000, 0x00000000f8f00000, 0x00000000f8f00000|100%| O|  |TAMS 0x00000000f8f00000| PB 0x00000000f8e00000| Untracked 
| 911|0x00000000f8f00000, 0x00000000f9000000, 0x00000000f9000000|100%| O|  |TAMS 0x00000000f9000000| PB 0x00000000f8f00000| Untracked 
| 912|0x00000000f9000000, 0x00000000f9100000, 0x00000000f9100000|100%| O|  |TAMS 0x00000000f9100000| PB 0x00000000f9000000| Untracked 
| 913|0x00000000f9100000, 0x00000000f9200000, 0x00000000f9200000|100%| O|  |TAMS 0x00000000f9200000| PB 0x00000000f9100000| Untracked 
| 914|0x00000000f9200000, 0x00000000f9300000, 0x00000000f9300000|100%| O|  |TAMS 0x00000000f9300000| PB 0x00000000f9200000| Untracked 
| 915|0x00000000f9300000, 0x00000000f9400000, 0x00000000f9400000|100%| O|  |TAMS 0x00000000f9400000| PB 0x00000000f9300000| Untracked 
| 916|0x00000000f9400000, 0x00000000f9500000, 0x00000000f9500000|100%| O|  |TAMS 0x00000000f9500000| PB 0x00000000f9400000| Untracked 
| 917|0x00000000f9500000, 0x00000000f9600000, 0x00000000f9600000|100%| O|  |TAMS 0x00000000f9600000| PB 0x00000000f9500000| Untracked 
| 918|0x00000000f9600000, 0x00000000f9700000, 0x00000000f9700000|100%| O|  |TAMS 0x00000000f9700000| PB 0x00000000f9600000| Untracked 
| 919|0x00000000f9700000, 0x00000000f9800000, 0x00000000f9800000|100%| O|  |TAMS 0x00000000f9800000| PB 0x00000000f9700000| Untracked 
| 920|0x00000000f9800000, 0x00000000f9900000, 0x00000000f9900000|100%| O|  |TAMS 0x00000000f9900000| PB 0x00000000f9800000| Untracked 
| 921|0x00000000f9900000, 0x00000000f9a00000, 0x00000000f9a00000|100%| O|  |TAMS 0x00000000f9a00000| PB 0x00000000f9900000| Untracked 
| 922|0x00000000f9a00000, 0x00000000f9b00000, 0x00000000f9b00000|100%| O|  |TAMS 0x00000000f9b00000| PB 0x00000000f9a00000| Untracked 
| 923|0x00000000f9b00000, 0x00000000f9c00000, 0x00000000f9c00000|100%| O|  |TAMS 0x00000000f9c00000| PB 0x00000000f9b00000| Untracked 
| 924|0x00000000f9c00000, 0x00000000f9d00000, 0x00000000f9d00000|100%| O|  |TAMS 0x00000000f9d00000| PB 0x00000000f9c00000| Untracked 
| 925|0x00000000f9d00000, 0x00000000f9e00000, 0x00000000f9e00000|100%| O|  |TAMS 0x00000000f9e00000| PB 0x00000000f9d00000| Untracked 
| 926|0x00000000f9e00000, 0x00000000f9f00000, 0x00000000f9f00000|100%| O|  |TAMS 0x00000000f9f00000| PB 0x00000000f9e00000| Untracked 
| 927|0x00000000f9f00000, 0x00000000fa000000, 0x00000000fa000000|100%| O|  |TAMS 0x00000000fa000000| PB 0x00000000f9f00000| Untracked 
| 928|0x00000000fa000000, 0x00000000fa100000, 0x00000000fa100000|100%| O|  |TAMS 0x00000000fa100000| PB 0x00000000fa000000| Untracked 
| 929|0x00000000fa100000, 0x00000000fa200000, 0x00000000fa200000|100%| O|  |TAMS 0x00000000fa200000| PB 0x00000000fa100000| Untracked 
| 930|0x00000000fa200000, 0x00000000fa300000, 0x00000000fa300000|100%| O|  |TAMS 0x00000000fa300000| PB 0x00000000fa200000| Untracked 
| 931|0x00000000fa300000, 0x00000000fa400000, 0x00000000fa400000|100%| O|  |TAMS 0x00000000fa400000| PB 0x00000000fa300000| Untracked 
| 932|0x00000000fa400000, 0x00000000fa500000, 0x00000000fa500000|100%| O|  |TAMS 0x00000000fa500000| PB 0x00000000fa400000| Untracked 
| 933|0x00000000fa500000, 0x00000000fa600000, 0x00000000fa600000|100%| O|  |TAMS 0x00000000fa600000| PB 0x00000000fa500000| Untracked 
| 934|0x00000000fa600000, 0x00000000fa700000, 0x00000000fa700000|100%| O|  |TAMS 0x00000000fa700000| PB 0x00000000fa600000| Untracked 
| 935|0x00000000fa700000, 0x00000000fa800000, 0x00000000fa800000|100%| O|  |TAMS 0x00000000fa800000| PB 0x00000000fa700000| Untracked 
| 936|0x00000000fa800000, 0x00000000fa900000, 0x00000000fa900000|100%| O|  |TAMS 0x00000000fa900000| PB 0x00000000fa800000| Untracked 
| 937|0x00000000fa900000, 0x00000000faa00000, 0x00000000faa00000|100%| O|  |TAMS 0x00000000faa00000| PB 0x00000000fa900000| Untracked 
| 938|0x00000000faa00000, 0x00000000fab00000, 0x00000000fab00000|100%| O|  |TAMS 0x00000000fab00000| PB 0x00000000faa00000| Untracked 
| 939|0x00000000fab00000, 0x00000000fac00000, 0x00000000fac00000|100%| O|  |TAMS 0x00000000fac00000| PB 0x00000000fab00000| Untracked 
| 940|0x00000000fac00000, 0x00000000fad00000, 0x00000000fad00000|100%| O|  |TAMS 0x00000000fad00000| PB 0x00000000fac00000| Untracked 
| 941|0x00000000fad00000, 0x00000000fae00000, 0x00000000fae00000|100%| O|  |TAMS 0x00000000fae00000| PB 0x00000000fad00000| Untracked 
| 942|0x00000000fae00000, 0x00000000faf00000, 0x00000000faf00000|100%| O|  |TAMS 0x00000000faf00000| PB 0x00000000fae00000| Untracked 
| 943|0x00000000faf00000, 0x00000000fb000000, 0x00000000fb000000|100%| O|  |TAMS 0x00000000fb000000| PB 0x00000000faf00000| Untracked 
| 944|0x00000000fb000000, 0x00000000fb100000, 0x00000000fb100000|100%| O|  |TAMS 0x00000000fb100000| PB 0x00000000fb000000| Untracked 
| 945|0x00000000fb100000, 0x00000000fb200000, 0x00000000fb200000|100%| O|  |TAMS 0x00000000fb200000| PB 0x00000000fb100000| Untracked 
| 946|0x00000000fb200000, 0x00000000fb300000, 0x00000000fb300000|100%| O|  |TAMS 0x00000000fb300000| PB 0x00000000fb200000| Untracked 
| 947|0x00000000fb300000, 0x00000000fb400000, 0x00000000fb400000|100%| O|  |TAMS 0x00000000fb400000| PB 0x00000000fb300000| Untracked 
| 948|0x00000000fb400000, 0x00000000fb500000, 0x00000000fb500000|100%| O|  |TAMS 0x00000000fb500000| PB 0x00000000fb400000| Untracked 
| 949|0x00000000fb500000, 0x00000000fb600000, 0x00000000fb600000|100%| O|  |TAMS 0x00000000fb600000| PB 0x00000000fb500000| Untracked 
| 950|0x00000000fb600000, 0x00000000fb700000, 0x00000000fb700000|100%| O|  |TAMS 0x00000000fb700000| PB 0x00000000fb600000| Untracked 
| 951|0x00000000fb700000, 0x00000000fb800000, 0x00000000fb800000|100%| O|  |TAMS 0x00000000fb800000| PB 0x00000000fb700000| Untracked 
| 952|0x00000000fb800000, 0x00000000fb900000, 0x00000000fb900000|100%| O|  |TAMS 0x00000000fb900000| PB 0x00000000fb800000| Untracked 
| 953|0x00000000fb900000, 0x00000000fba00000, 0x00000000fba00000|100%| O|  |TAMS 0x00000000fba00000| PB 0x00000000fb900000| Untracked 
| 954|0x00000000fba00000, 0x00000000fbb00000, 0x00000000fbb00000|100%| O|  |TAMS 0x00000000fbb00000| PB 0x00000000fba00000| Untracked 
| 955|0x00000000fbb00000, 0x00000000fbc00000, 0x00000000fbc00000|100%| O|  |TAMS 0x00000000fbc00000| PB 0x00000000fbb00000| Untracked 
| 956|0x00000000fbc00000, 0x00000000fbd00000, 0x00000000fbd00000|100%| O|  |TAMS 0x00000000fbd00000| PB 0x00000000fbc00000| Untracked 
| 957|0x00000000fbd00000, 0x00000000fbe00000, 0x00000000fbe00000|100%| O|  |TAMS 0x00000000fbe00000| PB 0x00000000fbd00000| Untracked 
| 958|0x00000000fbe00000, 0x00000000fbf00000, 0x00000000fbf00000|100%| O|  |TAMS 0x00000000fbf00000| PB 0x00000000fbe00000| Untracked 
| 959|0x00000000fbf00000, 0x00000000fc000000, 0x00000000fc000000|100%| O|  |TAMS 0x00000000fc000000| PB 0x00000000fbf00000| Untracked 
| 960|0x00000000fc000000, 0x00000000fc100000, 0x00000000fc100000|100%| O|  |TAMS 0x00000000fc100000| PB 0x00000000fc000000| Untracked 
| 961|0x00000000fc100000, 0x00000000fc200000, 0x00000000fc200000|100%| O|  |TAMS 0x00000000fc200000| PB 0x00000000fc100000| Untracked 
| 962|0x00000000fc200000, 0x00000000fc300000, 0x00000000fc300000|100%| O|  |TAMS 0x00000000fc300000| PB 0x00000000fc200000| Untracked 
| 963|0x00000000fc300000, 0x00000000fc400000, 0x00000000fc400000|100%| O|  |TAMS 0x00000000fc400000| PB 0x00000000fc300000| Untracked 
| 964|0x00000000fc400000, 0x00000000fc500000, 0x00000000fc500000|100%| O|  |TAMS 0x00000000fc500000| PB 0x00000000fc400000| Untracked 
| 965|0x00000000fc500000, 0x00000000fc600000, 0x00000000fc600000|100%| O|  |TAMS 0x00000000fc600000| PB 0x00000000fc500000| Untracked 
| 966|0x00000000fc600000, 0x00000000fc700000, 0x00000000fc700000|100%| O|  |TAMS 0x00000000fc700000| PB 0x00000000fc600000| Untracked 
| 967|0x00000000fc700000, 0x00000000fc800000, 0x00000000fc800000|100%| O|  |TAMS 0x00000000fc800000| PB 0x00000000fc700000| Untracked 
| 968|0x00000000fc800000, 0x00000000fc900000, 0x00000000fc900000|100%| O|  |TAMS 0x00000000fc900000| PB 0x00000000fc800000| Untracked 
| 969|0x00000000fc900000, 0x00000000fca00000, 0x00000000fca00000|100%| O|  |TAMS 0x00000000fca00000| PB 0x00000000fc900000| Untracked 
| 970|0x00000000fca00000, 0x00000000fcb00000, 0x00000000fcb00000|100%| O|  |TAMS 0x00000000fcb00000| PB 0x00000000fca00000| Untracked 
| 971|0x00000000fcb00000, 0x00000000fcc00000, 0x00000000fcc00000|100%| O|  |TAMS 0x00000000fcc00000| PB 0x00000000fcb00000| Untracked 
| 972|0x00000000fcc00000, 0x00000000fcd00000, 0x00000000fcd00000|100%| O|  |TAMS 0x00000000fcd00000| PB 0x00000000fcc00000| Untracked 
| 973|0x00000000fcd00000, 0x00000000fce00000, 0x00000000fce00000|100%| O|  |TAMS 0x00000000fce00000| PB 0x00000000fcd00000| Untracked 
| 974|0x00000000fce00000, 0x00000000fcf00000, 0x00000000fcf00000|100%| O|  |TAMS 0x00000000fcf00000| PB 0x00000000fce00000| Untracked 
| 975|0x00000000fcf00000, 0x00000000fd000000, 0x00000000fd000000|100%| O|  |TAMS 0x00000000fd000000| PB 0x00000000fcf00000| Untracked 
| 976|0x00000000fd000000, 0x00000000fd100000, 0x00000000fd100000|100%| O|  |TAMS 0x00000000fd100000| PB 0x00000000fd000000| Untracked 
| 977|0x00000000fd100000, 0x00000000fd200000, 0x00000000fd200000|100%| O|  |TAMS 0x00000000fd200000| PB 0x00000000fd100000| Untracked 
| 978|0x00000000fd200000, 0x00000000fd300000, 0x00000000fd300000|100%| O|  |TAMS 0x00000000fd300000| PB 0x00000000fd200000| Untracked 
| 979|0x00000000fd300000, 0x00000000fd400000, 0x00000000fd400000|100%| O|  |TAMS 0x00000000fd400000| PB 0x00000000fd300000| Untracked 
| 980|0x00000000fd400000, 0x00000000fd500000, 0x00000000fd500000|100%| O|  |TAMS 0x00000000fd500000| PB 0x00000000fd400000| Untracked 
| 981|0x00000000fd500000, 0x00000000fd600000, 0x00000000fd600000|100%| O|  |TAMS 0x00000000fd600000| PB 0x00000000fd500000| Untracked 
| 982|0x00000000fd600000, 0x00000000fd700000, 0x00000000fd700000|100%| O|  |TAMS 0x00000000fd700000| PB 0x00000000fd600000| Untracked 
| 983|0x00000000fd700000, 0x00000000fd800000, 0x00000000fd800000|100%| O|  |TAMS 0x00000000fd800000| PB 0x00000000fd700000| Untracked 
| 984|0x00000000fd800000, 0x00000000fd900000, 0x00000000fd900000|100%| O|  |TAMS 0x00000000fd900000| PB 0x00000000fd800000| Untracked 
| 985|0x00000000fd900000, 0x00000000fda00000, 0x00000000fda00000|100%| O|  |TAMS 0x00000000fda00000| PB 0x00000000fd900000| Untracked 
| 986|0x00000000fda00000, 0x00000000fdb00000, 0x00000000fdb00000|100%| O|  |TAMS 0x00000000fdb00000| PB 0x00000000fda00000| Untracked 
| 987|0x00000000fdb00000, 0x00000000fdc00000, 0x00000000fdc00000|100%| O|  |TAMS 0x00000000fdc00000| PB 0x00000000fdb00000| Untracked 
| 988|0x00000000fdc00000, 0x00000000fdd00000, 0x00000000fdd00000|100%| O|  |TAMS 0x00000000fdd00000| PB 0x00000000fdc00000| Untracked 
| 989|0x00000000fdd00000, 0x00000000fde00000, 0x00000000fde00000|100%| O|  |TAMS 0x00000000fde00000| PB 0x00000000fdd00000| Untracked 
| 990|0x00000000fde00000, 0x00000000fdf00000, 0x00000000fdf00000|100%| O|  |TAMS 0x00000000fdf00000| PB 0x00000000fde00000| Untracked 
| 991|0x00000000fdf00000, 0x00000000fe000000, 0x00000000fe000000|100%| O|  |TAMS 0x00000000fe000000| PB 0x00000000fdf00000| Untracked 
| 992|0x00000000fe000000, 0x00000000fe100000, 0x00000000fe100000|100%| O|  |TAMS 0x00000000fe100000| PB 0x00000000fe000000| Untracked 
| 993|0x00000000fe100000, 0x00000000fe200000, 0x00000000fe200000|100%| O|  |TAMS 0x00000000fe200000| PB 0x00000000fe100000| Untracked 
| 994|0x00000000fe200000, 0x00000000fe300000, 0x00000000fe300000|100%| O|  |TAMS 0x00000000fe300000| PB 0x00000000fe200000| Untracked 
| 995|0x00000000fe300000, 0x00000000fe400000, 0x00000000fe400000|100%| O|  |TAMS 0x00000000fe400000| PB 0x00000000fe300000| Untracked 
| 996|0x00000000fe400000, 0x00000000fe500000, 0x00000000fe500000|100%| O|  |TAMS 0x00000000fe500000| PB 0x00000000fe400000| Untracked 
| 997|0x00000000fe500000, 0x00000000fe600000, 0x00000000fe600000|100%| O|  |TAMS 0x00000000fe600000| PB 0x00000000fe500000| Untracked 
| 998|0x00000000fe600000, 0x00000000fe700000, 0x00000000fe700000|100%| O|  |TAMS 0x00000000fe700000| PB 0x00000000fe600000| Untracked 
| 999|0x00000000fe700000, 0x00000000fe800000, 0x00000000fe800000|100%| O|  |TAMS 0x00000000fe800000| PB 0x00000000fe700000| Untracked 
|1000|0x00000000fe800000, 0x00000000fe900000, 0x00000000fe900000|100%| O|  |TAMS 0x00000000fe900000| PB 0x00000000fe800000| Untracked 
|1001|0x00000000fe900000, 0x00000000fea00000, 0x00000000fea00000|100%| O|  |TAMS 0x00000000fea00000| PB 0x00000000fe900000| Untracked 
|1002|0x00000000fea00000, 0x00000000feb00000, 0x00000000feb00000|100%| O|  |TAMS 0x00000000feb00000| PB 0x00000000fea00000| Untracked 
|1003|0x00000000feb00000, 0x00000000fec00000, 0x00000000fec00000|100%| O|  |TAMS 0x00000000fec00000| PB 0x00000000feb00000| Untracked 
|1004|0x00000000fec00000, 0x00000000fed00000, 0x00000000fed00000|100%| O|  |TAMS 0x00000000fed00000| PB 0x00000000fec00000| Untracked 
|1005|0x00000000fed00000, 0x00000000fee00000, 0x00000000fee00000|100%| O|  |TAMS 0x00000000fee00000| PB 0x00000000fed00000| Untracked 
|1006|0x00000000fee00000, 0x00000000fef00000, 0x00000000fef00000|100%| O|  |TAMS 0x00000000fef00000| PB 0x00000000fee00000| Untracked 
|1007|0x00000000fef00000, 0x00000000ff000000, 0x00000000ff000000|100%| O|  |TAMS 0x00000000ff000000| PB 0x00000000fef00000| Untracked 
|1008|0x00000000ff000000, 0x00000000ff100000, 0x00000000ff100000|100%| O|  |TAMS 0x00000000ff100000| PB 0x00000000ff000000| Untracked 
|1009|0x00000000ff100000, 0x00000000ff200000, 0x00000000ff200000|100%| O|  |TAMS 0x00000000ff200000| PB 0x00000000ff100000| Untracked 
|1010|0x00000000ff200000, 0x00000000ff300000, 0x00000000ff300000|100%| O|  |TAMS 0x00000000ff300000| PB 0x00000000ff200000| Untracked 
|1011|0x00000000ff300000, 0x00000000ff400000, 0x00000000ff400000|100%| O|  |TAMS 0x00000000ff400000| PB 0x00000000ff300000| Untracked 
|1012|0x00000000ff400000, 0x00000000ff500000, 0x00000000ff500000|100%| O|  |TAMS 0x00000000ff500000| PB 0x00000000ff400000| Untracked 
|1013|0x00000000ff500000, 0x00000000ff600000, 0x00000000ff600000|100%| O|  |TAMS 0x00000000ff600000| PB 0x00000000ff500000| Untracked 
|1014|0x00000000ff600000, 0x00000000ff700000, 0x00000000ff700000|100%| O|  |TAMS 0x00000000ff700000| PB 0x00000000ff600000| Untracked 
|1015|0x00000000ff700000, 0x00000000ff800000, 0x00000000ff800000|100%| O|  |TAMS 0x00000000ff800000| PB 0x00000000ff700000| Untracked 
|1016|0x00000000ff800000, 0x00000000ff900000, 0x00000000ff900000|100%| O|  |TAMS 0x00000000ff900000| PB 0x00000000ff800000| Untracked 
|1017|0x00000000ff900000, 0x00000000ffa00000, 0x00000000ffa00000|100%| O|  |TAMS 0x00000000ffa00000| PB 0x00000000ff900000| Untracked 
|1018|0x00000000ffa00000, 0x00000000ffb00000, 0x00000000ffb00000|100%| O|  |TAMS 0x00000000ffb00000| PB 0x00000000ffa00000| Untracked 
|1019|0x00000000ffb00000, 0x00000000ffc00000, 0x00000000ffc00000|100%| O|  |TAMS 0x00000000ffc00000| PB 0x00000000ffb00000| Untracked 
|1020|0x00000000ffc00000, 0x00000000ffd00000, 0x00000000ffd00000|100%| O|  |TAMS 0x00000000ffd00000| PB 0x00000000ffc00000| Untracked 
|1021|0x00000000ffd00000, 0x00000000ffe00000, 0x00000000ffe00000|100%| O|  |TAMS 0x00000000ffe00000| PB 0x00000000ffd00000| Untracked 
|1022|0x00000000ffe00000, 0x00000000fff00000, 0x00000000fff00000|100%| O|  |TAMS 0x00000000fff00000| PB 0x00000000ffe00000| Untracked 
|1023|0x00000000fff00000, 0x0000000100000000, 0x0000000100000000|100%| O|  |TAMS 0x0000000100000000| PB 0x00000000fff00000| Untracked 

Card table byte_map: [0x0000022664e60000,0x0000022665060000] _byte_map_base: 0x0000022664860000

Marking Bits: (CMBitMap*) 0x0000022652805130
 Bits: [0x0000022665060000, 0x0000022666060000)

Polling page: 0x0000022650770000

Metaspace:

Usage:
  Non-class:    115.37 MB used.
      Class:     17.83 MB used.
       Both:    133.21 MB used.

Virtual space:
  Non-class space:      128.00 MB reserved,     115.88 MB ( 91%) committed,  2 nodes.
      Class space:        1.00 GB reserved,      18.31 MB (  2%) committed,  1 nodes.
             Both:        1.12 GB reserved,     134.19 MB ( 12%) committed. 

Chunk freelists:
   Non-Class:  12.09 MB
       Class:  13.50 MB
        Both:  25.59 MB

MaxMetaspaceSize: unlimited
CompressedClassSpaceSize: 1.00 GB
Initial GC threshold: 21.00 MB
Current GC threshold: 223.25 MB
CDS: off
 - commit_granule_bytes: 65536.
 - commit_granule_words: 8192.
 - virtual_space_node_default_size: 8388608.
 - enlarge_chunks_in_place: 1.
 - use_allocation_guard: 0.


Internal statistics:

num_allocs_failed_limit: 6.
num_arena_births: 4114.
num_arena_deaths: 2290.
num_vsnodes_births: 3.
num_vsnodes_deaths: 0.
num_space_committed: 2148.
num_space_uncommitted: 2.
num_chunks_returned_to_freelist: 2703.
num_chunks_taken_from_freelist: 11433.
num_chunk_merges: 944.
num_chunk_splits: 6394.
num_chunks_enlarged: 3826.
num_inconsistent_stats: 0.

CodeHeap 'non-profiled nmethods': size=120000Kb used=9405Kb max_used=9961Kb free=110594Kb
 bounds [0x000002265d400000, 0x000002265de90000, 0x0000022664930000]
CodeHeap 'profiled nmethods': size=120000Kb used=15388Kb max_used=27554Kb free=104611Kb
 bounds [0x0000022655930000, 0x0000022657420000, 0x000002265ce60000]
CodeHeap 'non-nmethods': size=5760Kb used=2045Kb max_used=2153Kb free=3715Kb
 bounds [0x000002265ce60000, 0x000002265d0d0000, 0x000002265d400000]
CodeCache: size=245760Kb, used=26838Kb, max_used=39668Kb, free=218920Kb
 total_blobs=8334, nmethods=7423, adapters=813, full_count=0
Compilation: enabled, stopped_count=0, restarted_count=0

Compilation events (20 events):
Event: 623.544 Thread 0x00000226733841d0 nmethod 33969 0x000002265d7b3890 code [0x000002265d7b3a20, 0x000002265d7b3b30]
Event: 623.544 Thread 0x00000226733841d0 34205       4       com.android.tools.r8.graph.g2::d (5 bytes)
Event: 623.545 Thread 0x00000226733841d0 nmethod 34205 0x000002265d7b3310 code [0x000002265d7b34a0, 0x000002265d7b3530]
Event: 623.545 Thread 0x00000226733841d0 34007       4       com.android.tools.r8.graph.a::a (2 bytes)
Event: 623.546 Thread 0x00000226733841d0 nmethod 34007 0x000002265d89f990 code [0x000002265d89fb20, 0x000002265d89fba8]
Event: 623.546 Thread 0x00000226733841d0 34134       4       com.android.tools.r8.shaking.ma::a (35 bytes)
Event: 623.558 Thread 0x00000226733841d0 nmethod 34134 0x000002265d844f10 code [0x000002265d845140, 0x000002265d8458c0]
Event: 623.559 Thread 0x00000226733841d0 34193       4       com.android.tools.r8.shaking.m0$$Lambda/0x0000000101108cd0::accept (16 bytes)
Event: 623.560 Thread 0x00000226733841d0 nmethod 34193 0x000002265d89f510 code [0x000002265d89f6c0, 0x000002265d89f828]
Event: 623.561 Thread 0x00000226733841d0 34217   !   4       com.android.tools.r8.internal.wc3::a (323 bytes)
Event: 623.570 Thread 0x00000226733841d0 nmethod 34217 0x000002265d9a7110 code [0x000002265d9a7360, 0x000002265d9a7910]
Event: 623.570 Thread 0x00000226733841d0 34220       4       com.android.tools.r8.shaking.m0::a (146 bytes)
Event: 623.734 Thread 0x000002266d06fba0 34435       2       com.android.tools.r8.shaking.x3$$Lambda/0x000000010109d870::apply (8 bytes)
Event: 623.735 Thread 0x000002266d06fba0 nmethod 34435 0x00000226565a7f10 code [0x00000226565a80c0, 0x00000226565a8220]
Event: 624.006 Thread 0x00000226733841d0 nmethod 34220 0x000002265d9ce490 code [0x000002265d9ce940, 0x000002265d9d1190]
Event: 624.007 Thread 0x00000226733841d0 34209       4       com.android.tools.r8.shaking.w1::a (94 bytes)
Event: 624.034 Thread 0x00000226733841d0 nmethod 34209 0x000002265d4cf090 code [0x000002265d4cf2e0, 0x000002265d4cff18]
Event: 624.035 Thread 0x00000226733841d0 34219       4       com.android.tools.r8.shaking.x::l (45 bytes)
Event: 624.058 Thread 0x00000226733841d0 nmethod 34219 0x000002265d576090 code [0x000002265d576300, 0x000002265d576ef0]
Event: 624.059 Thread 0x00000226733841d0 34232       4       com.android.tools.r8.shaking.m0$$Lambda/0x0000000101118000::accept (28 bytes)

GC Heap History (20 events):
Event: 607.774 GC heap after
{Heap after GC invocations=136 (full 1):
 garbage-first heap   total 1048576K, used 491314K [0x00000000c0000000, 0x0000000100000000)
  region size 1024K, 32 young (32768K), 32 survivors (32768K)
 Metaspace       used 135880K, committed 137024K, reserved 1179648K
  class space    used 18159K, committed 18752K, reserved 1048576K
}
Event: 608.465 GC heap before
{Heap before GC invocations=136 (full 1):
 garbage-first heap   total 1048576K, used 992050K [0x00000000c0000000, 0x0000000100000000)
  region size 1024K, 522 young (534528K), 32 survivors (32768K)
 Metaspace       used 135900K, committed 137024K, reserved 1179648K
  class space    used 18159K, committed 18752K, reserved 1048576K
}
Event: 608.486 GC heap after
{Heap after GC invocations=137 (full 1):
 garbage-first heap   total 1048576K, used 495922K [0x00000000c0000000, 0x0000000100000000)
  region size 1024K, 36 young (36864K), 36 survivors (36864K)
 Metaspace       used 135900K, committed 137024K, reserved 1179648K
  class space    used 18159K, committed 18752K, reserved 1048576K
}
Event: 610.026 GC heap before
{Heap before GC invocations=137 (full 1):
 garbage-first heap   total 1048576K, used 994610K [0x00000000c0000000, 0x0000000100000000)
  region size 1024K, 522 young (534528K), 36 survivors (36864K)
 Metaspace       used 135911K, committed 137024K, reserved 1179648K
  class space    used 18159K, committed 18752K, reserved 1048576K
}
Event: 610.050 GC heap after
{Heap after GC invocations=138 (full 1):
 garbage-first heap   total 1048576K, used 499677K [0x00000000c0000000, 0x0000000100000000)
  region size 1024K, 35 young (35840K), 35 survivors (35840K)
 Metaspace       used 135911K, committed 137024K, reserved 1179648K
  class space    used 18159K, committed 18752K, reserved 1048576K
}
Event: 611.100 GC heap before
{Heap before GC invocations=139 (full 1):
 garbage-first heap   total 1048576K, used 993245K [0x00000000c0000000, 0x0000000100000000)
  region size 1024K, 518 young (530432K), 35 survivors (35840K)
 Metaspace       used 135912K, committed 137024K, reserved 1179648K
  class space    used 18159K, committed 18752K, reserved 1048576K
}
Event: 611.131 GC heap after
{Heap after GC invocations=140 (full 1):
 garbage-first heap   total 1048576K, used 503368K [0x00000000c0000000, 0x0000000100000000)
  region size 1024K, 35 young (35840K), 35 survivors (35840K)
 Metaspace       used 135912K, committed 137024K, reserved 1179648K
  class space    used 18159K, committed 18752K, reserved 1048576K
}
Event: 613.081 GC heap before
{Heap before GC invocations=140 (full 1):
 garbage-first heap   total 1048576K, used 992840K [0x00000000c0000000, 0x0000000100000000)
  region size 1024K, 514 young (526336K), 35 survivors (35840K)
 Metaspace       used 136032K, committed 137088K, reserved 1179648K
  class space    used 18185K, committed 18752K, reserved 1048576K
}
Event: 613.143 GC heap after
{Heap after GC invocations=141 (full 1):
 garbage-first heap   total 1048576K, used 499400K [0x00000000c0000000, 0x0000000100000000)
  region size 1024K, 37 young (37888K), 37 survivors (37888K)
 Metaspace       used 136032K, committed 137088K, reserved 1179648K
  class space    used 18185K, committed 18752K, reserved 1048576K
}
Event: 614.181 GC heap before
{Heap before GC invocations=141 (full 1):
 garbage-first heap   total 1048576K, used 993992K [0x00000000c0000000, 0x0000000100000000)
  region size 1024K, 520 young (532480K), 37 survivors (37888K)
 Metaspace       used 136039K, committed 137088K, reserved 1179648K
  class space    used 18186K, committed 18752K, reserved 1048576K
}
Event: 614.205 GC heap after
{Heap after GC invocations=142 (full 1):
 garbage-first heap   total 1048576K, used 502165K [0x00000000c0000000, 0x0000000100000000)
  region size 1024K, 36 young (36864K), 36 survivors (36864K)
 Metaspace       used 136039K, committed 137088K, reserved 1179648K
  class space    used 18186K, committed 18752K, reserved 1048576K
}
Event: 615.596 GC heap before
{Heap before GC invocations=143 (full 1):
 garbage-first heap   total 1048576K, used 990613K [0x00000000c0000000, 0x0000000100000000)
  region size 1024K, 516 young (528384K), 36 survivors (36864K)
 Metaspace       used 136266K, committed 137280K, reserved 1179648K
  class space    used 18243K, committed 18752K, reserved 1048576K
}
Event: 615.623 GC heap after
{Heap after GC invocations=144 (full 1):
 garbage-first heap   total 1048576K, used 503021K [0x00000000c0000000, 0x0000000100000000)
  region size 1024K, 36 young (36864K), 36 survivors (36864K)
 Metaspace       used 136266K, committed 137280K, reserved 1179648K
  class space    used 18243K, committed 18752K, reserved 1048576K
}
Event: 622.020 GC heap before
{Heap before GC invocations=144 (full 1):
 garbage-first heap   total 1048576K, used 1003757K [0x00000000c0000000, 0x0000000100000000)
  region size 1024K, 515 young (527360K), 36 survivors (36864K)
 Metaspace       used 136399K, committed 137408K, reserved 1179648K
  class space    used 18262K, committed 18752K, reserved 1048576K
}
Event: 622.465 GC heap after
{Heap after GC invocations=145 (full 1):
 garbage-first heap   total 1048576K, used 988126K [0x00000000c0000000, 0x0000000100000000)
  region size 1024K, 37 young (37888K), 37 survivors (37888K)
 Metaspace       used 136399K, committed 137408K, reserved 1179648K
  class space    used 18262K, committed 18752K, reserved 1048576K
}
Event: 623.946 GC heap before
{Heap before GC invocations=145 (full 1):
 garbage-first heap   total 1048576K, used 1028062K [0x00000000c0000000, 0x0000000100000000)
  region size 1024K, 77 young (78848K), 37 survivors (37888K)
 Metaspace       used 136403K, committed 137408K, reserved 1179648K
  class space    used 18262K, committed 18752K, reserved 1048576K
}
Event: 624.003 GC heap after
{Heap after GC invocations=146 (full 1):
 garbage-first heap   total 1048576K, used 1045470K [0x00000000c0000000, 0x0000000100000000)
  region size 1024K, 3 young (3072K), 3 survivors (3072K)
 Metaspace       used 136403K, committed 137408K, reserved 1179648K
  class space    used 18262K, committed 18752K, reserved 1048576K
}
Event: 624.162 GC heap before
{Heap before GC invocations=146 (full 1):
 garbage-first heap   total 1048576K, used 1047518K [0x00000000c0000000, 0x0000000100000000)
  region size 1024K, 4 young (4096K), 3 survivors (3072K)
 Metaspace       used 136403K, committed 137408K, reserved 1179648K
  class space    used 18262K, committed 18752K, reserved 1048576K
}
Event: 624.205 GC heap after
{Heap after GC invocations=147 (full 1):
 garbage-first heap   total 1048576K, used 1047518K [0x00000000c0000000, 0x0000000100000000)
  region size 1024K, 0 young (0K), 0 survivors (0K)
 Metaspace       used 136403K, committed 137408K, reserved 1179648K
  class space    used 18262K, committed 18752K, reserved 1048576K
}
Event: 624.205 GC heap before
{Heap before GC invocations=147 (full 1):
 garbage-first heap   total 1048576K, used 1047518K [0x00000000c0000000, 0x0000000100000000)
  region size 1024K, 0 young (0K), 0 survivors (0K)
 Metaspace       used 136403K, committed 137408K, reserved 1179648K
  class space    used 18262K, committed 18752K, reserved 1048576K
}

Dll operation events (3 events):
Event: 0.036 Loaded shared library C:\Program Files\Android\Android Studio\jbr\bin\java.dll
Event: 0.055 Loaded shared library C:\Program Files\Android\Android Studio\jbr\bin\zip.dll
Event: 1.736 Loaded shared library C:\Program Files\Android\Android Studio\jbr\bin\verify.dll

Deoptimization events (20 events):
Event: 618.999 Thread 0x0000022672a01880 DEOPT PACKING pc=0x000002265dd63da8 sp=0x000000e0e91fd680
Event: 618.999 Thread 0x0000022672a01880 DEOPT UNPACKING pc=0x000002265ceb43a2 sp=0x000000e0e91fd590 mode 2
Event: 619.091 Thread 0x0000022672a01880 Uncommon trap: trap_request=0xffffffc6 fr.pc=0x000002265d5e949c relative=0x0000000000000fdc
Event: 619.091 Thread 0x0000022672a01880 Uncommon trap: reason=bimorphic_or_optimized_type_check action=maybe_recompile pc=0x000002265d5e949c method=com.android.tools.r8.internal.v42.a(Lcom/android/tools/r8/graph/hc;Lcom/android/tools/r8/graph/dd;)V @ 259 c2
Event: 619.091 Thread 0x0000022672a01880 DEOPT PACKING pc=0x000002265d5e949c sp=0x000000e0e91fd6f0
Event: 619.091 Thread 0x0000022672a01880 DEOPT UNPACKING pc=0x000002265ceb43a2 sp=0x000000e0e91fd6b8 mode 2
Event: 619.092 Thread 0x0000022672a01880 Uncommon trap: trap_request=0xffffffc6 fr.pc=0x000002265d5e949c relative=0x0000000000000fdc
Event: 619.092 Thread 0x0000022672a01880 Uncommon trap: reason=bimorphic_or_optimized_type_check action=maybe_recompile pc=0x000002265d5e949c method=com.android.tools.r8.internal.v42.a(Lcom/android/tools/r8/graph/hc;Lcom/android/tools/r8/graph/dd;)V @ 259 c2
Event: 619.092 Thread 0x0000022672a01880 DEOPT PACKING pc=0x000002265d5e949c sp=0x000000e0e91fd6f0
Event: 619.092 Thread 0x0000022672a01880 DEOPT UNPACKING pc=0x000002265ceb43a2 sp=0x000000e0e91fd6b8 mode 2
Event: 619.094 Thread 0x0000022672a01880 Uncommon trap: trap_request=0xffffffc6 fr.pc=0x000002265d5e949c relative=0x0000000000000fdc
Event: 619.094 Thread 0x0000022672a01880 Uncommon trap: reason=bimorphic_or_optimized_type_check action=maybe_recompile pc=0x000002265d5e949c method=com.android.tools.r8.internal.v42.a(Lcom/android/tools/r8/graph/hc;Lcom/android/tools/r8/graph/dd;)V @ 259 c2
Event: 619.094 Thread 0x0000022672a01880 DEOPT PACKING pc=0x000002265d5e949c sp=0x000000e0e91fd6f0
Event: 619.094 Thread 0x0000022672a01880 DEOPT UNPACKING pc=0x000002265ceb43a2 sp=0x000000e0e91fd6b8 mode 2
Event: 619.147 Thread 0x0000022672a01880 Uncommon trap: trap_request=0xffffffc6 fr.pc=0x000002265d5e949c relative=0x0000000000000fdc
Event: 619.147 Thread 0x0000022672a01880 Uncommon trap: reason=bimorphic_or_optimized_type_check action=maybe_recompile pc=0x000002265d5e949c method=com.android.tools.r8.internal.v42.a(Lcom/android/tools/r8/graph/hc;Lcom/android/tools/r8/graph/dd;)V @ 259 c2
Event: 619.147 Thread 0x0000022672a01880 DEOPT PACKING pc=0x000002265d5e949c sp=0x000000e0e91fd6f0
Event: 619.147 Thread 0x0000022672a01880 DEOPT UNPACKING pc=0x000002265ceb43a2 sp=0x000000e0e91fd6b8 mode 2
Event: 623.322 Thread 0x0000022672a01880 DEOPT PACKING pc=0x0000022656580fd9 sp=0x000000e0e91fd630
Event: 623.322 Thread 0x0000022672a01880 DEOPT UNPACKING pc=0x000002265ceb4b42 sp=0x000000e0e91fcb68 mode 0

Classes loaded (20 events):
Event: 570.796 Loading class java/util/concurrent/ConcurrentHashMap$KeySpliterator
Event: 570.803 Loading class java/util/concurrent/ConcurrentHashMap$KeySpliterator done
Event: 586.107 Loading class java/util/IdentityHashMap$EntrySpliterator
Event: 586.111 Loading class java/util/IdentityHashMap$IdentityHashMapSpliterator
Event: 586.113 Loading class java/util/IdentityHashMap$IdentityHashMapSpliterator done
Event: 586.113 Loading class java/util/IdentityHashMap$EntrySpliterator done
Event: 586.115 Loading class java/util/stream/SortedOps$RefSortingSink
Event: 586.116 Loading class java/util/stream/SortedOps$RefSortingSink done
Event: 586.167 Loading class java/util/SortedSet$1
Event: 586.170 Loading class java/util/SortedSet$1 done
Event: 586.171 Loading class java/util/stream/SliceOps
Event: 586.179 Loading class java/util/stream/SliceOps done
Event: 586.179 Loading class java/util/stream/SliceOps$1
Event: 586.179 Loading class java/util/stream/SliceOps$1 done
Event: 586.180 Loading class java/util/stream/SliceOps$1$1
Event: 586.181 Loading class java/util/stream/SliceOps$1$1 done
Event: 586.541 Loading class java/util/concurrent/ConcurrentHashMap$TreeNode
Event: 586.554 Loading class java/util/concurrent/ConcurrentHashMap$TreeNode done
Event: 586.554 Loading class java/util/concurrent/ConcurrentHashMap$TreeBin
Event: 586.556 Loading class java/util/concurrent/ConcurrentHashMap$TreeBin done

Classes unloaded (20 events):
Event: 582.941 Thread 0x000002265044f7c0 Unloading class 0x0000000100378400 'java/lang/invoke/LambdaForm$MH+0x0000000100378400'
Event: 582.941 Thread 0x000002265044f7c0 Unloading class 0x0000000100378000 'java/lang/invoke/LambdaForm$MH+0x0000000100378000'
Event: 582.941 Thread 0x000002265044f7c0 Unloading class 0x000000010033c400 'java/lang/invoke/LambdaForm$MH+0x000000010033c400'
Event: 582.941 Thread 0x000002265044f7c0 Unloading class 0x00000001002d1c00 'java/lang/invoke/LambdaForm$MH+0x00000001002d1c00'
Event: 582.941 Thread 0x000002265044f7c0 Unloading class 0x00000001002d1800 'java/lang/invoke/LambdaForm$MH+0x00000001002d1800'
Event: 582.941 Thread 0x000002265044f7c0 Unloading class 0x00000001002a9400 'java/lang/invoke/LambdaForm$MH+0x00000001002a9400'
Event: 582.941 Thread 0x000002265044f7c0 Unloading class 0x00000001002a8400 'java/lang/invoke/LambdaForm$MH+0x00000001002a8400'
Event: 582.941 Thread 0x000002265044f7c0 Unloading class 0x0000000100211000 'java/lang/invoke/LambdaForm$MH+0x0000000100211000'
Event: 582.941 Thread 0x000002265044f7c0 Unloading class 0x00000001001d6800 'java/lang/invoke/LambdaForm$MH+0x00000001001d6800'
Event: 582.941 Thread 0x000002265044f7c0 Unloading class 0x00000001001d5800 'java/lang/invoke/LambdaForm$MH+0x00000001001d5800'
Event: 582.941 Thread 0x000002265044f7c0 Unloading class 0x00000001001d5400 'java/lang/invoke/LambdaForm$MH+0x00000001001d5400'
Event: 582.941 Thread 0x000002265044f7c0 Unloading class 0x00000001001d4c00 'java/lang/invoke/LambdaForm$MH+0x00000001001d4c00'
Event: 582.941 Thread 0x000002265044f7c0 Unloading class 0x00000001001cdc00 'java/lang/invoke/LambdaForm$MH+0x00000001001cdc00'
Event: 582.941 Thread 0x000002265044f7c0 Unloading class 0x0000000100180800 'java/lang/invoke/LambdaForm$MH+0x0000000100180800'
Event: 582.941 Thread 0x000002265044f7c0 Unloading class 0x0000000100180400 'java/lang/invoke/LambdaForm$MH+0x0000000100180400'
Event: 582.941 Thread 0x000002265044f7c0 Unloading class 0x0000000100124000 'java/lang/invoke/LambdaForm$DMH+0x0000000100124000'
Event: 582.941 Thread 0x000002265044f7c0 Unloading class 0x00000001000d8400 'java/lang/invoke/LambdaForm$MH+0x00000001000d8400'
Event: 582.941 Thread 0x000002265044f7c0 Unloading class 0x0000000100000400 'java/lang/invoke/LambdaForm$MH+0x0000000100000400'
Event: 609.165 Thread 0x000002265044f7c0 Unloading class 0x0000000100583000 'java/lang/invoke/LambdaForm$DMH+0x0000000100583000'
Event: 609.165 Thread 0x000002265044f7c0 Unloading class 0x0000000100dbf400 'java/lang/invoke/LambdaForm$DMH+0x0000000100dbf400'

Classes redefined (0 events):
No events

Internal exceptions (20 events):
Event: 586.179 Thread 0x0000022672afcc30 Exception <a 'java/lang/NoSuchMethodError'{0x00000000fbd1abd8}: 'void java.lang.invoke.DirectMethodHandle$Holder.invokeStatic(java.lang.Object, java.lang.Object, java.lang.Object, java.lang.Object, java.lang.Object, java.lang.Object, java.lang.Object, java.lang.Object)'> (0x00000000fbd1abd8) 
thrown [s\src\hotspot\share\interpreter\linkResolver.cpp, line 784]
Event: 595.804 Thread 0x000002266f037010 Exception <a 'sun/nio/fs/WindowsException'{0x00000000f8682cf8}> (0x00000000f8682cf8) 
thrown [s\src\hotspot\share\prims\jni.cpp, line 537]
Event: 595.814 Thread 0x000002266f037010 Exception <a 'sun/nio/fs/WindowsException'{0x00000000f6913b20}> (0x00000000f6913b20) 
thrown [s\src\hotspot\share\prims\jni.cpp, line 537]
Event: 596.268 Thread 0x000002266f037010 Exception <a 'sun/nio/fs/WindowsException'{0x00000000f6915788}> (0x00000000f6915788) 
thrown [s\src\hotspot\share\prims\jni.cpp, line 537]
Event: 596.323 Thread 0x000002266f037010 Exception <a 'sun/nio/fs/WindowsException'{0x00000000f4280ed0}> (0x00000000f4280ed0) 
thrown [s\src\hotspot\share\prims\jni.cpp, line 537]
Event: 596.324 Thread 0x000002266f037010 Exception <a 'sun/nio/fs/WindowsException'{0x00000000f4282b18}> (0x00000000f4282b18) 
thrown [s\src\hotspot\share\prims\jni.cpp, line 537]
Event: 596.340 Thread 0x000002266f037010 Exception <a 'sun/nio/fs/WindowsException'{0x00000000f428a948}> (0x00000000f428a948) 
thrown [s\src\hotspot\share\prims\jni.cpp, line 537]
Event: 605.638 Thread 0x000002266f037010 Exception <a 'sun/nio/fs/WindowsException'{0x00000000fa980168}> (0x00000000fa980168) 
thrown [s\src\hotspot\share\prims\jni.cpp, line 537]
Event: 605.644 Thread 0x000002266f037010 Exception <a 'sun/nio/fs/WindowsException'{0x00000000fa810900}> (0x00000000fa810900) 
thrown [s\src\hotspot\share\prims\jni.cpp, line 537]
Event: 605.645 Thread 0x000002266f037010 Exception <a 'sun/nio/fs/WindowsException'{0x00000000fa7011d8}> (0x00000000fa7011d8) 
thrown [s\src\hotspot\share\prims\jni.cpp, line 537]
Event: 605.647 Thread 0x000002266f037010 Exception <a 'sun/nio/fs/WindowsException'{0x00000000fa680b18}> (0x00000000fa680b18) 
thrown [s\src\hotspot\share\prims\jni.cpp, line 537]
Event: 605.648 Thread 0x000002266f037010 Exception <a 'sun/nio/fs/WindowsException'{0x00000000fa682760}> (0x00000000fa682760) 
thrown [s\src\hotspot\share\prims\jni.cpp, line 537]
Event: 605.651 Thread 0x000002266f037010 Exception <a 'sun/nio/fs/WindowsException'{0x00000000fa68a848}> (0x00000000fa68a848) 
thrown [s\src\hotspot\share\prims\jni.cpp, line 537]
Event: 612.401 Thread 0x0000022672a01880 Exception <a 'java/lang/NoSuchMethodError'{0x00000000eeb0b978}: 'java.lang.Object java.lang.invoke.DirectMethodHandle$Holder.invokeSpecial(java.lang.Object, java.lang.Object, java.lang.Object, java.lang.Object, java.lang.Object, java.lang.Object, int)'> (0x00000000eeb0b978) 
thrown [s\src\hotspot\share\interpreter\linkResolver.cpp, line 784]
Event: 615.657 Thread 0x000002266f037010 Exception <a 'sun/nio/fs/WindowsException'{0x00000000ff682f70}> (0x00000000ff682f70) 
thrown [s\src\hotspot\share\prims\jni.cpp, line 537]
Event: 615.662 Thread 0x000002266f037010 Exception <a 'sun/nio/fs/WindowsException'{0x00000000ff69ba48}> (0x00000000ff69ba48) 
thrown [s\src\hotspot\share\prims\jni.cpp, line 537]
Event: 615.662 Thread 0x000002266f037010 Exception <a 'sun/nio/fs/WindowsException'{0x00000000ff69d6b0}> (0x00000000ff69d6b0) 
thrown [s\src\hotspot\share\prims\jni.cpp, line 537]
Event: 615.664 Thread 0x000002266f037010 Exception <a 'sun/nio/fs/WindowsException'{0x00000000ff505550}> (0x00000000ff505550) 
thrown [s\src\hotspot\share\prims\jni.cpp, line 537]
Event: 615.664 Thread 0x000002266f037010 Exception <a 'sun/nio/fs/WindowsException'{0x00000000ff507198}> (0x00000000ff507198) 
thrown [s\src\hotspot\share\prims\jni.cpp, line 537]
Event: 615.668 Thread 0x000002266f037010 Exception <a 'sun/nio/fs/WindowsException'{0x00000000ff50f480}> (0x00000000ff50f480) 
thrown [s\src\hotspot\share\prims\jni.cpp, line 537]

ZGC Phase Switch (0 events):
No events

VM Operations (20 events):
Event: 617.623 Executing VM operation: Cleanup done
Event: 617.743 Executing VM operation: HandshakeAllThreads (Deoptimize)
Event: 617.744 Executing VM operation: HandshakeAllThreads (Deoptimize) done
Event: 618.044 Executing VM operation: HandshakeAllThreads (Deoptimize)
Event: 618.045 Executing VM operation: HandshakeAllThreads (Deoptimize) done
Event: 618.800 Executing VM operation: HandshakeAllThreads (Deoptimize)
Event: 618.801 Executing VM operation: HandshakeAllThreads (Deoptimize) done
Event: 618.801 Executing VM operation: Cleanup
Event: 618.801 Executing VM operation: Cleanup done
Event: 619.050 Executing VM operation: ICBufferFull
Event: 619.050 Executing VM operation: ICBufferFull done
Event: 620.254 Executing VM operation: ICBufferFull
Event: 620.254 Executing VM operation: ICBufferFull done
Event: 622.019 Executing VM operation: G1CollectForAllocation (G1 Evacuation Pause)
Event: 622.465 Executing VM operation: G1CollectForAllocation (G1 Evacuation Pause) done
Event: 623.483 Executing VM operation: Cleanup
Event: 623.494 Executing VM operation: Cleanup done
Event: 623.946 Executing VM operation: G1TryInitiateConcMark (G1 Humongous Allocation)
Event: 624.004 Executing VM operation: G1TryInitiateConcMark (G1 Humongous Allocation) done
Event: 624.144 Executing VM operation: G1CollectForAllocation (G1 Evacuation Pause)

Memory protections (0 events):
No events

Nmethod flushes (20 events):
Event: 614.945 Thread 0x000002265044f7c0 flushing  nmethod 0x0000022655e41b90
Event: 614.945 Thread 0x000002265044f7c0 flushing  nmethod 0x0000022655ec6990
Event: 614.945 Thread 0x000002265044f7c0 flushing  nmethod 0x0000022655f1da10
Event: 614.945 Thread 0x000002265044f7c0 flushing  nmethod 0x0000022656264810
Event: 614.945 Thread 0x000002265044f7c0 flushing  nmethod 0x00000226566bb310
Event: 614.945 Thread 0x000002265044f7c0 flushing  nmethod 0x000002265dbd9a10
Event: 614.945 Thread 0x000002265044f7c0 flushing  nmethod 0x0000022655d5ed10
Event: 614.945 Thread 0x000002265044f7c0 flushing  nmethod 0x00000226562b9110
Event: 614.945 Thread 0x000002265044f7c0 flushing  nmethod 0x00000226563f0590
Event: 614.945 Thread 0x000002265044f7c0 flushing  nmethod 0x00000226559a4f10
Event: 614.945 Thread 0x000002265044f7c0 flushing  nmethod 0x00000226559a8390
Event: 614.945 Thread 0x000002265044f7c0 flushing  nmethod 0x00000226559a8c90
Event: 614.945 Thread 0x000002265044f7c0 flushing  nmethod 0x0000022655af8490
Event: 614.945 Thread 0x000002265044f7c0 flushing  nmethod 0x0000022655d41f90
Event: 614.945 Thread 0x000002265044f7c0 flushing  nmethod 0x0000022655e2b890
Event: 614.945 Thread 0x000002265044f7c0 flushing  nmethod 0x0000022655a3b710
Event: 614.945 Thread 0x000002265044f7c0 flushing  nmethod 0x0000022655efa910
Event: 614.945 Thread 0x000002265044f7c0 flushing  nmethod 0x0000022655ffda10
Event: 614.945 Thread 0x000002265044f7c0 flushing  nmethod 0x000002265663a610
Event: 614.945 Thread 0x000002265044f7c0 flushing  nmethod 0x0000022656c82710

Events (20 events):
Event: 477.877 Thread 0x0000022670dadd90 Thread added: 0x000002266ea54480
Event: 477.878 Thread 0x0000022670dadd90 Thread added: 0x000002266ea54b10
Event: 481.497 Thread 0x0000022672a032c0 Thread exited: 0x0000022672a032c0
Event: 495.296 Thread 0x0000022670dadd90 Thread added: 0x0000022672af48f0
Event: 498.209 Thread 0x0000022670dadd90 Thread added: 0x0000022672af5ca0
Event: 500.236 Thread 0x000002266fbcad30 Thread exited: 0x000002266fbcad30
Event: 507.131 Thread 0x0000022672a01880 Thread added: 0x0000022672afd950
Event: 507.132 Thread 0x0000022672a01880 Thread added: 0x0000022672afd2c0
Event: 507.133 Thread 0x0000022672a01880 Thread added: 0x0000022672afcc30
Event: 507.134 Thread 0x0000022672a01880 Thread added: 0x0000022672affa20
Event: 507.139 Thread 0x0000022672a01880 Thread added: 0x0000022672afc5a0
Event: 507.140 Thread 0x0000022672a01880 Thread added: 0x0000022672b00740
Event: 507.141 Thread 0x0000022672afd2c0 Thread added: 0x0000022672b000b0
Event: 507.146 Thread 0x0000022672afc5a0 Thread added: 0x0000022672b00dd0
Event: 534.152 Thread 0x000002266d06fba0 Thread added: 0x0000022673383b00
Event: 542.034 Thread 0x0000022673383b00 Thread exited: 0x0000022673383b00
Event: 559.849 Thread 0x000002266ea551a0 Thread exited: 0x000002266ea551a0
Event: 569.740 Thread 0x000002266d06fba0 Thread added: 0x0000022673382d60
Event: 585.211 Thread 0x0000022673382d60 Thread exited: 0x0000022673382d60
Event: 605.117 Thread 0x000002266d06fba0 Thread added: 0x00000226733841d0


Dynamic libraries:
0x00007ff749fb0000 - 0x00007ff749fba000 	C:\Program Files\Android\Android Studio\jbr\bin\java.exe
0x00007ffba7f40000 - 0x00007ffba81a7000 	C:\WINDOWS\SYSTEM32\ntdll.dll
0x00007ffba6070000 - 0x00007ffba613b000 	C:\WINDOWS\System32\KERNEL32.DLL
0x00007ffba5490000 - 0x00007ffba5892000 	C:\WINDOWS\System32\KERNELBASE.dll
0x00007ffba5140000 - 0x00007ffba528c000 	C:\WINDOWS\System32\ucrtbase.dll
0x00007ffb98120000 - 0x00007ffb98138000 	C:\Program Files\Android\Android Studio\jbr\bin\jli.dll
0x00007ffb71ff0000 - 0x00007ffb7200b000 	C:\Program Files\Android\Android Studio\jbr\bin\VCRUNTIME140.dll
0x00007ffba5e00000 - 0x00007ffba5fcf000 	C:\WINDOWS\System32\USER32.dll
0x00007ffba59e0000 - 0x00007ffba5a07000 	C:\WINDOWS\System32\win32u.dll
0x00007ffba5d80000 - 0x00007ffba5dab000 	C:\WINDOWS\System32\GDI32.dll
0x00007ffb8ec40000 - 0x00007ffb8eed0000 	C:\WINDOWS\WinSxS\amd64_microsoft.windows.common-controls_6595b64144ccf1df_6.0.26100.9278_none_3e0d1ba8e3303201\COMCTL32.dll
0x00007ffba52a0000 - 0x00007ffba53c9000 	C:\WINDOWS\System32\gdi32full.dll
0x00007ffba5930000 - 0x00007ffba59d3000 	C:\WINDOWS\System32\msvcp_win.dll
0x00007ffba6840000 - 0x00007ffba68e9000 	C:\WINDOWS\System32\msvcrt.dll
0x00007ffba5dc0000 - 0x00007ffba5df1000 	C:\WINDOWS\System32\IMM32.DLL
0x00007ffb96fe0000 - 0x00007ffb96fec000 	C:\Program Files\Android\Android Studio\jbr\bin\vcruntime140_1.dll
0x00007ffb4bc80000 - 0x00007ffb4bd0d000 	C:\Program Files\Android\Android Studio\jbr\bin\msvcp140.dll
0x00007ffb06370000 - 0x00007ffb07006000 	C:\Program Files\Android\Android Studio\jbr\bin\server\jvm.dll
0x00007ffba66f0000 - 0x00007ffba67ac000 	C:\WINDOWS\System32\ADVAPI32.dll
0x00007ffba7e30000 - 0x00007ffba7ed9000 	C:\WINDOWS\System32\sechost.dll
0x00007ffba5c60000 - 0x00007ffba5d78000 	C:\WINDOWS\System32\RPCRT4.dll
0x00007ffba7090000 - 0x00007ffba7110000 	C:\WINDOWS\System32\WS2_32.dll
0x00007ffba4f90000 - 0x00007ffba4fee000 	C:\WINDOWS\SYSTEM32\POWRPROF.dll
0x00007ffb983b0000 - 0x00007ffb983e6000 	C:\WINDOWS\SYSTEM32\WINMM.dll
0x00007ffb93ff0000 - 0x00007ffb93ffb000 	C:\WINDOWS\SYSTEM32\VERSION.dll
0x00007ffba4f70000 - 0x00007ffba4f85000 	C:\WINDOWS\SYSTEM32\UMPDC.dll
0x00007ffba3dd0000 - 0x00007ffba3deb000 	C:\WINDOWS\SYSTEM32\kernel.appcore.dll
0x00007ffb84600000 - 0x00007ffb8460a000 	C:\Program Files\Android\Android Studio\jbr\bin\jimage.dll
0x00007ffba2480000 - 0x00007ffba26cc000 	C:\WINDOWS\SYSTEM32\DBGHELP.DLL
0x00007ffba7950000 - 0x00007ffba7cd5000 	C:\WINDOWS\System32\combase.dll
0x00007ffba62c0000 - 0x00007ffba6399000 	C:\WINDOWS\System32\OLEAUT32.dll
0x00007ffb8c4f0000 - 0x00007ffb8c52b000 	C:\WINDOWS\SYSTEM32\dbgcore.DLL
0x00007ffba5a10000 - 0x00007ffba5abc000 	C:\WINDOWS\System32\bcryptPrimitives.dll
0x00007ffb933d0000 - 0x00007ffb933de000 	C:\Program Files\Android\Android Studio\jbr\bin\instrument.dll
0x00007ffb490a0000 - 0x00007ffb490c0000 	C:\Program Files\Android\Android Studio\jbr\bin\java.dll
0x00007ffb3fb20000 - 0x00007ffb3fb38000 	C:\Program Files\Android\Android Studio\jbr\bin\zip.dll
0x00007ffba68f0000 - 0x00007ffba7088000 	C:\WINDOWS\System32\SHELL32.dll
0x00007ffba2b60000 - 0x00007ffba340e000 	C:\WINDOWS\SYSTEM32\windows.storage.dll
0x00007ffba7d30000 - 0x00007ffba7e2b000 	C:\WINDOWS\System32\SHCORE.dll
0x00007ffba67d0000 - 0x00007ffba6836000 	C:\WINDOWS\System32\shlwapi.dll
0x00007ffba5060000 - 0x00007ffba5089000 	C:\WINDOWS\SYSTEM32\profapi.dll
0x00007ffb82740000 - 0x00007ffb82750000 	C:\Program Files\Android\Android Studio\jbr\bin\net.dll
0x00007ffb9d7d0000 - 0x00007ffb9d8fa000 	C:\WINDOWS\SYSTEM32\WINHTTP.dll
0x00007ffba4370000 - 0x00007ffba43dc000 	C:\WINDOWS\system32\mswsock.dll
0x00007ffb39840000 - 0x00007ffb39856000 	C:\Program Files\Android\Android Studio\jbr\bin\nio.dll
0x00007ffb668e0000 - 0x00007ffb668f0000 	C:\Program Files\Android\Android Studio\jbr\bin\verify.dll
0x00007ffb4bb90000 - 0x00007ffb4bbb7000 	C:\Users\LENOVO\.gradle\native\1def1411415f61bf3af743bc5b6707747c0891f09f0c88961ee8f79bc544acac\windows-amd64\native-platform.dll
0x00007ffb06220000 - 0x00007ffb06298000 	C:\Users\LENOVO\.gradle\native\0.2.7\x86_64-windows-gnu\gradle-fileevents.dll
0x00007ffb97a30000 - 0x00007ffb97a39000 	C:\Program Files\Android\Android Studio\jbr\bin\management.dll
0x00007ffb867f0000 - 0x00007ffb867fb000 	C:\Program Files\Android\Android Studio\jbr\bin\management_ext.dll
0x00007ffba5db0000 - 0x00007ffba5db8000 	C:\WINDOWS\System32\PSAPI.DLL
0x00007ffba3780000 - 0x00007ffba37b3000 	C:\WINDOWS\SYSTEM32\IPHLPAPI.DLL
0x00007ffba7120000 - 0x00007ffba712a000 	C:\WINDOWS\System32\NSI.dll
0x00007ffb9c430000 - 0x00007ffb9c439000 	C:\Program Files\Android\Android Studio\jbr\bin\extnet.dll
0x00007ffba4790000 - 0x00007ffba47ab000 	C:\WINDOWS\SYSTEM32\CRYPTSP.dll
0x00007ffba3d30000 - 0x00007ffba3d69000 	C:\WINDOWS\system32\rsaenh.dll
0x00007ffba4420000 - 0x00007ffba4454000 	C:\WINDOWS\SYSTEM32\USERENV.dll
0x00007ffba5030000 - 0x00007ffba505a000 	C:\WINDOWS\SYSTEM32\bcrypt.dll
0x00007ffba45d0000 - 0x00007ffba45dc000 	C:\WINDOWS\SYSTEM32\CRYPTBASE.dll
0x00007ffb7b120000 - 0x00007ffb7b128000 	C:\WINDOWS\system32\wshunix.dll
0x00007ffb814d0000 - 0x00007ffb814e8000 	C:\WINDOWS\system32\napinsp.dll
0x00007ffba3810000 - 0x00007ffba3968000 	C:\WINDOWS\SYSTEM32\DNSAPI.dll
0x00007ffba4190000 - 0x00007ffba419d000 	C:\WINDOWS\SYSTEM32\DSPARSE.dll
0x00007ffb814b0000 - 0x00007ffb814c3000 	C:\WINDOWS\System32\winrnr.dll
0x00007ffb81480000 - 0x00007ffb814a7000 	C:\WINDOWS\system32\nlansp_c.dll
0x00007ffb98390000 - 0x00007ffb983a6000 	C:\WINDOWS\system32\wshbth.dll
0x00007ffb9e120000 - 0x00007ffb9e12b000 	C:\Windows\System32\rasadhlp.dll
0x00007ffb9e8c0000 - 0x00007ffb9e946000 	C:\WINDOWS\System32\fwpuclnt.dll
0x00007ffb933b0000 - 0x00007ffb933b7000 	C:\Program Files\Android\Android Studio\jbr\bin\rmi.dll

JVMTI agents:
C:\Users\LENOVO\.gradle\wrapper\dists\gradle-8.14-bin\38aieal9i53h9rfe7vjup95b9\gradle-8.14\lib\agents\gradle-instrumentation-agent-8.14.jar path:C:\Program Files\Android\Android Studio\jbr\bin\instrument.dll, loaded, initialized, instrumentlib options:none

dbghelp: loaded successfully - version: 4.0.5 - missing functions: none
symbol engine: initialized successfully - sym options: 0x614 - pdb path: .;C:\Program Files\Android\Android Studio\jbr\bin;C:\WINDOWS\SYSTEM32;C:\WINDOWS\WinSxS\amd64_microsoft.windows.common-controls_6595b64144ccf1df_6.0.26100.9278_none_3e0d1ba8e3303201;C:\Program Files\Android\Android Studio\jbr\bin\server;C:\Users\LENOVO\.gradle\native\1def1411415f61bf3af743bc5b6707747c0891f09f0c88961ee8f79bc544acac\windows-amd64;C:\Users\LENOVO\.gradle\native\0.2.7\x86_64-windows-gnu

VM Arguments:
jvm_args: --add-opens=java.base/java.lang=ALL-UNNAMED --add-opens=java.base/java.lang.invoke=ALL-UNNAMED --add-opens=java.base/java.util=ALL-UNNAMED --add-opens=java.prefs/java.util.prefs=ALL-UNNAMED --add-exports=jdk.compiler/com.sun.tools.javac.api=ALL-UNNAMED --add-exports=jdk.compiler/com.sun.tools.javac.util=ALL-UNNAMED --add-opens=java.base/java.util=ALL-UNNAMED --add-opens=java.prefs/java.util.prefs=ALL-UNNAMED --add-opens=java.base/java.nio.charset=ALL-UNNAMED --add-opens=java.base/java.net=ALL-UNNAMED --add-opens=java.base/java.util.concurrent.atomic=ALL-UNNAMED --add-opens=java.xml/javax.xml.namespace=ALL-UNNAMED -Xmx1024m -Dfile.encoding=UTF-8 -Duser.country=US -Duser.language=en -Duser.variant -javaagent:C:\Users\LENOVO\.gradle\wrapper\dists\gradle-8.14-bin\38aieal9i53h9rfe7vjup95b9\gradle-8.14\lib\agents\gradle-instrumentation-agent-8.14.jar 
java_command: org.gradle.launcher.daemon.bootstrap.GradleDaemon 8.14
java_class_path (initial): C:\Users\LENOVO\.gradle\wrapper\dists\gradle-8.14-bin\38aieal9i53h9rfe7vjup95b9\gradle-8.14\lib\gradle-daemon-main-8.14.jar
Launcher Type: SUN_STANDARD

[Global flags]
     intx CICompilerCount                          = 4                                         {product} {ergonomic}
     uint ConcGCThreads                            = 2                                         {product} {ergonomic}
     uint G1ConcRefinementThreads                  = 8                                         {product} {ergonomic}
   size_t G1HeapRegionSize                         = 1048576                                   {product} {ergonomic}
    uintx GCDrainStackTargetSize                   = 64                                        {product} {ergonomic}
   size_t InitialHeapSize                          = 98566144                                  {product} {ergonomic}
   size_t MarkStackSize                            = 4194304                                   {product} {ergonomic}
   size_t MaxHeapSize                              = 1073741824                                {product} {command line}
   size_t MaxNewSize                               = 643825664                                 {product} {ergonomic}
   size_t MinHeapDeltaBytes                        = 1048576                                   {product} {ergonomic}
   size_t MinHeapSize                              = 8388608                                   {product} {ergonomic}
    uintx NonNMethodCodeHeapSize                   = 5839372                                {pd product} {ergonomic}
    uintx NonProfiledCodeHeapSize                  = 122909434                              {pd product} {ergonomic}
    uintx ProfiledCodeHeapSize                     = 122909434                              {pd product} {ergonomic}
    uintx ReservedCodeCacheSize                    = 251658240                              {pd product} {ergonomic}
     bool SegmentedCodeCache                       = true                                      {product} {ergonomic}
   size_t SoftMaxHeapSize                          = 1073741824                             {manageable} {ergonomic}
     bool UseCompressedOops                        = true                           {product lp64_product} {ergonomic}
     bool UseG1GC                                  = true                                      {product} {ergonomic}
     bool UseLargePagesIndividualAllocation        = false                                  {pd product} {ergonomic}

Logging:
Log output configuration:
 #0: stdout all=warning uptime,level,tags foldmultilines=false
 #1: stderr all=off uptime,level,tags foldmultilines=false

Release file:
JAVA_VERSION="21.0.9" 
MODULES="java.base java.compiler java.datatransfer java.xml java.prefs java.desktop java.instrument java.logging java.management java.security.sasl java.naming java.rmi java.management.rmi java.net.http java.scripting java.security.jgss java.transaction.xa java.sql java.sql.rowset java.xml.crypto java.se java.smartcardio jdk.accessibility jdk.internal.jvmstat jdk.attach jdk.charsets jdk.internal.opt jdk.zipfs jdk.compiler jdk.crypto.ec jdk.crypto.cryptoki jdk.dynalink jdk.hotspot.agent jdk.httpserver jdk.internal.ed jdk.internal.le jdk.internal.vm.ci jdk.jartool jdk.javadoc jdk.jcmd jdk.jdeps jdk.jdwp.agent jdk.jdi jdk.jfr jdk.jlink jdk.jsobject jdk.localedata jdk.management jdk.management.agent jdk.management.jfr jdk.naming.dns jdk.naming.rmi jdk.net jdk.sctp jdk.security.auth jdk.security.jgss jdk.unsupported jdk.unsupported.desktop jdk.xml.dom" 
IMPLEMENTOR="JetBrains s.r.o." 
JAVA_RUNTIME_VERSION="21.0.9+-14787801-b1163.94" 
LIBC="default" 
OS_ARCH="x86_64" 
OS_NAME="Windows" 
SOURCE=".:git:0c757ddc9f2f" 

Environment Variables:
JAVA_HOME=C:\Program Files\Android\Android Studio\jbr
PATH=C:\WINDOWS\system32;C:\WINDOWS;C:\WINDOWS\System32\Wbem;C:\WINDOWS\System32\WindowsPowerShell\v1.0\;C:\WINDOWS\System32\OpenSSH\;C:\Program Files\Docker\Docker\resources\bin;C:\Program Files\nodejs\;C:\Program Files\Git\cmd;C:\Users\LENOVO\AppData\Local\Programs\Python\Python312\Scripts\;C:\Users\LENOVO\AppData\Local\Programs\Python\Python312\;C:\Users\LENOVO\AppData\Local\Programs\Python\Launcher\;C:\Users\LENOVO\AppData\Local\Programs\Python\Python314\Scripts\;C:\Users\LENOVO\AppData\Local\Programs\Python\Python314\;C:\Users\LENOVO\AppData\Local\Microsoft\WindowsApps;C:\Users\LENOVO\AppData\Local\Programs\Antigravity\bin;C:\Users\LENOVO\AppData\Roaming\npm;C:\ScrcpyLauncher by praveen;C:\Users\LENOVO\AppData\Local\PowerToys\DSCModules\;C:\Users\LENOVO\AppData\Local\Programs\Antigravity IDE\bin
USERNAME=LENOVO
OS=Windows_NT
PROCESSOR_IDENTIFIER=AMD64 Family 23 Model 160 Stepping 0, AuthenticAMD
TMP=C:\Users\LENOVO\AppData\Local\Temp
TEMP=C:\Users\LENOVO\AppData\Local\Temp




Periodic native trim disabled

JNI global refs:
JNI global refs: 29, weak refs: 520

JNI global refs memory usage: 835, weak refs: 5953

Process memory usage:
Resident Set Size: 363392K (5% of 6108668K total physical memory with 4952K free physical memory)

OOME stack traces (most recent first):
Classloader memory used:
Loader org.gradle.internal.classloader.VisitableURLClassLoader$InstrumentingVisitableURLClassLoader: 46887K
Loader org.gradle.internal.classloader.VisitableURLClassLoader                         : 41713K
Loader bootstrap                                                                       : 26986K
Loader jdk.internal.loader.ClassLoaders$AppClassLoader                                 : 10830K
Loader org.gradle.initialization.MixInLegacyTypesClassLoader                           : 8146K
Loader jdk.internal.reflect.DelegatingClassLoader                                      : 1060K
Loader jdk.internal.loader.ClassLoaders$PlatformClassLoader                            : 725K
Loader org.gradle.internal.classloader.VisitableURLClassLoader                         : 52800B

Classes loaded by more than one classloader:
Class com.google.common.io.LineReader                                                 : loaded 2 times (x 72B)
Class com.google.common.base.PairwiseEquivalence                                      : loaded 2 times (x 83B)
Class com.google.common.base.Equivalence$Identity                                     : loaded 2 times (x 82B)
Class com.google.common.collect.RegularImmutableMap$KeySet                            : loaded 2 times (x 152B)
Class org.gradle.internal.classloader.FilteringClassLoader                            : loaded 2 times (x 105B)
Class com.google.common.collect.SortedSetMultimap                                     : loaded 2 times (x 70B)
Class [Lcom.google.common.collect.MapMakerInternalMap$Segment;                        : loaded 2 times (x 69B)
Class com.google.common.io.FileWriteMode                                              : loaded 2 times (x 79B)
Class [Lcom.google.common.base.AbstractIterator$State;                                : loaded 2 times (x 69B)
Class com.google.common.base.CharMatcher$IsEither                                     : loaded 2 times (x 111B)
Class org.gradle.internal.classloader.ClassLoaderHierarchy                            : loaded 2 times (x 70B)
Class com.google.common.collect.ImmutableEnumSet                                      : loaded 2 times (x 146B)
Class com.google.common.util.concurrent.ExecutionError                                : loaded 2 times (x 82B)
Class com.google.common.collect.ImmutableList$1                                       : loaded 2 times (x 97B)
Class com.google.common.collect.AbstractMapBasedMultimap$WrappedCollection            : loaded 2 times (x 124B)
Class org.gradle.api.internal.classpath.ManifestUtil                                  : loaded 2 times (x 71B)
Class com.google.common.collect.RegularImmutableMap                                   : loaded 2 times (x 121B)
Class com.google.common.collect.ImmutableMap$MapViewOfValuesAsSingletonSets           : loaded 2 times (x 126B)
Class [Lorg.objectweb.asm.Symbol;                                                     : loaded 2 times (x 69B)
Class org.objectweb.asm.ClassVisitor                                                  : loaded 2 times (x 88B)
Class com.google.common.collect.UnmodifiableListIterator                              : loaded 2 times (x 95B)
Class org.objectweb.asm.MethodTooLargeException                                       : loaded 2 times (x 83B)
Class com.google.common.collect.MapMakerInternalMap$StrongKeyDummyValueEntry$LinkedStrongKeyDummyValueEntry: loaded 2 times (x 82B)
Class com.google.common.collect.MapMakerInternalMap$Strength                          : loaded 2 times (x 80B)
Class com.google.common.base.Platform$JdkPatternCompiler                              : loaded 2 times (x 75B)
Class [Lcom.google.common.cache.CacheBuilder$OneWeigher;                              : loaded 2 times (x 69B)
Class com.google.common.base.Suppliers                                                : loaded 2 times (x 71B)
Class org.gradle.internal.classloader.DefaultClassLoaderFactory                       : loaded 2 times (x 82B)
Class [Lcom.google.common.collect.AbstractIterator$State;                             : loaded 2 times (x 69B)
Class com.google.common.base.CharMatcher$None                                         : loaded 2 times (x 112B)
Class org.gradle.internal.classloader.ClassLoaderVisitor                              : loaded 2 times (x 76B)
Class [Lcom.google.common.collect.ImmutableMapEntry;                                  : loaded 2 times (x 69B)
Class org.gradle.api.internal.classpath.EffectiveClassPath                            : loaded 2 times (x 90B)
Class com.google.common.collect.ImmutableRangeSet                                     : loaded 2 times (x 115B)
Class com.google.common.collect.ImmutableEnumMap                                      : loaded 2 times (x 126B)
Class com.google.common.collect.ListMultimap                                          : loaded 2 times (x 70B)
Class org.objectweb.asm.AnnotationVisitor                                             : loaded 2 times (x 78B)
Class com.google.common.collect.Sets$1                                                : loaded 2 times (x 139B)
Class com.google.common.base.Splitter                                                 : loaded 2 times (x 72B)
Class com.google.common.collect.ImmutableSet$SerializedForm                           : loaded 2 times (x 73B)
Class org.gradle.api.internal.DefaultClassPathProvider                                : loaded 2 times (x 76B)
Class com.google.common.collect.MapMakerInternalMap$Strength$1                        : loaded 2 times (x 80B)
Class com.google.common.collect.Maps$ViewCachingAbstractMap                           : loaded 2 times (x 125B)
Class com.google.common.collect.Sets$2                                                : loaded 2 times (x 139B)
Class [Lorg.gradle.api.internal.ClassPathProvider;                                    : loaded 2 times (x 69B)
Class org.gradle.api.internal.ClassPathProvider                                       : loaded 2 times (x 70B)
Class com.google.common.collect.MapMakerInternalMap$Strength$2                        : loaded 2 times (x 80B)
Class com.google.common.collect.Sets$3                                                : loaded 2 times (x 139B)
Class com.google.common.base.AbstractIterator$State                                   : loaded 2 times (x 79B)
Class com.google.common.cache.LocalCache$LocalLoadingCache                            : loaded 2 times (x 134B)
Class org.gradle.internal.service.UnknownServiceException                             : loaded 2 times (x 83B)
Class org.objectweb.asm.ModuleVisitor                                                 : loaded 2 times (x 81B)
Class com.google.common.collect.MapMakerInternalMap$StrongValueEntry                  : loaded 2 times (x 70B)
Class com.google.common.collect.Sets$4                                                : loaded 2 times (x 139B)
Class com.google.common.cache.LocalCache$Strength$1                                   : loaded 2 times (x 81B)
Class com.google.common.util.concurrent.SettableFuture                                : loaded 2 times (x 114B)
Class com.google.common.cache.LocalCache$Strength$2                                   : loaded 2 times (x 81B)
Class com.google.common.collect.Interners$InternerImpl                                : loaded 2 times (x 75B)
Class com.google.common.collect.Interner                                              : loaded 2 times (x 70B)
Class com.google.common.base.Splitter$1                                               : loaded 2 times (x 77B)
Class com.google.common.cache.LocalCache$Strength$3                                   : loaded 2 times (x 81B)
Class com.google.common.collect.MapDifference                                         : loaded 2 times (x 70B)
Class org.objectweb.asm.FieldWriter                                                   : loaded 2 times (x 78B)
Class com.google.common.collect.MapMaker$Dummy                                        : loaded 2 times (x 79B)
Class com.google.common.cache.CacheBuilder$NullListener                               : loaded 2 times (x 82B)
Class org.gradle.internal.classpath.TransformedClassPath                              : loaded 2 times (x 96B)
Class org.gradle.internal.classloader.InstrumentingClassLoader                        : loaded 2 times (x 70B)
Class com.google.common.collect.ImmutableRangeSet$AsSet                               : loaded 2 times (x 300B)
Class com.google.common.collect.ImmutableListMultimap                                 : loaded 2 times (x 176B)
Class com.google.common.collect.ImmutableCollection$Builder                           : loaded 2 times (x 76B)
Class com.google.common.cache.CacheLoader$FunctionToCacheLoader                       : loaded 2 times (x 75B)
Class com.google.common.collect.Iterators$ArrayItr                                    : loaded 2 times (x 97B)
Class com.google.common.collect.EmptyImmutableListMultimap                            : loaded 2 times (x 176B)
Class com.google.common.collect.BaseImmutableMultimap                                 : loaded 2 times (x 123B)
Class com.google.common.base.MoreObjects                                              : loaded 2 times (x 71B)
Class com.google.common.base.Joiner                                                   : loaded 2 times (x 79B)
Class [Lorg.objectweb.asm.Type;                                                       : loaded 2 times (x 69B)
Class com.google.common.collect.Platform                                              : loaded 2 times (x 71B)
Class com.google.common.collect.UnmodifiableIterator                                  : loaded 2 times (x 80B)
Class org.gradle.internal.service.ServiceLocator                                      : loaded 2 times (x 70B)
Class com.google.common.collect.SingletonImmutableBiMap                               : loaded 2 times (x 143B)
Class com.google.common.base.Ascii                                                    : loaded 2 times (x 71B)
Class com.google.common.cache.LocalCache$1                                            : loaded 2 times (x 89B)
Class com.google.common.collect.Iterators$SingletonIterator                           : loaded 2 times (x 81B)
Class com.google.common.collect.AbstractMapEntry                                      : loaded 2 times (x 81B)
Class com.google.common.collect.AbstractSetMultimap                                   : loaded 2 times (x 174B)
Class com.google.common.collect.MapMakerInternalMap$AbstractStrongKeyEntry            : loaded 2 times (x 80B)
Class com.google.common.collect.Sets$ImprovedAbstractSet                              : loaded 2 times (x 135B)
Class com.google.common.collect.ImmutableList$Builder                                 : loaded 2 times (x 77B)
Class com.google.common.cache.LocalCache$2                                            : loaded 2 times (x 142B)
Class com.google.common.collect.AbstractMultimap                                      : loaded 2 times (x 123B)
Class com.google.common.collect.ImmutableRangeSet$1                                   : loaded 2 times (x 210B)
Class com.google.common.collect.RegularImmutableAsList                                : loaded 2 times (x 217B)
Class com.google.common.collect.Range                                                 : loaded 2 times (x 87B)
Class com.google.common.util.concurrent.AbstractFuture$Trusted                        : loaded 2 times (x 70B)
Class com.google.common.base.Optional                                                 : loaded 2 times (x 80B)
Class com.google.common.collect.Iterators                                             : loaded 2 times (x 71B)
Class com.google.common.io.ByteSink$AsCharSink                                        : loaded 2 times (x 80B)
Class com.google.common.collect.Lists$StringAsImmutableList                           : loaded 2 times (x 207B)
Class com.google.common.util.concurrent.UncheckedExecutionException                   : loaded 2 times (x 82B)
Class org.gradle.internal.InternalTransformer                                         : loaded 2 times (x 70B)
Class org.objectweb.asm.ClassWriter                                                   : loaded 2 times (x 106B)
Class com.google.common.base.CharMatcher$And                                          : loaded 2 times (x 112B)
Class com.google.common.cache.CacheLoader$UnsupportedLoadingOperationException        : loaded 2 times (x 82B)
Class org.gradle.internal.classloader.ClasspathUtil$1                                 : loaded 2 times (x 76B)
Class org.objectweb.asm.FieldVisitor                                                  : loaded 2 times (x 77B)
Class com.google.common.collect.FluentIterable$1                                      : loaded 2 times (x 81B)
Class com.google.common.base.Objects                                                  : loaded 2 times (x 71B)
Class com.google.common.collect.IndexedImmutableSet                                   : loaded 2 times (x 152B)
Class com.google.common.collect.ImmutableMap$1                                        : loaded 2 times (x 81B)
Class com.google.common.collect.BiMap                                                 : loaded 2 times (x 70B)
Class org.gradle.api.internal.classpath.DefaultModuleRegistry$DefaultModule           : loaded 2 times (x 86B)
Class com.google.common.base.Absent                                                   : loaded 2 times (x 80B)
Class com.google.common.collect.FluentIterable$2                                      : loaded 2 times (x 81B)
Class com.google.common.primitives.Ints                                               : loaded 2 times (x 71B)
Class com.google.common.collect.AbstractIterator                                      : loaded 2 times (x 82B)
Class com.google.common.collect.FluentIterable$3                                      : loaded 2 times (x 81B)
Class com.google.common.math.MathPreconditions                                        : loaded 2 times (x 71B)
Class com.google.common.collect.ObjectArrays                                          : loaded 2 times (x 71B)
Class com.google.common.collect.AbstractIndexedListIterator                           : loaded 2 times (x 96B)
Class com.google.common.collect.ArrayListMultimapGwtSerializationDependencies         : loaded 2 times (x 172B)
Class com.google.common.collect.Multiset                                              : loaded 2 times (x 70B)
Class com.google.common.collect.ImmutableMapEntrySet                                  : loaded 2 times (x 152B)
Class org.gradle.api.internal.classpath.Module                                        : loaded 2 times (x 70B)
Class com.google.common.cache.Weigher                                                 : loaded 2 times (x 70B)
Class org.gradle.api.internal.classpath.UnknownModuleException                        : loaded 2 times (x 82B)
Class com.google.common.base.Stopwatch                                                : loaded 2 times (x 72B)
Class com.google.common.cache.LocalCache$Strength                                     : loaded 2 times (x 81B)
Class com.google.common.cache.Cache                                                   : loaded 2 times (x 70B)
Class com.google.common.util.concurrent.AbstractFuture$Cancellation                   : loaded 2 times (x 72B)
Class com.google.common.io.AppendableWriter                                           : loaded 2 times (x 100B)
Class com.google.common.base.NullnessCasts                                            : loaded 2 times (x 71B)
Class com.google.common.collect.ImmutableMap$Builder                                  : loaded 2 times (x 82B)
Class com.google.common.collect.AbstractMapBasedMultimap$WrappedCollection$WrappedIterator: loaded 2 times (x 84B)
Class com.google.common.base.Present                                                  : loaded 2 times (x 81B)
Class com.google.common.cache.RemovalListener                                         : loaded 2 times (x 70B)
Class org.gradle.api.internal.DefaultClassPathRegistry                                : loaded 2 times (x 76B)
Class com.google.common.primitives.IntsMethodsForWeb                                  : loaded 2 times (x 71B)
Class com.google.common.collect.ImmutableMultimap$Keys                                : loaded 2 times (x 166B)
Class com.google.common.collect.Multimap                                              : loaded 2 times (x 70B)
Class org.gradle.api.internal.ClassPathRegistry                                       : loaded 2 times (x 70B)
Class org.gradle.internal.classpath.DefaultClassPath$ImmutableUniqueList              : loaded 2 times (x 199B)
Class com.google.common.collect.NullnessCasts                                         : loaded 2 times (x 71B)
Class com.google.common.collect.MapMakerInternalMap$Segment                           : loaded 2 times (x 142B)
Class com.google.common.base.ExtraObjectsMethodsForWeb                                : loaded 2 times (x 71B)
Class com.google.common.io.ByteSink                                                   : loaded 2 times (x 76B)
Class com.google.common.cache.CacheBuilder                                            : loaded 2 times (x 72B)
Class com.google.common.collect.SingletonImmutableList                                : loaded 2 times (x 207B)
Class org.gradle.internal.classpath.ClassPath                                         : loaded 2 times (x 70B)
Class org.gradle.api.UncheckedIOException                                             : loaded 2 times (x 82B)
Class com.google.common.collect.Interners$InternerBuilder                             : loaded 2 times (x 76B)
Class com.google.common.io.Files$FileByteSource                                       : loaded 2 times (x 85B)
Class com.google.common.base.JdkPattern                                               : loaded 2 times (x 75B)
Class com.google.common.collect.ImmutableList$ReverseImmutableList                    : loaded 2 times (x 209B)
Class org.objectweb.asm.SymbolTable$Entry                                             : loaded 2 times (x 74B)
Class com.google.common.io.CharStreams$NullWriter                                     : loaded 2 times (x 99B)
Class com.google.common.base.Suppliers$SupplierOfInstance                             : loaded 2 times (x 79B)
Class com.google.common.collect.Iterators$1                                           : loaded 2 times (x 81B)
Class com.google.common.cache.LocalCache$ComputingValueReference                      : loaded 2 times (x 96B)
Class com.google.common.collect.ImmutableMap$IteratorBasedImmutableMap                : loaded 2 times (x 126B)
Class com.google.common.collect.SingletonImmutableSet                                 : loaded 2 times (x 146B)
Class com.google.common.collect.AbstractMapBasedMultimap$AsMap$AsMapEntries           : loaded 2 times (x 138B)
Class com.google.common.cache.LocalCache$Segment                                      : loaded 2 times (x 154B)
Class [Lorg.objectweb.asm.SymbolTable$Entry;                                          : loaded 2 times (x 69B)
Class com.google.common.collect.SortedIterable                                        : loaded 2 times (x 70B)
Class com.google.common.cache.CacheLoader                                             : loaded 2 times (x 74B)
Class com.google.common.collect.Iterators$4                                           : loaded 2 times (x 82B)
Class com.google.common.collect.ImmutableBiMap                                        : loaded 2 times (x 143B)
Class com.google.common.collect.AbstractListMultimap                                  : loaded 2 times (x 172B)
Class org.gradle.internal.installation.GradleInstallation$1                           : loaded 2 times (x 75B)
Class org.gradle.api.internal.classpath.ModuleRegistry                                : loaded 2 times (x 70B)
Class com.google.common.util.concurrent.internal.InternalFutureFailureAccess          : loaded 2 times (x 72B)
Class com.google.common.base.Splitter$SplittingIterator                               : loaded 2 times (x 84B)
Class com.google.common.collect.ImmutableSet$JdkBackedSetBuilderImpl                  : loaded 2 times (x 76B)
Class com.google.common.collect.Iterators$5                                           : loaded 2 times (x 82B)
Class com.google.common.collect.ImmutableMultimap$Values                              : loaded 2 times (x 126B)
Class com.google.common.base.CharMatcher$ForPredicate                                 : loaded 2 times (x 112B)
Class com.google.common.cache.LocalCache$LocalManualCache$1                           : loaded 2 times (x 75B)
Class com.google.common.collect.Multimaps$CustomSetMultimap                           : loaded 2 times (x 178B)
Class com.google.common.base.CharMatcher$AnyOf                                        : loaded 2 times (x 112B)
Class com.google.common.collect.ImmutableCollection                                   : loaded 2 times (x 125B)
Class org.gradle.api.internal.classpath.DefaultModuleRegistry                         : loaded 2 times (x 86B)
Class com.google.common.util.concurrent.ListenableFuture                              : loaded 2 times (x 70B)
Class com.google.common.collect.Lists                                                 : loaded 2 times (x 71B)
Class com.google.common.cache.ReferenceEntry                                          : loaded 2 times (x 70B)
Class com.google.common.base.Converter                                                : loaded 2 times (x 90B)
Class com.google.common.collect.ImmutableSet$CachingAsList                            : loaded 2 times (x 148B)
Class com.google.common.util.concurrent.AbstractFuture                                : loaded 2 times (x 106B)
Class com.google.common.base.FunctionalEquivalence                                    : loaded 2 times (x 83B)
Class com.google.common.collect.Iterators$9                                           : loaded 2 times (x 81B)
Class com.google.common.collect.AbstractMapBasedMultimap                              : loaded 2 times (x 139B)
Class com.google.common.collect.ImmutableAsList                                       : loaded 2 times (x 209B)
Class org.objectweb.asm.RecordComponentVisitor                                        : loaded 2 times (x 77B)
Class com.google.common.io.CharStreams                                                : loaded 2 times (x 71B)
Class com.google.common.collect.ImmutableMultiset                                     : loaded 2 times (x 163B)
Class com.google.common.cache.CacheLoader$SupplierToCacheLoader                       : loaded 2 times (x 75B)
Class com.google.common.collect.Maps$EntryTransformer                                 : loaded 2 times (x 70B)
Class org.gradle.internal.service.ServiceLookupException                              : loaded 2 times (x 82B)
Class com.google.common.collect.ImmutableSortedSet                                    : loaded 2 times (x 300B)
Class [Lcom.google.common.cache.LocalCache$EntryFactory;                              : loaded 2 times (x 69B)
Class org.gradle.internal.classloader.ClassLoaderFactory                              : loaded 2 times (x 70B)
Class com.google.common.base.CommonPattern                                            : loaded 2 times (x 74B)
Class com.google.common.base.CharMatcher$IsNot                                        : loaded 2 times (x 111B)
Class com.google.common.cache.LocalCache$LocalManualCache                             : loaded 2 times (x 99B)
Class org.gradle.internal.service.CachingServiceLocator                               : loaded 2 times (x 82B)
Class com.google.common.collect.RegularImmutableSortedSet                             : loaded 2 times (x 300B)
Class com.google.common.math.IntMath                                                  : loaded 2 times (x 71B)
Class com.google.common.collect.MapMakerInternalMap$InternalEntry                     : loaded 2 times (x 70B)
Class com.google.common.collect.ImmutableMapEntry                                     : loaded 2 times (x 85B)
Class com.google.common.collect.ImmutableMultimap                                     : loaded 2 times (x 147B)
Class com.google.common.base.Equivalence                                              : loaded 2 times (x 82B)
Class com.google.common.collect.ImmutableMapEntry$NonTerminalImmutableMapEntry        : loaded 2 times (x 85B)
Class com.google.common.base.Function                                                 : loaded 2 times (x 70B)
Class com.google.common.collect.IndexedImmutableSet$1                                 : loaded 2 times (x 213B)
Class com.google.common.cache.CacheBuilder$OneWeigher                                 : loaded 2 times (x 82B)
Class com.google.common.collect.RegularImmutableList                                  : loaded 2 times (x 213B)
Class org.gradle.internal.classloader.ClasspathUtil                                   : loaded 2 times (x 71B)
Class com.google.common.util.concurrent.Uninterruptibles                              : loaded 2 times (x 71B)
Class com.google.common.collect.AbstractMapBasedMultimap$WrappedSet                   : loaded 2 times (x 142B)
Class com.google.common.util.concurrent.LazyLogger                                    : loaded 2 times (x 72B)
Class com.google.common.collect.Maps                                                  : loaded 2 times (x 71B)
Class org.gradle.api.specs.Spec                                                       : loaded 2 times (x 70B)
Class com.google.common.collect.MapMaker                                              : loaded 2 times (x 72B)
Class [Lcom.google.common.collect.ImmutableEntry;                                     : loaded 2 times (x 69B)
Class com.google.common.cache.LocalCache$LoadingValueReference                        : loaded 2 times (x 96B)
Class com.google.common.collect.MapMakerInternalMap$StrongKeyDummyValueEntry          : loaded 2 times (x 82B)
Class com.google.common.io.LineReader$1                                               : loaded 2 times (x 75B)
Class com.google.common.collect.CollectSpliterators                                   : loaded 2 times (x 71B)
Class com.google.common.collect.AbstractMapBasedMultimap$AsMap                        : loaded 2 times (x 128B)
Class com.google.common.base.Platform                                                 : loaded 2 times (x 71B)
Class com.google.common.collect.AbstractMapBasedMultimap$WrappedList                  : loaded 2 times (x 205B)
Class com.google.common.collect.Maps$8                                                : loaded 2 times (x 82B)
Class com.google.common.collect.ImmutableRangeSet$Builder                             : loaded 2 times (x 77B)
Class com.google.common.collect.Sets$SetView                                          : loaded 2 times (x 138B)
Class org.objectweb.asm.Type                                                          : loaded 2 times (x 72B)
Class com.google.common.graph.SuccessorsFunction                                      : loaded 2 times (x 70B)
Class org.gradle.internal.classloader.VisitableURLClassLoader$InstrumentingVisitableURLClassLoader: loaded 2 times (x 123B)
Class org.objectweb.asm.ByteVector                                                    : loaded 2 times (x 79B)
Class com.google.common.collect.MapMakerInternalMap$StrongKeyDummyValueEntry$Helper   : loaded 2 times (x 79B)
Class com.google.common.math.IntMath$1                                                : loaded 2 times (x 71B)
Class com.google.common.io.Files$FileByteSink                                         : loaded 2 times (x 77B)
Class [Lcom.google.common.cache.CacheBuilder$NullListener;                            : loaded 2 times (x 69B)
Class org.gradle.internal.classloader.VisitableURLClassLoader$Spec                    : loaded 2 times (x 74B)
Class org.gradle.internal.classpath.DefaultClassPath                                  : loaded 2 times (x 90B)
Class org.objectweb.asm.Symbol                                                        : loaded 2 times (x 73B)
Class com.google.common.base.AbstractIterator                                         : loaded 2 times (x 80B)
Class com.google.common.io.Closer                                                     : loaded 2 times (x 78B)
Class com.google.common.io.Java8Compatibility                                         : loaded 2 times (x 71B)
Class com.google.common.base.CharMatcher$BitSetMatcher                                : loaded 2 times (x 112B)
Class com.google.common.collect.RegularImmutableMap$Values                            : loaded 2 times (x 207B)
Class com.google.common.collect.ImmutableSet                                          : loaded 2 times (x 145B)
Class org.gradle.internal.classloader.ClassLoaderSpec                                 : loaded 2 times (x 71B)
Class org.objectweb.asm.AnnotationWriter                                              : loaded 2 times (x 79B)
Class com.google.common.cache.CacheStats                                              : loaded 2 times (x 71B)
Class org.objectweb.asm.RecordComponentWriter                                         : loaded 2 times (x 78B)
Class com.google.common.collect.Interners                                             : loaded 2 times (x 71B)
Class com.google.common.util.concurrent.AbstractFuture$Listener                       : loaded 2 times (x 72B)
Class com.google.common.io.Closer$Suppressor                                          : loaded 2 times (x 70B)
Class com.google.common.io.LineProcessor                                              : loaded 2 times (x 70B)
Class com.google.common.collect.ImmutableMultisetGwtSerializationDependencies         : loaded 2 times (x 125B)
Class com.google.common.base.CharMatcher$Or                                           : loaded 2 times (x 112B)
Class org.objectweb.asm.Attribute                                                     : loaded 2 times (x 77B)
Class com.google.common.base.Supplier                                                 : loaded 2 times (x 70B)
Class org.gradle.internal.classloader.VisitableURLClassLoader                         : loaded 2 times (x 117B)
Class com.google.common.collect.ImmutableList$SerializedForm                          : loaded 2 times (x 73B)
Class org.gradle.internal.Cast                                                        : loaded 2 times (x 71B)
Class org.gradle.api.Action                                                           : loaded 2 times (x 70B)
Class org.objectweb.asm.Handler                                                       : loaded 2 times (x 72B)
Class com.google.common.collect.MapMakerInternalMap                                   : loaded 2 times (x 161B)
Class com.google.common.collect.Sets                                                  : loaded 2 times (x 71B)
Class com.google.common.base.Strings                                                  : loaded 2 times (x 71B)
Class com.google.common.base.CharMatcher$FastMatcher                                  : loaded 2 times (x 111B)
Class com.google.common.base.Ticker                                                   : loaded 2 times (x 72B)
Class [Lcom.google.common.cache.LocalCache$Segment;                                   : loaded 2 times (x 69B)
Class com.google.common.base.Predicate                                                : loaded 2 times (x 70B)
Class [Lcom.google.common.cache.LocalCache$Strength;                                  : loaded 2 times (x 69B)
Class com.google.common.cache.CacheBuilder$1                                          : loaded 2 times (x 85B)
Class com.google.common.collect.ImmutableMap                                          : loaded 2 times (x 120B)
Class org.gradle.internal.classpath.DefaultClassPath$ImmutableUniqueList$Builder      : loaded 2 times (x 75B)
Class com.google.common.collect.AbstractRangeSet                                      : loaded 2 times (x 114B)
Class com.google.common.collect.MapMakerInternalMap$WeakValueReference                : loaded 2 times (x 70B)
Class com.google.common.base.CharMatcher$NegatedFastMatcher                           : loaded 2 times (x 113B)
Class com.google.common.cache.LocalCache                                              : loaded 2 times (x 187B)
Class com.google.common.cache.CacheBuilder$2                                          : loaded 2 times (x 79B)
Class [Lcom.google.common.collect.AbstractMapEntry;                                   : loaded 2 times (x 69B)
Class com.google.common.cache.CacheBuilder$3                                          : loaded 2 times (x 72B)
Class com.google.common.collect.ImmutableEntry                                        : loaded 2 times (x 82B)
Class com.google.common.collect.ArrayListMultimap                                     : loaded 2 times (x 172B)
Class org.gradle.api.GradleException                                                  : loaded 2 times (x 82B)
Class com.google.common.collect.ForwardingMap                                         : loaded 2 times (x 132B)
Class com.google.common.base.Suppliers$MemoizingSupplier                              : loaded 2 times (x 79B)
Class com.google.common.collect.CollectPreconditions                                  : loaded 2 times (x 71B)
Class [Lcom.google.common.collect.MapMakerInternalMap$Strength;                       : loaded 2 times (x 69B)
Class [Lcom.google.common.io.FileWriteMode;                                           : loaded 2 times (x 69B)
Class com.google.common.collect.SortedMapDifference                                   : loaded 2 times (x 70B)
Class com.google.common.collect.MapMakerInternalMap$StrongKeyDummyValueSegment        : loaded 2 times (x 142B)
Class com.google.common.collect.Iterables$4                                           : loaded 2 times (x 81B)
Class com.google.common.io.Files                                                      : loaded 2 times (x 71B)
Class com.google.common.cache.LocalCache$EntryFactory                                 : loaded 2 times (x 83B)
Class com.google.common.cache.LocalCache$AbstractReferenceEntry                       : loaded 2 times (x 107B)
Class [Lcom.google.common.collect.MapMaker$Dummy;                                     : loaded 2 times (x 69B)
Class org.gradle.internal.IoActions                                                   : loaded 2 times (x 71B)
Class org.objectweb.asm.SymbolTable                                                   : loaded 2 times (x 72B)
Class com.google.common.collect.ImmutableMapKeySet                                    : loaded 2 times (x 152B)
Class com.google.common.collect.ImmutableRangeSet$ComplementRanges                    : loaded 2 times (x 207B)
Class com.google.common.cache.CacheLoader$InvalidCacheLoadException                   : loaded 2 times (x 82B)
Class com.google.common.collect.ImmutableSet$RegularSetBuilderImpl                    : loaded 2 times (x 77B)
Class org.gradle.internal.classloader.SystemClassLoaderSpec                           : loaded 2 times (x 71B)
Class com.google.common.cache.LocalCache$StrongEntry                                  : loaded 2 times (x 108B)
Class com.google.common.collect.FluentIterable                                        : loaded 2 times (x 81B)
Class com.google.common.util.concurrent.AbstractFuture$TrustedFuture                  : loaded 2 times (x 114B)
Class com.google.common.cache.LoadingCache                                            : loaded 2 times (x 70B)
Class org.objectweb.asm.MethodWriter                                                  : loaded 2 times (x 106B)
Class com.google.common.base.Suppliers$NonSerializableMemoizingSupplier               : loaded 2 times (x 79B)
Class [Lcom.google.common.cache.Weigher;                                              : loaded 2 times (x 69B)
Class com.google.common.collect.RegularImmutableMap$BucketOverflowException           : loaded 2 times (x 82B)
Class com.google.common.collect.ImmutableMultimap$1                                   : loaded 2 times (x 82B)
Class com.google.common.collect.AbstractMapBasedMultimap$RandomAccessWrappedList      : loaded 2 times (x 205B)
Class com.google.common.collect.AbstractIterator$State                                : loaded 2 times (x 79B)
Class com.google.common.collect.ImmutableMultimap$2                                   : loaded 2 times (x 81B)
Class com.google.common.collect.RegularImmutableBiMap                                 : loaded 2 times (x 149B)
Class com.google.common.base.CharMatcher$Negated                                      : loaded 2 times (x 113B)
Class com.google.common.base.CharMatcher$Is                                           : loaded 2 times (x 111B)
Class com.google.common.cache.LocalCache$ValueReference                               : loaded 2 times (x 70B)
Class com.google.common.util.concurrent.AbstractFuture$Failure                        : loaded 2 times (x 72B)
Class com.google.common.base.PatternCompiler                                          : loaded 2 times (x 70B)
Class com.google.common.collect.Hashing                                               : loaded 2 times (x 71B)
Class com.google.common.base.Equivalence$Equals                                       : loaded 2 times (x 82B)
Class com.google.common.base.Preconditions                                            : loaded 2 times (x 71B)
Class org.objectweb.asm.Label                                                         : loaded 2 times (x 73B)
Class org.objectweb.asm.CurrentFrame                                                  : loaded 2 times (x 73B)
Class org.objectweb.asm.ClassTooLargeException                                        : loaded 2 times (x 83B)
Class com.google.common.io.CharSink                                                   : loaded 2 times (x 79B)
Class com.google.common.base.CharMatcher                                              : loaded 2 times (x 111B)
Class com.google.common.base.Joiner$1                                                 : loaded 2 times (x 80B)
Class com.google.common.collect.PeekingIterator                                       : loaded 2 times (x 70B)
Class org.objectweb.asm.Frame                                                         : loaded 2 times (x 73B)
Class org.objectweb.asm.MethodVisitor                                                 : loaded 2 times (x 105B)
Class com.google.common.collect.RangeGwtSerializationDependencies                     : loaded 2 times (x 71B)
Class com.google.common.collect.Table                                                 : loaded 2 times (x 70B)
Class com.google.common.collect.MapMakerInternalMap$InternalEntryHelper               : loaded 2 times (x 70B)
Class com.google.common.base.CharMatcher$NamedFastMatcher                             : loaded 2 times (x 112B)
Class com.google.common.base.CharMatcher$1                                            : loaded 2 times (x 113B)
Class com.google.common.cache.LocalCache$EntryFactory$1                               : loaded 2 times (x 83B)
Class [Lcom.google.common.cache.RemovalListener;                                      : loaded 2 times (x 69B)
Class com.google.common.base.Joiner$2                                                 : loaded 2 times (x 79B)
Class com.google.common.collect.RangeSet                                              : loaded 2 times (x 70B)
Class com.google.common.cache.LocalCache$EntryFactory$2                               : loaded 2 times (x 83B)
Class org.gradle.api.internal.classpath.GlobalCacheRootsProvider                      : loaded 2 times (x 70B)
Class com.google.common.collect.Multimaps                                             : loaded 2 times (x 71B)
Class org.objectweb.asm.ModuleWriter                                                  : loaded 2 times (x 82B)
Class com.google.common.collect.CollectCollectors                                     : loaded 2 times (x 71B)
Class com.google.common.cache.LocalCache$EntryFactory$3                               : loaded 2 times (x 83B)
Class com.google.common.base.Ticker$1                                                 : loaded 2 times (x 72B)
Class com.google.common.collect.ImmutableMapEntrySet$RegularEntrySet                  : loaded 2 times (x 152B)
Class com.google.common.collect.Maps$BiMapConverter                                   : loaded 2 times (x 90B)
Class com.google.common.collect.SetMultimap                                           : loaded 2 times (x 70B)
Class com.google.common.collect.CollectSpliterators$1                                 : loaded 2 times (x 90B)
Class com.google.common.base.CharMatcher$InRange                                      : loaded 2 times (x 111B)
Class com.google.common.collect.ImmutableSet$Builder                                  : loaded 2 times (x 85B)
Class com.google.common.cache.LocalCache$EntryFactory$4                               : loaded 2 times (x 83B)
Class com.google.common.cache.LocalCache$EntryFactory$5                               : loaded 2 times (x 83B)
Class com.google.common.cache.LocalCache$EntryFactory$6                               : loaded 2 times (x 83B)
Class org.gradle.internal.installation.CurrentGradleInstallationLocator               : loaded 2 times (x 71B)
Class com.google.common.collect.ImmutableMultimap$Builder                             : loaded 2 times (x 86B)
Class com.google.common.collect.ImmutableSet$EmptySetBuilderImpl                      : loaded 2 times (x 76B)
Class com.google.common.cache.LocalCache$EntryFactory$7                               : loaded 2 times (x 83B)
Class com.google.common.collect.ImmutableList                                         : loaded 2 times (x 206B)
Class org.gradle.internal.service.DefaultServiceLocator                               : loaded 2 times (x 83B)
Class com.google.common.collect.ImmutableMultimap$EntryCollection                     : loaded 2 times (x 128B)
Class com.google.common.collect.Maps$EntrySet                                         : loaded 2 times (x 136B)
Class com.google.common.cache.LocalCache$EntryFactory$8                               : loaded 2 times (x 83B)
Class com.google.common.collect.ImmutableSet$SetBuilderImpl                           : loaded 2 times (x 76B)
Class org.gradle.internal.installation.CurrentGradleInstallation                      : loaded 2 times (x 73B)
Class com.google.common.collect.ForwardingObject                                      : loaded 2 times (x 72B)
Class com.google.common.cache.CacheLoader$1                                           : loaded 2 times (x 75B)
Class com.google.common.collect.ImmutableList$SubList                                 : loaded 2 times (x 209B)
Class org.gradle.util.internal.GUtil                                                  : loaded 2 times (x 71B)
Class com.google.common.io.ByteSource                                                 : loaded 2 times (x 84B)
Class com.google.common.cache.AbstractCache$StatsCounter                              : loaded 2 times (x 70B)
Class com.google.common.collect.MapMakerInternalMap$1                                 : loaded 2 times (x 83B)
Class com.google.common.io.LineBuffer                                                 : loaded 2 times (x 75B)
Class com.google.common.collect.Iterators$MergingIterator                             : loaded 2 times (x 81B)
Class com.google.common.collect.RegularImmutableSet                                   : loaded 2 times (x 149B)
Class org.gradle.internal.installation.GradleInstallation                             : loaded 2 times (x 75B)
Class com.google.common.collect.Iterables                                             : loaded 2 times (x 71B)
Class com.google.common.base.Splitter$Strategy                                        : loaded 2 times (x 70B)

---------------  S Y S T E M  ---------------

OS:
 Windows 11 , 64 bit Build 26100 (10.0.26100.9444)
OS uptime: 3 days 3:04 hours
Hyper-V role detected

CPU: total 8 (initial active 8) (8 cores per cpu, 2 threads per core) family 23 model 160 stepping 0 microcode 0x8a0000a, cx8, cmov, fxsr, ht, mmx, 3dnowpref, sse, sse2, sse3, ssse3, sse4a, sse4.1, sse4.2, popcnt, lzcnt, tsc, tscinvbit, avx, avx2, aes, clmul, bmi1, bmi2, adx, sha, fma, vzeroupper, clflush, clflushopt, hv, rdtscp, rdpid, f16c
Processor Information for the first 8 processors :
  Max Mhz: 2401, Current Mhz: 2401, Mhz Limit: 2401

Memory: 4k page, system-wide physical 5965M (5M free)
TotalPageFile size 24397M (AvailPageFile size 13M)
current process WorkingSet (physical memory assigned to process): 346M, peak: 1251M
current process commit charge ("private bytes"): 1489M, peak: 1494M

vm_info: OpenJDK 64-Bit Server VM (21.0.9+-14787801-b1163.94) for windows-amd64 JRE (21.0.9+-14787801-b1163.94), built on 2026-01-27T21:15:44Z by "builder" with MS VC++ 16.10 / 16.11 (VS2019)

END.
